invoice_id,student_ref,student_name,class_name,section,fee_type,fee_plan,amount_due,concession_amount,net_amount,amount_paid,outstanding_amount,fee_due_date,payment_date,payment_method,payment_status,days_overdue,reminder_count,scholarship_type,risk_band,expected_collectable_amount,collector_name,department
INV-V1A-001-Q1,V1A-2025-001,"Aarav Sharma",CBSE-3,A,"Term 1 Fee","Quarterly Tuition",20000,0,20000,20000,0,2025-06-15,2025-06-10,"Net Banking",Paid,0,0,Unclassified,Low,0,"Rohan Verma","Finance & Accounts"
INV-V1A-001-Q2,V1A-2025-001,"Aarav Sharma",CBSE-3,A,"Term 2 Fee","Quarterly Tuition",20000,0,20000,20000,0,2025-09-15,2025-09-12,"Demand Draft",Paid,0,0,Unclassified,Low,0,"Rohan Verma","Finance & Accounts"
INV-V1A-001-Q3,V1A-2025-001,"Aarav Sharma",CBSE-3,A,"Term 3 Fee","Quarterly Tuition",20000,0,20000,20000,0,2025-12-15,2025-12-10,"Demand Draft",Paid,0,0,Unclassified,Low,0,"Rohan Verma","Finance & Accounts"
INV-V1A-001-Q4,V1A-2025-001,"Aarav Sharma",CBSE-3,A,"Annual Lab & Activity Fee","Quarterly Tuition",8000,0,8000,8000,0,2026-02-15,2026-02-08,"Net Banking",Paid,0,0,Unclassified,Low,0,"Rohan Verma","Finance & Accounts"
INV-V1A-002-Q1,V1A-2025-002,"Ayaan Verma",CBSE-3,B,"Term 1 Fee","Quarterly Tuition",20000,0,20000,20000,0,2025-06-15,2025-06-10,"Credit Card",Paid,0,0,Unclassified,Low,0,"Rohan Verma","Finance & Accounts"
INV-V1A-002-Q2,V1A-2025-002,"Ayaan Verma",CBSE-3,B,"Term 2 Fee","Quarterly Tuition",20000,0,20000,20000,0,2025-09-15,2025-09-12,Cheque,Paid,0,0,Unclassified,Low,0,"Rohan Verma","Finance & Accounts"
INV-V1A-002-Q3,V1A-2025-002,"Ayaan Verma",CBSE-3,B,"Term 3 Fee","Quarterly Tuition",20000,0,20000,20000,0,2025-12-15,2025-12-10,UPI,Paid,0,0,Unclassified,Low,0,"Rohan Verma","Finance & Accounts"
INV-V1A-002-Q4,V1A-2025-002,"Ayaan Verma",CBSE-3,B,"Annual Lab & Activity Fee","Quarterly Tuition",8000,0,8000,8000,0,2026-02-15,2026-02-08,"Demand Draft",Paid,0,0,Unclassified,Low,0,"Rohan Verma","Finance & Accounts"
INV-V1A-003-Q1,V1A-2025-003,"Advaith Patel",CBSE-3,A,"Term 1 Fee","Quarterly Tuition",20000,0,20000,20000,0,2025-06-15,2025-06-10,UPI,Paid,0,0,Unclassified,Low,0,"Rohan Verma","Finance & Accounts"
INV-V1A-003-Q2,V1A-2025-003,"Advaith Patel",CBSE-3,A,"Term 2 Fee","Quarterly Tuition",20000,0,20000,20000,0,2025-09-15,2025-09-12,Cheque,Paid,0,0,Unclassified,Low,0,"Rohan Verma","Finance & Accounts"
INV-V1A-003-Q3,V1A-2025-003,"Advaith Patel",CBSE-3,A,"Term 3 Fee","Quarterly Tuition",20000,0,20000,20000,0,2025-12-15,2025-12-10,"Net Banking",Paid,0,0,Unclassified,Low,0,"Rohan Verma","Finance & Accounts"
INV-V1A-003-Q4,V1A-2025-003,"Advaith Patel",CBSE-3,A,"Annual Lab & Activity Fee","Quarterly Tuition",8000,0,8000,8000,0,2026-02-15,2026-02-08,"Credit Card",Paid,0,0,Unclassified,Low,0,"Rohan Verma","Finance & Accounts"
INV-V1A-004-Q1,V1A-2025-004,"Saanvi Reddy",CBSE-3,B,"Term 1 Fee","Quarterly Tuition",20000,0,20000,20000,0,2025-06-15,2025-06-10,"Credit Card",Paid,0,0,Unclassified,Low,0,"Rohan Verma","Finance & Accounts"
INV-V1A-004-Q2,V1A-2025-004,"Saanvi Reddy",CBSE-3,B,"Term 2 Fee","Quarterly Tuition",20000,0,20000,20000,0,2025-09-15,2025-09-12,"Demand Draft",Paid,0,0,Unclassified,Low,0,"Rohan Verma","Finance & Accounts"
INV-V1A-004-Q3,V1A-2025-004,"Saanvi Reddy",CBSE-3,B,"Term 3 Fee","Quarterly Tuition",20000,0,20000,20000,0,2025-12-15,2025-12-10,Cheque,Paid,0,0,Unclassified,Low,0,"Rohan Verma","Finance & Accounts"
INV-V1A-004-Q4,V1A-2025-004,"Saanvi Reddy",CBSE-3,B,"Annual Lab & Activity Fee","Quarterly Tuition",8000,0,8000,8000,0,2026-02-15,2026-02-08,Cheque,Paid,0,0,Unclassified,Low,0,"Rohan Verma","Finance & Accounts"
INV-V1A-005-Q1,V1A-2025-005,"Meera Nair",CBSE-3,A,"Term 1 Fee","Quarterly Tuition",20000,0,20000,20000,0,2025-06-15,2025-06-10,"Demand Draft",Paid,0,0,Unclassified,Low,0,"Rohan Verma","Finance & Accounts"
INV-V1A-005-Q2,V1A-2025-005,"Meera Nair",CBSE-3,A,"Term 2 Fee","Quarterly Tuition",20000,0,20000,20000,0,2025-09-15,2025-09-12,"Net Banking",Paid,0,0,Unclassified,Low,0,"Rohan Verma","Finance & Accounts"
INV-V1A-005-Q3,V1A-2025-005,"Meera Nair",CBSE-3,A,"Term 3 Fee","Quarterly Tuition",20000,0,20000,20000,0,2025-12-15,2025-12-10,Cheque,Paid,0,0,Unclassified,Low,0,"Rohan Verma","Finance & Accounts"
INV-V1A-005-Q4,V1A-2025-005,"Meera Nair",CBSE-3,A,"Annual Lab & Activity Fee","Quarterly Tuition",8000,0,8000,8000,0,2026-02-15,2026-02-08,UPI,Paid,0,0,Unclassified,Low,0,"Rohan Verma","Finance & Accounts"
INV-V1A-006-Q1,V1A-2025-006,"Sai Gupta",CBSE-3,B,"Term 1 Fee","Quarterly Tuition",20000,0,20000,20000,0,2025-06-15,2025-06-10,UPI,Paid,0,0,Unclassified,Low,0,"Rohan Verma","Finance & Accounts"
INV-V1A-006-Q2,V1A-2025-006,"Sai Gupta",CBSE-3,B,"Term 2 Fee","Quarterly Tuition",20000,0,20000,20000,0,2025-09-15,2025-09-12,"Net Banking",Paid,0,0,Unclassified,Low,0,"Rohan Verma","Finance & Accounts"
INV-V1A-006-Q3,V1A-2025-006,"Sai Gupta",CBSE-3,B,"Term 3 Fee","Quarterly Tuition",20000,0,20000,20000,0,2025-12-15,2025-12-10,"Net Banking",Paid,0,0,Unclassified,Low,0,"Rohan Verma","Finance & Accounts"
INV-V1A-006-Q4,V1A-2025-006,"Sai Gupta",CBSE-3,B,"Annual Lab & Activity Fee","Quarterly Tuition",8000,0,8000,8000,0,2026-02-15,2026-02-08,Cheque,Paid,0,0,Unclassified,Low,0,"Rohan Verma","Finance & Accounts"
INV-V1A-007-Q1,V1A-2025-007,"Advik Singh",CBSE-3,A,"Term 1 Fee","Quarterly Tuition",20000,0,20000,20000,0,2025-06-15,2025-06-10,"Demand Draft",Paid,0,0,Unclassified,Low,0,"Rohan Verma","Finance & Accounts"
INV-V1A-007-Q2,V1A-2025-007,"Advik Singh",CBSE-3,A,"Term 2 Fee","Quarterly Tuition",20000,0,20000,20000,0,2025-09-15,2025-09-12,Cheque,Paid,0,0,Unclassified,Low,0,"Rohan Verma","Finance & Accounts"
INV-V1A-007-Q3,V1A-2025-007,"Advik Singh",CBSE-3,A,"Term 3 Fee","Quarterly Tuition",20000,0,20000,20000,0,2025-12-15,2025-12-10,Cheque,Paid,0,0,Unclassified,Low,0,"Rohan Verma","Finance & Accounts"
INV-V1A-007-Q4,V1A-2025-007,"Advik Singh",CBSE-3,A,"Annual Lab & Activity Fee","Quarterly Tuition",8000,0,8000,8000,0,2026-02-15,2026-02-08,Cheque,Paid,0,0,Unclassified,Low,0,"Rohan Verma","Finance & Accounts"
INV-V1A-008-Q1,V1A-2025-008,"Pari Deshmukh",CBSE-3,B,"Term 1 Fee","Quarterly Tuition",20000,0,20000,20000,0,2025-06-15,2025-06-10,Cheque,Paid,0,0,Unclassified,Low,0,"Rohan Verma","Finance & Accounts"
INV-V1A-008-Q2,V1A-2025-008,"Pari Deshmukh",CBSE-3,B,"Term 2 Fee","Quarterly Tuition",20000,0,20000,20000,0,2025-09-15,2025-09-12,"Demand Draft",Paid,0,0,Unclassified,Low,0,"Rohan Verma","Finance & Accounts"
INV-V1A-008-Q3,V1A-2025-008,"Pari Deshmukh",CBSE-3,B,"Term 3 Fee","Quarterly Tuition",20000,0,20000,20000,0,2025-12-15,2025-12-10,"Demand Draft",Paid,0,0,Unclassified,Low,0,"Rohan Verma","Finance & Accounts"
INV-V1A-008-Q4,V1A-2025-008,"Pari Deshmukh",CBSE-3,B,"Annual Lab & Activity Fee","Quarterly Tuition",8000,0,8000,8000,0,2026-02-15,2026-02-08,"Demand Draft",Paid,0,0,Unclassified,Low,0,"Rohan Verma","Finance & Accounts"
INV-V1A-009-Q1,V1A-2025-009,"Riya Kulkarni",CBSE-3,A,"Term 1 Fee","Quarterly Tuition",20000,0,20000,20000,0,2025-06-15,2025-06-10,Cheque,Paid,0,0,Unclassified,Low,0,"Rohan Verma","Finance & Accounts"
INV-V1A-009-Q2,V1A-2025-009,"Riya Kulkarni",CBSE-3,A,"Term 2 Fee","Quarterly Tuition",20000,0,20000,20000,0,2025-09-15,2025-09-12,Cheque,Paid,0,0,Unclassified,Low,0,"Rohan Verma","Finance & Accounts"
INV-V1A-009-Q3,V1A-2025-009,"Riya Kulkarni",CBSE-3,A,"Term 3 Fee","Quarterly Tuition",20000,0,20000,20000,0,2025-12-15,2025-12-10,Cheque,Paid,0,0,Unclassified,Low,0,"Rohan Verma","Finance & Accounts"
INV-V1A-009-Q4,V1A-2025-009,"Riya Kulkarni",CBSE-3,A,"Annual Lab & Activity Fee","Quarterly Tuition",8000,0,8000,8000,0,2026-02-15,2026-02-08,Cheque,Paid,0,0,Unclassified,Low,0,"Rohan Verma","Finance & Accounts"
INV-V1A-010-Q1,V1A-2025-010,"Vihaan Bhat",CBSE-3,B,"Term 1 Fee","Quarterly Tuition",20000,0,20000,20000,0,2025-06-15,2025-06-10,UPI,Paid,0,0,Unclassified,Low,0,"Rohan Verma","Finance & Accounts"
INV-V1A-010-Q2,V1A-2025-010,"Vihaan Bhat",CBSE-3,B,"Term 2 Fee","Quarterly Tuition",20000,0,20000,20000,0,2025-09-15,2025-09-12,"Credit Card",Paid,0,0,Unclassified,Low,0,"Rohan Verma","Finance & Accounts"
INV-V1A-010-Q3,V1A-2025-010,"Vihaan Bhat",CBSE-3,B,"Term 3 Fee","Quarterly Tuition",20000,0,20000,20000,0,2025-12-15,2025-12-10,Cheque,Paid,0,0,Unclassified,Low,0,"Rohan Verma","Finance & Accounts"
INV-V1A-010-Q4,V1A-2025-010,"Vihaan Bhat",CBSE-3,B,"Annual Lab & Activity Fee","Quarterly Tuition",8000,0,8000,8000,0,2026-02-15,2026-02-08,"Demand Draft",Paid,0,0,Unclassified,Low,0,"Rohan Verma","Finance & Accounts"
INV-V1A-011-Q1,V1A-2025-011,"Shaurya Rao",CBSE-3,A,"Term 1 Fee","Quarterly Tuition",20000,0,20000,20000,0,2025-06-15,2025-06-10,"Net Banking",Paid,0,0,Unclassified,Low,0,"Rohan Verma","Finance & Accounts"
INV-V1A-011-Q2,V1A-2025-011,"Shaurya Rao",CBSE-3,A,"Term 2 Fee","Quarterly Tuition",20000,0,20000,20000,0,2025-09-15,2025-09-12,Cheque,Paid,0,0,Unclassified,Low,0,"Rohan Verma","Finance & Accounts"
INV-V1A-011-Q3,V1A-2025-011,"Shaurya Rao",CBSE-3,A,"Term 3 Fee","Quarterly Tuition",20000,0,20000,10000,10000,2025-12-15,2025-12-10,"Credit Card",Partial,20,1,Unclassified,Medium,10000,"Rohan Verma","Finance & Accounts"
INV-V1A-011-Q4,V1A-2025-011,"Shaurya Rao",CBSE-3,A,"Annual Lab & Activity Fee","Quarterly Tuition",8000,0,8000,4000,4000,2026-02-15,2026-02-08,"Demand Draft",Partial,20,1,Unclassified,Medium,4000,"Rohan Verma","Finance & Accounts"
INV-V1A-012-Q1,V1A-2025-012,"Gauri Choudhury",CBSE-3,B,"Term 1 Fee","Quarterly Tuition",20000,5000,15000,15000,0,2025-06-15,2025-06-10,"Demand Draft",Paid,0,0,"Merit Scholarship 25%",Low,0,"Rohan Verma","Finance & Accounts"
INV-V1A-012-Q2,V1A-2025-012,"Gauri Choudhury",CBSE-3,B,"Term 2 Fee","Quarterly Tuition",20000,5000,15000,15000,0,2025-09-15,2025-09-12,Cheque,Paid,0,0,"Merit Scholarship 25%",Low,0,"Rohan Verma","Finance & Accounts"
INV-V1A-012-Q3,V1A-2025-012,"Gauri Choudhury",CBSE-3,B,"Term 3 Fee","Quarterly Tuition",20000,5000,15000,15000,0,2025-12-15,2025-12-10,"Demand Draft",Paid,0,0,"Merit Scholarship 25%",Low,0,"Rohan Verma","Finance & Accounts"
INV-V1A-012-Q4,V1A-2025-012,"Gauri Choudhury",CBSE-3,B,"Annual Lab & Activity Fee","Quarterly Tuition",8000,2000,6000,6000,0,2026-02-15,2026-02-08,"Net Banking",Paid,0,0,"Merit Scholarship 25%",Low,0,"Rohan Verma","Finance & Accounts"
INV-V1A-013-Q1,V1A-2025-013,"Ira Mehta",CBSE-3,A,"Term 1 Fee","Quarterly Tuition",20000,0,20000,20000,0,2025-06-15,2025-06-10,"Credit Card",Paid,0,0,Unclassified,Low,0,"Rohan Verma","Finance & Accounts"
INV-V1A-013-Q2,V1A-2025-013,"Ira Mehta",CBSE-3,A,"Term 2 Fee","Quarterly Tuition",20000,0,20000,20000,0,2025-09-15,2025-09-12,UPI,Paid,0,0,Unclassified,Low,0,"Rohan Verma","Finance & Accounts"
INV-V1A-013-Q3,V1A-2025-013,"Ira Mehta",CBSE-3,A,"Term 3 Fee","Quarterly Tuition",20000,0,20000,20000,0,2025-12-15,2025-12-10,"Credit Card",Paid,0,0,Unclassified,Low,0,"Rohan Verma","Finance & Accounts"
INV-V1A-013-Q4,V1A-2025-013,"Ira Mehta",CBSE-3,A,"Annual Lab & Activity Fee","Quarterly Tuition",8000,0,8000,8000,0,2026-02-15,2026-02-08,Cheque,Paid,0,0,Unclassified,Low,0,"Rohan Verma","Finance & Accounts"
INV-V1A-014-Q1,V1A-2025-014,"Vivaan Mukherjee",CBSE-3,B,"Term 1 Fee","Quarterly Tuition",20000,0,20000,20000,0,2025-06-15,2025-06-10,"Credit Card",Paid,0,0,Unclassified,Low,0,"Rohan Verma","Finance & Accounts"
INV-V1A-014-Q2,V1A-2025-014,"Vivaan Mukherjee",CBSE-3,B,"Term 2 Fee","Quarterly Tuition",20000,0,20000,20000,0,2025-09-15,2025-09-12,UPI,Paid,0,0,Unclassified,Low,0,"Rohan Verma","Finance & Accounts"
INV-V1A-014-Q3,V1A-2025-014,"Vivaan Mukherjee",CBSE-3,B,"Term 3 Fee","Quarterly Tuition",20000,0,20000,20000,0,2025-12-15,2025-12-10,Cheque,Paid,0,0,Unclassified,Low,0,"Rohan Verma","Finance & Accounts"
INV-V1A-014-Q4,V1A-2025-014,"Vivaan Mukherjee",CBSE-3,B,"Annual Lab & Activity Fee","Quarterly Tuition",8000,0,8000,8000,0,2026-02-15,2026-02-08,"Demand Draft",Paid,0,0,Unclassified,Low,0,"Rohan Verma","Finance & Accounts"
INV-V1A-015-Q1,V1A-2025-015,"Krishna Banerjee",CBSE-3,A,"Term 1 Fee","Quarterly Tuition",20000,2000,18000,18000,0,2025-06-15,2025-06-10,UPI,Paid,0,0,"Sibling Concession 10%",Low,0,"Rohan Verma","Finance & Accounts"
INV-V1A-015-Q2,V1A-2025-015,"Krishna Banerjee",CBSE-3,A,"Term 2 Fee","Quarterly Tuition",20000,2000,18000,18000,0,2025-09-15,2025-09-12,Cheque,Paid,0,0,"Sibling Concession 10%",Low,0,"Rohan Verma","Finance & Accounts"
INV-V1A-015-Q3,V1A-2025-015,"Krishna Banerjee",CBSE-3,A,"Term 3 Fee","Quarterly Tuition",20000,2000,18000,18000,0,2025-12-15,2025-12-10,Cheque,Paid,0,0,"Sibling Concession 10%",Low,0,"Rohan Verma","Finance & Accounts"
INV-V1A-015-Q4,V1A-2025-015,"Krishna Banerjee",CBSE-3,A,"Annual Lab & Activity Fee","Quarterly Tuition",8000,800,7200,7200,0,2026-02-15,2026-02-08,"Net Banking",Paid,0,0,"Sibling Concession 10%",Low,0,"Rohan Verma","Finance & Accounts"
INV-V1A-016-Q1,V1A-2025-016,"Ananya Ghosh",CBSE-4,A,"Term 1 Fee","Quarterly Tuition",20000,0,20000,20000,0,2025-06-15,2025-06-10,UPI,Paid,0,0,Unclassified,Low,0,"Rohan Verma","Finance & Accounts"
INV-V1A-016-Q2,V1A-2025-016,"Ananya Ghosh",CBSE-4,A,"Term 2 Fee","Quarterly Tuition",20000,0,20000,20000,0,2025-09-15,2025-09-12,Cheque,Paid,0,0,Unclassified,Low,0,"Rohan Verma","Finance & Accounts"
INV-V1A-016-Q3,V1A-2025-016,"Ananya Ghosh",CBSE-4,A,"Term 3 Fee","Quarterly Tuition",20000,0,20000,0,20000,2025-12-15,,"Net Banking",Overdue,75,3,Unclassified,High,17000,"Rohan Verma","Finance & Accounts"
INV-V1A-016-Q4,V1A-2025-016,"Ananya Ghosh",CBSE-4,A,"Annual Lab & Activity Fee","Quarterly Tuition",8000,0,8000,8000,0,2026-02-15,2026-02-08,"Demand Draft",Paid,0,0,Unclassified,Low,0,"Rohan Verma","Finance & Accounts"
INV-V1A-017-Q1,V1A-2025-017,"Myra Chatterjee",CBSE-4,B,"Term 1 Fee","Quarterly Tuition",20000,0,20000,20000,0,2025-06-15,2025-06-10,UPI,Paid,0,0,Unclassified,Low,0,"Rohan Verma","Finance & Accounts"
INV-V1A-017-Q2,V1A-2025-017,"Myra Chatterjee",CBSE-4,B,"Term 2 Fee","Quarterly Tuition",20000,0,20000,20000,0,2025-09-15,2025-09-12,UPI,Paid,0,0,Unclassified,Low,0,"Rohan Verma","Finance & Accounts"
INV-V1A-017-Q3,V1A-2025-017,"Myra Chatterjee",CBSE-4,B,"Term 3 Fee","Quarterly Tuition",20000,0,20000,20000,0,2025-12-15,2025-12-10,Cheque,Paid,0,0,Unclassified,Low,0,"Rohan Verma","Finance & Accounts"
INV-V1A-017-Q4,V1A-2025-017,"Myra Chatterjee",CBSE-4,B,"Annual Lab & Activity Fee","Quarterly Tuition",8000,0,8000,8000,0,2026-02-15,2026-02-08,UPI,Paid,0,0,Unclassified,Low,0,"Rohan Verma","Finance & Accounts"
INV-V1A-018-Q1,V1A-2025-018,"Roshni Sharma",CBSE-4,A,"Term 1 Fee","Quarterly Tuition",20000,0,20000,20000,0,2025-06-15,2025-06-10,"Credit Card",Paid,0,0,Unclassified,Low,0,"Rohan Verma","Finance & Accounts"
INV-V1A-018-Q2,V1A-2025-018,"Roshni Sharma",CBSE-4,A,"Term 2 Fee","Quarterly Tuition",20000,0,20000,20000,0,2025-09-15,2025-09-12,UPI,Paid,0,0,Unclassified,Low,0,"Rohan Verma","Finance & Accounts"
INV-V1A-018-Q3,V1A-2025-018,"Roshni Sharma",CBSE-4,A,"Term 3 Fee","Quarterly Tuition",20000,0,20000,20000,0,2025-12-15,2025-12-10,UPI,Paid,0,0,Unclassified,Low,0,"Rohan Verma","Finance & Accounts"
INV-V1A-018-Q4,V1A-2025-018,"Roshni Sharma",CBSE-4,A,"Annual Lab & Activity Fee","Quarterly Tuition",8000,0,8000,8000,0,2026-02-15,2026-02-08,"Net Banking",Paid,0,0,Unclassified,Low,0,"Rohan Verma","Finance & Accounts"
INV-V1A-019-Q1,V1A-2025-019,"Reyansh Patel",CBSE-4,B,"Term 1 Fee","Quarterly Tuition",20000,0,20000,20000,0,2025-06-15,2025-06-10,UPI,Paid,0,0,Unclassified,Low,0,"Rohan Verma","Finance & Accounts"
INV-V1A-019-Q2,V1A-2025-019,"Reyansh Patel",CBSE-4,B,"Term 2 Fee","Quarterly Tuition",20000,0,20000,20000,0,2025-09-15,2025-09-12,"Demand Draft",Paid,0,0,Unclassified,Low,0,"Rohan Verma","Finance & Accounts"
INV-V1A-019-Q3,V1A-2025-019,"Reyansh Patel",CBSE-4,B,"Term 3 Fee","Quarterly Tuition",20000,0,20000,20000,0,2025-12-15,2025-12-10,"Credit Card",Paid,0,0,Unclassified,Low,0,"Rohan Verma","Finance & Accounts"
INV-V1A-019-Q4,V1A-2025-019,"Reyansh Patel",CBSE-4,B,"Annual Lab & Activity Fee","Quarterly Tuition",8000,0,8000,8000,0,2026-02-15,2026-02-08,"Net Banking",Paid,0,0,Unclassified,Low,0,"Rohan Verma","Finance & Accounts"
INV-V1A-020-Q1,V1A-2025-020,"Pranav Reddy",CBSE-4,A,"Term 1 Fee","Quarterly Tuition",20000,0,20000,20000,0,2025-06-15,2025-06-10,UPI,Paid,0,0,Unclassified,Low,0,"Rohan Verma","Finance & Accounts"
INV-V1A-020-Q2,V1A-2025-020,"Pranav Reddy",CBSE-4,A,"Term 2 Fee","Quarterly Tuition",20000,0,20000,20000,0,2025-09-15,2025-09-12,UPI,Paid,0,0,Unclassified,Low,0,"Rohan Verma","Finance & Accounts"
INV-V1A-020-Q3,V1A-2025-020,"Pranav Reddy",CBSE-4,A,"Term 3 Fee","Quarterly Tuition",20000,0,20000,20000,0,2025-12-15,2025-12-10,"Credit Card",Paid,0,0,Unclassified,Low,0,"Rohan Verma","Finance & Accounts"
INV-V1A-020-Q4,V1A-2025-020,"Pranav Reddy",CBSE-4,A,"Annual Lab & Activity Fee","Quarterly Tuition",8000,0,8000,8000,0,2026-02-15,2026-02-08,"Demand Draft",Paid,0,0,Unclassified,Low,0,"Rohan Verma","Finance & Accounts"
INV-V1A-021-Q1,V1A-2025-021,"Anvi Nair",CBSE-4,B,"Term 1 Fee","Quarterly Tuition",20000,0,20000,20000,0,2025-06-15,2025-06-10,"Net Banking",Paid,0,0,Unclassified,Low,0,"Rohan Verma","Finance & Accounts"
INV-V1A-021-Q2,V1A-2025-021,"Anvi Nair",CBSE-4,B,"Term 2 Fee","Quarterly Tuition",20000,0,20000,20000,0,2025-09-15,2025-09-12,"Credit Card",Paid,0,0,Unclassified,Low,0,"Rohan Verma","Finance & Accounts"
INV-V1A-021-Q3,V1A-2025-021,"Anvi Nair",CBSE-4,B,"Term 3 Fee","Quarterly Tuition",20000,0,20000,20000,0,2025-12-15,2025-12-10,"Demand Draft",Paid,0,0,Unclassified,Low,0,"Rohan Verma","Finance & Accounts"
INV-V1A-021-Q4,V1A-2025-021,"Anvi Nair",CBSE-4,B,"Annual Lab & Activity Fee","Quarterly Tuition",8000,0,8000,8000,0,2026-02-15,2026-02-08,UPI,Paid,0,0,Unclassified,Low,0,"Rohan Verma","Finance & Accounts"
INV-V1A-022-Q1,V1A-2025-022,"Kavya Iyer",CBSE-4,A,"Term 1 Fee","Quarterly Tuition",20000,0,20000,20000,0,2025-06-15,2025-06-10,UPI,Paid,0,0,Unclassified,Low,0,"Rohan Verma","Finance & Accounts"
INV-V1A-022-Q2,V1A-2025-022,"Kavya Iyer",CBSE-4,A,"Term 2 Fee","Quarterly Tuition",20000,0,20000,20000,0,2025-09-15,2025-09-12,UPI,Paid,0,0,Unclassified,Low,0,"Rohan Verma","Finance & Accounts"
INV-V1A-022-Q3,V1A-2025-022,"Kavya Iyer",CBSE-4,A,"Term 3 Fee","Quarterly Tuition",20000,0,20000,10000,10000,2025-12-15,2025-12-10,"Credit Card",Partial,20,1,Unclassified,Medium,10000,"Rohan Verma","Finance & Accounts"
INV-V1A-022-Q4,V1A-2025-022,"Kavya Iyer",CBSE-4,A,"Annual Lab & Activity Fee","Quarterly Tuition",8000,0,8000,4000,4000,2026-02-15,2026-02-08,UPI,Partial,20,1,Unclassified,Medium,4000,"Rohan Verma","Finance & Accounts"
INV-V1A-023-Q1,V1A-2025-023,"Arjun Singh",CBSE-4,B,"Term 1 Fee","Quarterly Tuition",20000,0,20000,20000,0,2025-06-15,2025-06-10,"Demand Draft",Paid,0,0,Unclassified,Low,0,"Rohan Verma","Finance & Accounts"
INV-V1A-023-Q2,V1A-2025-023,"Arjun Singh",CBSE-4,B,"Term 2 Fee","Quarterly Tuition",20000,0,20000,20000,0,2025-09-15,2025-09-12,"Credit Card",Paid,0,0,Unclassified,Low,0,"Rohan Verma","Finance & Accounts"
INV-V1A-023-Q3,V1A-2025-023,"Arjun Singh",CBSE-4,B,"Term 3 Fee","Quarterly Tuition",20000,0,20000,20000,0,2025-12-15,2025-12-10,"Credit Card",Paid,0,0,Unclassified,Low,0,"Rohan Verma","Finance & Accounts"
INV-V1A-023-Q4,V1A-2025-023,"Arjun Singh",CBSE-4,B,"Annual Lab & Activity Fee","Quarterly Tuition",8000,0,8000,8000,0,2026-02-15,2026-02-08,"Credit Card",Paid,0,0,Unclassified,Low,0,"Rohan Verma","Finance & Accounts"
INV-V1A-024-Q1,V1A-2025-024,"Atharv Deshmukh",CBSE-4,A,"Term 1 Fee","Quarterly Tuition",20000,5000,15000,15000,0,2025-06-15,2025-06-10,Cheque,Paid,0,0,"Merit Scholarship 25%",Low,0,"Rohan Verma","Finance & Accounts"
INV-V1A-024-Q2,V1A-2025-024,"Atharv Deshmukh",CBSE-4,A,"Term 2 Fee","Quarterly Tuition",20000,5000,15000,15000,0,2025-09-15,2025-09-12,UPI,Paid,0,0,"Merit Scholarship 25%",Low,0,"Rohan Verma","Finance & Accounts"
INV-V1A-024-Q3,V1A-2025-024,"Atharv Deshmukh",CBSE-4,A,"Term 3 Fee","Quarterly Tuition",20000,5000,15000,15000,0,2025-12-15,2025-12-10,"Net Banking",Paid,0,0,"Merit Scholarship 25%",Low,0,"Rohan Verma","Finance & Accounts"
INV-V1A-024-Q4,V1A-2025-024,"Atharv Deshmukh",CBSE-4,A,"Annual Lab & Activity Fee","Quarterly Tuition",8000,2000,6000,6000,0,2026-02-15,2026-02-08,"Demand Draft",Paid,0,0,"Merit Scholarship 25%",Low,0,"Rohan Verma","Finance & Accounts"
INV-V1A-025-Q1,V1A-2025-025,"Aadhya Kulkarni",CBSE-4,B,"Term 1 Fee","Quarterly Tuition",20000,0,20000,20000,0,2025-06-15,2025-06-10,UPI,Paid,0,0,Unclassified,Low,0,"Rohan Verma","Finance & Accounts"
INV-V1A-025-Q2,V1A-2025-025,"Aadhya Kulkarni",CBSE-4,B,"Term 2 Fee","Quarterly Tuition",20000,0,20000,20000,0,2025-09-15,2025-09-12,Cheque,Paid,0,0,Unclassified,Low,0,"Rohan Verma","Finance & Accounts"
INV-V1A-025-Q3,V1A-2025-025,"Aadhya Kulkarni",CBSE-4,B,"Term 3 Fee","Quarterly Tuition",20000,0,20000,20000,0,2025-12-15,2025-12-10,Cheque,Paid,0,0,Unclassified,Low,0,"Rohan Verma","Finance & Accounts"
INV-V1A-025-Q4,V1A-2025-025,"Aadhya Kulkarni",CBSE-4,B,"Annual Lab & Activity Fee","Quarterly Tuition",8000,0,8000,8000,0,2026-02-15,2026-02-08,UPI,Paid,0,0,Unclassified,Low,0,"Rohan Verma","Finance & Accounts"
INV-V1A-026-Q1,V1A-2025-026,"Avani Joshi",CBSE-4,A,"Term 1 Fee","Quarterly Tuition",20000,0,20000,20000,0,2025-06-15,2025-06-10,"Demand Draft",Paid,0,0,Unclassified,Low,0,"Rohan Verma","Finance & Accounts"
INV-V1A-026-Q2,V1A-2025-026,"Avani Joshi",CBSE-4,A,"Term 2 Fee","Quarterly Tuition",20000,0,20000,20000,0,2025-09-15,2025-09-12,"Demand Draft",Paid,0,0,Unclassified,Low,0,"Rohan Verma","Finance & Accounts"
INV-V1A-026-Q3,V1A-2025-026,"Avani Joshi",CBSE-4,A,"Term 3 Fee","Quarterly Tuition",20000,0,20000,20000,0,2025-12-15,2025-12-10,"Net Banking",Paid,0,0,Unclassified,Low,0,"Rohan Verma","Finance & Accounts"
INV-V1A-026-Q4,V1A-2025-026,"Avani Joshi",CBSE-4,A,"Annual Lab & Activity Fee","Quarterly Tuition",8000,0,8000,8000,0,2026-02-15,2026-02-08,UPI,Paid,0,0,Unclassified,Low,0,"Rohan Verma","Finance & Accounts"
INV-V1A-027-Q1,V1A-2025-027,"Aditya Rao",CBSE-4,B,"Term 1 Fee","Quarterly Tuition",20000,0,20000,20000,0,2025-06-15,2025-06-10,"Demand Draft",Paid,0,0,Unclassified,Low,0,"Rohan Verma","Finance & Accounts"
INV-V1A-027-Q2,V1A-2025-027,"Aditya Rao",CBSE-4,B,"Term 2 Fee","Quarterly Tuition",20000,0,20000,20000,0,2025-09-15,2025-09-12,UPI,Paid,0,0,Unclassified,Low,0,"Rohan Verma","Finance & Accounts"
INV-V1A-027-Q3,V1A-2025-027,"Aditya Rao",CBSE-4,B,"Term 3 Fee","Quarterly Tuition",20000,0,20000,20000,0,2025-12-15,2025-12-10,"Demand Draft",Paid,0,0,Unclassified,Low,0,"Rohan Verma","Finance & Accounts"
INV-V1A-027-Q4,V1A-2025-027,"Aditya Rao",CBSE-4,B,"Annual Lab & Activity Fee","Quarterly Tuition",8000,0,8000,8000,0,2026-02-15,2026-02-08,"Demand Draft",Paid,0,0,Unclassified,Low,0,"Rohan Verma","Finance & Accounts"
INV-V1A-028-Q1,V1A-2025-028,"Ishaan Choudhury",CBSE-4,A,"Term 1 Fee","Quarterly Tuition",20000,0,20000,20000,0,2025-06-15,2025-06-10,"Credit Card",Paid,0,0,Unclassified,Low,0,"Rohan Verma","Finance & Accounts"
INV-V1A-028-Q2,V1A-2025-028,"Ishaan Choudhury",CBSE-4,A,"Term 2 Fee","Quarterly Tuition",20000,0,20000,20000,0,2025-09-15,2025-09-12,"Net Banking",Paid,0,0,Unclassified,Low,0,"Rohan Verma","Finance & Accounts"
INV-V1A-028-Q3,V1A-2025-028,"Ishaan Choudhury",CBSE-4,A,"Term 3 Fee","Quarterly Tuition",20000,0,20000,20000,0,2025-12-15,2025-12-10,Cheque,Paid,0,0,Unclassified,Low,0,"Rohan Verma","Finance & Accounts"
INV-V1A-028-Q4,V1A-2025-028,"Ishaan Choudhury",CBSE-4,A,"Annual Lab & Activity Fee","Quarterly Tuition",8000,0,8000,8000,0,2026-02-15,2026-02-08,"Demand Draft",Paid,0,0,Unclassified,Low,0,"Rohan Verma","Finance & Accounts"
INV-V1A-029-Q1,V1A-2025-029,"Diya Mehta",CBSE-4,B,"Term 1 Fee","Quarterly Tuition",20000,0,20000,20000,0,2025-06-15,2025-06-10,"Credit Card",Paid,0,0,Unclassified,Low,0,"Rohan Verma","Finance & Accounts"
INV-V1A-029-Q2,V1A-2025-029,"Diya Mehta",CBSE-4,B,"Term 2 Fee","Quarterly Tuition",20000,0,20000,20000,0,2025-09-15,2025-09-12,Cheque,Paid,0,0,Unclassified,Low,0,"Rohan Verma","Finance & Accounts"
INV-V1A-029-Q3,V1A-2025-029,"Diya Mehta",CBSE-4,B,"Term 3 Fee","Quarterly Tuition",20000,0,20000,20000,0,2025-12-15,2025-12-10,"Net Banking",Paid,0,0,Unclassified,Low,0,"Rohan Verma","Finance & Accounts"
INV-V1A-029-Q4,V1A-2025-029,"Diya Mehta",CBSE-4,B,"Annual Lab & Activity Fee","Quarterly Tuition",8000,0,8000,8000,0,2026-02-15,2026-02-08,"Credit Card",Paid,0,0,Unclassified,Low,0,"Rohan Verma","Finance & Accounts"
INV-V1A-030-Q1,V1A-2025-030,"Sara Shah",CBSE-4,A,"Term 1 Fee","Quarterly Tuition",20000,2000,18000,18000,0,2025-06-15,2025-06-10,Cheque,Paid,0,0,"Sibling Concession 10%",Low,0,"Rohan Verma","Finance & Accounts"
INV-V1A-030-Q2,V1A-2025-030,"Sara Shah",CBSE-4,A,"Term 2 Fee","Quarterly Tuition",20000,2000,18000,18000,0,2025-09-15,2025-09-12,"Credit Card",Paid,0,0,"Sibling Concession 10%",Low,0,"Rohan Verma","Finance & Accounts"
INV-V1A-030-Q3,V1A-2025-030,"Sara Shah",CBSE-4,A,"Term 3 Fee","Quarterly Tuition",20000,2000,18000,18000,0,2025-12-15,2025-12-10,UPI,Paid,0,0,"Sibling Concession 10%",Low,0,"Rohan Verma","Finance & Accounts"
INV-V1A-030-Q4,V1A-2025-030,"Sara Shah",CBSE-4,A,"Annual Lab & Activity Fee","Quarterly Tuition",8000,800,7200,7200,0,2026-02-15,2026-02-08,"Demand Draft",Paid,0,0,"Sibling Concession 10%",Low,0,"Rohan Verma","Finance & Accounts"
INV-V1A-031-Q1,V1A-2025-031,"Aarav Banerjee",CBSE-5,A,"Term 1 Fee","Quarterly Tuition",20000,0,20000,20000,0,2025-06-15,2025-06-10,Cheque,Paid,0,0,Unclassified,Low,0,"Rohan Verma","Finance & Accounts"
INV-V1A-031-Q2,V1A-2025-031,"Aarav Banerjee",CBSE-5,A,"Term 2 Fee","Quarterly Tuition",20000,0,20000,20000,0,2025-09-15,2025-09-12,"Credit Card",Paid,0,0,Unclassified,Low,0,"Rohan Verma","Finance & Accounts"
INV-V1A-031-Q3,V1A-2025-031,"Aarav Banerjee",CBSE-5,A,"Term 3 Fee","Quarterly Tuition",20000,0,20000,20000,0,2025-12-15,2025-12-10,"Credit Card",Paid,0,0,Unclassified,Low,0,"Rohan Verma","Finance & Accounts"
INV-V1A-031-Q4,V1A-2025-031,"Aarav Banerjee",CBSE-5,A,"Annual Lab & Activity Fee","Quarterly Tuition",8000,0,8000,8000,0,2026-02-15,2026-02-08,"Net Banking",Paid,0,0,Unclassified,Low,0,"Rohan Verma","Finance & Accounts"
INV-V1A-032-Q1,V1A-2025-032,"Ayaan Ghosh",CBSE-5,B,"Term 1 Fee","Quarterly Tuition",20000,0,20000,20000,0,2025-06-15,2025-06-10,UPI,Paid,0,0,Unclassified,Low,0,"Rohan Verma","Finance & Accounts"
INV-V1A-032-Q2,V1A-2025-032,"Ayaan Ghosh",CBSE-5,B,"Term 2 Fee","Quarterly Tuition",20000,0,20000,20000,0,2025-09-15,2025-09-12,UPI,Paid,0,0,Unclassified,Low,0,"Rohan Verma","Finance & Accounts"
INV-V1A-032-Q3,V1A-2025-032,"Ayaan Ghosh",CBSE-5,B,"Term 3 Fee","Quarterly Tuition",20000,0,20000,0,20000,2025-12-15,,Cheque,Overdue,75,3,Unclassified,High,17000,"Rohan Verma","Finance & Accounts"
INV-V1A-032-Q4,V1A-2025-032,"Ayaan Ghosh",CBSE-5,B,"Annual Lab & Activity Fee","Quarterly Tuition",8000,0,8000,8000,0,2026-02-15,2026-02-08,Cheque,Paid,0,0,Unclassified,Low,0,"Rohan Verma","Finance & Accounts"
INV-V1A-033-Q1,V1A-2025-033,"Advaith Chatterjee",CBSE-5,A,"Term 1 Fee","Quarterly Tuition",20000,0,20000,20000,0,2025-06-15,2025-06-10,"Demand Draft",Paid,0,0,Unclassified,Low,0,"Rohan Verma","Finance & Accounts"
INV-V1A-033-Q2,V1A-2025-033,"Advaith Chatterjee",CBSE-5,A,"Term 2 Fee","Quarterly Tuition",20000,0,20000,20000,0,2025-09-15,2025-09-12,UPI,Paid,0,0,Unclassified,Low,0,"Rohan Verma","Finance & Accounts"
INV-V1A-033-Q3,V1A-2025-033,"Advaith Chatterjee",CBSE-5,A,"Term 3 Fee","Quarterly Tuition",20000,0,20000,10000,10000,2025-12-15,2025-12-10,"Credit Card",Partial,20,1,Unclassified,Medium,10000,"Rohan Verma","Finance & Accounts"
INV-V1A-033-Q4,V1A-2025-033,"Advaith Chatterjee",CBSE-5,A,"Annual Lab & Activity Fee","Quarterly Tuition",8000,0,8000,4000,4000,2026-02-15,2026-02-08,"Net Banking",Partial,20,1,Unclassified,Medium,4000,"Rohan Verma","Finance & Accounts"
INV-V1A-034-Q1,V1A-2025-034,"Saanvi Sharma",CBSE-5,B,"Term 1 Fee","Quarterly Tuition",20000,0,20000,20000,0,2025-06-15,2025-06-10,"Demand Draft",Paid,0,0,Unclassified,Low,0,"Rohan Verma","Finance & Accounts"
INV-V1A-034-Q2,V1A-2025-034,"Saanvi Sharma",CBSE-5,B,"Term 2 Fee","Quarterly Tuition",20000,0,20000,20000,0,2025-09-15,2025-09-12,"Credit Card",Paid,0,0,Unclassified,Low,0,"Rohan Verma","Finance & Accounts"
INV-V1A-034-Q3,V1A-2025-034,"Saanvi Sharma",CBSE-5,B,"Term 3 Fee","Quarterly Tuition",20000,0,20000,20000,0,2025-12-15,2025-12-10,Cheque,Paid,0,0,Unclassified,Low,0,"Rohan Verma","Finance & Accounts"
INV-V1A-034-Q4,V1A-2025-034,"Saanvi Sharma",CBSE-5,B,"Annual Lab & Activity Fee","Quarterly Tuition",8000,0,8000,8000,0,2026-02-15,2026-02-08,UPI,Paid,0,0,Unclassified,Low,0,"Rohan Verma","Finance & Accounts"
INV-V1A-035-Q1,V1A-2025-035,"Meera Verma",CBSE-5,A,"Term 1 Fee","Quarterly Tuition",20000,0,20000,20000,0,2025-06-15,2025-06-10,"Demand Draft",Paid,0,0,Unclassified,Low,0,"Rohan Verma","Finance & Accounts"
INV-V1A-035-Q2,V1A-2025-035,"Meera Verma",CBSE-5,A,"Term 2 Fee","Quarterly Tuition",20000,0,20000,20000,0,2025-09-15,2025-09-12,Cheque,Paid,0,0,Unclassified,Low,0,"Rohan Verma","Finance & Accounts"
INV-V1A-035-Q3,V1A-2025-035,"Meera Verma",CBSE-5,A,"Term 3 Fee","Quarterly Tuition",20000,0,20000,20000,0,2025-12-15,2025-12-10,UPI,Paid,0,0,Unclassified,Low,0,"Rohan Verma","Finance & Accounts"
INV-V1A-035-Q4,V1A-2025-035,"Meera Verma",CBSE-5,A,"Annual Lab & Activity Fee","Quarterly Tuition",8000,0,8000,8000,0,2026-02-15,2026-02-08,"Credit Card",Paid,0,0,Unclassified,Low,0,"Rohan Verma","Finance & Accounts"
INV-V1A-036-Q1,V1A-2025-036,"Sai Reddy",CBSE-5,B,"Term 1 Fee","Quarterly Tuition",20000,5000,15000,15000,0,2025-06-15,2025-06-10,UPI,Paid,0,0,"Merit Scholarship 25%",Low,0,"Rohan Verma","Finance & Accounts"
INV-V1A-036-Q2,V1A-2025-036,"Sai Reddy",CBSE-5,B,"Term 2 Fee","Quarterly Tuition",20000,5000,15000,15000,0,2025-09-15,2025-09-12,"Net Banking",Paid,0,0,"Merit Scholarship 25%",Low,0,"Rohan Verma","Finance & Accounts"
INV-V1A-036-Q3,V1A-2025-036,"Sai Reddy",CBSE-5,B,"Term 3 Fee","Quarterly Tuition",20000,5000,15000,15000,0,2025-12-15,2025-12-10,Cheque,Paid,0,0,"Merit Scholarship 25%",Low,0,"Rohan Verma","Finance & Accounts"
INV-V1A-036-Q4,V1A-2025-036,"Sai Reddy",CBSE-5,B,"Annual Lab & Activity Fee","Quarterly Tuition",8000,2000,6000,6000,0,2026-02-15,2026-02-08,"Credit Card",Paid,0,0,"Merit Scholarship 25%",Low,0,"Rohan Verma","Finance & Accounts"
INV-V1A-037-Q1,V1A-2025-037,"Advik Nair",CBSE-5,A,"Term 1 Fee","Quarterly Tuition",20000,0,20000,20000,0,2025-06-15,2025-06-10,Cheque,Paid,0,0,Unclassified,Low,0,"Rohan Verma","Finance & Accounts"
INV-V1A-037-Q2,V1A-2025-037,"Advik Nair",CBSE-5,A,"Term 2 Fee","Quarterly Tuition",20000,0,20000,20000,0,2025-09-15,2025-09-12,"Net Banking",Paid,0,0,Unclassified,Low,0,"Rohan Verma","Finance & Accounts"
INV-V1A-037-Q3,V1A-2025-037,"Advik Nair",CBSE-5,A,"Term 3 Fee","Quarterly Tuition",20000,0,20000,20000,0,2025-12-15,2025-12-10,"Net Banking",Paid,0,0,Unclassified,Low,0,"Rohan Verma","Finance & Accounts"
INV-V1A-037-Q4,V1A-2025-037,"Advik Nair",CBSE-5,A,"Annual Lab & Activity Fee","Quarterly Tuition",8000,0,8000,8000,0,2026-02-15,2026-02-08,"Net Banking",Paid,0,0,Unclassified,Low,0,"Rohan Verma","Finance & Accounts"
INV-V1A-038-Q1,V1A-2025-038,"Pari Iyer",CBSE-5,B,"Term 1 Fee","Quarterly Tuition",20000,0,20000,20000,0,2025-06-15,2025-06-10,"Credit Card",Paid,0,0,Unclassified,Low,0,"Rohan Verma","Finance & Accounts"
INV-V1A-038-Q2,V1A-2025-038,"Pari Iyer",CBSE-5,B,"Term 2 Fee","Quarterly Tuition",20000,0,20000,20000,0,2025-09-15,2025-09-12,UPI,Paid,0,0,Unclassified,Low,0,"Rohan Verma","Finance & Accounts"
INV-V1A-038-Q3,V1A-2025-038,"Pari Iyer",CBSE-5,B,"Term 3 Fee","Quarterly Tuition",20000,0,20000,20000,0,2025-12-15,2025-12-10,Cheque,Paid,0,0,Unclassified,Low,0,"Rohan Verma","Finance & Accounts"
INV-V1A-038-Q4,V1A-2025-038,"Pari Iyer",CBSE-5,B,"Annual Lab & Activity Fee","Quarterly Tuition",8000,0,8000,8000,0,2026-02-15,2026-02-08,"Demand Draft",Paid,0,0,Unclassified,Low,0,"Rohan Verma","Finance & Accounts"
INV-V1A-039-Q1,V1A-2025-039,"Riya Gupta",CBSE-5,A,"Term 1 Fee","Quarterly Tuition",20000,0,20000,20000,0,2025-06-15,2025-06-10,"Demand Draft",Paid,0,0,Unclassified,Low,0,"Rohan Verma","Finance & Accounts"
INV-V1A-039-Q2,V1A-2025-039,"Riya Gupta",CBSE-5,A,"Term 2 Fee","Quarterly Tuition",20000,0,20000,20000,0,2025-09-15,2025-09-12,"Credit Card",Paid,0,0,Unclassified,Low,0,"Rohan Verma","Finance & Accounts"
INV-V1A-039-Q3,V1A-2025-039,"Riya Gupta",CBSE-5,A,"Term 3 Fee","Quarterly Tuition",20000,0,20000,20000,0,2025-12-15,2025-12-10,"Credit Card",Paid,0,0,Unclassified,Low,0,"Rohan Verma","Finance & Accounts"
INV-V1A-039-Q4,V1A-2025-039,"Riya Gupta",CBSE-5,A,"Annual Lab & Activity Fee","Quarterly Tuition",8000,0,8000,8000,0,2026-02-15,2026-02-08,"Net Banking",Paid,0,0,Unclassified,Low,0,"Rohan Verma","Finance & Accounts"
INV-V1A-040-Q1,V1A-2025-040,"Vihaan Deshmukh",CBSE-5,B,"Term 1 Fee","Quarterly Tuition",20000,0,20000,20000,0,2025-06-15,2025-06-10,"Demand Draft",Paid,0,0,Unclassified,Low,0,"Rohan Verma","Finance & Accounts"
INV-V1A-040-Q2,V1A-2025-040,"Vihaan Deshmukh",CBSE-5,B,"Term 2 Fee","Quarterly Tuition",20000,0,20000,20000,0,2025-09-15,2025-09-12,UPI,Paid,0,0,Unclassified,Low,0,"Rohan Verma","Finance & Accounts"
INV-V1A-040-Q3,V1A-2025-040,"Vihaan Deshmukh",CBSE-5,B,"Term 3 Fee","Quarterly Tuition",20000,0,20000,20000,0,2025-12-15,2025-12-10,UPI,Paid,0,0,Unclassified,Low,0,"Rohan Verma","Finance & Accounts"
INV-V1A-040-Q4,V1A-2025-040,"Vihaan Deshmukh",CBSE-5,B,"Annual Lab & Activity Fee","Quarterly Tuition",8000,0,8000,8000,0,2026-02-15,2026-02-08,"Credit Card",Paid,0,0,Unclassified,Low,0,"Rohan Verma","Finance & Accounts"
INV-V1A-041-Q1,V1A-2025-041,"Shaurya Kulkarni",CBSE-5,A,"Term 1 Fee","Quarterly Tuition",20000,0,20000,20000,0,2025-06-15,2025-06-10,Cheque,Paid,0,0,Unclassified,Low,0,"Rohan Verma","Finance & Accounts"
INV-V1A-041-Q2,V1A-2025-041,"Shaurya Kulkarni",CBSE-5,A,"Term 2 Fee","Quarterly Tuition",20000,0,20000,20000,0,2025-09-15,2025-09-12,"Credit Card",Paid,0,0,Unclassified,Low,0,"Rohan Verma","Finance & Accounts"
INV-V1A-041-Q3,V1A-2025-041,"Shaurya Kulkarni",CBSE-5,A,"Term 3 Fee","Quarterly Tuition",20000,0,20000,20000,0,2025-12-15,2025-12-10,UPI,Paid,0,0,Unclassified,Low,0,"Rohan Verma","Finance & Accounts"
INV-V1A-041-Q4,V1A-2025-041,"Shaurya Kulkarni",CBSE-5,A,"Annual Lab & Activity Fee","Quarterly Tuition",8000,0,8000,8000,0,2026-02-15,2026-02-08,"Credit Card",Paid,0,0,Unclassified,Low,0,"Rohan Verma","Finance & Accounts"
INV-V1A-042-Q1,V1A-2025-042,"Gauri Joshi",CBSE-5,B,"Term 1 Fee","Quarterly Tuition",20000,0,20000,20000,0,2025-06-15,2025-06-10,"Credit Card",Paid,0,0,Unclassified,Low,0,"Rohan Verma","Finance & Accounts"
INV-V1A-042-Q2,V1A-2025-042,"Gauri Joshi",CBSE-5,B,"Term 2 Fee","Quarterly Tuition",20000,0,20000,20000,0,2025-09-15,2025-09-12,"Net Banking",Paid,0,0,Unclassified,Low,0,"Rohan Verma","Finance & Accounts"
INV-V1A-042-Q3,V1A-2025-042,"Gauri Joshi",CBSE-5,B,"Term 3 Fee","Quarterly Tuition",20000,0,20000,20000,0,2025-12-15,2025-12-10,"Net Banking",Paid,0,0,Unclassified,Low,0,"Rohan Verma","Finance & Accounts"
INV-V1A-042-Q4,V1A-2025-042,"Gauri Joshi",CBSE-5,B,"Annual Lab & Activity Fee","Quarterly Tuition",8000,0,8000,8000,0,2026-02-15,2026-02-08,"Net Banking",Paid,0,0,Unclassified,Low,0,"Rohan Verma","Finance & Accounts"
INV-V1A-043-Q1,V1A-2025-043,"Ira Bhat",CBSE-5,A,"Term 1 Fee","Quarterly Tuition",20000,0,20000,20000,0,2025-06-15,2025-06-10,"Demand Draft",Paid,0,0,Unclassified,Low,0,"Rohan Verma","Finance & Accounts"
INV-V1A-043-Q2,V1A-2025-043,"Ira Bhat",CBSE-5,A,"Term 2 Fee","Quarterly Tuition",20000,0,20000,20000,0,2025-09-15,2025-09-12,Cheque,Paid,0,0,Unclassified,Low,0,"Rohan Verma","Finance & Accounts"
INV-V1A-043-Q3,V1A-2025-043,"Ira Bhat",CBSE-5,A,"Term 3 Fee","Quarterly Tuition",20000,0,20000,20000,0,2025-12-15,2025-12-10,"Demand Draft",Paid,0,0,Unclassified,Low,0,"Rohan Verma","Finance & Accounts"
INV-V1A-043-Q4,V1A-2025-043,"Ira Bhat",CBSE-5,A,"Annual Lab & Activity Fee","Quarterly Tuition",8000,0,8000,8000,0,2026-02-15,2026-02-08,"Demand Draft",Paid,0,0,Unclassified,Low,0,"Rohan Verma","Finance & Accounts"
INV-V1A-044-Q1,V1A-2025-044,"Vivaan Choudhury",CBSE-5,B,"Term 1 Fee","Quarterly Tuition",20000,0,20000,20000,0,2025-06-15,2025-06-10,Cheque,Paid,0,0,Unclassified,Low,0,"Rohan Verma","Finance & Accounts"
INV-V1A-044-Q2,V1A-2025-044,"Vivaan Choudhury",CBSE-5,B,"Term 2 Fee","Quarterly Tuition",20000,0,20000,20000,0,2025-09-15,2025-09-12,"Demand Draft",Paid,0,0,Unclassified,Low,0,"Rohan Verma","Finance & Accounts"
INV-V1A-044-Q3,V1A-2025-044,"Vivaan Choudhury",CBSE-5,B,"Term 3 Fee","Quarterly Tuition",20000,0,20000,10000,10000,2025-12-15,2025-12-10,"Credit Card",Partial,20,1,Unclassified,Medium,10000,"Rohan Verma","Finance & Accounts"
INV-V1A-044-Q4,V1A-2025-044,"Vivaan Choudhury",CBSE-5,B,"Annual Lab & Activity Fee","Quarterly Tuition",8000,0,8000,4000,4000,2026-02-15,2026-02-08,UPI,Partial,20,1,Unclassified,Medium,4000,"Rohan Verma","Finance & Accounts"
INV-V1A-045-Q1,V1A-2025-045,"Krishna Mehta",CBSE-5,A,"Term 1 Fee","Quarterly Tuition",20000,2000,18000,18000,0,2025-06-15,2025-06-10,"Credit Card",Paid,0,0,"Sibling Concession 10%",Low,0,"Rohan Verma","Finance & Accounts"
INV-V1A-045-Q2,V1A-2025-045,"Krishna Mehta",CBSE-5,A,"Term 2 Fee","Quarterly Tuition",20000,2000,18000,18000,0,2025-09-15,2025-09-12,"Net Banking",Paid,0,0,"Sibling Concession 10%",Low,0,"Rohan Verma","Finance & Accounts"
INV-V1A-045-Q3,V1A-2025-045,"Krishna Mehta",CBSE-5,A,"Term 3 Fee","Quarterly Tuition",20000,2000,18000,18000,0,2025-12-15,2025-12-10,"Net Banking",Paid,0,0,"Sibling Concession 10%",Low,0,"Rohan Verma","Finance & Accounts"
INV-V1A-045-Q4,V1A-2025-045,"Krishna Mehta",CBSE-5,A,"Annual Lab & Activity Fee","Quarterly Tuition",8000,800,7200,7200,0,2026-02-15,2026-02-08,"Net Banking",Paid,0,0,"Sibling Concession 10%",Low,0,"Rohan Verma","Finance & Accounts"
INV-V1A-046-Q1,V1A-2025-046,"Ananya Shah",CBSE-6,A,"Term 1 Fee","Quarterly Tuition",25000,0,25000,25000,0,2025-06-15,2025-06-10,"Demand Draft",Paid,0,0,Unclassified,Low,0,"Rohan Verma","Finance & Accounts"
INV-V1A-046-Q2,V1A-2025-046,"Ananya Shah",CBSE-6,A,"Term 2 Fee","Quarterly Tuition",25000,0,25000,25000,0,2025-09-15,2025-09-12,"Demand Draft",Paid,0,0,Unclassified,Low,0,"Rohan Verma","Finance & Accounts"
INV-V1A-046-Q3,V1A-2025-046,"Ananya Shah",CBSE-6,A,"Term 3 Fee","Quarterly Tuition",25000,0,25000,25000,0,2025-12-15,2025-12-10,"Credit Card",Paid,0,0,Unclassified,Low,0,"Rohan Verma","Finance & Accounts"
INV-V1A-046-Q4,V1A-2025-046,"Ananya Shah",CBSE-6,A,"Annual Lab & Activity Fee","Quarterly Tuition",8000,0,8000,8000,0,2026-02-15,2026-02-08,UPI,Paid,0,0,Unclassified,Low,0,"Rohan Verma","Finance & Accounts"
INV-V1A-047-Q1,V1A-2025-047,"Myra Mukherjee",CBSE-6,B,"Term 1 Fee","Quarterly Tuition",25000,0,25000,25000,0,2025-06-15,2025-06-10,"Demand Draft",Paid,0,0,Unclassified,Low,0,"Rohan Verma","Finance & Accounts"
INV-V1A-047-Q2,V1A-2025-047,"Myra Mukherjee",CBSE-6,B,"Term 2 Fee","Quarterly Tuition",25000,0,25000,25000,0,2025-09-15,2025-09-12,"Net Banking",Paid,0,0,Unclassified,Low,0,"Rohan Verma","Finance & Accounts"
INV-V1A-047-Q3,V1A-2025-047,"Myra Mukherjee",CBSE-6,B,"Term 3 Fee","Quarterly Tuition",25000,0,25000,25000,0,2025-12-15,2025-12-10,"Demand Draft",Paid,0,0,Unclassified,Low,0,"Rohan Verma","Finance & Accounts"
INV-V1A-047-Q4,V1A-2025-047,"Myra Mukherjee",CBSE-6,B,"Annual Lab & Activity Fee","Quarterly Tuition",8000,0,8000,8000,0,2026-02-15,2026-02-08,"Demand Draft",Paid,0,0,Unclassified,Low,0,"Rohan Verma","Finance & Accounts"
INV-V1A-048-Q1,V1A-2025-048,"Roshni Banerjee",CBSE-6,A,"Term 1 Fee","Quarterly Tuition",25000,6250,18750,18750,0,2025-06-15,2025-06-10,"Net Banking",Paid,0,0,"Merit Scholarship 25%",Low,0,"Rohan Verma","Finance & Accounts"
INV-V1A-048-Q2,V1A-2025-048,"Roshni Banerjee",CBSE-6,A,"Term 2 Fee","Quarterly Tuition",25000,6250,18750,18750,0,2025-09-15,2025-09-12,"Demand Draft",Paid,0,0,"Merit Scholarship 25%",Low,0,"Rohan Verma","Finance & Accounts"
INV-V1A-048-Q3,V1A-2025-048,"Roshni Banerjee",CBSE-6,A,"Term 3 Fee","Quarterly Tuition",25000,6250,18750,0,18750,2025-12-15,,"Demand Draft",Overdue,75,3,"Merit Scholarship 25%",High,15937.5,"Rohan Verma","Finance & Accounts"
INV-V1A-048-Q4,V1A-2025-048,"Roshni Banerjee",CBSE-6,A,"Annual Lab & Activity Fee","Quarterly Tuition",8000,2000,6000,6000,0,2026-02-15,2026-02-08,Cheque,Paid,0,0,"Merit Scholarship 25%",Low,0,"Rohan Verma","Finance & Accounts"
INV-V1A-049-Q1,V1A-2025-049,"Reyansh Chatterjee",CBSE-6,B,"Term 1 Fee","Quarterly Tuition",25000,0,25000,25000,0,2025-06-15,2025-06-10,Cheque,Paid,0,0,Unclassified,Low,0,"Rohan Verma","Finance & Accounts"
INV-V1A-049-Q2,V1A-2025-049,"Reyansh Chatterjee",CBSE-6,B,"Term 2 Fee","Quarterly Tuition",25000,0,25000,25000,0,2025-09-15,2025-09-12,Cheque,Paid,0,0,Unclassified,Low,0,"Rohan Verma","Finance & Accounts"
INV-V1A-049-Q3,V1A-2025-049,"Reyansh Chatterjee",CBSE-6,B,"Term 3 Fee","Quarterly Tuition",25000,0,25000,25000,0,2025-12-15,2025-12-10,"Net Banking",Paid,0,0,Unclassified,Low,0,"Rohan Verma","Finance & Accounts"
INV-V1A-049-Q4,V1A-2025-049,"Reyansh Chatterjee",CBSE-6,B,"Annual Lab & Activity Fee","Quarterly Tuition",8000,0,8000,8000,0,2026-02-15,2026-02-08,Cheque,Paid,0,0,Unclassified,Low,0,"Rohan Verma","Finance & Accounts"
INV-V1A-050-Q1,V1A-2025-050,"Pranav Sharma",CBSE-6,A,"Term 1 Fee","Quarterly Tuition",25000,0,25000,25000,0,2025-06-15,2025-06-10,"Credit Card",Paid,0,0,Unclassified,Low,0,"Rohan Verma","Finance & Accounts"
INV-V1A-050-Q2,V1A-2025-050,"Pranav Sharma",CBSE-6,A,"Term 2 Fee","Quarterly Tuition",25000,0,25000,25000,0,2025-09-15,2025-09-12,"Demand Draft",Paid,0,0,Unclassified,Low,0,"Rohan Verma","Finance & Accounts"
INV-V1A-050-Q3,V1A-2025-050,"Pranav Sharma",CBSE-6,A,"Term 3 Fee","Quarterly Tuition",25000,0,25000,25000,0,2025-12-15,2025-12-10,UPI,Paid,0,0,Unclassified,Low,0,"Rohan Verma","Finance & Accounts"
INV-V1A-050-Q4,V1A-2025-050,"Pranav Sharma",CBSE-6,A,"Annual Lab & Activity Fee","Quarterly Tuition",8000,0,8000,8000,0,2026-02-15,2026-02-08,"Demand Draft",Paid,0,0,Unclassified,Low,0,"Rohan Verma","Finance & Accounts"
INV-V1A-051-Q1,V1A-2025-051,"Anvi Verma",CBSE-6,B,"Term 1 Fee","Quarterly Tuition",25000,0,25000,25000,0,2025-06-15,2025-06-10,Cheque,Paid,0,0,Unclassified,Low,0,"Rohan Verma","Finance & Accounts"
INV-V1A-051-Q2,V1A-2025-051,"Anvi Verma",CBSE-6,B,"Term 2 Fee","Quarterly Tuition",25000,0,25000,25000,0,2025-09-15,2025-09-12,"Credit Card",Paid,0,0,Unclassified,Low,0,"Rohan Verma","Finance & Accounts"
INV-V1A-051-Q3,V1A-2025-051,"Anvi Verma",CBSE-6,B,"Term 3 Fee","Quarterly Tuition",25000,0,25000,25000,0,2025-12-15,2025-12-10,"Credit Card",Paid,0,0,Unclassified,Low,0,"Rohan Verma","Finance & Accounts"
INV-V1A-051-Q4,V1A-2025-051,"Anvi Verma",CBSE-6,B,"Annual Lab & Activity Fee","Quarterly Tuition",8000,0,8000,8000,0,2026-02-15,2026-02-08,"Credit Card",Paid,0,0,Unclassified,Low,0,"Rohan Verma","Finance & Accounts"
INV-V1A-052-Q1,V1A-2025-052,"Kavya Patel",CBSE-6,A,"Term 1 Fee","Quarterly Tuition",25000,0,25000,25000,0,2025-06-15,2025-06-10,Cheque,Paid,0,0,Unclassified,Low,0,"Rohan Verma","Finance & Accounts"
INV-V1A-052-Q2,V1A-2025-052,"Kavya Patel",CBSE-6,A,"Term 2 Fee","Quarterly Tuition",25000,0,25000,25000,0,2025-09-15,2025-09-12,"Credit Card",Paid,0,0,Unclassified,Low,0,"Rohan Verma","Finance & Accounts"
INV-V1A-052-Q3,V1A-2025-052,"Kavya Patel",CBSE-6,A,"Term 3 Fee","Quarterly Tuition",25000,0,25000,25000,0,2025-12-15,2025-12-10,"Demand Draft",Paid,0,0,Unclassified,Low,0,"Rohan Verma","Finance & Accounts"
INV-V1A-052-Q4,V1A-2025-052,"Kavya Patel",CBSE-6,A,"Annual Lab & Activity Fee","Quarterly Tuition",8000,0,8000,8000,0,2026-02-15,2026-02-08,"Net Banking",Paid,0,0,Unclassified,Low,0,"Rohan Verma","Finance & Accounts"
INV-V1A-053-Q1,V1A-2025-053,"Arjun Nair",CBSE-6,B,"Term 1 Fee","Quarterly Tuition",25000,0,25000,25000,0,2025-06-15,2025-06-10,"Credit Card",Paid,0,0,Unclassified,Low,0,"Rohan Verma","Finance & Accounts"
INV-V1A-053-Q2,V1A-2025-053,"Arjun Nair",CBSE-6,B,"Term 2 Fee","Quarterly Tuition",25000,0,25000,25000,0,2025-09-15,2025-09-12,"Net Banking",Paid,0,0,Unclassified,Low,0,"Rohan Verma","Finance & Accounts"
INV-V1A-053-Q3,V1A-2025-053,"Arjun Nair",CBSE-6,B,"Term 3 Fee","Quarterly Tuition",25000,0,25000,25000,0,2025-12-15,2025-12-10,"Demand Draft",Paid,0,0,Unclassified,Low,0,"Rohan Verma","Finance & Accounts"
INV-V1A-053-Q4,V1A-2025-053,"Arjun Nair",CBSE-6,B,"Annual Lab & Activity Fee","Quarterly Tuition",8000,0,8000,8000,0,2026-02-15,2026-02-08,"Net Banking",Paid,0,0,Unclassified,Low,0,"Rohan Verma","Finance & Accounts"
INV-V1A-054-Q1,V1A-2025-054,"Atharv Iyer",CBSE-6,A,"Term 1 Fee","Quarterly Tuition",25000,0,25000,25000,0,2025-06-15,2025-06-10,UPI,Paid,0,0,Unclassified,Low,0,"Rohan Verma","Finance & Accounts"
INV-V1A-054-Q2,V1A-2025-054,"Atharv Iyer",CBSE-6,A,"Term 2 Fee","Quarterly Tuition",25000,0,25000,25000,0,2025-09-15,2025-09-12,"Credit Card",Paid,0,0,Unclassified,Low,0,"Rohan Verma","Finance & Accounts"
INV-V1A-054-Q3,V1A-2025-054,"Atharv Iyer",CBSE-6,A,"Term 3 Fee","Quarterly Tuition",25000,0,25000,25000,0,2025-12-15,2025-12-10,UPI,Paid,0,0,Unclassified,Low,0,"Rohan Verma","Finance & Accounts"
INV-V1A-054-Q4,V1A-2025-054,"Atharv Iyer",CBSE-6,A,"Annual Lab & Activity Fee","Quarterly Tuition",8000,0,8000,8000,0,2026-02-15,2026-02-08,"Credit Card",Paid,0,0,Unclassified,Low,0,"Rohan Verma","Finance & Accounts"
INV-V1A-055-Q1,V1A-2025-055,"Aadhya Gupta",CBSE-6,B,"Term 1 Fee","Quarterly Tuition",25000,0,25000,25000,0,2025-06-15,2025-06-10,"Net Banking",Paid,0,0,Unclassified,Low,0,"Rohan Verma","Finance & Accounts"
INV-V1A-055-Q2,V1A-2025-055,"Aadhya Gupta",CBSE-6,B,"Term 2 Fee","Quarterly Tuition",25000,0,25000,25000,0,2025-09-15,2025-09-12,"Demand Draft",Paid,0,0,Unclassified,Low,0,"Rohan Verma","Finance & Accounts"
INV-V1A-055-Q3,V1A-2025-055,"Aadhya Gupta",CBSE-6,B,"Term 3 Fee","Quarterly Tuition",25000,0,25000,12500,12500,2025-12-15,2025-12-10,UPI,Partial,20,1,Unclassified,Medium,12500,"Rohan Verma","Finance & Accounts"
INV-V1A-055-Q4,V1A-2025-055,"Aadhya Gupta",CBSE-6,B,"Annual Lab & Activity Fee","Quarterly Tuition",8000,0,8000,4000,4000,2026-02-15,2026-02-08,"Credit Card",Partial,20,1,Unclassified,Medium,4000,"Rohan Verma","Finance & Accounts"
INV-V1A-056-Q1,V1A-2025-056,"Avani Singh",CBSE-6,A,"Term 1 Fee","Quarterly Tuition",25000,0,25000,25000,0,2025-06-15,2025-06-10,"Net Banking",Paid,0,0,Unclassified,Low,0,"Rohan Verma","Finance & Accounts"
INV-V1A-056-Q2,V1A-2025-056,"Avani Singh",CBSE-6,A,"Term 2 Fee","Quarterly Tuition",25000,0,25000,25000,0,2025-09-15,2025-09-12,"Credit Card",Paid,0,0,Unclassified,Low,0,"Rohan Verma","Finance & Accounts"
INV-V1A-056-Q3,V1A-2025-056,"Avani Singh",CBSE-6,A,"Term 3 Fee","Quarterly Tuition",25000,0,25000,25000,0,2025-12-15,2025-12-10,"Net Banking",Paid,0,0,Unclassified,Low,0,"Rohan Verma","Finance & Accounts"
INV-V1A-056-Q4,V1A-2025-056,"Avani Singh",CBSE-6,A,"Annual Lab & Activity Fee","Quarterly Tuition",8000,0,8000,8000,0,2026-02-15,2026-02-08,"Credit Card",Paid,0,0,Unclassified,Low,0,"Rohan Verma","Finance & Accounts"
INV-V1A-057-Q1,V1A-2025-057,"Aditya Kulkarni",CBSE-6,B,"Term 1 Fee","Quarterly Tuition",25000,0,25000,25000,0,2025-06-15,2025-06-10,"Demand Draft",Paid,0,0,Unclassified,Low,0,"Rohan Verma","Finance & Accounts"
INV-V1A-057-Q2,V1A-2025-057,"Aditya Kulkarni",CBSE-6,B,"Term 2 Fee","Quarterly Tuition",25000,0,25000,25000,0,2025-09-15,2025-09-12,"Demand Draft",Paid,0,0,Unclassified,Low,0,"Rohan Verma","Finance & Accounts"
INV-V1A-057-Q3,V1A-2025-057,"Aditya Kulkarni",CBSE-6,B,"Term 3 Fee","Quarterly Tuition",25000,0,25000,25000,0,2025-12-15,2025-12-10,Cheque,Paid,0,0,Unclassified,Low,0,"Rohan Verma","Finance & Accounts"
INV-V1A-057-Q4,V1A-2025-057,"Aditya Kulkarni",CBSE-6,B,"Annual Lab & Activity Fee","Quarterly Tuition",8000,0,8000,8000,0,2026-02-15,2026-02-08,UPI,Paid,0,0,Unclassified,Low,0,"Rohan Verma","Finance & Accounts"
INV-V1A-058-Q1,V1A-2025-058,"Ishaan Joshi",CBSE-6,A,"Term 1 Fee","Quarterly Tuition",25000,0,25000,25000,0,2025-06-15,2025-06-10,Cheque,Paid,0,0,Unclassified,Low,0,"Rohan Verma","Finance & Accounts"
INV-V1A-058-Q2,V1A-2025-058,"Ishaan Joshi",CBSE-6,A,"Term 2 Fee","Quarterly Tuition",25000,0,25000,25000,0,2025-09-15,2025-09-12,"Credit Card",Paid,0,0,Unclassified,Low,0,"Rohan Verma","Finance & Accounts"
INV-V1A-058-Q3,V1A-2025-058,"Ishaan Joshi",CBSE-6,A,"Term 3 Fee","Quarterly Tuition",25000,0,25000,25000,0,2025-12-15,2025-12-10,Cheque,Paid,0,0,Unclassified,Low,0,"Rohan Verma","Finance & Accounts"
INV-V1A-058-Q4,V1A-2025-058,"Ishaan Joshi",CBSE-6,A,"Annual Lab & Activity Fee","Quarterly Tuition",8000,0,8000,8000,0,2026-02-15,2026-02-08,UPI,Paid,0,0,Unclassified,Low,0,"Rohan Verma","Finance & Accounts"
INV-V1A-059-Q1,V1A-2025-059,"Diya Bhat",CBSE-6,B,"Term 1 Fee","Quarterly Tuition",25000,0,25000,25000,0,2025-06-15,2025-06-10,Cheque,Paid,0,0,Unclassified,Low,0,"Rohan Verma","Finance & Accounts"
INV-V1A-059-Q2,V1A-2025-059,"Diya Bhat",CBSE-6,B,"Term 2 Fee","Quarterly Tuition",25000,0,25000,25000,0,2025-09-15,2025-09-12,"Demand Draft",Paid,0,0,Unclassified,Low,0,"Rohan Verma","Finance & Accounts"
INV-V1A-059-Q3,V1A-2025-059,"Diya Bhat",CBSE-6,B,"Term 3 Fee","Quarterly Tuition",25000,0,25000,25000,0,2025-12-15,2025-12-10,UPI,Paid,0,0,Unclassified,Low,0,"Rohan Verma","Finance & Accounts"
INV-V1A-059-Q4,V1A-2025-059,"Diya Bhat",CBSE-6,B,"Annual Lab & Activity Fee","Quarterly Tuition",8000,0,8000,8000,0,2026-02-15,2026-02-08,"Net Banking",Paid,0,0,Unclassified,Low,0,"Rohan Verma","Finance & Accounts"
INV-V1A-060-Q1,V1A-2025-060,"Sara Rao",CBSE-6,A,"Term 1 Fee","Quarterly Tuition",25000,6250,18750,18750,0,2025-06-15,2025-06-10,"Demand Draft",Paid,0,0,"Merit Scholarship 25%",Low,0,"Rohan Verma","Finance & Accounts"
INV-V1A-060-Q2,V1A-2025-060,"Sara Rao",CBSE-6,A,"Term 2 Fee","Quarterly Tuition",25000,6250,18750,18750,0,2025-09-15,2025-09-12,"Credit Card",Paid,0,0,"Merit Scholarship 25%",Low,0,"Rohan Verma","Finance & Accounts"
INV-V1A-060-Q3,V1A-2025-060,"Sara Rao",CBSE-6,A,"Term 3 Fee","Quarterly Tuition",25000,6250,18750,18750,0,2025-12-15,2025-12-10,UPI,Paid,0,0,"Merit Scholarship 25%",Low,0,"Rohan Verma","Finance & Accounts"
INV-V1A-060-Q4,V1A-2025-060,"Sara Rao",CBSE-6,A,"Annual Lab & Activity Fee","Quarterly Tuition",8000,2000,6000,6000,0,2026-02-15,2026-02-08,"Net Banking",Paid,0,0,"Merit Scholarship 25%",Low,0,"Rohan Verma","Finance & Accounts"
INV-V1A-061-Q1,V1A-2025-061,"Aarav Mehta",CBSE-7,A,"Term 1 Fee","Quarterly Tuition",25000,0,25000,25000,0,2025-06-15,2025-06-10,"Net Banking",Paid,0,0,Unclassified,Low,0,"Rohan Verma","Finance & Accounts"
INV-V1A-061-Q2,V1A-2025-061,"Aarav Mehta",CBSE-7,A,"Term 2 Fee","Quarterly Tuition",25000,0,25000,25000,0,2025-09-15,2025-09-12,"Credit Card",Paid,0,0,Unclassified,Low,0,"Rohan Verma","Finance & Accounts"
INV-V1A-061-Q3,V1A-2025-061,"Aarav Mehta",CBSE-7,A,"Term 3 Fee","Quarterly Tuition",25000,0,25000,25000,0,2025-12-15,2025-12-10,"Credit Card",Paid,0,0,Unclassified,Low,0,"Rohan Verma","Finance & Accounts"
INV-V1A-061-Q4,V1A-2025-061,"Aarav Mehta",CBSE-7,A,"Annual Lab & Activity Fee","Quarterly Tuition",8000,0,8000,8000,0,2026-02-15,2026-02-08,"Credit Card",Paid,0,0,Unclassified,Low,0,"Rohan Verma","Finance & Accounts"
INV-V1A-062-Q1,V1A-2025-062,"Ayaan Shah",CBSE-7,B,"Term 1 Fee","Quarterly Tuition",25000,0,25000,25000,0,2025-06-15,2025-06-10,Cheque,Paid,0,0,Unclassified,Low,0,"Rohan Verma","Finance & Accounts"
INV-V1A-062-Q2,V1A-2025-062,"Ayaan Shah",CBSE-7,B,"Term 2 Fee","Quarterly Tuition",25000,0,25000,25000,0,2025-09-15,2025-09-12,"Credit Card",Paid,0,0,Unclassified,Low,0,"Rohan Verma","Finance & Accounts"
INV-V1A-062-Q3,V1A-2025-062,"Ayaan Shah",CBSE-7,B,"Term 3 Fee","Quarterly Tuition",25000,0,25000,25000,0,2025-12-15,2025-12-10,UPI,Paid,0,0,Unclassified,Low,0,"Rohan Verma","Finance & Accounts"
INV-V1A-062-Q4,V1A-2025-062,"Ayaan Shah",CBSE-7,B,"Annual Lab & Activity Fee","Quarterly Tuition",8000,0,8000,8000,0,2026-02-15,2026-02-08,UPI,Paid,0,0,Unclassified,Low,0,"Rohan Verma","Finance & Accounts"
INV-V1A-063-Q1,V1A-2025-063,"Advaith Mukherjee",CBSE-7,A,"Term 1 Fee","Quarterly Tuition",25000,0,25000,25000,0,2025-06-15,2025-06-10,"Demand Draft",Paid,0,0,Unclassified,Low,0,"Rohan Verma","Finance & Accounts"
INV-V1A-063-Q2,V1A-2025-063,"Advaith Mukherjee",CBSE-7,A,"Term 2 Fee","Quarterly Tuition",25000,0,25000,25000,0,2025-09-15,2025-09-12,"Credit Card",Paid,0,0,Unclassified,Low,0,"Rohan Verma","Finance & Accounts"
INV-V1A-063-Q3,V1A-2025-063,"Advaith Mukherjee",CBSE-7,A,"Term 3 Fee","Quarterly Tuition",25000,0,25000,25000,0,2025-12-15,2025-12-10,"Demand Draft",Paid,0,0,Unclassified,Low,0,"Rohan Verma","Finance & Accounts"
INV-V1A-063-Q4,V1A-2025-063,"Advaith Mukherjee",CBSE-7,A,"Annual Lab & Activity Fee","Quarterly Tuition",8000,0,8000,8000,0,2026-02-15,2026-02-08,"Credit Card",Paid,0,0,Unclassified,Low,0,"Rohan Verma","Finance & Accounts"
INV-V1A-064-Q1,V1A-2025-064,"Saanvi Banerjee",CBSE-7,B,"Term 1 Fee","Quarterly Tuition",25000,0,25000,25000,0,2025-06-15,2025-06-10,"Net Banking",Paid,0,0,Unclassified,Low,0,"Rohan Verma","Finance & Accounts"
INV-V1A-064-Q2,V1A-2025-064,"Saanvi Banerjee",CBSE-7,B,"Term 2 Fee","Quarterly Tuition",25000,0,25000,25000,0,2025-09-15,2025-09-12,Cheque,Paid,0,0,Unclassified,Low,0,"Rohan Verma","Finance & Accounts"
INV-V1A-064-Q3,V1A-2025-064,"Saanvi Banerjee",CBSE-7,B,"Term 3 Fee","Quarterly Tuition",25000,0,25000,0,25000,2025-12-15,,UPI,Overdue,75,3,Unclassified,High,21250,"Rohan Verma","Finance & Accounts"
INV-V1A-064-Q4,V1A-2025-064,"Saanvi Banerjee",CBSE-7,B,"Annual Lab & Activity Fee","Quarterly Tuition",8000,0,8000,8000,0,2026-02-15,2026-02-08,"Credit Card",Paid,0,0,Unclassified,Low,0,"Rohan Verma","Finance & Accounts"
INV-V1A-065-Q1,V1A-2025-065,"Meera Ghosh",CBSE-7,A,"Term 1 Fee","Quarterly Tuition",25000,0,25000,25000,0,2025-06-15,2025-06-10,UPI,Paid,0,0,Unclassified,Low,0,"Rohan Verma","Finance & Accounts"
INV-V1A-065-Q2,V1A-2025-065,"Meera Ghosh",CBSE-7,A,"Term 2 Fee","Quarterly Tuition",25000,0,25000,25000,0,2025-09-15,2025-09-12,"Demand Draft",Paid,0,0,Unclassified,Low,0,"Rohan Verma","Finance & Accounts"
INV-V1A-065-Q3,V1A-2025-065,"Meera Ghosh",CBSE-7,A,"Term 3 Fee","Quarterly Tuition",25000,0,25000,25000,0,2025-12-15,2025-12-10,"Credit Card",Paid,0,0,Unclassified,Low,0,"Rohan Verma","Finance & Accounts"
INV-V1A-065-Q4,V1A-2025-065,"Meera Ghosh",CBSE-7,A,"Annual Lab & Activity Fee","Quarterly Tuition",8000,0,8000,8000,0,2026-02-15,2026-02-08,"Net Banking",Paid,0,0,Unclassified,Low,0,"Rohan Verma","Finance & Accounts"
INV-V1A-066-Q1,V1A-2025-066,"Sai Sharma",CBSE-7,B,"Term 1 Fee","Quarterly Tuition",25000,0,25000,25000,0,2025-06-15,2025-06-10,"Credit Card",Paid,0,0,Unclassified,Low,0,"Rohan Verma","Finance & Accounts"
INV-V1A-066-Q2,V1A-2025-066,"Sai Sharma",CBSE-7,B,"Term 2 Fee","Quarterly Tuition",25000,0,25000,25000,0,2025-09-15,2025-09-12,"Credit Card",Paid,0,0,Unclassified,Low,0,"Rohan Verma","Finance & Accounts"
INV-V1A-066-Q3,V1A-2025-066,"Sai Sharma",CBSE-7,B,"Term 3 Fee","Quarterly Tuition",25000,0,25000,12500,12500,2025-12-15,2025-12-10,UPI,Partial,20,1,Unclassified,Medium,12500,"Rohan Verma","Finance & Accounts"
INV-V1A-066-Q4,V1A-2025-066,"Sai Sharma",CBSE-7,B,"Annual Lab & Activity Fee","Quarterly Tuition",8000,0,8000,4000,4000,2026-02-15,2026-02-08,"Net Banking",Partial,20,1,Unclassified,Medium,4000,"Rohan Verma","Finance & Accounts"
INV-V1A-067-Q1,V1A-2025-067,"Advik Verma",CBSE-7,A,"Term 1 Fee","Quarterly Tuition",25000,0,25000,25000,0,2025-06-15,2025-06-10,"Demand Draft",Paid,0,0,Unclassified,Low,0,"Rohan Verma","Finance & Accounts"
INV-V1A-067-Q2,V1A-2025-067,"Advik Verma",CBSE-7,A,"Term 2 Fee","Quarterly Tuition",25000,0,25000,25000,0,2025-09-15,2025-09-12,"Credit Card",Paid,0,0,Unclassified,Low,0,"Rohan Verma","Finance & Accounts"
INV-V1A-067-Q3,V1A-2025-067,"Advik Verma",CBSE-7,A,"Term 3 Fee","Quarterly Tuition",25000,0,25000,25000,0,2025-12-15,2025-12-10,Cheque,Paid,0,0,Unclassified,Low,0,"Rohan Verma","Finance & Accounts"
INV-V1A-067-Q4,V1A-2025-067,"Advik Verma",CBSE-7,A,"Annual Lab & Activity Fee","Quarterly Tuition",8000,0,8000,8000,0,2026-02-15,2026-02-08,"Credit Card",Paid,0,0,Unclassified,Low,0,"Rohan Verma","Finance & Accounts"
INV-V1A-068-Q1,V1A-2025-068,"Pari Patel",CBSE-7,B,"Term 1 Fee","Quarterly Tuition",25000,0,25000,25000,0,2025-06-15,2025-06-10,"Demand Draft",Paid,0,0,Unclassified,Low,0,"Rohan Verma","Finance & Accounts"
INV-V1A-068-Q2,V1A-2025-068,"Pari Patel",CBSE-7,B,"Term 2 Fee","Quarterly Tuition",25000,0,25000,25000,0,2025-09-15,2025-09-12,"Net Banking",Paid,0,0,Unclassified,Low,0,"Rohan Verma","Finance & Accounts"
INV-V1A-068-Q3,V1A-2025-068,"Pari Patel",CBSE-7,B,"Term 3 Fee","Quarterly Tuition",25000,0,25000,25000,0,2025-12-15,2025-12-10,Cheque,Paid,0,0,Unclassified,Low,0,"Rohan Verma","Finance & Accounts"
INV-V1A-068-Q4,V1A-2025-068,"Pari Patel",CBSE-7,B,"Annual Lab & Activity Fee","Quarterly Tuition",8000,0,8000,8000,0,2026-02-15,2026-02-08,"Demand Draft",Paid,0,0,Unclassified,Low,0,"Rohan Verma","Finance & Accounts"
INV-V1A-069-Q1,V1A-2025-069,"Riya Reddy",CBSE-7,A,"Term 1 Fee","Quarterly Tuition",25000,0,25000,25000,0,2025-06-15,2025-06-10,"Demand Draft",Paid,0,0,Unclassified,Low,0,"Rohan Verma","Finance & Accounts"
INV-V1A-069-Q2,V1A-2025-069,"Riya Reddy",CBSE-7,A,"Term 2 Fee","Quarterly Tuition",25000,0,25000,25000,0,2025-09-15,2025-09-12,"Demand Draft",Paid,0,0,Unclassified,Low,0,"Rohan Verma","Finance & Accounts"
INV-V1A-069-Q3,V1A-2025-069,"Riya Reddy",CBSE-7,A,"Term 3 Fee","Quarterly Tuition",25000,0,25000,25000,0,2025-12-15,2025-12-10,Cheque,Paid,0,0,Unclassified,Low,0,"Rohan Verma","Finance & Accounts"
INV-V1A-069-Q4,V1A-2025-069,"Riya Reddy",CBSE-7,A,"Annual Lab & Activity Fee","Quarterly Tuition",8000,0,8000,8000,0,2026-02-15,2026-02-08,UPI,Paid,0,0,Unclassified,Low,0,"Rohan Verma","Finance & Accounts"
INV-V1A-070-Q1,V1A-2025-070,"Vihaan Iyer",CBSE-7,B,"Term 1 Fee","Quarterly Tuition",25000,0,25000,25000,0,2025-06-15,2025-06-10,"Demand Draft",Paid,0,0,Unclassified,Low,0,"Rohan Verma","Finance & Accounts"
INV-V1A-070-Q2,V1A-2025-070,"Vihaan Iyer",CBSE-7,B,"Term 2 Fee","Quarterly Tuition",25000,0,25000,25000,0,2025-09-15,2025-09-12,"Credit Card",Paid,0,0,Unclassified,Low,0,"Rohan Verma","Finance & Accounts"
INV-V1A-070-Q3,V1A-2025-070,"Vihaan Iyer",CBSE-7,B,"Term 3 Fee","Quarterly Tuition",25000,0,25000,25000,0,2025-12-15,2025-12-10,UPI,Paid,0,0,Unclassified,Low,0,"Rohan Verma","Finance & Accounts"
INV-V1A-070-Q4,V1A-2025-070,"Vihaan Iyer",CBSE-7,B,"Annual Lab & Activity Fee","Quarterly Tuition",8000,0,8000,8000,0,2026-02-15,2026-02-08,"Net Banking",Paid,0,0,Unclassified,Low,0,"Rohan Verma","Finance & Accounts"
INV-V1A-071-Q1,V1A-2025-071,"Shaurya Gupta",CBSE-7,A,"Term 1 Fee","Quarterly Tuition",25000,0,25000,25000,0,2025-06-15,2025-06-10,UPI,Paid,0,0,Unclassified,Low,0,"Rohan Verma","Finance & Accounts"
INV-V1A-071-Q2,V1A-2025-071,"Shaurya Gupta",CBSE-7,A,"Term 2 Fee","Quarterly Tuition",25000,0,25000,25000,0,2025-09-15,2025-09-12,"Credit Card",Paid,0,0,Unclassified,Low,0,"Rohan Verma","Finance & Accounts"
INV-V1A-071-Q3,V1A-2025-071,"Shaurya Gupta",CBSE-7,A,"Term 3 Fee","Quarterly Tuition",25000,0,25000,25000,0,2025-12-15,2025-12-10,UPI,Paid,0,0,Unclassified,Low,0,"Rohan Verma","Finance & Accounts"
INV-V1A-071-Q4,V1A-2025-071,"Shaurya Gupta",CBSE-7,A,"Annual Lab & Activity Fee","Quarterly Tuition",8000,0,8000,8000,0,2026-02-15,2026-02-08,Cheque,Paid,0,0,Unclassified,Low,0,"Rohan Verma","Finance & Accounts"
INV-V1A-072-Q1,V1A-2025-072,"Gauri Singh",CBSE-7,B,"Term 1 Fee","Quarterly Tuition",25000,6250,18750,18750,0,2025-06-15,2025-06-10,"Net Banking",Paid,0,0,"Merit Scholarship 25%",Low,0,"Rohan Verma","Finance & Accounts"
INV-V1A-072-Q2,V1A-2025-072,"Gauri Singh",CBSE-7,B,"Term 2 Fee","Quarterly Tuition",25000,6250,18750,18750,0,2025-09-15,2025-09-12,UPI,Paid,0,0,"Merit Scholarship 25%",Low,0,"Rohan Verma","Finance & Accounts"
INV-V1A-072-Q3,V1A-2025-072,"Gauri Singh",CBSE-7,B,"Term 3 Fee","Quarterly Tuition",25000,6250,18750,18750,0,2025-12-15,2025-12-10,Cheque,Paid,0,0,"Merit Scholarship 25%",Low,0,"Rohan Verma","Finance & Accounts"
INV-V1A-072-Q4,V1A-2025-072,"Gauri Singh",CBSE-7,B,"Annual Lab & Activity Fee","Quarterly Tuition",8000,2000,6000,6000,0,2026-02-15,2026-02-08,"Credit Card",Paid,0,0,"Merit Scholarship 25%",Low,0,"Rohan Verma","Finance & Accounts"
INV-V1A-073-Q1,V1A-2025-073,"Ira Deshmukh",CBSE-7,A,"Term 1 Fee","Quarterly Tuition",25000,0,25000,25000,0,2025-06-15,2025-06-10,"Net Banking",Paid,0,0,Unclassified,Low,0,"Rohan Verma","Finance & Accounts"
INV-V1A-073-Q2,V1A-2025-073,"Ira Deshmukh",CBSE-7,A,"Term 2 Fee","Quarterly Tuition",25000,0,25000,25000,0,2025-09-15,2025-09-12,"Demand Draft",Paid,0,0,Unclassified,Low,0,"Rohan Verma","Finance & Accounts"
INV-V1A-073-Q3,V1A-2025-073,"Ira Deshmukh",CBSE-7,A,"Term 3 Fee","Quarterly Tuition",25000,0,25000,25000,0,2025-12-15,2025-12-10,UPI,Paid,0,0,Unclassified,Low,0,"Rohan Verma","Finance & Accounts"
INV-V1A-073-Q4,V1A-2025-073,"Ira Deshmukh",CBSE-7,A,"Annual Lab & Activity Fee","Quarterly Tuition",8000,0,8000,8000,0,2026-02-15,2026-02-08,"Net Banking",Paid,0,0,Unclassified,Low,0,"Rohan Verma","Finance & Accounts"
INV-V1A-074-Q1,V1A-2025-074,"Vivaan Joshi",CBSE-7,B,"Term 1 Fee","Quarterly Tuition",25000,0,25000,25000,0,2025-06-15,2025-06-10,"Credit Card",Paid,0,0,Unclassified,Low,0,"Rohan Verma","Finance & Accounts"
INV-V1A-074-Q2,V1A-2025-074,"Vivaan Joshi",CBSE-7,B,"Term 2 Fee","Quarterly Tuition",25000,0,25000,25000,0,2025-09-15,2025-09-12,Cheque,Paid,0,0,Unclassified,Low,0,"Rohan Verma","Finance & Accounts"
INV-V1A-074-Q3,V1A-2025-074,"Vivaan Joshi",CBSE-7,B,"Term 3 Fee","Quarterly Tuition",25000,0,25000,25000,0,2025-12-15,2025-12-10,"Demand Draft",Paid,0,0,Unclassified,Low,0,"Rohan Verma","Finance & Accounts"
INV-V1A-074-Q4,V1A-2025-074,"Vivaan Joshi",CBSE-7,B,"Annual Lab & Activity Fee","Quarterly Tuition",8000,0,8000,8000,0,2026-02-15,2026-02-08,"Net Banking",Paid,0,0,Unclassified,Low,0,"Rohan Verma","Finance & Accounts"
INV-V1A-075-Q1,V1A-2025-075,"Krishna Bhat",CBSE-7,A,"Term 1 Fee","Quarterly Tuition",25000,2500,22500,22500,0,2025-06-15,2025-06-10,"Demand Draft",Paid,0,0,"Sibling Concession 10%",Low,0,"Rohan Verma","Finance & Accounts"
INV-V1A-075-Q2,V1A-2025-075,"Krishna Bhat",CBSE-7,A,"Term 2 Fee","Quarterly Tuition",25000,2500,22500,22500,0,2025-09-15,2025-09-12,"Demand Draft",Paid,0,0,"Sibling Concession 10%",Low,0,"Rohan Verma","Finance & Accounts"
INV-V1A-075-Q3,V1A-2025-075,"Krishna Bhat",CBSE-7,A,"Term 3 Fee","Quarterly Tuition",25000,2500,22500,22500,0,2025-12-15,2025-12-10,"Demand Draft",Paid,0,0,"Sibling Concession 10%",Low,0,"Rohan Verma","Finance & Accounts"
INV-V1A-075-Q4,V1A-2025-075,"Krishna Bhat",CBSE-7,A,"Annual Lab & Activity Fee","Quarterly Tuition",8000,800,7200,7200,0,2026-02-15,2026-02-08,"Net Banking",Paid,0,0,"Sibling Concession 10%",Low,0,"Rohan Verma","Finance & Accounts"
INV-V1A-076-Q1,V1A-2025-076,"Ananya Rao",CBSE-8,A,"Term 1 Fee","Quarterly Tuition",25000,0,25000,25000,0,2025-06-15,2025-06-10,"Demand Draft",Paid,0,0,Unclassified,Low,0,"Rohan Verma","Finance & Accounts"
INV-V1A-076-Q2,V1A-2025-076,"Ananya Rao",CBSE-8,A,"Term 2 Fee","Quarterly Tuition",25000,0,25000,25000,0,2025-09-15,2025-09-12,"Credit Card",Paid,0,0,Unclassified,Low,0,"Rohan Verma","Finance & Accounts"
INV-V1A-076-Q3,V1A-2025-076,"Ananya Rao",CBSE-8,A,"Term 3 Fee","Quarterly Tuition",25000,0,25000,25000,0,2025-12-15,2025-12-10,"Demand Draft",Paid,0,0,Unclassified,Low,0,"Rohan Verma","Finance & Accounts"
INV-V1A-076-Q4,V1A-2025-076,"Ananya Rao",CBSE-8,A,"Annual Lab & Activity Fee","Quarterly Tuition",8000,0,8000,8000,0,2026-02-15,2026-02-08,UPI,Paid,0,0,Unclassified,Low,0,"Rohan Verma","Finance & Accounts"
INV-V1A-077-Q1,V1A-2025-077,"Myra Choudhury",CBSE-8,B,"Term 1 Fee","Quarterly Tuition",25000,0,25000,25000,0,2025-06-15,2025-06-10,Cheque,Paid,0,0,Unclassified,Low,0,"Rohan Verma","Finance & Accounts"
INV-V1A-077-Q2,V1A-2025-077,"Myra Choudhury",CBSE-8,B,"Term 2 Fee","Quarterly Tuition",25000,0,25000,25000,0,2025-09-15,2025-09-12,"Credit Card",Paid,0,0,Unclassified,Low,0,"Rohan Verma","Finance & Accounts"
INV-V1A-077-Q3,V1A-2025-077,"Myra Choudhury",CBSE-8,B,"Term 3 Fee","Quarterly Tuition",25000,0,25000,12500,12500,2025-12-15,2025-12-10,"Net Banking",Partial,20,1,Unclassified,Medium,12500,"Rohan Verma","Finance & Accounts"
INV-V1A-077-Q4,V1A-2025-077,"Myra Choudhury",CBSE-8,B,"Annual Lab & Activity Fee","Quarterly Tuition",8000,0,8000,4000,4000,2026-02-15,2026-02-08,"Credit Card",Partial,20,1,Unclassified,Medium,4000,"Rohan Verma","Finance & Accounts"
INV-V1A-078-Q1,V1A-2025-078,"Roshni Mehta",CBSE-8,A,"Term 1 Fee","Quarterly Tuition",25000,0,25000,25000,0,2025-06-15,2025-06-10,UPI,Paid,0,0,Unclassified,Low,0,"Rohan Verma","Finance & Accounts"
INV-V1A-078-Q2,V1A-2025-078,"Roshni Mehta",CBSE-8,A,"Term 2 Fee","Quarterly Tuition",25000,0,25000,25000,0,2025-09-15,2025-09-12,Cheque,Paid,0,0,Unclassified,Low,0,"Rohan Verma","Finance & Accounts"
INV-V1A-078-Q3,V1A-2025-078,"Roshni Mehta",CBSE-8,A,"Term 3 Fee","Quarterly Tuition",25000,0,25000,25000,0,2025-12-15,2025-12-10,UPI,Paid,0,0,Unclassified,Low,0,"Rohan Verma","Finance & Accounts"
INV-V1A-078-Q4,V1A-2025-078,"Roshni Mehta",CBSE-8,A,"Annual Lab & Activity Fee","Quarterly Tuition",8000,0,8000,8000,0,2026-02-15,2026-02-08,"Net Banking",Paid,0,0,Unclassified,Low,0,"Rohan Verma","Finance & Accounts"
INV-V1A-079-Q1,V1A-2025-079,"Reyansh Mukherjee",CBSE-8,B,"Term 1 Fee","Quarterly Tuition",25000,0,25000,25000,0,2025-06-15,2025-06-10,"Net Banking",Paid,0,0,Unclassified,Low,0,"Rohan Verma","Finance & Accounts"
INV-V1A-079-Q2,V1A-2025-079,"Reyansh Mukherjee",CBSE-8,B,"Term 2 Fee","Quarterly Tuition",25000,0,25000,25000,0,2025-09-15,2025-09-12,"Credit Card",Paid,0,0,Unclassified,Low,0,"Rohan Verma","Finance & Accounts"
INV-V1A-079-Q3,V1A-2025-079,"Reyansh Mukherjee",CBSE-8,B,"Term 3 Fee","Quarterly Tuition",25000,0,25000,25000,0,2025-12-15,2025-12-10,UPI,Paid,0,0,Unclassified,Low,0,"Rohan Verma","Finance & Accounts"
INV-V1A-079-Q4,V1A-2025-079,"Reyansh Mukherjee",CBSE-8,B,"Annual Lab & Activity Fee","Quarterly Tuition",8000,0,8000,8000,0,2026-02-15,2026-02-08,"Credit Card",Paid,0,0,Unclassified,Low,0,"Rohan Verma","Finance & Accounts"
INV-V1A-080-Q1,V1A-2025-080,"Pranav Banerjee",CBSE-8,A,"Term 1 Fee","Quarterly Tuition",25000,0,25000,25000,0,2025-06-15,2025-06-10,"Demand Draft",Paid,0,0,Unclassified,Low,0,"Rohan Verma","Finance & Accounts"
INV-V1A-080-Q2,V1A-2025-080,"Pranav Banerjee",CBSE-8,A,"Term 2 Fee","Quarterly Tuition",25000,0,25000,25000,0,2025-09-15,2025-09-12,UPI,Paid,0,0,Unclassified,Low,0,"Rohan Verma","Finance & Accounts"
INV-V1A-080-Q3,V1A-2025-080,"Pranav Banerjee",CBSE-8,A,"Term 3 Fee","Quarterly Tuition",25000,0,25000,0,25000,2025-12-15,,"Credit Card",Overdue,75,3,Unclassified,High,21250,"Rohan Verma","Finance & Accounts"
INV-V1A-080-Q4,V1A-2025-080,"Pranav Banerjee",CBSE-8,A,"Annual Lab & Activity Fee","Quarterly Tuition",8000,0,8000,8000,0,2026-02-15,2026-02-08,"Credit Card",Paid,0,0,Unclassified,Low,0,"Rohan Verma","Finance & Accounts"
INV-V1A-081-Q1,V1A-2025-081,"Anvi Ghosh",CBSE-8,B,"Term 1 Fee","Quarterly Tuition",25000,0,25000,25000,0,2025-06-15,2025-06-10,UPI,Paid,0,0,Unclassified,Low,0,"Rohan Verma","Finance & Accounts"
INV-V1A-081-Q2,V1A-2025-081,"Anvi Ghosh",CBSE-8,B,"Term 2 Fee","Quarterly Tuition",25000,0,25000,25000,0,2025-09-15,2025-09-12,Cheque,Paid,0,0,Unclassified,Low,0,"Rohan Verma","Finance & Accounts"
INV-V1A-081-Q3,V1A-2025-081,"Anvi Ghosh",CBSE-8,B,"Term 3 Fee","Quarterly Tuition",25000,0,25000,25000,0,2025-12-15,2025-12-10,UPI,Paid,0,0,Unclassified,Low,0,"Rohan Verma","Finance & Accounts"
INV-V1A-081-Q4,V1A-2025-081,"Anvi Ghosh",CBSE-8,B,"Annual Lab & Activity Fee","Quarterly Tuition",8000,0,8000,8000,0,2026-02-15,2026-02-08,"Demand Draft",Paid,0,0,Unclassified,Low,0,"Rohan Verma","Finance & Accounts"
INV-V1A-082-Q1,V1A-2025-082,"Kavya Chatterjee",CBSE-8,A,"Term 1 Fee","Quarterly Tuition",25000,0,25000,25000,0,2025-06-15,2025-06-10,"Demand Draft",Paid,0,0,Unclassified,Low,0,"Rohan Verma","Finance & Accounts"
INV-V1A-082-Q2,V1A-2025-082,"Kavya Chatterjee",CBSE-8,A,"Term 2 Fee","Quarterly Tuition",25000,0,25000,25000,0,2025-09-15,2025-09-12,"Net Banking",Paid,0,0,Unclassified,Low,0,"Rohan Verma","Finance & Accounts"
INV-V1A-082-Q3,V1A-2025-082,"Kavya Chatterjee",CBSE-8,A,"Term 3 Fee","Quarterly Tuition",25000,0,25000,25000,0,2025-12-15,2025-12-10,Cheque,Paid,0,0,Unclassified,Low,0,"Rohan Verma","Finance & Accounts"
INV-V1A-082-Q4,V1A-2025-082,"Kavya Chatterjee",CBSE-8,A,"Annual Lab & Activity Fee","Quarterly Tuition",8000,0,8000,8000,0,2026-02-15,2026-02-08,UPI,Paid,0,0,Unclassified,Low,0,"Rohan Verma","Finance & Accounts"
INV-V1A-083-Q1,V1A-2025-083,"Arjun Verma",CBSE-8,B,"Term 1 Fee","Quarterly Tuition",25000,0,25000,25000,0,2025-06-15,2025-06-10,UPI,Paid,0,0,Unclassified,Low,0,"Rohan Verma","Finance & Accounts"
INV-V1A-083-Q2,V1A-2025-083,"Arjun Verma",CBSE-8,B,"Term 2 Fee","Quarterly Tuition",25000,0,25000,25000,0,2025-09-15,2025-09-12,UPI,Paid,0,0,Unclassified,Low,0,"Rohan Verma","Finance & Accounts"
INV-V1A-083-Q3,V1A-2025-083,"Arjun Verma",CBSE-8,B,"Term 3 Fee","Quarterly Tuition",25000,0,25000,25000,0,2025-12-15,2025-12-10,UPI,Paid,0,0,Unclassified,Low,0,"Rohan Verma","Finance & Accounts"
INV-V1A-083-Q4,V1A-2025-083,"Arjun Verma",CBSE-8,B,"Annual Lab & Activity Fee","Quarterly Tuition",8000,0,8000,8000,0,2026-02-15,2026-02-08,"Credit Card",Paid,0,0,Unclassified,Low,0,"Rohan Verma","Finance & Accounts"
INV-V1A-084-Q1,V1A-2025-084,"Atharv Patel",CBSE-8,A,"Term 1 Fee","Quarterly Tuition",25000,6250,18750,18750,0,2025-06-15,2025-06-10,"Demand Draft",Paid,0,0,"Merit Scholarship 25%",Low,0,"Rohan Verma","Finance & Accounts"
INV-V1A-084-Q2,V1A-2025-084,"Atharv Patel",CBSE-8,A,"Term 2 Fee","Quarterly Tuition",25000,6250,18750,18750,0,2025-09-15,2025-09-12,"Demand Draft",Paid,0,0,"Merit Scholarship 25%",Low,0,"Rohan Verma","Finance & Accounts"
INV-V1A-084-Q3,V1A-2025-084,"Atharv Patel",CBSE-8,A,"Term 3 Fee","Quarterly Tuition",25000,6250,18750,18750,0,2025-12-15,2025-12-10,"Demand Draft",Paid,0,0,"Merit Scholarship 25%",Low,0,"Rohan Verma","Finance & Accounts"
INV-V1A-084-Q4,V1A-2025-084,"Atharv Patel",CBSE-8,A,"Annual Lab & Activity Fee","Quarterly Tuition",8000,2000,6000,6000,0,2026-02-15,2026-02-08,"Demand Draft",Paid,0,0,"Merit Scholarship 25%",Low,0,"Rohan Verma","Finance & Accounts"
INV-V1A-085-Q1,V1A-2025-085,"Aadhya Reddy",CBSE-8,B,"Term 1 Fee","Quarterly Tuition",25000,0,25000,25000,0,2025-06-15,2025-06-10,UPI,Paid,0,0,Unclassified,Low,0,"Rohan Verma","Finance & Accounts"
INV-V1A-085-Q2,V1A-2025-085,"Aadhya Reddy",CBSE-8,B,"Term 2 Fee","Quarterly Tuition",25000,0,25000,25000,0,2025-09-15,2025-09-12,"Net Banking",Paid,0,0,Unclassified,Low,0,"Rohan Verma","Finance & Accounts"
INV-V1A-085-Q3,V1A-2025-085,"Aadhya Reddy",CBSE-8,B,"Term 3 Fee","Quarterly Tuition",25000,0,25000,25000,0,2025-12-15,2025-12-10,UPI,Paid,0,0,Unclassified,Low,0,"Rohan Verma","Finance & Accounts"
INV-V1A-085-Q4,V1A-2025-085,"Aadhya Reddy",CBSE-8,B,"Annual Lab & Activity Fee","Quarterly Tuition",8000,0,8000,8000,0,2026-02-15,2026-02-08,Cheque,Paid,0,0,Unclassified,Low,0,"Rohan Verma","Finance & Accounts"
INV-V1A-086-Q1,V1A-2025-086,"Avani Nair",CBSE-8,A,"Term 1 Fee","Quarterly Tuition",25000,0,25000,25000,0,2025-06-15,2025-06-10,UPI,Paid,0,0,Unclassified,Low,0,"Rohan Verma","Finance & Accounts"
INV-V1A-086-Q2,V1A-2025-086,"Avani Nair",CBSE-8,A,"Term 2 Fee","Quarterly Tuition",25000,0,25000,25000,0,2025-09-15,2025-09-12,Cheque,Paid,0,0,Unclassified,Low,0,"Rohan Verma","Finance & Accounts"
INV-V1A-086-Q3,V1A-2025-086,"Avani Nair",CBSE-8,A,"Term 3 Fee","Quarterly Tuition",25000,0,25000,25000,0,2025-12-15,2025-12-10,Cheque,Paid,0,0,Unclassified,Low,0,"Rohan Verma","Finance & Accounts"
INV-V1A-086-Q4,V1A-2025-086,"Avani Nair",CBSE-8,A,"Annual Lab & Activity Fee","Quarterly Tuition",8000,0,8000,8000,0,2026-02-15,2026-02-08,"Demand Draft",Paid,0,0,Unclassified,Low,0,"Rohan Verma","Finance & Accounts"
INV-V1A-087-Q1,V1A-2025-087,"Aditya Gupta",CBSE-8,B,"Term 1 Fee","Quarterly Tuition",25000,0,25000,25000,0,2025-06-15,2025-06-10,"Credit Card",Paid,0,0,Unclassified,Low,0,"Rohan Verma","Finance & Accounts"
INV-V1A-087-Q2,V1A-2025-087,"Aditya Gupta",CBSE-8,B,"Term 2 Fee","Quarterly Tuition",25000,0,25000,25000,0,2025-09-15,2025-09-12,"Credit Card",Paid,0,0,Unclassified,Low,0,"Rohan Verma","Finance & Accounts"
INV-V1A-087-Q3,V1A-2025-087,"Aditya Gupta",CBSE-8,B,"Term 3 Fee","Quarterly Tuition",25000,0,25000,25000,0,2025-12-15,2025-12-10,"Demand Draft",Paid,0,0,Unclassified,Low,0,"Rohan Verma","Finance & Accounts"
INV-V1A-087-Q4,V1A-2025-087,"Aditya Gupta",CBSE-8,B,"Annual Lab & Activity Fee","Quarterly Tuition",8000,0,8000,8000,0,2026-02-15,2026-02-08,"Credit Card",Paid,0,0,Unclassified,Low,0,"Rohan Verma","Finance & Accounts"
INV-V1A-088-Q1,V1A-2025-088,"Ishaan Singh",CBSE-8,A,"Term 1 Fee","Quarterly Tuition",25000,0,25000,25000,0,2025-06-15,2025-06-10,Cheque,Paid,0,0,Unclassified,Low,0,"Rohan Verma","Finance & Accounts"
INV-V1A-088-Q2,V1A-2025-088,"Ishaan Singh",CBSE-8,A,"Term 2 Fee","Quarterly Tuition",25000,0,25000,25000,0,2025-09-15,2025-09-12,"Demand Draft",Paid,0,0,Unclassified,Low,0,"Rohan Verma","Finance & Accounts"
INV-V1A-088-Q3,V1A-2025-088,"Ishaan Singh",CBSE-8,A,"Term 3 Fee","Quarterly Tuition",25000,0,25000,12500,12500,2025-12-15,2025-12-10,"Credit Card",Partial,20,1,Unclassified,Medium,12500,"Rohan Verma","Finance & Accounts"
INV-V1A-088-Q4,V1A-2025-088,"Ishaan Singh",CBSE-8,A,"Annual Lab & Activity Fee","Quarterly Tuition",8000,0,8000,4000,4000,2026-02-15,2026-02-08,"Credit Card",Partial,20,1,Unclassified,Medium,4000,"Rohan Verma","Finance & Accounts"
INV-V1A-089-Q1,V1A-2025-089,"Diya Deshmukh",CBSE-8,B,"Term 1 Fee","Quarterly Tuition",25000,0,25000,25000,0,2025-06-15,2025-06-10,UPI,Paid,0,0,Unclassified,Low,0,"Rohan Verma","Finance & Accounts"
INV-V1A-089-Q2,V1A-2025-089,"Diya Deshmukh",CBSE-8,B,"Term 2 Fee","Quarterly Tuition",25000,0,25000,25000,0,2025-09-15,2025-09-12,Cheque,Paid,0,0,Unclassified,Low,0,"Rohan Verma","Finance & Accounts"
INV-V1A-089-Q3,V1A-2025-089,"Diya Deshmukh",CBSE-8,B,"Term 3 Fee","Quarterly Tuition",25000,0,25000,25000,0,2025-12-15,2025-12-10,"Credit Card",Paid,0,0,Unclassified,Low,0,"Rohan Verma","Finance & Accounts"
INV-V1A-089-Q4,V1A-2025-089,"Diya Deshmukh",CBSE-8,B,"Annual Lab & Activity Fee","Quarterly Tuition",8000,0,8000,8000,0,2026-02-15,2026-02-08,"Net Banking",Paid,0,0,Unclassified,Low,0,"Rohan Verma","Finance & Accounts"
INV-V1A-090-Q1,V1A-2025-090,"Sara Kulkarni",CBSE-8,A,"Term 1 Fee","Quarterly Tuition",25000,2500,22500,22500,0,2025-06-15,2025-06-10,Cheque,Paid,0,0,"Sibling Concession 10%",Low,0,"Rohan Verma","Finance & Accounts"
INV-V1A-090-Q2,V1A-2025-090,"Sara Kulkarni",CBSE-8,A,"Term 2 Fee","Quarterly Tuition",25000,2500,22500,22500,0,2025-09-15,2025-09-12,"Credit Card",Paid,0,0,"Sibling Concession 10%",Low,0,"Rohan Verma","Finance & Accounts"
INV-V1A-090-Q3,V1A-2025-090,"Sara Kulkarni",CBSE-8,A,"Term 3 Fee","Quarterly Tuition",25000,2500,22500,22500,0,2025-12-15,2025-12-10,"Credit Card",Paid,0,0,"Sibling Concession 10%",Low,0,"Rohan Verma","Finance & Accounts"
INV-V1A-090-Q4,V1A-2025-090,"Sara Kulkarni",CBSE-8,A,"Annual Lab & Activity Fee","Quarterly Tuition",8000,800,7200,7200,0,2026-02-15,2026-02-08,Cheque,Paid,0,0,"Sibling Concession 10%",Low,0,"Rohan Verma","Finance & Accounts"
INV-V1A-091-Q1,V1A-2025-091,"Aarav Bhat",CBSE-9,A,"Term 1 Fee","Quarterly Tuition",30000,0,30000,30000,0,2025-06-15,2025-06-10,"Net Banking",Paid,0,0,Unclassified,Low,0,"Rohan Verma","Finance & Accounts"
INV-V1A-091-Q2,V1A-2025-091,"Aarav Bhat",CBSE-9,A,"Term 2 Fee","Quarterly Tuition",30000,0,30000,30000,0,2025-09-15,2025-09-12,"Demand Draft",Paid,0,0,Unclassified,Low,0,"Rohan Verma","Finance & Accounts"
INV-V1A-091-Q3,V1A-2025-091,"Aarav Bhat",CBSE-9,A,"Term 3 Fee","Quarterly Tuition",30000,0,30000,30000,0,2025-12-15,2025-12-10,"Net Banking",Paid,0,0,Unclassified,Low,0,"Rohan Verma","Finance & Accounts"
INV-V1A-091-Q4,V1A-2025-091,"Aarav Bhat",CBSE-9,A,"Annual Lab & Activity Fee","Quarterly Tuition",8000,0,8000,8000,0,2026-02-15,2026-02-08,UPI,Paid,0,0,Unclassified,Low,0,"Rohan Verma","Finance & Accounts"
INV-V1A-092-Q1,V1A-2025-092,"Ayaan Rao",CBSE-9,B,"Term 1 Fee","Quarterly Tuition",30000,0,30000,30000,0,2025-06-15,2025-06-10,Cheque,Paid,0,0,Unclassified,Low,0,"Rohan Verma","Finance & Accounts"
INV-V1A-092-Q2,V1A-2025-092,"Ayaan Rao",CBSE-9,B,"Term 2 Fee","Quarterly Tuition",30000,0,30000,30000,0,2025-09-15,2025-09-12,"Credit Card",Paid,0,0,Unclassified,Low,0,"Rohan Verma","Finance & Accounts"
INV-V1A-092-Q3,V1A-2025-092,"Ayaan Rao",CBSE-9,B,"Term 3 Fee","Quarterly Tuition",30000,0,30000,30000,0,2025-12-15,2025-12-10,Cheque,Paid,0,0,Unclassified,Low,0,"Rohan Verma","Finance & Accounts"
INV-V1A-092-Q4,V1A-2025-092,"Ayaan Rao",CBSE-9,B,"Annual Lab & Activity Fee","Quarterly Tuition",8000,0,8000,8000,0,2026-02-15,2026-02-08,"Net Banking",Paid,0,0,Unclassified,Low,0,"Rohan Verma","Finance & Accounts"
INV-V1A-093-Q1,V1A-2025-093,"Advaith Choudhury",CBSE-9,A,"Term 1 Fee","Quarterly Tuition",30000,0,30000,30000,0,2025-06-15,2025-06-10,"Net Banking",Paid,0,0,Unclassified,Low,0,"Rohan Verma","Finance & Accounts"
INV-V1A-093-Q2,V1A-2025-093,"Advaith Choudhury",CBSE-9,A,"Term 2 Fee","Quarterly Tuition",30000,0,30000,30000,0,2025-09-15,2025-09-12,"Net Banking",Paid,0,0,Unclassified,Low,0,"Rohan Verma","Finance & Accounts"
INV-V1A-093-Q3,V1A-2025-093,"Advaith Choudhury",CBSE-9,A,"Term 3 Fee","Quarterly Tuition",30000,0,30000,30000,0,2025-12-15,2025-12-10,"Net Banking",Paid,0,0,Unclassified,Low,0,"Rohan Verma","Finance & Accounts"
INV-V1A-093-Q4,V1A-2025-093,"Advaith Choudhury",CBSE-9,A,"Annual Lab & Activity Fee","Quarterly Tuition",8000,0,8000,8000,0,2026-02-15,2026-02-08,"Credit Card",Paid,0,0,Unclassified,Low,0,"Rohan Verma","Finance & Accounts"
INV-V1A-094-Q1,V1A-2025-094,"Saanvi Mehta",CBSE-9,B,"Term 1 Fee","Quarterly Tuition",30000,0,30000,30000,0,2025-06-15,2025-06-10,"Net Banking",Paid,0,0,Unclassified,Low,0,"Rohan Verma","Finance & Accounts"
INV-V1A-094-Q2,V1A-2025-094,"Saanvi Mehta",CBSE-9,B,"Term 2 Fee","Quarterly Tuition",30000,0,30000,30000,0,2025-09-15,2025-09-12,UPI,Paid,0,0,Unclassified,Low,0,"Rohan Verma","Finance & Accounts"
INV-V1A-094-Q3,V1A-2025-094,"Saanvi Mehta",CBSE-9,B,"Term 3 Fee","Quarterly Tuition",30000,0,30000,30000,0,2025-12-15,2025-12-10,"Credit Card",Paid,0,0,Unclassified,Low,0,"Rohan Verma","Finance & Accounts"
INV-V1A-094-Q4,V1A-2025-094,"Saanvi Mehta",CBSE-9,B,"Annual Lab & Activity Fee","Quarterly Tuition",8000,0,8000,8000,0,2026-02-15,2026-02-08,"Credit Card",Paid,0,0,Unclassified,Low,0,"Rohan Verma","Finance & Accounts"
INV-V1A-095-Q1,V1A-2025-095,"Meera Shah",CBSE-9,A,"Term 1 Fee","Quarterly Tuition",30000,0,30000,30000,0,2025-06-15,2025-06-10,Cheque,Paid,0,0,Unclassified,Low,0,"Rohan Verma","Finance & Accounts"
INV-V1A-095-Q2,V1A-2025-095,"Meera Shah",CBSE-9,A,"Term 2 Fee","Quarterly Tuition",30000,0,30000,30000,0,2025-09-15,2025-09-12,Cheque,Paid,0,0,Unclassified,Low,0,"Rohan Verma","Finance & Accounts"
INV-V1A-095-Q3,V1A-2025-095,"Meera Shah",CBSE-9,A,"Term 3 Fee","Quarterly Tuition",30000,0,30000,30000,0,2025-12-15,2025-12-10,"Net Banking",Paid,0,0,Unclassified,Low,0,"Rohan Verma","Finance & Accounts"
INV-V1A-095-Q4,V1A-2025-095,"Meera Shah",CBSE-9,A,"Annual Lab & Activity Fee","Quarterly Tuition",8000,0,8000,8000,0,2026-02-15,2026-02-08,"Demand Draft",Paid,0,0,Unclassified,Low,0,"Rohan Verma","Finance & Accounts"
INV-V1A-096-Q1,V1A-2025-096,"Sai Banerjee",CBSE-9,B,"Term 1 Fee","Quarterly Tuition",30000,7500,22500,22500,0,2025-06-15,2025-06-10,"Demand Draft",Paid,0,0,"Merit Scholarship 25%",Low,0,"Rohan Verma","Finance & Accounts"
INV-V1A-096-Q2,V1A-2025-096,"Sai Banerjee",CBSE-9,B,"Term 2 Fee","Quarterly Tuition",30000,7500,22500,22500,0,2025-09-15,2025-09-12,"Net Banking",Paid,0,0,"Merit Scholarship 25%",Low,0,"Rohan Verma","Finance & Accounts"
INV-V1A-096-Q3,V1A-2025-096,"Sai Banerjee",CBSE-9,B,"Term 3 Fee","Quarterly Tuition",30000,7500,22500,0,22500,2025-12-15,,"Demand Draft",Overdue,75,3,"Merit Scholarship 25%",High,19125,"Rohan Verma","Finance & Accounts"
INV-V1A-096-Q4,V1A-2025-096,"Sai Banerjee",CBSE-9,B,"Annual Lab & Activity Fee","Quarterly Tuition",8000,2000,6000,6000,0,2026-02-15,2026-02-08,"Demand Draft",Paid,0,0,"Merit Scholarship 25%",Low,0,"Rohan Verma","Finance & Accounts"
INV-V1A-097-Q1,V1A-2025-097,"Advik Ghosh",CBSE-9,A,"Term 1 Fee","Quarterly Tuition",30000,0,30000,30000,0,2025-06-15,2025-06-10,Cheque,Paid,0,0,Unclassified,Low,0,"Rohan Verma","Finance & Accounts"
INV-V1A-097-Q2,V1A-2025-097,"Advik Ghosh",CBSE-9,A,"Term 2 Fee","Quarterly Tuition",30000,0,30000,30000,0,2025-09-15,2025-09-12,"Net Banking",Paid,0,0,Unclassified,Low,0,"Rohan Verma","Finance & Accounts"
INV-V1A-097-Q3,V1A-2025-097,"Advik Ghosh",CBSE-9,A,"Term 3 Fee","Quarterly Tuition",30000,0,30000,30000,0,2025-12-15,2025-12-10,"Credit Card",Paid,0,0,Unclassified,Low,0,"Rohan Verma","Finance & Accounts"
INV-V1A-097-Q4,V1A-2025-097,"Advik Ghosh",CBSE-9,A,"Annual Lab & Activity Fee","Quarterly Tuition",8000,0,8000,8000,0,2026-02-15,2026-02-08,UPI,Paid,0,0,Unclassified,Low,0,"Rohan Verma","Finance & Accounts"
INV-V1A-098-Q1,V1A-2025-098,"Pari Chatterjee",CBSE-9,B,"Term 1 Fee","Quarterly Tuition",30000,0,30000,30000,0,2025-06-15,2025-06-10,"Demand Draft",Paid,0,0,Unclassified,Low,0,"Rohan Verma","Finance & Accounts"
INV-V1A-098-Q2,V1A-2025-098,"Pari Chatterjee",CBSE-9,B,"Term 2 Fee","Quarterly Tuition",30000,0,30000,30000,0,2025-09-15,2025-09-12,"Net Banking",Paid,0,0,Unclassified,Low,0,"Rohan Verma","Finance & Accounts"
INV-V1A-098-Q3,V1A-2025-098,"Pari Chatterjee",CBSE-9,B,"Term 3 Fee","Quarterly Tuition",30000,0,30000,30000,0,2025-12-15,2025-12-10,Cheque,Paid,0,0,Unclassified,Low,0,"Rohan Verma","Finance & Accounts"
INV-V1A-098-Q4,V1A-2025-098,"Pari Chatterjee",CBSE-9,B,"Annual Lab & Activity Fee","Quarterly Tuition",8000,0,8000,8000,0,2026-02-15,2026-02-08,Cheque,Paid,0,0,Unclassified,Low,0,"Rohan Verma","Finance & Accounts"
INV-V1A-099-Q1,V1A-2025-099,"Riya Sharma",CBSE-9,A,"Term 1 Fee","Quarterly Tuition",30000,0,30000,30000,0,2025-06-15,2025-06-10,"Net Banking",Paid,0,0,Unclassified,Low,0,"Rohan Verma","Finance & Accounts"
INV-V1A-099-Q2,V1A-2025-099,"Riya Sharma",CBSE-9,A,"Term 2 Fee","Quarterly Tuition",30000,0,30000,30000,0,2025-09-15,2025-09-12,Cheque,Paid,0,0,Unclassified,Low,0,"Rohan Verma","Finance & Accounts"
INV-V1A-099-Q3,V1A-2025-099,"Riya Sharma",CBSE-9,A,"Term 3 Fee","Quarterly Tuition",30000,0,30000,15000,15000,2025-12-15,2025-12-10,"Credit Card",Partial,20,1,Unclassified,Medium,15000,"Rohan Verma","Finance & Accounts"
INV-V1A-099-Q4,V1A-2025-099,"Riya Sharma",CBSE-9,A,"Annual Lab & Activity Fee","Quarterly Tuition",8000,0,8000,4000,4000,2026-02-15,2026-02-08,Cheque,Partial,20,1,Unclassified,Medium,4000,"Rohan Verma","Finance & Accounts"
INV-V1A-100-Q1,V1A-2025-100,"Vihaan Patel",CBSE-9,B,"Term 1 Fee","Quarterly Tuition",30000,0,30000,30000,0,2025-06-15,2025-06-10,"Credit Card",Paid,0,0,Unclassified,Low,0,"Rohan Verma","Finance & Accounts"
INV-V1A-100-Q2,V1A-2025-100,"Vihaan Patel",CBSE-9,B,"Term 2 Fee","Quarterly Tuition",30000,0,30000,30000,0,2025-09-15,2025-09-12,"Demand Draft",Paid,0,0,Unclassified,Low,0,"Rohan Verma","Finance & Accounts"
INV-V1A-100-Q3,V1A-2025-100,"Vihaan Patel",CBSE-9,B,"Term 3 Fee","Quarterly Tuition",30000,0,30000,30000,0,2025-12-15,2025-12-10,"Net Banking",Paid,0,0,Unclassified,Low,0,"Rohan Verma","Finance & Accounts"
INV-V1A-100-Q4,V1A-2025-100,"Vihaan Patel",CBSE-9,B,"Annual Lab & Activity Fee","Quarterly Tuition",8000,0,8000,8000,0,2026-02-15,2026-02-08,"Credit Card",Paid,0,0,Unclassified,Low,0,"Rohan Verma","Finance & Accounts"
INV-V1A-101-Q1,V1A-2025-101,"Shaurya Reddy",CBSE-9,A,"Term 1 Fee","Quarterly Tuition",30000,0,30000,30000,0,2025-06-15,2025-06-10,"Demand Draft",Paid,0,0,Unclassified,Low,0,"Rohan Verma","Finance & Accounts"
INV-V1A-101-Q2,V1A-2025-101,"Shaurya Reddy",CBSE-9,A,"Term 2 Fee","Quarterly Tuition",30000,0,30000,30000,0,2025-09-15,2025-09-12,"Net Banking",Paid,0,0,Unclassified,Low,0,"Rohan Verma","Finance & Accounts"
INV-V1A-101-Q3,V1A-2025-101,"Shaurya Reddy",CBSE-9,A,"Term 3 Fee","Quarterly Tuition",30000,0,30000,30000,0,2025-12-15,2025-12-10,UPI,Paid,0,0,Unclassified,Low,0,"Rohan Verma","Finance & Accounts"
INV-V1A-101-Q4,V1A-2025-101,"Shaurya Reddy",CBSE-9,A,"Annual Lab & Activity Fee","Quarterly Tuition",8000,0,8000,8000,0,2026-02-15,2026-02-08,"Net Banking",Paid,0,0,Unclassified,Low,0,"Rohan Verma","Finance & Accounts"
INV-V1A-102-Q1,V1A-2025-102,"Gauri Nair",CBSE-9,B,"Term 1 Fee","Quarterly Tuition",30000,0,30000,30000,0,2025-06-15,2025-06-10,Cheque,Paid,0,0,Unclassified,Low,0,"Rohan Verma","Finance & Accounts"
INV-V1A-102-Q2,V1A-2025-102,"Gauri Nair",CBSE-9,B,"Term 2 Fee","Quarterly Tuition",30000,0,30000,30000,0,2025-09-15,2025-09-12,Cheque,Paid,0,0,Unclassified,Low,0,"Rohan Verma","Finance & Accounts"
INV-V1A-102-Q3,V1A-2025-102,"Gauri Nair",CBSE-9,B,"Term 3 Fee","Quarterly Tuition",30000,0,30000,30000,0,2025-12-15,2025-12-10,UPI,Paid,0,0,Unclassified,Low,0,"Rohan Verma","Finance & Accounts"
INV-V1A-102-Q4,V1A-2025-102,"Gauri Nair",CBSE-9,B,"Annual Lab & Activity Fee","Quarterly Tuition",8000,0,8000,8000,0,2026-02-15,2026-02-08,"Demand Draft",Paid,0,0,Unclassified,Low,0,"Rohan Verma","Finance & Accounts"
INV-V1A-103-Q1,V1A-2025-103,"Ira Iyer",CBSE-9,A,"Term 1 Fee","Quarterly Tuition",30000,0,30000,30000,0,2025-06-15,2025-06-10,UPI,Paid,0,0,Unclassified,Low,0,"Rohan Verma","Finance & Accounts"
INV-V1A-103-Q2,V1A-2025-103,"Ira Iyer",CBSE-9,A,"Term 2 Fee","Quarterly Tuition",30000,0,30000,30000,0,2025-09-15,2025-09-12,"Credit Card",Paid,0,0,Unclassified,Low,0,"Rohan Verma","Finance & Accounts"
INV-V1A-103-Q3,V1A-2025-103,"Ira Iyer",CBSE-9,A,"Term 3 Fee","Quarterly Tuition",30000,0,30000,30000,0,2025-12-15,2025-12-10,Cheque,Paid,0,0,Unclassified,Low,0,"Rohan Verma","Finance & Accounts"
INV-V1A-103-Q4,V1A-2025-103,"Ira Iyer",CBSE-9,A,"Annual Lab & Activity Fee","Quarterly Tuition",8000,0,8000,8000,0,2026-02-15,2026-02-08,Cheque,Paid,0,0,Unclassified,Low,0,"Rohan Verma","Finance & Accounts"
INV-V1A-104-Q1,V1A-2025-104,"Vivaan Singh",CBSE-9,B,"Term 1 Fee","Quarterly Tuition",30000,0,30000,30000,0,2025-06-15,2025-06-10,Cheque,Paid,0,0,Unclassified,Low,0,"Rohan Verma","Finance & Accounts"
INV-V1A-104-Q2,V1A-2025-104,"Vivaan Singh",CBSE-9,B,"Term 2 Fee","Quarterly Tuition",30000,0,30000,30000,0,2025-09-15,2025-09-12,"Demand Draft",Paid,0,0,Unclassified,Low,0,"Rohan Verma","Finance & Accounts"
INV-V1A-104-Q3,V1A-2025-104,"Vivaan Singh",CBSE-9,B,"Term 3 Fee","Quarterly Tuition",30000,0,30000,30000,0,2025-12-15,2025-12-10,UPI,Paid,0,0,Unclassified,Low,0,"Rohan Verma","Finance & Accounts"
INV-V1A-104-Q4,V1A-2025-104,"Vivaan Singh",CBSE-9,B,"Annual Lab & Activity Fee","Quarterly Tuition",8000,0,8000,8000,0,2026-02-15,2026-02-08,"Net Banking",Paid,0,0,Unclassified,Low,0,"Rohan Verma","Finance & Accounts"
INV-V1A-105-Q1,V1A-2025-105,"Krishna Deshmukh",CBSE-9,A,"Term 1 Fee","Quarterly Tuition",30000,3000,27000,27000,0,2025-06-15,2025-06-10,Cheque,Paid,0,0,"Sibling Concession 10%",Low,0,"Rohan Verma","Finance & Accounts"
INV-V1A-105-Q2,V1A-2025-105,"Krishna Deshmukh",CBSE-9,A,"Term 2 Fee","Quarterly Tuition",30000,3000,27000,27000,0,2025-09-15,2025-09-12,Cheque,Paid,0,0,"Sibling Concession 10%",Low,0,"Rohan Verma","Finance & Accounts"
INV-V1A-105-Q3,V1A-2025-105,"Krishna Deshmukh",CBSE-9,A,"Term 3 Fee","Quarterly Tuition",30000,3000,27000,27000,0,2025-12-15,2025-12-10,"Credit Card",Paid,0,0,"Sibling Concession 10%",Low,0,"Rohan Verma","Finance & Accounts"
INV-V1A-105-Q4,V1A-2025-105,"Krishna Deshmukh",CBSE-9,A,"Annual Lab & Activity Fee","Quarterly Tuition",8000,800,7200,7200,0,2026-02-15,2026-02-08,"Net Banking",Paid,0,0,"Sibling Concession 10%",Low,0,"Rohan Verma","Finance & Accounts"
INV-V1A-106-Q1,V1A-2025-106,"Ananya Kulkarni",CBSE-10,A,"Term 1 Fee","Quarterly Tuition",30000,0,30000,30000,0,2025-06-15,2025-06-10,UPI,Paid,0,0,Unclassified,Low,0,"Rohan Verma","Finance & Accounts"
INV-V1A-106-Q2,V1A-2025-106,"Ananya Kulkarni",CBSE-10,A,"Term 2 Fee","Quarterly Tuition",30000,0,30000,30000,0,2025-09-15,2025-09-12,"Net Banking",Paid,0,0,Unclassified,Low,0,"Rohan Verma","Finance & Accounts"
INV-V1A-106-Q3,V1A-2025-106,"Ananya Kulkarni",CBSE-10,A,"Term 3 Fee","Quarterly Tuition",30000,0,30000,30000,0,2025-12-15,2025-12-10,Cheque,Paid,0,0,Unclassified,Low,0,"Rohan Verma","Finance & Accounts"
INV-V1A-106-Q4,V1A-2025-106,"Ananya Kulkarni",CBSE-10,A,"Annual Lab & Activity Fee","Quarterly Tuition",8000,0,8000,8000,0,2026-02-15,2026-02-08,"Demand Draft",Paid,0,0,Unclassified,Low,0,"Rohan Verma","Finance & Accounts"
INV-V1A-107-Q1,V1A-2025-107,"Myra Joshi",CBSE-10,B,"Term 1 Fee","Quarterly Tuition",30000,0,30000,30000,0,2025-06-15,2025-06-10,"Net Banking",Paid,0,0,Unclassified,Low,0,"Rohan Verma","Finance & Accounts"
INV-V1A-107-Q2,V1A-2025-107,"Myra Joshi",CBSE-10,B,"Term 2 Fee","Quarterly Tuition",30000,0,30000,30000,0,2025-09-15,2025-09-12,Cheque,Paid,0,0,Unclassified,Low,0,"Rohan Verma","Finance & Accounts"
INV-V1A-107-Q3,V1A-2025-107,"Myra Joshi",CBSE-10,B,"Term 3 Fee","Quarterly Tuition",30000,0,30000,30000,0,2025-12-15,2025-12-10,UPI,Paid,0,0,Unclassified,Low,0,"Rohan Verma","Finance & Accounts"
INV-V1A-107-Q4,V1A-2025-107,"Myra Joshi",CBSE-10,B,"Annual Lab & Activity Fee","Quarterly Tuition",8000,0,8000,8000,0,2026-02-15,2026-02-08,Cheque,Paid,0,0,Unclassified,Low,0,"Rohan Verma","Finance & Accounts"
INV-V1A-108-Q1,V1A-2025-108,"Roshni Bhat",CBSE-10,A,"Term 1 Fee","Quarterly Tuition",30000,7500,22500,22500,0,2025-06-15,2025-06-10,"Net Banking",Paid,0,0,"Merit Scholarship 25%",Low,0,"Rohan Verma","Finance & Accounts"
INV-V1A-108-Q2,V1A-2025-108,"Roshni Bhat",CBSE-10,A,"Term 2 Fee","Quarterly Tuition",30000,7500,22500,22500,0,2025-09-15,2025-09-12,"Credit Card",Paid,0,0,"Merit Scholarship 25%",Low,0,"Rohan Verma","Finance & Accounts"
INV-V1A-108-Q3,V1A-2025-108,"Roshni Bhat",CBSE-10,A,"Term 3 Fee","Quarterly Tuition",30000,7500,22500,22500,0,2025-12-15,2025-12-10,UPI,Paid,0,0,"Merit Scholarship 25%",Low,0,"Rohan Verma","Finance & Accounts"
INV-V1A-108-Q4,V1A-2025-108,"Roshni Bhat",CBSE-10,A,"Annual Lab & Activity Fee","Quarterly Tuition",8000,2000,6000,6000,0,2026-02-15,2026-02-08,UPI,Paid,0,0,"Merit Scholarship 25%",Low,0,"Rohan Verma","Finance & Accounts"
INV-V1A-109-Q1,V1A-2025-109,"Reyansh Choudhury",CBSE-10,B,"Term 1 Fee","Quarterly Tuition",30000,0,30000,30000,0,2025-06-15,2025-06-10,"Net Banking",Paid,0,0,Unclassified,Low,0,"Rohan Verma","Finance & Accounts"
INV-V1A-109-Q2,V1A-2025-109,"Reyansh Choudhury",CBSE-10,B,"Term 2 Fee","Quarterly Tuition",30000,0,30000,30000,0,2025-09-15,2025-09-12,"Credit Card",Paid,0,0,Unclassified,Low,0,"Rohan Verma","Finance & Accounts"
INV-V1A-109-Q3,V1A-2025-109,"Reyansh Choudhury",CBSE-10,B,"Term 3 Fee","Quarterly Tuition",30000,0,30000,30000,0,2025-12-15,2025-12-10,"Credit Card",Paid,0,0,Unclassified,Low,0,"Rohan Verma","Finance & Accounts"
INV-V1A-109-Q4,V1A-2025-109,"Reyansh Choudhury",CBSE-10,B,"Annual Lab & Activity Fee","Quarterly Tuition",8000,0,8000,8000,0,2026-02-15,2026-02-08,"Demand Draft",Paid,0,0,Unclassified,Low,0,"Rohan Verma","Finance & Accounts"
INV-V1A-110-Q1,V1A-2025-110,"Pranav Mehta",CBSE-10,A,"Term 1 Fee","Quarterly Tuition",30000,0,30000,30000,0,2025-06-15,2025-06-10,Cheque,Paid,0,0,Unclassified,Low,0,"Rohan Verma","Finance & Accounts"
INV-V1A-110-Q2,V1A-2025-110,"Pranav Mehta",CBSE-10,A,"Term 2 Fee","Quarterly Tuition",30000,0,30000,30000,0,2025-09-15,2025-09-12,UPI,Paid,0,0,Unclassified,Low,0,"Rohan Verma","Finance & Accounts"
INV-V1A-110-Q3,V1A-2025-110,"Pranav Mehta",CBSE-10,A,"Term 3 Fee","Quarterly Tuition",30000,0,30000,15000,15000,2025-12-15,2025-12-10,UPI,Partial,20,1,Unclassified,Medium,15000,"Rohan Verma","Finance & Accounts"
INV-V1A-110-Q4,V1A-2025-110,"Pranav Mehta",CBSE-10,A,"Annual Lab & Activity Fee","Quarterly Tuition",8000,0,8000,4000,4000,2026-02-15,2026-02-08,UPI,Partial,20,1,Unclassified,Medium,4000,"Rohan Verma","Finance & Accounts"
INV-V1A-111-Q1,V1A-2025-111,"Anvi Shah",CBSE-10,B,"Term 1 Fee","Quarterly Tuition",30000,0,30000,30000,0,2025-06-15,2025-06-10,"Net Banking",Paid,0,0,Unclassified,Low,0,"Rohan Verma","Finance & Accounts"
INV-V1A-111-Q2,V1A-2025-111,"Anvi Shah",CBSE-10,B,"Term 2 Fee","Quarterly Tuition",30000,0,30000,30000,0,2025-09-15,2025-09-12,"Demand Draft",Paid,0,0,Unclassified,Low,0,"Rohan Verma","Finance & Accounts"
INV-V1A-111-Q3,V1A-2025-111,"Anvi Shah",CBSE-10,B,"Term 3 Fee","Quarterly Tuition",30000,0,30000,30000,0,2025-12-15,2025-12-10,UPI,Paid,0,0,Unclassified,Low,0,"Rohan Verma","Finance & Accounts"
INV-V1A-111-Q4,V1A-2025-111,"Anvi Shah",CBSE-10,B,"Annual Lab & Activity Fee","Quarterly Tuition",8000,0,8000,8000,0,2026-02-15,2026-02-08,Cheque,Paid,0,0,Unclassified,Low,0,"Rohan Verma","Finance & Accounts"
INV-V1A-112-Q1,V1A-2025-112,"Kavya Mukherjee",CBSE-10,A,"Term 1 Fee","Quarterly Tuition",30000,0,30000,30000,0,2025-06-15,2025-06-10,"Credit Card",Paid,0,0,Unclassified,Low,0,"Rohan Verma","Finance & Accounts"
INV-V1A-112-Q2,V1A-2025-112,"Kavya Mukherjee",CBSE-10,A,"Term 2 Fee","Quarterly Tuition",30000,0,30000,30000,0,2025-09-15,2025-09-12,"Credit Card",Paid,0,0,Unclassified,Low,0,"Rohan Verma","Finance & Accounts"
INV-V1A-112-Q3,V1A-2025-112,"Kavya Mukherjee",CBSE-10,A,"Term 3 Fee","Quarterly Tuition",30000,0,30000,0,30000,2025-12-15,,"Credit Card",Overdue,75,3,Unclassified,High,25500,"Rohan Verma","Finance & Accounts"
INV-V1A-112-Q4,V1A-2025-112,"Kavya Mukherjee",CBSE-10,A,"Annual Lab & Activity Fee","Quarterly Tuition",8000,0,8000,8000,0,2026-02-15,2026-02-08,"Demand Draft",Paid,0,0,Unclassified,Low,0,"Rohan Verma","Finance & Accounts"
INV-V1A-113-Q1,V1A-2025-113,"Arjun Ghosh",CBSE-10,B,"Term 1 Fee","Quarterly Tuition",30000,0,30000,30000,0,2025-06-15,2025-06-10,UPI,Paid,0,0,Unclassified,Low,0,"Rohan Verma","Finance & Accounts"
INV-V1A-113-Q2,V1A-2025-113,"Arjun Ghosh",CBSE-10,B,"Term 2 Fee","Quarterly Tuition",30000,0,30000,30000,0,2025-09-15,2025-09-12,"Credit Card",Paid,0,0,Unclassified,Low,0,"Rohan Verma","Finance & Accounts"
INV-V1A-113-Q3,V1A-2025-113,"Arjun Ghosh",CBSE-10,B,"Term 3 Fee","Quarterly Tuition",30000,0,30000,30000,0,2025-12-15,2025-12-10,"Net Banking",Paid,0,0,Unclassified,Low,0,"Rohan Verma","Finance & Accounts"
INV-V1A-113-Q4,V1A-2025-113,"Arjun Ghosh",CBSE-10,B,"Annual Lab & Activity Fee","Quarterly Tuition",8000,0,8000,8000,0,2026-02-15,2026-02-08,Cheque,Paid,0,0,Unclassified,Low,0,"Rohan Verma","Finance & Accounts"
INV-V1A-114-Q1,V1A-2025-114,"Atharv Chatterjee",CBSE-10,A,"Term 1 Fee","Quarterly Tuition",30000,0,30000,30000,0,2025-06-15,2025-06-10,"Net Banking",Paid,0,0,Unclassified,Low,0,"Rohan Verma","Finance & Accounts"
INV-V1A-114-Q2,V1A-2025-114,"Atharv Chatterjee",CBSE-10,A,"Term 2 Fee","Quarterly Tuition",30000,0,30000,30000,0,2025-09-15,2025-09-12,"Net Banking",Paid,0,0,Unclassified,Low,0,"Rohan Verma","Finance & Accounts"
INV-V1A-114-Q3,V1A-2025-114,"Atharv Chatterjee",CBSE-10,A,"Term 3 Fee","Quarterly Tuition",30000,0,30000,30000,0,2025-12-15,2025-12-10,"Credit Card",Paid,0,0,Unclassified,Low,0,"Rohan Verma","Finance & Accounts"
INV-V1A-114-Q4,V1A-2025-114,"Atharv Chatterjee",CBSE-10,A,"Annual Lab & Activity Fee","Quarterly Tuition",8000,0,8000,8000,0,2026-02-15,2026-02-08,"Demand Draft",Paid,0,0,Unclassified,Low,0,"Rohan Verma","Finance & Accounts"
INV-V1A-115-Q1,V1A-2025-115,"Aadhya Sharma",CBSE-10,B,"Term 1 Fee","Quarterly Tuition",30000,0,30000,30000,0,2025-06-15,2025-06-10,"Net Banking",Paid,0,0,Unclassified,Low,0,"Rohan Verma","Finance & Accounts"
INV-V1A-115-Q2,V1A-2025-115,"Aadhya Sharma",CBSE-10,B,"Term 2 Fee","Quarterly Tuition",30000,0,30000,30000,0,2025-09-15,2025-09-12,"Credit Card",Paid,0,0,Unclassified,Low,0,"Rohan Verma","Finance & Accounts"
INV-V1A-115-Q3,V1A-2025-115,"Aadhya Sharma",CBSE-10,B,"Term 3 Fee","Quarterly Tuition",30000,0,30000,30000,0,2025-12-15,2025-12-10,UPI,Paid,0,0,Unclassified,Low,0,"Rohan Verma","Finance & Accounts"
INV-V1A-115-Q4,V1A-2025-115,"Aadhya Sharma",CBSE-10,B,"Annual Lab & Activity Fee","Quarterly Tuition",8000,0,8000,8000,0,2026-02-15,2026-02-08,Cheque,Paid,0,0,Unclassified,Low,0,"Rohan Verma","Finance & Accounts"
INV-V1A-116-Q1,V1A-2025-116,"Avani Verma",CBSE-10,A,"Term 1 Fee","Quarterly Tuition",30000,0,30000,30000,0,2025-06-15,2025-06-10,"Demand Draft",Paid,0,0,Unclassified,Low,0,"Rohan Verma","Finance & Accounts"
INV-V1A-116-Q2,V1A-2025-116,"Avani Verma",CBSE-10,A,"Term 2 Fee","Quarterly Tuition",30000,0,30000,30000,0,2025-09-15,2025-09-12,Cheque,Paid,0,0,Unclassified,Low,0,"Rohan Verma","Finance & Accounts"
INV-V1A-116-Q3,V1A-2025-116,"Avani Verma",CBSE-10,A,"Term 3 Fee","Quarterly Tuition",30000,0,30000,30000,0,2025-12-15,2025-12-10,UPI,Paid,0,0,Unclassified,Low,0,"Rohan Verma","Finance & Accounts"
INV-V1A-116-Q4,V1A-2025-116,"Avani Verma",CBSE-10,A,"Annual Lab & Activity Fee","Quarterly Tuition",8000,0,8000,8000,0,2026-02-15,2026-02-08,"Credit Card",Paid,0,0,Unclassified,Low,0,"Rohan Verma","Finance & Accounts"
INV-V1A-117-Q1,V1A-2025-117,"Aditya Reddy",CBSE-10,B,"Term 1 Fee","Quarterly Tuition",30000,0,30000,30000,0,2025-06-15,2025-06-10,"Demand Draft",Paid,0,0,Unclassified,Low,0,"Rohan Verma","Finance & Accounts"
INV-V1A-117-Q2,V1A-2025-117,"Aditya Reddy",CBSE-10,B,"Term 2 Fee","Quarterly Tuition",30000,0,30000,30000,0,2025-09-15,2025-09-12,"Credit Card",Paid,0,0,Unclassified,Low,0,"Rohan Verma","Finance & Accounts"
INV-V1A-117-Q3,V1A-2025-117,"Aditya Reddy",CBSE-10,B,"Term 3 Fee","Quarterly Tuition",30000,0,30000,30000,0,2025-12-15,2025-12-10,"Demand Draft",Paid,0,0,Unclassified,Low,0,"Rohan Verma","Finance & Accounts"
INV-V1A-117-Q4,V1A-2025-117,"Aditya Reddy",CBSE-10,B,"Annual Lab & Activity Fee","Quarterly Tuition",8000,0,8000,8000,0,2026-02-15,2026-02-08,UPI,Paid,0,0,Unclassified,Low,0,"Rohan Verma","Finance & Accounts"
INV-V1A-118-Q1,V1A-2025-118,"Ishaan Nair",CBSE-10,A,"Term 1 Fee","Quarterly Tuition",30000,0,30000,30000,0,2025-06-15,2025-06-10,"Net Banking",Paid,0,0,Unclassified,Low,0,"Rohan Verma","Finance & Accounts"
INV-V1A-118-Q2,V1A-2025-118,"Ishaan Nair",CBSE-10,A,"Term 2 Fee","Quarterly Tuition",30000,0,30000,30000,0,2025-09-15,2025-09-12,Cheque,Paid,0,0,Unclassified,Low,0,"Rohan Verma","Finance & Accounts"
INV-V1A-118-Q3,V1A-2025-118,"Ishaan Nair",CBSE-10,A,"Term 3 Fee","Quarterly Tuition",30000,0,30000,30000,0,2025-12-15,2025-12-10,Cheque,Paid,0,0,Unclassified,Low,0,"Rohan Verma","Finance & Accounts"
INV-V1A-118-Q4,V1A-2025-118,"Ishaan Nair",CBSE-10,A,"Annual Lab & Activity Fee","Quarterly Tuition",8000,0,8000,8000,0,2026-02-15,2026-02-08,"Demand Draft",Paid,0,0,Unclassified,Low,0,"Rohan Verma","Finance & Accounts"
INV-V1A-119-Q1,V1A-2025-119,"Diya Iyer",CBSE-10,B,"Term 1 Fee","Quarterly Tuition",30000,0,30000,30000,0,2025-06-15,2025-06-10,UPI,Paid,0,0,Unclassified,Low,0,"Rohan Verma","Finance & Accounts"
INV-V1A-119-Q2,V1A-2025-119,"Diya Iyer",CBSE-10,B,"Term 2 Fee","Quarterly Tuition",30000,0,30000,30000,0,2025-09-15,2025-09-12,"Credit Card",Paid,0,0,Unclassified,Low,0,"Rohan Verma","Finance & Accounts"
INV-V1A-119-Q3,V1A-2025-119,"Diya Iyer",CBSE-10,B,"Term 3 Fee","Quarterly Tuition",30000,0,30000,30000,0,2025-12-15,2025-12-10,"Credit Card",Paid,0,0,Unclassified,Low,0,"Rohan Verma","Finance & Accounts"
INV-V1A-119-Q4,V1A-2025-119,"Diya Iyer",CBSE-10,B,"Annual Lab & Activity Fee","Quarterly Tuition",8000,0,8000,8000,0,2026-02-15,2026-02-08,UPI,Paid,0,0,Unclassified,Low,0,"Rohan Verma","Finance & Accounts"
INV-V1A-120-Q1,V1A-2025-120,"Sara Gupta",CBSE-10,A,"Term 1 Fee","Quarterly Tuition",30000,7500,22500,22500,0,2025-06-15,2025-06-10,Cheque,Paid,0,0,"Merit Scholarship 25%",Low,0,"Rohan Verma","Finance & Accounts"
INV-V1A-120-Q2,V1A-2025-120,"Sara Gupta",CBSE-10,A,"Term 2 Fee","Quarterly Tuition",30000,7500,22500,22500,0,2025-09-15,2025-09-12,Cheque,Paid,0,0,"Merit Scholarship 25%",Low,0,"Rohan Verma","Finance & Accounts"
INV-V1A-120-Q3,V1A-2025-120,"Sara Gupta",CBSE-10,A,"Term 3 Fee","Quarterly Tuition",30000,7500,22500,22500,0,2025-12-15,2025-12-10,Cheque,Paid,0,0,"Merit Scholarship 25%",Low,0,"Rohan Verma","Finance & Accounts"
INV-V1A-120-Q4,V1A-2025-120,"Sara Gupta",CBSE-10,A,"Annual Lab & Activity Fee","Quarterly Tuition",8000,2000,6000,6000,0,2026-02-15,2026-02-08,UPI,Paid,0,0,"Merit Scholarship 25%",Low,0,"Rohan Verma","Finance & Accounts"
INV-V1A-121-Q1,V1A-2025-121,"Aarav Deshmukh",CBSE-11,A,"Term 1 Fee","Quarterly Tuition",35000,0,35000,35000,0,2025-06-15,2025-06-10,"Demand Draft",Paid,0,0,Unclassified,Low,0,"Rohan Verma","Finance & Accounts"
INV-V1A-121-Q2,V1A-2025-121,"Aarav Deshmukh",CBSE-11,A,"Term 2 Fee","Quarterly Tuition",35000,0,35000,35000,0,2025-09-15,2025-09-12,"Demand Draft",Paid,0,0,Unclassified,Low,0,"Rohan Verma","Finance & Accounts"
INV-V1A-121-Q3,V1A-2025-121,"Aarav Deshmukh",CBSE-11,A,"Term 3 Fee","Quarterly Tuition",35000,0,35000,17500,17500,2025-12-15,2025-12-10,"Credit Card",Partial,20,1,Unclassified,Medium,17500,"Rohan Verma","Finance & Accounts"
INV-V1A-121-Q4,V1A-2025-121,"Aarav Deshmukh",CBSE-11,A,"Annual Lab & Activity Fee","Quarterly Tuition",8000,0,8000,4000,4000,2026-02-15,2026-02-08,UPI,Partial,20,1,Unclassified,Medium,4000,"Rohan Verma","Finance & Accounts"
INV-V1A-122-Q1,V1A-2025-122,"Ayaan Kulkarni",CBSE-11,B,"Term 1 Fee","Quarterly Tuition",35000,0,35000,35000,0,2025-06-15,2025-06-10,Cheque,Paid,0,0,Unclassified,Low,0,"Rohan Verma","Finance & Accounts"
INV-V1A-122-Q2,V1A-2025-122,"Ayaan Kulkarni",CBSE-11,B,"Term 2 Fee","Quarterly Tuition",35000,0,35000,35000,0,2025-09-15,2025-09-12,Cheque,Paid,0,0,Unclassified,Low,0,"Rohan Verma","Finance & Accounts"
INV-V1A-122-Q3,V1A-2025-122,"Ayaan Kulkarni",CBSE-11,B,"Term 3 Fee","Quarterly Tuition",35000,0,35000,35000,0,2025-12-15,2025-12-10,Cheque,Paid,0,0,Unclassified,Low,0,"Rohan Verma","Finance & Accounts"
INV-V1A-122-Q4,V1A-2025-122,"Ayaan Kulkarni",CBSE-11,B,"Annual Lab & Activity Fee","Quarterly Tuition",8000,0,8000,8000,0,2026-02-15,2026-02-08,"Credit Card",Paid,0,0,Unclassified,Low,0,"Rohan Verma","Finance & Accounts"
INV-V1A-123-Q1,V1A-2025-123,"Advaith Joshi",CBSE-11,A,"Term 1 Fee","Quarterly Tuition",35000,0,35000,35000,0,2025-06-15,2025-06-10,Cheque,Paid,0,0,Unclassified,Low,0,"Rohan Verma","Finance & Accounts"
INV-V1A-123-Q2,V1A-2025-123,"Advaith Joshi",CBSE-11,A,"Term 2 Fee","Quarterly Tuition",35000,0,35000,35000,0,2025-09-15,2025-09-12,"Net Banking",Paid,0,0,Unclassified,Low,0,"Rohan Verma","Finance & Accounts"
INV-V1A-123-Q3,V1A-2025-123,"Advaith Joshi",CBSE-11,A,"Term 3 Fee","Quarterly Tuition",35000,0,35000,35000,0,2025-12-15,2025-12-10,"Credit Card",Paid,0,0,Unclassified,Low,0,"Rohan Verma","Finance & Accounts"
INV-V1A-123-Q4,V1A-2025-123,"Advaith Joshi",CBSE-11,A,"Annual Lab & Activity Fee","Quarterly Tuition",8000,0,8000,8000,0,2026-02-15,2026-02-08,"Demand Draft",Paid,0,0,Unclassified,Low,0,"Rohan Verma","Finance & Accounts"
INV-V1A-124-Q1,V1A-2025-124,"Saanvi Bhat",CBSE-11,B,"Term 1 Fee","Quarterly Tuition",35000,0,35000,35000,0,2025-06-15,2025-06-10,Cheque,Paid,0,0,Unclassified,Low,0,"Rohan Verma","Finance & Accounts"
INV-V1A-124-Q2,V1A-2025-124,"Saanvi Bhat",CBSE-11,B,"Term 2 Fee","Quarterly Tuition",35000,0,35000,35000,0,2025-09-15,2025-09-12,Cheque,Paid,0,0,Unclassified,Low,0,"Rohan Verma","Finance & Accounts"
INV-V1A-124-Q3,V1A-2025-124,"Saanvi Bhat",CBSE-11,B,"Term 3 Fee","Quarterly Tuition",35000,0,35000,35000,0,2025-12-15,2025-12-10,"Net Banking",Paid,0,0,Unclassified,Low,0,"Rohan Verma","Finance & Accounts"
INV-V1A-124-Q4,V1A-2025-124,"Saanvi Bhat",CBSE-11,B,"Annual Lab & Activity Fee","Quarterly Tuition",8000,0,8000,8000,0,2026-02-15,2026-02-08,Cheque,Paid,0,0,Unclassified,Low,0,"Rohan Verma","Finance & Accounts"
INV-V1A-125-Q1,V1A-2025-125,"Meera Rao",CBSE-11,A,"Term 1 Fee","Quarterly Tuition",35000,0,35000,35000,0,2025-06-15,2025-06-10,"Net Banking",Paid,0,0,Unclassified,Low,0,"Rohan Verma","Finance & Accounts"
INV-V1A-125-Q2,V1A-2025-125,"Meera Rao",CBSE-11,A,"Term 2 Fee","Quarterly Tuition",35000,0,35000,35000,0,2025-09-15,2025-09-12,"Net Banking",Paid,0,0,Unclassified,Low,0,"Rohan Verma","Finance & Accounts"
INV-V1A-125-Q3,V1A-2025-125,"Meera Rao",CBSE-11,A,"Term 3 Fee","Quarterly Tuition",35000,0,35000,35000,0,2025-12-15,2025-12-10,Cheque,Paid,0,0,Unclassified,Low,0,"Rohan Verma","Finance & Accounts"
INV-V1A-125-Q4,V1A-2025-125,"Meera Rao",CBSE-11,A,"Annual Lab & Activity Fee","Quarterly Tuition",8000,0,8000,8000,0,2026-02-15,2026-02-08,Cheque,Paid,0,0,Unclassified,Low,0,"Rohan Verma","Finance & Accounts"
INV-V1A-126-Q1,V1A-2025-126,"Sai Mehta",CBSE-11,B,"Term 1 Fee","Quarterly Tuition",35000,0,35000,35000,0,2025-06-15,2025-06-10,UPI,Paid,0,0,Unclassified,Low,0,"Rohan Verma","Finance & Accounts"
INV-V1A-126-Q2,V1A-2025-126,"Sai Mehta",CBSE-11,B,"Term 2 Fee","Quarterly Tuition",35000,0,35000,35000,0,2025-09-15,2025-09-12,"Net Banking",Paid,0,0,Unclassified,Low,0,"Rohan Verma","Finance & Accounts"
INV-V1A-126-Q3,V1A-2025-126,"Sai Mehta",CBSE-11,B,"Term 3 Fee","Quarterly Tuition",35000,0,35000,35000,0,2025-12-15,2025-12-10,"Demand Draft",Paid,0,0,Unclassified,Low,0,"Rohan Verma","Finance & Accounts"
INV-V1A-126-Q4,V1A-2025-126,"Sai Mehta",CBSE-11,B,"Annual Lab & Activity Fee","Quarterly Tuition",8000,0,8000,8000,0,2026-02-15,2026-02-08,"Credit Card",Paid,0,0,Unclassified,Low,0,"Rohan Verma","Finance & Accounts"
INV-V1A-127-Q1,V1A-2025-127,"Advik Shah",CBSE-11,A,"Term 1 Fee","Quarterly Tuition",35000,0,35000,35000,0,2025-06-15,2025-06-10,"Credit Card",Paid,0,0,Unclassified,Low,0,"Rohan Verma","Finance & Accounts"
INV-V1A-127-Q2,V1A-2025-127,"Advik Shah",CBSE-11,A,"Term 2 Fee","Quarterly Tuition",35000,0,35000,35000,0,2025-09-15,2025-09-12,Cheque,Paid,0,0,Unclassified,Low,0,"Rohan Verma","Finance & Accounts"
INV-V1A-127-Q3,V1A-2025-127,"Advik Shah",CBSE-11,A,"Term 3 Fee","Quarterly Tuition",35000,0,35000,35000,0,2025-12-15,2025-12-10,Cheque,Paid,0,0,Unclassified,Low,0,"Rohan Verma","Finance & Accounts"
INV-V1A-127-Q4,V1A-2025-127,"Advik Shah",CBSE-11,A,"Annual Lab & Activity Fee","Quarterly Tuition",8000,0,8000,8000,0,2026-02-15,2026-02-08,"Credit Card",Paid,0,0,Unclassified,Low,0,"Rohan Verma","Finance & Accounts"
INV-V1A-128-Q1,V1A-2025-128,"Pari Mukherjee",CBSE-11,B,"Term 1 Fee","Quarterly Tuition",35000,0,35000,35000,0,2025-06-15,2025-06-10,UPI,Paid,0,0,Unclassified,Low,0,"Rohan Verma","Finance & Accounts"
INV-V1A-128-Q2,V1A-2025-128,"Pari Mukherjee",CBSE-11,B,"Term 2 Fee","Quarterly Tuition",35000,0,35000,35000,0,2025-09-15,2025-09-12,"Credit Card",Paid,0,0,Unclassified,Low,0,"Rohan Verma","Finance & Accounts"
INV-V1A-128-Q3,V1A-2025-128,"Pari Mukherjee",CBSE-11,B,"Term 3 Fee","Quarterly Tuition",35000,0,35000,0,35000,2025-12-15,,"Credit Card",Overdue,75,3,Unclassified,High,29750,"Rohan Verma","Finance & Accounts"
INV-V1A-128-Q4,V1A-2025-128,"Pari Mukherjee",CBSE-11,B,"Annual Lab & Activity Fee","Quarterly Tuition",8000,0,8000,8000,0,2026-02-15,2026-02-08,UPI,Paid,0,0,Unclassified,Low,0,"Rohan Verma","Finance & Accounts"
INV-V1A-129-Q1,V1A-2025-129,"Riya Banerjee",CBSE-11,A,"Term 1 Fee","Quarterly Tuition",35000,0,35000,35000,0,2025-06-15,2025-06-10,"Demand Draft",Paid,0,0,Unclassified,Low,0,"Rohan Verma","Finance & Accounts"
INV-V1A-129-Q2,V1A-2025-129,"Riya Banerjee",CBSE-11,A,"Term 2 Fee","Quarterly Tuition",35000,0,35000,35000,0,2025-09-15,2025-09-12,UPI,Paid,0,0,Unclassified,Low,0,"Rohan Verma","Finance & Accounts"
INV-V1A-129-Q3,V1A-2025-129,"Riya Banerjee",CBSE-11,A,"Term 3 Fee","Quarterly Tuition",35000,0,35000,35000,0,2025-12-15,2025-12-10,Cheque,Paid,0,0,Unclassified,Low,0,"Rohan Verma","Finance & Accounts"
INV-V1A-129-Q4,V1A-2025-129,"Riya Banerjee",CBSE-11,A,"Annual Lab & Activity Fee","Quarterly Tuition",8000,0,8000,8000,0,2026-02-15,2026-02-08,UPI,Paid,0,0,Unclassified,Low,0,"Rohan Verma","Finance & Accounts"
INV-V1A-130-Q1,V1A-2025-130,"Vihaan Chatterjee",CBSE-11,B,"Term 1 Fee","Quarterly Tuition",35000,0,35000,35000,0,2025-06-15,2025-06-10,"Credit Card",Paid,0,0,Unclassified,Low,0,"Rohan Verma","Finance & Accounts"
INV-V1A-130-Q2,V1A-2025-130,"Vihaan Chatterjee",CBSE-11,B,"Term 2 Fee","Quarterly Tuition",35000,0,35000,35000,0,2025-09-15,2025-09-12,Cheque,Paid,0,0,Unclassified,Low,0,"Rohan Verma","Finance & Accounts"
INV-V1A-130-Q3,V1A-2025-130,"Vihaan Chatterjee",CBSE-11,B,"Term 3 Fee","Quarterly Tuition",35000,0,35000,35000,0,2025-12-15,2025-12-10,"Credit Card",Paid,0,0,Unclassified,Low,0,"Rohan Verma","Finance & Accounts"
INV-V1A-130-Q4,V1A-2025-130,"Vihaan Chatterjee",CBSE-11,B,"Annual Lab & Activity Fee","Quarterly Tuition",8000,0,8000,8000,0,2026-02-15,2026-02-08,UPI,Paid,0,0,Unclassified,Low,0,"Rohan Verma","Finance & Accounts"
INV-V1A-131-Q1,V1A-2025-131,"Shaurya Sharma",CBSE-12,A,"Term 1 Fee","Quarterly Tuition",35000,0,35000,35000,0,2025-06-15,2025-06-10,"Credit Card",Paid,0,0,Unclassified,Low,0,"Rohan Verma","Finance & Accounts"
INV-V1A-131-Q2,V1A-2025-131,"Shaurya Sharma",CBSE-12,A,"Term 2 Fee","Quarterly Tuition",35000,0,35000,35000,0,2025-09-15,2025-09-12,"Credit Card",Paid,0,0,Unclassified,Low,0,"Rohan Verma","Finance & Accounts"
INV-V1A-131-Q3,V1A-2025-131,"Shaurya Sharma",CBSE-12,A,"Term 3 Fee","Quarterly Tuition",35000,0,35000,35000,0,2025-12-15,2025-12-10,"Net Banking",Paid,0,0,Unclassified,Low,0,"Rohan Verma","Finance & Accounts"
INV-V1A-131-Q4,V1A-2025-131,"Shaurya Sharma",CBSE-12,A,"Annual Lab & Activity Fee","Quarterly Tuition",8000,0,8000,8000,0,2026-02-15,2026-02-08,"Net Banking",Paid,0,0,Unclassified,Low,0,"Rohan Verma","Finance & Accounts"
INV-V1A-132-Q1,V1A-2025-132,"Gauri Verma",CBSE-12,B,"Term 1 Fee","Quarterly Tuition",35000,8750,26250,26250,0,2025-06-15,2025-06-10,UPI,Paid,0,0,"Merit Scholarship 25%",Low,0,"Rohan Verma","Finance & Accounts"
INV-V1A-132-Q2,V1A-2025-132,"Gauri Verma",CBSE-12,B,"Term 2 Fee","Quarterly Tuition",35000,8750,26250,26250,0,2025-09-15,2025-09-12,UPI,Paid,0,0,"Merit Scholarship 25%",Low,0,"Rohan Verma","Finance & Accounts"
INV-V1A-132-Q3,V1A-2025-132,"Gauri Verma",CBSE-12,B,"Term 3 Fee","Quarterly Tuition",35000,8750,26250,13125,13125,2025-12-15,2025-12-10,UPI,Partial,20,1,"Merit Scholarship 25%",Medium,13125,"Rohan Verma","Finance & Accounts"
INV-V1A-132-Q4,V1A-2025-132,"Gauri Verma",CBSE-12,B,"Annual Lab & Activity Fee","Quarterly Tuition",8000,2000,6000,3000,3000,2026-02-15,2026-02-08,UPI,Partial,20,1,"Merit Scholarship 25%",Medium,3000,"Rohan Verma","Finance & Accounts"
INV-V1A-133-Q1,V1A-2025-133,"Ira Patel",CBSE-12,A,"Term 1 Fee","Quarterly Tuition",35000,0,35000,35000,0,2025-06-15,2025-06-10,"Demand Draft",Paid,0,0,Unclassified,Low,0,"Rohan Verma","Finance & Accounts"
INV-V1A-133-Q2,V1A-2025-133,"Ira Patel",CBSE-12,A,"Term 2 Fee","Quarterly Tuition",35000,0,35000,35000,0,2025-09-15,2025-09-12,"Credit Card",Paid,0,0,Unclassified,Low,0,"Rohan Verma","Finance & Accounts"
INV-V1A-133-Q3,V1A-2025-133,"Ira Patel",CBSE-12,A,"Term 3 Fee","Quarterly Tuition",35000,0,35000,35000,0,2025-12-15,2025-12-10,"Demand Draft",Paid,0,0,Unclassified,Low,0,"Rohan Verma","Finance & Accounts"
INV-V1A-133-Q4,V1A-2025-133,"Ira Patel",CBSE-12,A,"Annual Lab & Activity Fee","Quarterly Tuition",8000,0,8000,8000,0,2026-02-15,2026-02-08,"Credit Card",Paid,0,0,Unclassified,Low,0,"Rohan Verma","Finance & Accounts"
INV-V1A-134-Q1,V1A-2025-134,"Vivaan Nair",CBSE-12,B,"Term 1 Fee","Quarterly Tuition",35000,0,35000,35000,0,2025-06-15,2025-06-10,"Credit Card",Paid,0,0,Unclassified,Low,0,"Rohan Verma","Finance & Accounts"
INV-V1A-134-Q2,V1A-2025-134,"Vivaan Nair",CBSE-12,B,"Term 2 Fee","Quarterly Tuition",35000,0,35000,35000,0,2025-09-15,2025-09-12,Cheque,Paid,0,0,Unclassified,Low,0,"Rohan Verma","Finance & Accounts"
INV-V1A-134-Q3,V1A-2025-134,"Vivaan Nair",CBSE-12,B,"Term 3 Fee","Quarterly Tuition",35000,0,35000,35000,0,2025-12-15,2025-12-10,"Credit Card",Paid,0,0,Unclassified,Low,0,"Rohan Verma","Finance & Accounts"
INV-V1A-134-Q4,V1A-2025-134,"Vivaan Nair",CBSE-12,B,"Annual Lab & Activity Fee","Quarterly Tuition",8000,0,8000,8000,0,2026-02-15,2026-02-08,"Demand Draft",Paid,0,0,Unclassified,Low,0,"Rohan Verma","Finance & Accounts"
INV-V1A-135-Q1,V1A-2025-135,"Krishna Iyer",CBSE-12,A,"Term 1 Fee","Quarterly Tuition",35000,3500,31500,31500,0,2025-06-15,2025-06-10,"Demand Draft",Paid,0,0,"Sibling Concession 10%",Low,0,"Rohan Verma","Finance & Accounts"
INV-V1A-135-Q2,V1A-2025-135,"Krishna Iyer",CBSE-12,A,"Term 2 Fee","Quarterly Tuition",35000,3500,31500,31500,0,2025-09-15,2025-09-12,Cheque,Paid,0,0,"Sibling Concession 10%",Low,0,"Rohan Verma","Finance & Accounts"
INV-V1A-135-Q3,V1A-2025-135,"Krishna Iyer",CBSE-12,A,"Term 3 Fee","Quarterly Tuition",35000,3500,31500,31500,0,2025-12-15,2025-12-10,Cheque,Paid,0,0,"Sibling Concession 10%",Low,0,"Rohan Verma","Finance & Accounts"
INV-V1A-135-Q4,V1A-2025-135,"Krishna Iyer",CBSE-12,A,"Annual Lab & Activity Fee","Quarterly Tuition",8000,800,7200,7200,0,2026-02-15,2026-02-08,"Net Banking",Paid,0,0,"Sibling Concession 10%",Low,0,"Rohan Verma","Finance & Accounts"
INV-V1A-136-Q1,V1A-2025-136,"Ananya Gupta",CBSE-12,B,"Term 1 Fee","Quarterly Tuition",35000,0,35000,35000,0,2025-06-15,2025-06-10,"Demand Draft",Paid,0,0,Unclassified,Low,0,"Rohan Verma","Finance & Accounts"
INV-V1A-136-Q2,V1A-2025-136,"Ananya Gupta",CBSE-12,B,"Term 2 Fee","Quarterly Tuition",35000,0,35000,35000,0,2025-09-15,2025-09-12,"Net Banking",Paid,0,0,Unclassified,Low,0,"Rohan Verma","Finance & Accounts"
INV-V1A-136-Q3,V1A-2025-136,"Ananya Gupta",CBSE-12,B,"Term 3 Fee","Quarterly Tuition",35000,0,35000,35000,0,2025-12-15,2025-12-10,"Net Banking",Paid,0,0,Unclassified,Low,0,"Rohan Verma","Finance & Accounts"
INV-V1A-136-Q4,V1A-2025-136,"Ananya Gupta",CBSE-12,B,"Annual Lab & Activity Fee","Quarterly Tuition",8000,0,8000,8000,0,2026-02-15,2026-02-08,Cheque,Paid,0,0,Unclassified,Low,0,"Rohan Verma","Finance & Accounts"
INV-V1A-137-Q1,V1A-2025-137,"Myra Singh",CBSE-12,A,"Term 1 Fee","Quarterly Tuition",35000,0,35000,35000,0,2025-06-15,2025-06-10,"Net Banking",Paid,0,0,Unclassified,Low,0,"Rohan Verma","Finance & Accounts"
INV-V1A-137-Q2,V1A-2025-137,"Myra Singh",CBSE-12,A,"Term 2 Fee","Quarterly Tuition",35000,0,35000,35000,0,2025-09-15,2025-09-12,UPI,Paid,0,0,Unclassified,Low,0,"Rohan Verma","Finance & Accounts"
INV-V1A-137-Q3,V1A-2025-137,"Myra Singh",CBSE-12,A,"Term 3 Fee","Quarterly Tuition",35000,0,35000,35000,0,2025-12-15,2025-12-10,Cheque,Paid,0,0,Unclassified,Low,0,"Rohan Verma","Finance & Accounts"
INV-V1A-137-Q4,V1A-2025-137,"Myra Singh",CBSE-12,A,"Annual Lab & Activity Fee","Quarterly Tuition",8000,0,8000,8000,0,2026-02-15,2026-02-08,UPI,Paid,0,0,Unclassified,Low,0,"Rohan Verma","Finance & Accounts"
INV-V1A-138-Q1,V1A-2025-138,"Roshni Deshmukh",CBSE-12,B,"Term 1 Fee","Quarterly Tuition",35000,0,35000,35000,0,2025-06-15,2025-06-10,"Net Banking",Paid,0,0,Unclassified,Low,0,"Rohan Verma","Finance & Accounts"
INV-V1A-138-Q2,V1A-2025-138,"Roshni Deshmukh",CBSE-12,B,"Term 2 Fee","Quarterly Tuition",35000,0,35000,35000,0,2025-09-15,2025-09-12,"Demand Draft",Paid,0,0,Unclassified,Low,0,"Rohan Verma","Finance & Accounts"
INV-V1A-138-Q3,V1A-2025-138,"Roshni Deshmukh",CBSE-12,B,"Term 3 Fee","Quarterly Tuition",35000,0,35000,35000,0,2025-12-15,2025-12-10,"Credit Card",Paid,0,0,Unclassified,Low,0,"Rohan Verma","Finance & Accounts"
INV-V1A-138-Q4,V1A-2025-138,"Roshni Deshmukh",CBSE-12,B,"Annual Lab & Activity Fee","Quarterly Tuition",8000,0,8000,8000,0,2026-02-15,2026-02-08,"Demand Draft",Paid,0,0,Unclassified,Low,0,"Rohan Verma","Finance & Accounts"
INV-V1A-139-Q1,V1A-2025-139,"Reyansh Joshi",CBSE-12,A,"Term 1 Fee","Quarterly Tuition",35000,0,35000,35000,0,2025-06-15,2025-06-10,"Net Banking",Paid,0,0,Unclassified,Low,0,"Rohan Verma","Finance & Accounts"
INV-V1A-139-Q2,V1A-2025-139,"Reyansh Joshi",CBSE-12,A,"Term 2 Fee","Quarterly Tuition",35000,0,35000,35000,0,2025-09-15,2025-09-12,Cheque,Paid,0,0,Unclassified,Low,0,"Rohan Verma","Finance & Accounts"
INV-V1A-139-Q3,V1A-2025-139,"Reyansh Joshi",CBSE-12,A,"Term 3 Fee","Quarterly Tuition",35000,0,35000,35000,0,2025-12-15,2025-12-10,UPI,Paid,0,0,Unclassified,Low,0,"Rohan Verma","Finance & Accounts"
INV-V1A-139-Q4,V1A-2025-139,"Reyansh Joshi",CBSE-12,A,"Annual Lab & Activity Fee","Quarterly Tuition",8000,0,8000,8000,0,2026-02-15,2026-02-08,"Credit Card",Paid,0,0,Unclassified,Low,0,"Rohan Verma","Finance & Accounts"
INV-V1A-140-Q1,V1A-2025-140,"Pranav Bhat",CBSE-12,B,"Term 1 Fee","Quarterly Tuition",35000,0,35000,35000,0,2025-06-15,2025-06-10,"Credit Card",Paid,0,0,Unclassified,Low,0,"Rohan Verma","Finance & Accounts"
INV-V1A-140-Q2,V1A-2025-140,"Pranav Bhat",CBSE-12,B,"Term 2 Fee","Quarterly Tuition",35000,0,35000,35000,0,2025-09-15,2025-09-12,"Net Banking",Paid,0,0,Unclassified,Low,0,"Rohan Verma","Finance & Accounts"
INV-V1A-140-Q3,V1A-2025-140,"Pranav Bhat",CBSE-12,B,"Term 3 Fee","Quarterly Tuition",35000,0,35000,35000,0,2025-12-15,2025-12-10,"Net Banking",Paid,0,0,Unclassified,Low,0,"Rohan Verma","Finance & Accounts"
INV-V1A-140-Q4,V1A-2025-140,"Pranav Bhat",CBSE-12,B,"Annual Lab & Activity Fee","Quarterly Tuition",8000,0,8000,8000,0,2026-02-15,2026-02-08,Cheque,Paid,0,0,Unclassified,Low,0,"Rohan Verma","Finance & Accounts"
