Subject,Assigned To,Status,Remarks,Start Date
Task 1,Priya,Open,Reviewed,2026-07-01
Task 2,Priya,Open,Reviewed,2026-07-01
Task 3,Priya,Open,Reviewed,2026-07-01
Task 4,Priya,Open,Reviewed,2026-07-01
Task 5,Priya,Open,Reviewed,2026-07-01
Task 6,Priya,Open,Reviewed,2026-07-01
Task 7,Priya,Open,Reviewed,2026-07-01
Task 8,Priya,Open,Reviewed,2026-07-01
Task 9,Priya,Open,Reviewed,2026-07-01
Task 10,Priya,Open,Reviewed,2026-07-01
Task 11,Priya,Open,Reviewed,2026-07-01
Task 12,Priya,Open,Reviewed,2026-07-01
Task 13,Priya,Open,Reviewed,2026-07-01
Task 14,Priya,Open,Reviewed,2026-07-01
Task 15,Priya,Open,Reviewed,2026-07-01
Task 16,Priya,Open,Reviewed,2026-07-01
Task 17,Priya,Open,Reviewed,2026-07-01
Task 18,Priya,Open,Reviewed,2026-07-01
Task 19,Priya,Open,Reviewed,2026-07-01
Task 20,Priya,Open,Reviewed,2026-07-01
Task 21,Priya,Open,Reviewed,2026-07-01
Task 22,Priya,Open,Reviewed,2026-07-01
Task 23,Priya,Open,Reviewed,2026-07-01
Task 24,Priya,Open,Reviewed,2026-07-01
Task 25,Priya,Open,Reviewed,2026-07-01
Task 26,Priya,Open,Reviewed,2026-07-01
Task 27,Priya,Open,Reviewed,2026-07-01
Task 28,Priya,Open,Reviewed,2026-07-01
Task 29,Priya,Open,Reviewed,2026-07-01
Task 30,Priya,Open,Reviewed,2026-07-01
Task 31,Priya,Open,Reviewed,2026-07-01
Task 32,Priya,Open,Reviewed,2026-07-01
Task 33,Priya,Open,Reviewed,2026-07-01
Task 34,Priya,Open,Reviewed,2026-07-01
Task 35,Priya,Open,Reviewed,2026-07-01
Task 36,Priya,Open,Reviewed,2026-07-01
Task 37,Priya,Open,Reviewed,2026-07-01
Task 38,Priya,Open,Reviewed,2026-07-01
Task 39,Priya,Open,Reviewed,2026-07-01
Task 40,Priya,Open,Reviewed,2026-07-01
Task 41,Priya,Open,Reviewed,2026-07-01
Task 42,Priya,Open,Reviewed,2026-07-01
Task 43,Priya,Open,Reviewed,2026-07-01
Task 44,Priya,Open,Reviewed,2026-07-01
Task 45,Priya,Open,Reviewed,2026-07-01
Task 46,Priya,Open,Reviewed,2026-07-01
Task 47,Priya,Open,Reviewed,2026-07-01
Task 48,Priya,Open,Reviewed,2026-07-01
Task 49,Priya,Open,Reviewed,2026-07-01
Task 50,Priya,Open,Reviewed,2026-07-01
Task 51,Priya,Open,Reviewed,2026-07-01
Task 52,Priya,Open,Reviewed,2026-07-01
Task 53,Priya,Open,Reviewed,2026-07-01
Task 54,Priya,Open,Reviewed,2026-07-01
Task 55,Priya,Open,Reviewed,2026-07-01
Task 56,Priya,Open,Reviewed,2026-07-01
Task 57,Priya,Open,Reviewed,2026-07-01
Task 58,Priya,Open,Reviewed,2026-07-01
Task 59,Priya,Open,Reviewed,2026-07-01
Task 60,Priya,Open,Reviewed,2026-07-01
Task 61,Priya,Open,Reviewed,2026-07-01
Task 62,Priya,Open,Reviewed,2026-07-01
Task 63,Priya,Open,Reviewed,2026-07-01
Task 64,Priya,Open,Reviewed,2026-07-01
Task 65,Priya,Open,Reviewed,2026-07-01
Task 66,Priya,Open,Reviewed,2026-07-01
Task 67,Priya,Open,Reviewed,2026-07-01
Task 68,Priya,Open,Reviewed,2026-07-01
Task 69,Priya,Open,Reviewed,2026-07-01
Task 70,Priya,Open,Reviewed,2026-07-01
Task 71,Priya,Open,Reviewed,2026-07-01
Task 72,Priya,Open,Reviewed,2026-07-01
Task 73,Priya,Open,Reviewed,2026-07-01
Task 74,Priya,Open,Reviewed,2026-07-01
Task 75,Priya,Open,Reviewed,2026-07-01
Task 76,Priya,Open,Reviewed,2026-07-01
Task 77,Priya,Open,Reviewed,2026-07-01
Task 78,Priya,Open,Reviewed,2026-07-01
Task 79,Priya,Open,Reviewed,2026-07-01
Task 80,Priya,Open,Reviewed,2026-07-01
Task 81,Priya,Open,Reviewed,2026-07-01
Task 82,Priya,Open,Reviewed,2026-07-01
Task 83,Priya,Open,Reviewed,2026-07-01
Task 84,Priya,Open,Reviewed,2026-07-01
Task 85,Priya,Open,Reviewed,2026-07-01
Task 86,Priya,Open,Reviewed,2026-07-01
Task 87,Priya,Open,Reviewed,2026-07-01
Task 88,Priya,Open,Reviewed,2026-07-01
Task 89,Priya,Open,Reviewed,2026-07-01
Task 90,Priya,Open,Reviewed,2026-07-01
Task 91,Priya,Open,Reviewed,2026-07-01
Task 92,Priya,Open,Reviewed,2026-07-01
Task 93,Priya,Open,Reviewed,2026-07-01
Task 94,Priya,Open,Reviewed,2026-07-01
Task 95,Priya,Open,Reviewed,2026-07-01
Task 96,Priya,Open,Reviewed,2026-07-01
Task 97,Priya,Open,Reviewed,2026-07-01
Task 98,Priya,Open,Reviewed,2026-07-01
Task 99,Priya,Open,Reviewed,2026-07-01
Task 100,Priya,Open,Reviewed,2026-07-01
Task 101,Priya,Open,Reviewed,2026-07-01
Task 102,Priya,Open,Reviewed,2026-07-01
Task 103,Priya,Open,Reviewed,2026-07-01
Task 104,Priya,Open,Reviewed,2026-07-01
Task 105,Priya,Open,Reviewed,2026-07-01
Task 106,Priya,Open,Reviewed,2026-07-01
Task 107,Priya,Open,Reviewed,2026-07-01
Task 108,Priya,Open,Reviewed,2026-07-01
Task 109,Priya,Open,Reviewed,2026-07-01
Task 110,Priya,Open,Reviewed,2026-07-01
Task 111,Priya,Open,Reviewed,2026-07-01
Task 112,Priya,Open,Reviewed,2026-07-01
Task 113,Priya,Open,Reviewed,2026-07-01
Task 114,Priya,Open,Reviewed,2026-07-01
Task 115,Priya,Open,Reviewed,2026-07-01
Task 116,Priya,Open,Reviewed,2026-07-01
Task 117,Priya,Open,Reviewed,2026-07-01
Task 118,Priya,Open,Reviewed,2026-07-01
Task 119,Priya,Open,Reviewed,2026-07-01
Task 120,Priya,Open,Reviewed,2026-07-01
Task 121,Priya,Open,Reviewed,2026-07-01
Task 122,Priya,Open,Reviewed,2026-07-01
Task 123,Priya,Open,Reviewed,2026-07-01
Task 124,Priya,Open,Reviewed,2026-07-01
Task 125,Priya,Open,Reviewed,2026-07-01
Task 126,Priya,Open,Reviewed,2026-07-01
Task 127,Priya,Open,Reviewed,2026-07-01
Task 128,Priya,Open,Reviewed,2026-07-01
Task 129,Priya,Open,Reviewed,2026-07-01
Task 130,Priya,Open,Reviewed,2026-07-01
Task 131,Priya,Open,Reviewed,2026-07-01
Task 132,Priya,Open,Reviewed,2026-07-01
Task 133,Priya,Open,Reviewed,2026-07-01
Task 134,Priya,Open,Reviewed,2026-07-01
Task 135,Priya,Open,Reviewed,2026-07-01
Task 136,Priya,Open,Reviewed,2026-07-01
Task 137,Priya,Open,Reviewed,2026-07-01
Task 138,Priya,Open,Reviewed,2026-07-01
Task 139,Priya,Open,Reviewed,2026-07-01
Task 140,Priya,Open,Reviewed,2026-07-01
Task 141,Priya,Open,Reviewed,2026-07-01
Task 142,Priya,Open,Reviewed,2026-07-01
Task 143,Priya,Open,Reviewed,2026-07-01
Task 144,Priya,Open,Reviewed,2026-07-01
Task 145,Priya,Open,Reviewed,2026-07-01
Task 146,Priya,Open,Reviewed,2026-07-01
Task 147,Priya,Open,Reviewed,2026-07-01
Task 148,Priya,Open,Reviewed,2026-07-01
Task 149,Priya,Open,Reviewed,2026-07-01
Task 150,Priya,Open,Reviewed,2026-07-01
Task 151,Priya,Open,Reviewed,2026-07-01
Task 152,Priya,Open,Reviewed,2026-07-01
Task 153,Priya,Open,Reviewed,2026-07-01
Task 154,Priya,Open,Reviewed,2026-07-01
Task 155,Priya,Open,Reviewed,2026-07-01
Task 156,Priya,Open,Reviewed,2026-07-01
Task 157,Priya,Open,Reviewed,2026-07-01
Task 158,Priya,Open,Reviewed,2026-07-01
Task 159,Priya,Open,Reviewed,2026-07-01
Task 160,Priya,Open,Reviewed,2026-07-01
Task 161,Priya,Open,Reviewed,2026-07-01
Task 162,Priya,Open,Reviewed,2026-07-01
Task 163,Priya,Open,Reviewed,2026-07-01
Task 164,Priya,Open,Reviewed,2026-07-01
Task 165,Priya,Open,Reviewed,2026-07-01
Task 166,Priya,Open,Reviewed,2026-07-01
Task 167,Priya,Open,Reviewed,2026-07-01
Task 168,Priya,Open,Reviewed,2026-07-01
Task 169,Priya,Open,Reviewed,2026-07-01
Task 170,Priya,Open,Reviewed,2026-07-01
Task 171,Priya,Open,Reviewed,2026-07-01
Task 172,Priya,Open,Reviewed,2026-07-01
Task 173,Priya,Open,Reviewed,2026-07-01
Task 174,Priya,Open,Reviewed,2026-07-01
Task 175,Priya,Open,Reviewed,2026-07-01
Task 176,Priya,Open,Reviewed,2026-07-01
Task 177,Priya,Open,Reviewed,2026-07-01
Task 178,Priya,Open,Reviewed,2026-07-01
Task 179,Priya,Open,Reviewed,2026-07-01
Task 180,Priya,Open,Reviewed,2026-07-01
Task 181,Priya,Open,Reviewed,2026-07-01
Task 182,Priya,Open,Reviewed,2026-07-01
Task 183,Priya,Open,Reviewed,2026-07-01
Task 184,Priya,Open,Reviewed,2026-07-01
Task 185,Priya,Open,Reviewed,2026-07-01
Task 186,Priya,Open,Reviewed,2026-07-01
Task 187,Priya,Open,Reviewed,2026-07-01
Task 188,Priya,Open,Reviewed,2026-07-01
Task 189,Priya,Open,Reviewed,2026-07-01
Task 190,Priya,Open,Reviewed,2026-07-01
Task 191,Priya,Open,Reviewed,2026-07-01
Task 192,Priya,Open,Reviewed,2026-07-01
Task 193,Priya,Open,Reviewed,2026-07-01
Task 194,Priya,Open,Reviewed,2026-07-01
Task 195,Priya,Open,Reviewed,2026-07-01
Task 196,Priya,Open,Reviewed,2026-07-01
Task 197,Priya,Open,Reviewed,2026-07-01
Task 198,Priya,Open,Reviewed,2026-07-01
Task 199,Priya,Open,Reviewed,2026-07-01
Task 200,Priya,Open,Reviewed,2026-07-01
Task 201,Priya,Open,Reviewed,2026-07-01
Task 202,Priya,Open,Reviewed,2026-07-01
Task 203,Priya,Open,Reviewed,2026-07-01
Task 204,Priya,Open,Reviewed,2026-07-01
Task 205,Priya,Open,Reviewed,2026-07-01
Task 206,Priya,Open,Reviewed,2026-07-01
Task 207,Priya,Open,Reviewed,2026-07-01
Task 208,Priya,Open,Reviewed,2026-07-01
Task 209,Priya,Open,Reviewed,2026-07-01
Task 210,Priya,Open,Reviewed,2026-07-01
Task 211,Priya,Open,Reviewed,2026-07-01
Task 212,Priya,Open,Reviewed,2026-07-01
Task 213,Priya,Open,Reviewed,2026-07-01
Task 214,Priya,Open,Reviewed,2026-07-01
Task 215,Priya,Open,Reviewed,2026-07-01
Task 216,Priya,Open,Reviewed,2026-07-01
Task 217,Priya,Open,Reviewed,2026-07-01
Task 218,Priya,Open,Reviewed,2026-07-01
Task 219,Priya,Open,Reviewed,2026-07-01
Task 220,Priya,Open,Reviewed,2026-07-01
Task 221,Priya,Open,Reviewed,2026-07-01
Task 222,Priya,Open,Reviewed,2026-07-01
Task 223,Priya,Open,Reviewed,2026-07-01
Task 224,Priya,Open,Reviewed,2026-07-01
Task 225,Priya,Open,Reviewed,2026-07-01
Task 226,Priya,Open,Reviewed,2026-07-01
Task 227,Priya,Open,Reviewed,2026-07-01
Task 228,Priya,Open,Reviewed,2026-07-01
Task 229,Priya,Open,Reviewed,2026-07-01
Task 230,Priya,Open,Reviewed,2026-07-01
Task 231,Priya,Open,Reviewed,2026-07-01
Task 232,Priya,Open,Reviewed,2026-07-01
Task 233,Priya,Open,Reviewed,2026-07-01
Task 234,Priya,Open,Reviewed,2026-07-01
Task 235,Priya,Open,Reviewed,2026-07-01
Task 236,Priya,Open,Reviewed,2026-07-01
Task 237,Priya,Open,Reviewed,2026-07-01
Task 238,Priya,Open,Reviewed,2026-07-01
Task 239,Priya,Open,Reviewed,2026-07-01
Task 240,Priya,Open,Reviewed,2026-07-01
Task 241,Priya,Open,Reviewed,2026-07-01
Task 242,Priya,Open,Reviewed,2026-07-01
Task 243,Priya,Open,Reviewed,2026-07-01
Task 244,Priya,Open,Reviewed,2026-07-01
Task 245,Priya,Open,Reviewed,2026-07-01
Task 246,Priya,Open,Reviewed,2026-07-01
Task 247,Priya,Open,Reviewed,2026-07-01
Task 248,Priya,Open,Reviewed,2026-07-01
Task 249,Priya,Open,Reviewed,2026-07-01
Task 250,Priya,Open,Reviewed,2026-07-01
Task 251,Priya,Open,Reviewed,2026-07-01
Task 252,Priya,Open,Reviewed,2026-07-01
Task 253,Priya,Open,Reviewed,2026-07-01
Task 254,Priya,Open,Reviewed,2026-07-01
Task 255,Priya,Open,Reviewed,2026-07-01
Task 256,Priya,Open,Reviewed,2026-07-01
Task 257,Priya,Open,Reviewed,2026-07-01
Task 258,Priya,Open,Reviewed,2026-07-01
Task 259,Priya,Open,Reviewed,2026-07-01
Task 260,Priya,Open,Reviewed,2026-07-01
Task 261,Priya,Open,Reviewed,2026-07-01
Task 262,Priya,Open,Reviewed,2026-07-01
Task 263,Priya,Open,Reviewed,2026-07-01
Task 264,Priya,Open,Reviewed,2026-07-01
Task 265,Priya,Open,Reviewed,2026-07-01
Task 266,Priya,Open,Reviewed,2026-07-01
Task 267,Priya,Open,Reviewed,2026-07-01
Task 268,Priya,Open,Reviewed,2026-07-01
Task 269,Priya,Open,Reviewed,2026-07-01
Task 270,Priya,Open,Reviewed,2026-07-01
Task 271,Priya,Open,Reviewed,2026-07-01
Task 272,Priya,Open,Reviewed,2026-07-01
Task 273,Priya,Open,Reviewed,2026-07-01
Task 274,Priya,Open,Reviewed,2026-07-01
Task 275,Priya,Open,Reviewed,2026-07-01
Task 276,Priya,Open,Reviewed,2026-07-01
Task 277,Priya,Open,Reviewed,2026-07-01
Task 278,Priya,Open,Reviewed,2026-07-01
Task 279,Priya,Open,Reviewed,2026-07-01
Task 280,Priya,Open,Reviewed,2026-07-01
Task 281,Priya,Open,Reviewed,2026-07-01
Task 282,Priya,Open,Reviewed,2026-07-01
Task 283,Priya,Open,Reviewed,2026-07-01
Task 284,Priya,Open,Reviewed,2026-07-01
Task 285,Priya,Open,Reviewed,2026-07-01
Task 286,Priya,Open,Reviewed,2026-07-01
Task 287,Priya,Open,Reviewed,2026-07-01
Task 288,Priya,Open,Reviewed,2026-07-01
Task 289,Priya,Open,Reviewed,2026-07-01
Task 290,Priya,Open,Reviewed,2026-07-01
Task 291,Priya,Open,Reviewed,2026-07-01
Task 292,Priya,Open,Reviewed,2026-07-01
Task 293,Priya,Open,Reviewed,2026-07-01
Task 294,Priya,Open,Reviewed,2026-07-01
Task 295,Priya,Open,Reviewed,2026-07-01
Task 296,Priya,Open,Reviewed,2026-07-01
Task 297,Priya,Open,Reviewed,2026-07-01
Task 298,Priya,Open,Reviewed,2026-07-01
Task 299,Priya,Open,Reviewed,2026-07-01
Task 300,Priya,Open,Reviewed,2026-07-01
Task 301,Priya,Open,Reviewed,2026-07-01
Task 302,Priya,Open,Reviewed,2026-07-01
Task 303,Priya,Open,Reviewed,2026-07-01
Task 304,Priya,Open,Reviewed,2026-07-01
Task 305,Priya,Open,Reviewed,2026-07-01
Task 306,Priya,Open,Reviewed,2026-07-01
Task 307,Priya,Open,Reviewed,2026-07-01
Task 308,Priya,Open,Reviewed,2026-07-01
Task 309,Priya,Open,Reviewed,2026-07-01
Task 310,Priya,Open,Reviewed,2026-07-01
Task 311,Priya,Open,Reviewed,2026-07-01
Task 312,Priya,Open,Reviewed,2026-07-01
Task 313,Priya,Open,Reviewed,2026-07-01
Task 314,Priya,Open,Reviewed,2026-07-01
Task 315,Priya,Open,Reviewed,2026-07-01
Task 316,Priya,Open,Reviewed,2026-07-01
Task 317,Priya,Open,Reviewed,2026-07-01
Task 318,Priya,Open,Reviewed,2026-07-01
Task 319,Priya,Open,Reviewed,2026-07-01
Task 320,Priya,Open,Reviewed,2026-07-01
Task 321,Priya,Open,Reviewed,2026-07-01
Task 322,Priya,Open,Reviewed,2026-07-01
Task 323,Priya,Open,Reviewed,2026-07-01
Task 324,Priya,Open,Reviewed,2026-07-01
Task 325,Priya,Open,Reviewed,2026-07-01
Task 326,Priya,Open,Reviewed,2026-07-01
Task 327,Priya,Open,Reviewed,2026-07-01
Task 328,Priya,Open,Reviewed,2026-07-01
Task 329,Priya,Open,Reviewed,2026-07-01
Task 330,Priya,Open,Reviewed,2026-07-01
Task 331,Priya,Open,Reviewed,2026-07-01
Task 332,Priya,Open,Reviewed,2026-07-01
Task 333,Priya,Open,Reviewed,2026-07-01
Task 334,Priya,Open,Reviewed,2026-07-01
Task 335,Priya,Open,Reviewed,2026-07-01
Task 336,Priya,Open,Reviewed,2026-07-01
Task 337,Priya,Open,Reviewed,2026-07-01
Task 338,Priya,Open,Reviewed,2026-07-01
Task 339,Priya,Open,Reviewed,2026-07-01
Task 340,Priya,Open,Reviewed,2026-07-01
Task 341,Priya,Open,Reviewed,2026-07-01
Task 342,Priya,Open,Reviewed,2026-07-01
Task 343,Priya,Open,Reviewed,2026-07-01
Task 344,Priya,Open,Reviewed,2026-07-01
Task 345,Priya,Open,Reviewed,2026-07-01
Task 346,Priya,Open,Reviewed,2026-07-01
Task 347,Priya,Open,Reviewed,2026-07-01
Task 348,Priya,Open,Reviewed,2026-07-01
Task 349,Priya,Open,Reviewed,2026-07-01
Task 350,Priya,Open,Reviewed,2026-07-01
Task 351,Priya,Open,Reviewed,2026-07-01
Task 352,Priya,Open,Reviewed,2026-07-01
Task 353,Priya,Open,Reviewed,2026-07-01
Task 354,Priya,Open,Reviewed,2026-07-01
Task 355,Priya,Open,Reviewed,2026-07-01
Task 356,Priya,Open,Reviewed,2026-07-01
Task 357,Priya,Open,Reviewed,2026-07-01
Task 358,Priya,Open,Reviewed,2026-07-01
Task 359,Priya,Open,Reviewed,2026-07-01
Task 360,Priya,Open,Reviewed,2026-07-01
Task 361,Priya,Open,Reviewed,2026-07-01
Task 362,Priya,Open,Reviewed,2026-07-01
Task 363,Priya,Open,Reviewed,2026-07-01
Task 364,Priya,Open,Reviewed,2026-07-01
Task 365,Priya,Open,Reviewed,2026-07-01
Task 366,Priya,Open,Reviewed,2026-07-01
Task 367,Priya,Open,Reviewed,2026-07-01
Task 368,Priya,Open,Reviewed,2026-07-01
Task 369,Priya,Open,Reviewed,2026-07-01
Task 370,Priya,Open,Reviewed,2026-07-01
Task 371,Priya,Open,Reviewed,2026-07-01
Task 372,Priya,Open,Reviewed,2026-07-01
Task 373,Priya,Open,Reviewed,2026-07-01
Task 374,Priya,Open,Reviewed,2026-07-01
Task 375,Priya,Open,Reviewed,2026-07-01
Task 376,Priya,Open,Reviewed,2026-07-01
Task 377,Priya,Open,Reviewed,2026-07-01
Task 378,Priya,Open,Reviewed,2026-07-01
Task 379,Priya,Open,Reviewed,2026-07-01
Task 380,Priya,Open,Reviewed,2026-07-01
Task 381,Priya,Open,Reviewed,2026-07-01
Task 382,Priya,Open,Reviewed,2026-07-01
Task 383,Priya,Open,Reviewed,2026-07-01
Task 384,Priya,Open,Reviewed,2026-07-01
Task 385,Priya,Open,Reviewed,2026-07-01
Task 386,Priya,Open,Reviewed,2026-07-01
Task 387,Priya,Open,Reviewed,2026-07-01
Task 388,Priya,Open,Reviewed,2026-07-01
Task 389,Priya,Open,Reviewed,2026-07-01
Task 390,Priya,Open,Reviewed,2026-07-01
Task 391,Priya,Open,Reviewed,2026-07-01
Task 392,Priya,Open,Reviewed,2026-07-01
Task 393,Priya,Open,Reviewed,2026-07-01
Task 394,Priya,Open,Reviewed,2026-07-01
Task 395,Priya,Open,Reviewed,2026-07-01
Task 396,Priya,Open,Reviewed,2026-07-01
Task 397,Priya,Open,Reviewed,2026-07-01
Task 398,Priya,Open,Reviewed,2026-07-01
Task 399,Priya,Open,Reviewed,2026-07-01
Task 400,Priya,Open,Reviewed,2026-07-01
Task 401,Priya,Open,Reviewed,2026-07-01
Task 402,Priya,Open,Reviewed,2026-07-01
Task 403,Priya,Open,Reviewed,2026-07-01
Task 404,Priya,Open,Reviewed,2026-07-01
Task 405,Priya,Open,Reviewed,2026-07-01
Task 406,Priya,Open,Reviewed,2026-07-01
Task 407,Priya,Open,Reviewed,2026-07-01
Task 408,Priya,Open,Reviewed,2026-07-01
Task 409,Priya,Open,Reviewed,2026-07-01
Task 410,Priya,Open,Reviewed,2026-07-01
Task 411,Priya,Open,Reviewed,2026-07-01
Task 412,Priya,Open,Reviewed,2026-07-01
Task 413,Priya,Open,Reviewed,2026-07-01
Task 414,Priya,Open,Reviewed,2026-07-01
Task 415,Priya,Open,Reviewed,2026-07-01
Task 416,Priya,Open,Reviewed,2026-07-01
Task 417,Priya,Open,Reviewed,2026-07-01
Task 418,Priya,Open,Reviewed,2026-07-01
Task 419,Priya,Open,Reviewed,2026-07-01
Task 420,Priya,Open,Reviewed,2026-07-01
Task 421,Priya,Open,Reviewed,2026-07-01
Task 422,Priya,Open,Reviewed,2026-07-01
Task 423,Priya,Open,Reviewed,2026-07-01
Task 424,Priya,Open,Reviewed,2026-07-01
Task 425,Priya,Open,Reviewed,2026-07-01
Task 426,Priya,Open,Reviewed,2026-07-01
Task 427,Priya,Open,Reviewed,2026-07-01
Task 428,Priya,Open,Reviewed,2026-07-01
Task 429,Priya,Open,Reviewed,2026-07-01
Task 430,Priya,Open,Reviewed,2026-07-01
Task 431,Priya,Open,Reviewed,2026-07-01
Task 432,Priya,Open,Reviewed,2026-07-01
Task 433,Priya,Open,Reviewed,2026-07-01
Task 434,Priya,Open,Reviewed,2026-07-01
Task 435,Priya,Open,Reviewed,2026-07-01
Task 436,Priya,Open,Reviewed,2026-07-01
Task 437,Priya,Open,Reviewed,2026-07-01
Task 438,Priya,Open,Reviewed,2026-07-01
Task 439,Priya,Open,Reviewed,2026-07-01
Task 440,Priya,Open,Reviewed,2026-07-01
Task 441,Priya,Open,Reviewed,2026-07-01
Task 442,Priya,Open,Reviewed,2026-07-01
Task 443,Priya,Open,Reviewed,2026-07-01
Task 444,Priya,Open,Reviewed,2026-07-01
Task 445,Priya,Open,Reviewed,2026-07-01
Task 446,Priya,Open,Reviewed,2026-07-01
Task 447,Priya,Open,Reviewed,2026-07-01
Task 448,Priya,Open,Reviewed,2026-07-01
Task 449,Priya,Open,Reviewed,2026-07-01
Task 450,Priya,Open,Reviewed,2026-07-01
Task 451,Priya,Open,Reviewed,2026-07-01
Task 452,Priya,Open,Reviewed,2026-07-01
Task 453,Priya,Open,Reviewed,2026-07-01
Task 454,Priya,Open,Reviewed,2026-07-01
Task 455,Priya,Open,Reviewed,2026-07-01
Task 456,Priya,Open,Reviewed,2026-07-01
Task 457,Priya,Open,Reviewed,2026-07-01
Task 458,Priya,Open,Reviewed,2026-07-01
Task 459,Priya,Open,Reviewed,2026-07-01
Task 460,Priya,Open,Reviewed,2026-07-01
Task 461,Priya,Open,Reviewed,2026-07-01
Task 462,Priya,Open,Reviewed,2026-07-01
Task 463,Priya,Open,Reviewed,2026-07-01
Task 464,Priya,Open,Reviewed,2026-07-01
Task 465,Priya,Open,Reviewed,2026-07-01
Task 466,Priya,Open,Reviewed,2026-07-01
Task 467,Priya,Open,Reviewed,2026-07-01
Task 468,Priya,Open,Reviewed,2026-07-01
Task 469,Priya,Open,Reviewed,2026-07-01
Task 470,Priya,Open,Reviewed,2026-07-01
Task 471,Priya,Open,Reviewed,2026-07-01
Task 472,Priya,Open,Reviewed,2026-07-01
Task 473,Priya,Open,Reviewed,2026-07-01
Task 474,Priya,Open,Reviewed,2026-07-01
Task 475,Priya,Open,Reviewed,2026-07-01
Task 476,Priya,Open,Reviewed,2026-07-01
Task 477,Priya,Open,Reviewed,2026-07-01
Task 478,Priya,Open,Reviewed,2026-07-01
Task 479,Priya,Open,Reviewed,2026-07-01
Task 480,Priya,Open,Reviewed,2026-07-01
Task 481,Priya,Open,Reviewed,2026-07-01
Task 482,Priya,Open,Reviewed,2026-07-01
Task 483,Priya,Open,Reviewed,2026-07-01
Task 484,Priya,Open,Reviewed,2026-07-01
Task 485,Priya,Open,Reviewed,2026-07-01
Task 486,Priya,Open,Reviewed,2026-07-01
Task 487,Priya,Open,Reviewed,2026-07-01
Task 488,Priya,Open,Reviewed,2026-07-01
Task 489,Priya,Open,Reviewed,2026-07-01
Task 490,Priya,Open,Reviewed,2026-07-01
Task 491,Priya,Open,Reviewed,2026-07-01
Task 492,Priya,Open,Reviewed,2026-07-01
Task 493,Priya,Open,Reviewed,2026-07-01
Task 494,Priya,Open,Reviewed,2026-07-01
Task 495,Priya,Open,Reviewed,2026-07-01
Task 496,Priya,Open,Reviewed,2026-07-01
Task 497,Priya,Open,Reviewed,2026-07-01
Task 498,Priya,Open,Reviewed,2026-07-01
Task 499,Priya,Open,Reviewed,2026-07-01
Task 500,Priya,Open,Reviewed,2026-07-01
Task 501,Priya,Open,Reviewed,2026-07-01
Task 502,Priya,Open,Reviewed,2026-07-01
Task 503,Priya,Open,Reviewed,2026-07-01
Task 504,Priya,Open,Reviewed,2026-07-01
Task 505,Priya,Open,Reviewed,2026-07-01
Task 506,Priya,Open,Reviewed,2026-07-01
Task 507,Priya,Open,Reviewed,2026-07-01
Task 508,Priya,Open,Reviewed,2026-07-01
Task 509,Priya,Open,Reviewed,2026-07-01
Task 510,Priya,Open,Reviewed,2026-07-01
Task 511,Priya,Open,Reviewed,2026-07-01
Task 512,Priya,Open,Reviewed,2026-07-01
Task 513,Priya,Open,Reviewed,2026-07-01
Task 514,Priya,Open,Reviewed,2026-07-01
Task 515,Priya,Open,Reviewed,2026-07-01
Task 516,Priya,Open,Reviewed,2026-07-01
Task 517,Priya,Open,Reviewed,2026-07-01
Task 518,Priya,Open,Reviewed,2026-07-01
Task 519,Priya,Open,Reviewed,2026-07-01
Task 520,Priya,Open,Reviewed,2026-07-01
Task 521,Priya,Open,Reviewed,2026-07-01
Task 522,Priya,Open,Reviewed,2026-07-01
Task 523,Priya,Open,Reviewed,2026-07-01
Task 524,Priya,Open,Reviewed,2026-07-01
Task 525,Priya,Open,Reviewed,2026-07-01
Task 526,Priya,Open,Reviewed,2026-07-01
Task 527,Priya,Open,Reviewed,2026-07-01
Task 528,Priya,Open,Reviewed,2026-07-01
Task 529,Priya,Open,Reviewed,2026-07-01
Task 530,Priya,Open,Reviewed,2026-07-01
Task 531,Priya,Open,Reviewed,2026-07-01
Task 532,Priya,Open,Reviewed,2026-07-01
Task 533,Priya,Open,Reviewed,2026-07-01
Task 534,Priya,Open,Reviewed,2026-07-01
Task 535,Priya,Open,Reviewed,2026-07-01
Task 536,Priya,Open,Reviewed,2026-07-01
Task 537,Priya,Open,Reviewed,2026-07-01
Task 538,Priya,Open,Reviewed,2026-07-01
Task 539,Priya,Open,Reviewed,2026-07-01
Task 540,Priya,Open,Reviewed,2026-07-01
Task 541,Priya,Open,Reviewed,2026-07-01
Task 542,Priya,Open,Reviewed,2026-07-01
Task 543,Priya,Open,Reviewed,2026-07-01
Task 544,Priya,Open,Reviewed,2026-07-01
Task 545,Priya,Open,Reviewed,2026-07-01
Task 546,Priya,Open,Reviewed,2026-07-01
Task 547,Priya,Open,Reviewed,2026-07-01
Task 548,Priya,Open,Reviewed,2026-07-01
Task 549,Priya,Open,Reviewed,2026-07-01
Task 550,Priya,Open,Reviewed,2026-07-01
Task 551,Priya,Open,Reviewed,2026-07-01
Task 552,Priya,Open,Reviewed,2026-07-01
Task 553,Priya,Open,Reviewed,2026-07-01
Task 554,Priya,Open,Reviewed,2026-07-01
Task 555,Priya,Open,Reviewed,2026-07-01
Task 556,Priya,Open,Reviewed,2026-07-01
Task 557,Priya,Open,Reviewed,2026-07-01
Task 558,Priya,Open,Reviewed,2026-07-01
Task 559,Priya,Open,Reviewed,2026-07-01
Task 560,Priya,Open,Reviewed,2026-07-01
Task 561,Priya,Open,Reviewed,2026-07-01
Task 562,Priya,Open,Reviewed,2026-07-01
Task 563,Priya,Open,Reviewed,2026-07-01
Task 564,Priya,Open,Reviewed,2026-07-01
Task 565,Priya,Open,Reviewed,2026-07-01
Task 566,Priya,Open,Reviewed,2026-07-01
Task 567,Priya,Open,Reviewed,2026-07-01
Task 568,Priya,Open,Reviewed,2026-07-01
Task 569,Priya,Open,Reviewed,2026-07-01
Task 570,Priya,Open,Reviewed,2026-07-01
Task 571,Priya,Open,Reviewed,2026-07-01
Task 572,Priya,Open,Reviewed,2026-07-01
Task 573,Priya,Open,Reviewed,2026-07-01
Task 574,Priya,Open,Reviewed,2026-07-01
Task 575,Priya,Open,Reviewed,2026-07-01
Task 576,Priya,Open,Reviewed,2026-07-01
Task 577,Priya,Open,Reviewed,2026-07-01
Task 578,Priya,Open,Reviewed,2026-07-01
Task 579,Priya,Open,Reviewed,2026-07-01
Task 580,Priya,Open,Reviewed,2026-07-01
Task 581,Priya,Open,Reviewed,2026-07-01
Task 582,Priya,Open,Reviewed,2026-07-01
Task 583,Priya,Open,Reviewed,2026-07-01
Task 584,Priya,Open,Reviewed,2026-07-01
Task 585,Priya,Open,Reviewed,2026-07-01
Task 586,Priya,Open,Reviewed,2026-07-01
Task 587,Priya,Open,Reviewed,2026-07-01
Task 588,Priya,Open,Reviewed,2026-07-01
Task 589,Priya,Open,Reviewed,2026-07-01
Task 590,Priya,Open,Reviewed,2026-07-01
Task 591,Priya,Open,Reviewed,2026-07-01
Task 592,Priya,Open,Reviewed,2026-07-01
Task 593,Priya,Open,Reviewed,2026-07-01
Task 594,Priya,Open,Reviewed,2026-07-01
Task 595,Priya,Open,Reviewed,2026-07-01
Task 596,Priya,Open,Reviewed,2026-07-01
Task 597,Priya,Open,Reviewed,2026-07-01
Task 598,Priya,Open,Reviewed,2026-07-01
Task 599,Priya,Open,Reviewed,2026-07-01
Task 600,Priya,Open,Reviewed,2026-07-01
Task 601,Priya,Open,Reviewed,2026-07-01
Task 602,Priya,Open,Reviewed,2026-07-01
Task 603,Priya,Open,Reviewed,2026-07-01
Task 604,Priya,Open,Reviewed,2026-07-01
Task 605,Priya,Open,Reviewed,2026-07-01
Task 606,Priya,Open,Reviewed,2026-07-01
Task 607,Priya,Open,Reviewed,2026-07-01
Task 608,Priya,Open,Reviewed,2026-07-01
Task 609,Priya,Open,Reviewed,2026-07-01
Task 610,Priya,Open,Reviewed,2026-07-01
Task 611,Priya,Open,Reviewed,2026-07-01
Task 612,Priya,Open,Reviewed,2026-07-01
Task 613,Priya,Open,Reviewed,2026-07-01
Task 614,Priya,Open,Reviewed,2026-07-01
Task 615,Priya,Open,Reviewed,2026-07-01
Task 616,Priya,Open,Reviewed,2026-07-01
Task 617,Priya,Open,Reviewed,2026-07-01
Task 618,Priya,Open,Reviewed,2026-07-01
Task 619,Priya,Open,Reviewed,2026-07-01
Task 620,Priya,Open,Reviewed,2026-07-01
Task 621,Priya,Open,Reviewed,2026-07-01
Task 622,Priya,Open,Reviewed,2026-07-01
Task 623,Priya,Open,Reviewed,2026-07-01
Task 624,Priya,Open,Reviewed,2026-07-01
Task 625,Priya,Open,Reviewed,2026-07-01
Task 626,Priya,Open,Reviewed,2026-07-01
Task 627,Priya,Open,Reviewed,2026-07-01
Task 628,Priya,Open,Reviewed,2026-07-01
Task 629,Priya,Open,Reviewed,2026-07-01
Task 630,Priya,Open,Reviewed,2026-07-01
Task 631,Priya,Open,Reviewed,2026-07-01
Task 632,Priya,Open,Reviewed,2026-07-01
Task 633,Priya,Open,Reviewed,2026-07-01
Task 634,Priya,Open,Reviewed,2026-07-01
Task 635,Priya,Open,Reviewed,2026-07-01
Task 636,Priya,Open,Reviewed,2026-07-01
Task 637,Priya,Open,Reviewed,2026-07-01
Task 638,Priya,Open,Reviewed,2026-07-01
Task 639,Priya,Open,Reviewed,2026-07-01
Task 640,Priya,Open,Reviewed,2026-07-01
Task 641,Priya,Open,Reviewed,2026-07-01
Task 642,Priya,Open,Reviewed,2026-07-01
Task 643,Priya,Open,Reviewed,2026-07-01
Task 644,Priya,Open,Reviewed,2026-07-01
Task 645,Priya,Open,Reviewed,2026-07-01
Task 646,Priya,Open,Reviewed,2026-07-01
Task 647,Priya,Open,Reviewed,2026-07-01
Task 648,Priya,Open,Reviewed,2026-07-01
Task 649,Priya,Open,Reviewed,2026-07-01
Task 650,Priya,Open,Reviewed,2026-07-01
Task 651,Priya,Open,Reviewed,2026-07-01
Task 652,Priya,Open,Reviewed,2026-07-01
Task 653,Priya,Open,Reviewed,2026-07-01
Task 654,Priya,Open,Reviewed,2026-07-01
Task 655,Priya,Open,Reviewed,2026-07-01
Task 656,Priya,Open,Reviewed,2026-07-01
Task 657,Priya,Open,Reviewed,2026-07-01
Task 658,Priya,Open,Reviewed,2026-07-01
Task 659,Priya,Open,Reviewed,2026-07-01
Task 660,Priya,Open,Reviewed,2026-07-01
Task 661,Priya,Open,Reviewed,2026-07-01
Task 662,Priya,Open,Reviewed,2026-07-01
Task 663,Priya,Open,Reviewed,2026-07-01
Task 664,Priya,Open,Reviewed,2026-07-01
Task 665,Priya,Open,Reviewed,2026-07-01
Task 666,Priya,Open,Reviewed,2026-07-01
Task 667,Priya,Open,Reviewed,2026-07-01
Task 668,Priya,Open,Reviewed,2026-07-01
Task 669,Priya,Open,Reviewed,2026-07-01
Task 670,Priya,Open,Reviewed,2026-07-01
Task 671,Priya,Open,Reviewed,2026-07-01
Task 672,Priya,Open,Reviewed,2026-07-01
Task 673,Priya,Open,Reviewed,2026-07-01
Task 674,Priya,Open,Reviewed,2026-07-01
Task 675,Priya,Open,Reviewed,2026-07-01
Task 676,Priya,Open,Reviewed,2026-07-01
Task 677,Priya,Open,Reviewed,2026-07-01
Task 678,Priya,Open,Reviewed,2026-07-01
Task 679,Priya,Open,Reviewed,2026-07-01
Task 680,Priya,Open,Reviewed,2026-07-01
Task 681,Priya,Open,Reviewed,2026-07-01
Task 682,Priya,Open,Reviewed,2026-07-01
Task 683,Priya,Open,Reviewed,2026-07-01
Task 684,Priya,Open,Reviewed,2026-07-01
Task 685,Priya,Open,Reviewed,2026-07-01
Task 686,Priya,Open,Reviewed,2026-07-01
Task 687,Priya,Open,Reviewed,2026-07-01
Task 688,Priya,Open,Reviewed,2026-07-01
Task 689,Priya,Open,Reviewed,2026-07-01
Task 690,Priya,Open,Reviewed,2026-07-01
Task 691,Priya,Open,Reviewed,2026-07-01
Task 692,Priya,Open,Reviewed,2026-07-01
Task 693,Priya,Open,Reviewed,2026-07-01
Task 694,Priya,Open,Reviewed,2026-07-01
Task 695,Priya,Open,Reviewed,2026-07-01
Task 696,Priya,Open,Reviewed,2026-07-01
Task 697,Priya,Open,Reviewed,2026-07-01
Task 698,Priya,Open,Reviewed,2026-07-01
Task 699,Priya,Open,Reviewed,2026-07-01
Task 700,Priya,Open,Reviewed,2026-07-01
Task 701,Priya,Open,Reviewed,2026-07-01
Task 702,Priya,Open,Reviewed,2026-07-01
Task 703,Priya,Open,Reviewed,2026-07-01
Task 704,Priya,Open,Reviewed,2026-07-01
Task 705,Priya,Open,Reviewed,2026-07-01
Task 706,Priya,Open,Reviewed,2026-07-01
Task 707,Priya,Open,Reviewed,2026-07-01
Task 708,Priya,Open,Reviewed,2026-07-01
Task 709,Priya,Open,Reviewed,2026-07-01
Task 710,Priya,Open,Reviewed,2026-07-01
Task 711,Priya,Open,Reviewed,2026-07-01
Task 712,Priya,Open,Reviewed,2026-07-01
Task 713,Priya,Open,Reviewed,2026-07-01
Task 714,Priya,Open,Reviewed,2026-07-01
Task 715,Priya,Open,Reviewed,2026-07-01
Task 716,Priya,Open,Reviewed,2026-07-01
Task 717,Priya,Open,Reviewed,2026-07-01
Task 718,Priya,Open,Reviewed,2026-07-01
Task 719,Priya,Open,Reviewed,2026-07-01
Task 720,Priya,Open,Reviewed,2026-07-01
Task 721,Priya,Open,Reviewed,2026-07-01
Task 722,Priya,Open,Reviewed,2026-07-01
Task 723,Priya,Open,Reviewed,2026-07-01
Task 724,Priya,Open,Reviewed,2026-07-01
Task 725,Priya,Open,Reviewed,2026-07-01
Task 726,Priya,Open,Reviewed,2026-07-01
Task 727,Priya,Open,Reviewed,2026-07-01
Task 728,Priya,Open,Reviewed,2026-07-01
Task 729,Priya,Open,Reviewed,2026-07-01
Task 730,Priya,Open,Reviewed,2026-07-01
Task 731,Priya,Open,Reviewed,2026-07-01
Task 732,Priya,Open,Reviewed,2026-07-01
Task 733,Priya,Open,Reviewed,2026-07-01
Task 734,Priya,Open,Reviewed,2026-07-01
Task 735,Priya,Open,Reviewed,2026-07-01
Task 736,Priya,Open,Reviewed,2026-07-01
Task 737,Priya,Open,Reviewed,2026-07-01
Task 738,Priya,Open,Reviewed,2026-07-01
Task 739,Priya,Open,Reviewed,2026-07-01
Task 740,Priya,Open,Reviewed,2026-07-01
Task 741,Priya,Open,Reviewed,2026-07-01
Task 742,Priya,Open,Reviewed,2026-07-01
Task 743,Priya,Open,Reviewed,2026-07-01
Task 744,Priya,Open,Reviewed,2026-07-01
Task 745,Priya,Open,Reviewed,2026-07-01
Task 746,Priya,Open,Reviewed,2026-07-01
Task 747,Priya,Open,Reviewed,2026-07-01
Task 748,Priya,Open,Reviewed,2026-07-01
Task 749,Priya,Open,Reviewed,2026-07-01
Task 750,Priya,Open,Reviewed,2026-07-01
Task 751,Priya,Open,Reviewed,2026-07-01
Task 752,Priya,Open,Reviewed,2026-07-01
Task 753,Priya,Open,Reviewed,2026-07-01
Task 754,Priya,Open,Reviewed,2026-07-01
Task 755,Priya,Open,Reviewed,2026-07-01
Task 756,Priya,Open,Reviewed,2026-07-01
Task 757,Priya,Open,Reviewed,2026-07-01
Task 758,Priya,Open,Reviewed,2026-07-01
Task 759,Priya,Open,Reviewed,2026-07-01
Task 760,Priya,Open,Reviewed,2026-07-01
Task 761,Priya,Open,Reviewed,2026-07-01
Task 762,Priya,Open,Reviewed,2026-07-01
Task 763,Priya,Open,Reviewed,2026-07-01
Task 764,Priya,Open,Reviewed,2026-07-01
Task 765,Priya,Open,Reviewed,2026-07-01
Task 766,Priya,Open,Reviewed,2026-07-01
Task 767,Priya,Open,Reviewed,2026-07-01
Task 768,Priya,Open,Reviewed,2026-07-01
Task 769,Priya,Open,Reviewed,2026-07-01
Task 770,Priya,Open,Reviewed,2026-07-01
Task 771,Priya,Open,Reviewed,2026-07-01
Task 772,Priya,Open,Reviewed,2026-07-01
Task 773,Priya,Open,Reviewed,2026-07-01
Task 774,Priya,Open,Reviewed,2026-07-01
Task 775,Priya,Open,Reviewed,2026-07-01
Task 776,Priya,Open,Reviewed,2026-07-01
Task 777,Priya,Open,Reviewed,2026-07-01
Task 778,Priya,Open,Reviewed,2026-07-01
Task 779,Priya,Open,Reviewed,2026-07-01
Task 780,Priya,Open,Reviewed,2026-07-01
Task 781,Priya,Open,Reviewed,2026-07-01
Task 782,Priya,Open,Reviewed,2026-07-01
Task 783,Priya,Open,Reviewed,2026-07-01
Task 784,Priya,Open,Reviewed,2026-07-01
Task 785,Priya,Open,Reviewed,2026-07-01
Task 786,Priya,Open,Reviewed,2026-07-01
Task 787,Priya,Open,Reviewed,2026-07-01
Task 788,Priya,Open,Reviewed,2026-07-01
Task 789,Priya,Open,Reviewed,2026-07-01
Task 790,Priya,Open,Reviewed,2026-07-01
Task 791,Priya,Open,Reviewed,2026-07-01
Task 792,Priya,Open,Reviewed,2026-07-01
Task 793,Priya,Open,Reviewed,2026-07-01
Task 794,Priya,Open,Reviewed,2026-07-01
Task 795,Priya,Open,Reviewed,2026-07-01
Task 796,Priya,Open,Reviewed,2026-07-01
Task 797,Priya,Open,Reviewed,2026-07-01
Task 798,Priya,Open,Reviewed,2026-07-01
Task 799,Priya,Open,Reviewed,2026-07-01
Task 800,Priya,Open,Reviewed,2026-07-01
Task 801,Priya,Open,Reviewed,2026-07-01
Task 802,Priya,Open,Reviewed,2026-07-01
Task 803,Priya,Open,Reviewed,2026-07-01
Task 804,Priya,Open,Reviewed,2026-07-01
Task 805,Priya,Open,Reviewed,2026-07-01
Task 806,Priya,Open,Reviewed,2026-07-01
Task 807,Priya,Open,Reviewed,2026-07-01
Task 808,Priya,Open,Reviewed,2026-07-01
Task 809,Priya,Open,Reviewed,2026-07-01
Task 810,Priya,Open,Reviewed,2026-07-01
Task 811,Priya,Open,Reviewed,2026-07-01
Task 812,Priya,Open,Reviewed,2026-07-01
Task 813,Priya,Open,Reviewed,2026-07-01
Task 814,Priya,Open,Reviewed,2026-07-01
Task 815,Priya,Open,Reviewed,2026-07-01
Task 816,Priya,Open,Reviewed,2026-07-01
Task 817,Priya,Open,Reviewed,2026-07-01
Task 818,Priya,Open,Reviewed,2026-07-01
Task 819,Priya,Open,Reviewed,2026-07-01
Task 820,Priya,Open,Reviewed,2026-07-01
Task 821,Priya,Open,Reviewed,2026-07-01
Task 822,Priya,Open,Reviewed,2026-07-01
Task 823,Priya,Open,Reviewed,2026-07-01
Task 824,Priya,Open,Reviewed,2026-07-01
Task 825,Priya,Open,Reviewed,2026-07-01
Task 826,Priya,Open,Reviewed,2026-07-01
Task 827,Priya,Open,Reviewed,2026-07-01
Task 828,Priya,Open,Reviewed,2026-07-01
Task 829,Priya,Open,Reviewed,2026-07-01
Task 830,Priya,Open,Reviewed,2026-07-01
Task 831,Priya,Open,Reviewed,2026-07-01
Task 832,Priya,Open,Reviewed,2026-07-01
Task 833,Priya,Open,Reviewed,2026-07-01
Task 834,Priya,Open,Reviewed,2026-07-01
Task 835,Priya,Open,Reviewed,2026-07-01
Task 836,Priya,Open,Reviewed,2026-07-01
Task 837,Priya,Open,Reviewed,2026-07-01
Task 838,Priya,Open,Reviewed,2026-07-01
Task 839,Priya,Open,Reviewed,2026-07-01
Task 840,Priya,Open,Reviewed,2026-07-01
Task 841,Priya,Open,Reviewed,2026-07-01
Task 842,Priya,Open,Reviewed,2026-07-01
Task 843,Priya,Open,Reviewed,2026-07-01
Task 844,Priya,Open,Reviewed,2026-07-01
Task 845,Priya,Open,Reviewed,2026-07-01
Task 846,Priya,Open,Reviewed,2026-07-01
Task 847,Priya,Open,Reviewed,2026-07-01
Task 848,Priya,Open,Reviewed,2026-07-01
Task 849,Priya,Open,Reviewed,2026-07-01
Task 850,Priya,Open,Reviewed,2026-07-01
Task 851,Priya,Open,Reviewed,2026-07-01
Task 852,Priya,Open,Reviewed,2026-07-01
Task 853,Priya,Open,Reviewed,2026-07-01
Task 854,Priya,Open,Reviewed,2026-07-01
Task 855,Priya,Open,Reviewed,2026-07-01
Task 856,Priya,Open,Reviewed,2026-07-01
Task 857,Priya,Open,Reviewed,2026-07-01
Task 858,Priya,Open,Reviewed,2026-07-01
Task 859,Priya,Open,Reviewed,2026-07-01
Task 860,Priya,Open,Reviewed,2026-07-01
Task 861,Priya,Open,Reviewed,2026-07-01
Task 862,Priya,Open,Reviewed,2026-07-01
Task 863,Priya,Open,Reviewed,2026-07-01
Task 864,Priya,Open,Reviewed,2026-07-01
Task 865,Priya,Open,Reviewed,2026-07-01
Task 866,Priya,Open,Reviewed,2026-07-01
Task 867,Priya,Open,Reviewed,2026-07-01
Task 868,Priya,Open,Reviewed,2026-07-01
Task 869,Priya,Open,Reviewed,2026-07-01
Task 870,Priya,Open,Reviewed,2026-07-01
Task 871,Priya,Open,Reviewed,2026-07-01
Task 872,Priya,Open,Reviewed,2026-07-01
Task 873,Priya,Open,Reviewed,2026-07-01
Task 874,Priya,Open,Reviewed,2026-07-01
Task 875,Priya,Open,Reviewed,2026-07-01
Task 876,Priya,Open,Reviewed,2026-07-01
Task 877,Priya,Open,Reviewed,2026-07-01
Task 878,Priya,Open,Reviewed,2026-07-01
Task 879,Priya,Open,Reviewed,2026-07-01
Task 880,Priya,Open,Reviewed,2026-07-01
Task 881,Priya,Open,Reviewed,2026-07-01
Task 882,Priya,Open,Reviewed,2026-07-01
Task 883,Priya,Open,Reviewed,2026-07-01
Task 884,Priya,Open,Reviewed,2026-07-01
Task 885,Priya,Open,Reviewed,2026-07-01
Task 886,Priya,Open,Reviewed,2026-07-01
Task 887,Priya,Open,Reviewed,2026-07-01
Task 888,Priya,Open,Reviewed,2026-07-01
Task 889,Priya,Open,Reviewed,2026-07-01
Task 890,Priya,Open,Reviewed,2026-07-01
Task 891,Priya,Open,Reviewed,2026-07-01
Task 892,Priya,Open,Reviewed,2026-07-01
Task 893,Priya,Open,Reviewed,2026-07-01
Task 894,Priya,Open,Reviewed,2026-07-01
Task 895,Priya,Open,Reviewed,2026-07-01
Task 896,Priya,Open,Reviewed,2026-07-01
Task 897,Priya,Open,Reviewed,2026-07-01
Task 898,Priya,Open,Reviewed,2026-07-01
Task 899,Priya,Open,Reviewed,2026-07-01
Task 900,Priya,Open,Reviewed,2026-07-01
Task 901,Priya,Open,Reviewed,2026-07-01
Task 902,Priya,Open,Reviewed,2026-07-01
Task 903,Priya,Open,Reviewed,2026-07-01
Task 904,Priya,Open,Reviewed,2026-07-01
Task 905,Priya,Open,Reviewed,2026-07-01
Task 906,Priya,Open,Reviewed,2026-07-01
Task 907,Priya,Open,Reviewed,2026-07-01
Task 908,Priya,Open,Reviewed,2026-07-01
Task 909,Priya,Open,Reviewed,2026-07-01
Task 910,Priya,Open,Reviewed,2026-07-01
Task 911,Priya,Open,Reviewed,2026-07-01
Task 912,Priya,Open,Reviewed,2026-07-01
Task 913,Priya,Open,Reviewed,2026-07-01
Task 914,Priya,Open,Reviewed,2026-07-01
Task 915,Priya,Open,Reviewed,2026-07-01
Task 916,Priya,Open,Reviewed,2026-07-01
Task 917,Priya,Open,Reviewed,2026-07-01
Task 918,Priya,Open,Reviewed,2026-07-01
Task 919,Priya,Open,Reviewed,2026-07-01
Task 920,Priya,Open,Reviewed,2026-07-01
Task 921,Priya,Open,Reviewed,2026-07-01
Task 922,Priya,Open,Reviewed,2026-07-01
Task 923,Priya,Open,Reviewed,2026-07-01
Task 924,Priya,Open,Reviewed,2026-07-01
Task 925,Priya,Open,Reviewed,2026-07-01
Task 926,Priya,Open,Reviewed,2026-07-01
Task 927,Priya,Open,Reviewed,2026-07-01
Task 928,Priya,Open,Reviewed,2026-07-01
Task 929,Priya,Open,Reviewed,2026-07-01
Task 930,Priya,Open,Reviewed,2026-07-01
Task 931,Priya,Open,Reviewed,2026-07-01
Task 932,Priya,Open,Reviewed,2026-07-01
Task 933,Priya,Open,Reviewed,2026-07-01
Task 934,Priya,Open,Reviewed,2026-07-01
Task 935,Priya,Open,Reviewed,2026-07-01
Task 936,Priya,Open,Reviewed,2026-07-01
Task 937,Priya,Open,Reviewed,2026-07-01
Task 938,Priya,Open,Reviewed,2026-07-01
Task 939,Priya,Open,Reviewed,2026-07-01
Task 940,Priya,Open,Reviewed,2026-07-01
Task 941,Priya,Open,Reviewed,2026-07-01
Task 942,Priya,Open,Reviewed,2026-07-01
Task 943,Priya,Open,Reviewed,2026-07-01
Task 944,Priya,Open,Reviewed,2026-07-01
Task 945,Priya,Open,Reviewed,2026-07-01
Task 946,Priya,Open,Reviewed,2026-07-01
Task 947,Priya,Open,Reviewed,2026-07-01
Task 948,Priya,Open,Reviewed,2026-07-01
Task 949,Priya,Open,Reviewed,2026-07-01
Task 950,Priya,Open,Reviewed,2026-07-01
Task 951,Priya,Open,Reviewed,2026-07-01
Task 952,Priya,Open,Reviewed,2026-07-01
Task 953,Priya,Open,Reviewed,2026-07-01
Task 954,Priya,Open,Reviewed,2026-07-01
Task 955,Priya,Open,Reviewed,2026-07-01
Task 956,Priya,Open,Reviewed,2026-07-01
Task 957,Priya,Open,Reviewed,2026-07-01
Task 958,Priya,Open,Reviewed,2026-07-01
Task 959,Priya,Open,Reviewed,2026-07-01
Task 960,Priya,Open,Reviewed,2026-07-01
Task 961,Priya,Open,Reviewed,2026-07-01
Task 962,Priya,Open,Reviewed,2026-07-01
Task 963,Priya,Open,Reviewed,2026-07-01
Task 964,Priya,Open,Reviewed,2026-07-01
Task 965,Priya,Open,Reviewed,2026-07-01
Task 966,Priya,Open,Reviewed,2026-07-01
Task 967,Priya,Open,Reviewed,2026-07-01
Task 968,Priya,Open,Reviewed,2026-07-01
Task 969,Priya,Open,Reviewed,2026-07-01
Task 970,Priya,Open,Reviewed,2026-07-01
Task 971,Priya,Open,Reviewed,2026-07-01
Task 972,Priya,Open,Reviewed,2026-07-01
Task 973,Priya,Open,Reviewed,2026-07-01
Task 974,Priya,Open,Reviewed,2026-07-01
Task 975,Priya,Open,Reviewed,2026-07-01
Task 976,Priya,Open,Reviewed,2026-07-01
Task 977,Priya,Open,Reviewed,2026-07-01
Task 978,Priya,Open,Reviewed,2026-07-01
Task 979,Priya,Open,Reviewed,2026-07-01
Task 980,Priya,Open,Reviewed,2026-07-01
Task 981,Priya,Open,Reviewed,2026-07-01
Task 982,Priya,Open,Reviewed,2026-07-01
Task 983,Priya,Open,Reviewed,2026-07-01
Task 984,Priya,Open,Reviewed,2026-07-01
Task 985,Priya,Open,Reviewed,2026-07-01
Task 986,Priya,Open,Reviewed,2026-07-01
Task 987,Priya,Open,Reviewed,2026-07-01
Task 988,Priya,Open,Reviewed,2026-07-01
Task 989,Priya,Open,Reviewed,2026-07-01
Task 990,Priya,Open,Reviewed,2026-07-01
Task 991,Priya,Open,Reviewed,2026-07-01
Task 992,Priya,Open,Reviewed,2026-07-01
Task 993,Priya,Open,Reviewed,2026-07-01
Task 994,Priya,Open,Reviewed,2026-07-01
Task 995,Priya,Open,Reviewed,2026-07-01
Task 996,Priya,Open,Reviewed,2026-07-01
Task 997,Priya,Open,Reviewed,2026-07-01
Task 998,Priya,Open,Reviewed,2026-07-01
Task 999,Priya,Open,Reviewed,2026-07-01
Task 1000,Priya,Open,Reviewed,2026-07-01
Task 1001,Priya,Open,Reviewed,2026-07-01
Task 1002,Priya,Open,Reviewed,2026-07-01
Task 1003,Priya,Open,Reviewed,2026-07-01
Task 1004,Priya,Open,Reviewed,2026-07-01
Task 1005,Priya,Open,Reviewed,2026-07-01
Task 1006,Priya,Open,Reviewed,2026-07-01
Task 1007,Priya,Open,Reviewed,2026-07-01
Task 1008,Priya,Open,Reviewed,2026-07-01
Task 1009,Priya,Open,Reviewed,2026-07-01
Task 1010,Priya,Open,Reviewed,2026-07-01
Task 1011,Priya,Open,Reviewed,2026-07-01
Task 1012,Priya,Open,Reviewed,2026-07-01
Task 1013,Priya,Open,Reviewed,2026-07-01
Task 1014,Priya,Open,Reviewed,2026-07-01
Task 1015,Priya,Open,Reviewed,2026-07-01
Task 1016,Priya,Open,Reviewed,2026-07-01
Task 1017,Priya,Open,Reviewed,2026-07-01
Task 1018,Priya,Open,Reviewed,2026-07-01
Task 1019,Priya,Open,Reviewed,2026-07-01
Task 1020,Priya,Open,Reviewed,2026-07-01
Task 1021,Priya,Open,Reviewed,2026-07-01
Task 1022,Priya,Open,Reviewed,2026-07-01
Task 1023,Priya,Open,Reviewed,2026-07-01
Task 1024,Priya,Open,Reviewed,2026-07-01
Task 1025,Priya,Open,Reviewed,2026-07-01
Task 1026,Priya,Open,Reviewed,2026-07-01
Task 1027,Priya,Open,Reviewed,2026-07-01
Task 1028,Priya,Open,Reviewed,2026-07-01
Task 1029,Priya,Open,Reviewed,2026-07-01
Task 1030,Priya,Open,Reviewed,2026-07-01
Task 1031,Priya,Open,Reviewed,2026-07-01
Task 1032,Priya,Open,Reviewed,2026-07-01
Task 1033,Priya,Open,Reviewed,2026-07-01
Task 1034,Priya,Open,Reviewed,2026-07-01
Task 1035,Priya,Open,Reviewed,2026-07-01
Task 1036,Priya,Open,Reviewed,2026-07-01
Task 1037,Priya,Open,Reviewed,2026-07-01
Task 1038,Priya,Open,Reviewed,2026-07-01
Task 1039,Priya,Open,Reviewed,2026-07-01
Task 1040,Priya,Open,Reviewed,2026-07-01
Task 1041,Priya,Open,Reviewed,2026-07-01
Task 1042,Priya,Open,Reviewed,2026-07-01
Task 1043,Priya,Open,Reviewed,2026-07-01
Task 1044,Priya,Open,Reviewed,2026-07-01
Task 1045,Priya,Open,Reviewed,2026-07-01
Task 1046,Priya,Open,Reviewed,2026-07-01
Task 1047,Priya,Open,Reviewed,2026-07-01
Task 1048,Priya,Open,Reviewed,2026-07-01
Task 1049,Priya,Open,Reviewed,2026-07-01
Task 1050,Priya,Open,Reviewed,2026-07-01
Task 1051,Priya,Open,Reviewed,2026-07-01
Task 1052,Priya,Open,Reviewed,2026-07-01
Task 1053,Priya,Open,Reviewed,2026-07-01
Task 1054,Priya,Open,Reviewed,2026-07-01
Task 1055,Priya,Open,Reviewed,2026-07-01
Task 1056,Priya,Open,Reviewed,2026-07-01
Task 1057,Priya,Open,Reviewed,2026-07-01
Task 1058,Priya,Open,Reviewed,2026-07-01
Task 1059,Priya,Open,Reviewed,2026-07-01
Task 1060,Priya,Open,Reviewed,2026-07-01
Task 1061,Priya,Open,Reviewed,2026-07-01
Task 1062,Priya,Open,Reviewed,2026-07-01
Task 1063,Priya,Open,Reviewed,2026-07-01
Task 1064,Priya,Open,Reviewed,2026-07-01
Task 1065,Priya,Open,Reviewed,2026-07-01
Task 1066,Priya,Open,Reviewed,2026-07-01
Task 1067,Priya,Open,Reviewed,2026-07-01
Task 1068,Priya,Open,Reviewed,2026-07-01
Task 1069,Priya,Open,Reviewed,2026-07-01
Task 1070,Priya,Open,Reviewed,2026-07-01
Task 1071,Priya,Open,Reviewed,2026-07-01
Task 1072,Priya,Open,Reviewed,2026-07-01
Task 1073,Priya,Open,Reviewed,2026-07-01
Task 1074,Priya,Open,Reviewed,2026-07-01
Task 1075,Priya,Open,Reviewed,2026-07-01
Task 1076,Priya,Open,Reviewed,2026-07-01
Task 1077,Priya,Open,Reviewed,2026-07-01
Task 1078,Priya,Open,Reviewed,2026-07-01
Task 1079,Priya,Open,Reviewed,2026-07-01
Task 1080,Priya,Open,Reviewed,2026-07-01
Task 1081,Priya,Open,Reviewed,2026-07-01
Task 1082,Priya,Open,Reviewed,2026-07-01
Task 1083,Priya,Open,Reviewed,2026-07-01
Task 1084,Priya,Open,Reviewed,2026-07-01
Task 1085,Priya,Open,Reviewed,2026-07-01
Task 1086,Priya,Open,Reviewed,2026-07-01
Task 1087,Priya,Open,Reviewed,2026-07-01
Task 1088,Priya,Open,Reviewed,2026-07-01
Task 1089,Priya,Open,Reviewed,2026-07-01
Task 1090,Priya,Open,Reviewed,2026-07-01
Task 1091,Priya,Open,Reviewed,2026-07-01
Task 1092,Priya,Open,Reviewed,2026-07-01
Task 1093,Priya,Open,Reviewed,2026-07-01
Task 1094,Priya,Open,Reviewed,2026-07-01
Task 1095,Priya,Open,Reviewed,2026-07-01
Task 1096,Priya,Open,Reviewed,2026-07-01
Task 1097,Priya,Open,Reviewed,2026-07-01
Task 1098,Priya,Open,Reviewed,2026-07-01
Task 1099,Priya,Open,Reviewed,2026-07-01
Task 1100,Priya,Open,Reviewed,2026-07-01
Task 1101,Priya,Open,Reviewed,2026-07-01
Task 1102,Priya,Open,Reviewed,2026-07-01
Task 1103,Priya,Open,Reviewed,2026-07-01
Task 1104,Priya,Open,Reviewed,2026-07-01
Task 1105,Priya,Open,Reviewed,2026-07-01
Task 1106,Priya,Open,Reviewed,2026-07-01
Task 1107,Priya,Open,Reviewed,2026-07-01
Task 1108,Priya,Open,Reviewed,2026-07-01
Task 1109,Priya,Open,Reviewed,2026-07-01
Task 1110,Priya,Open,Reviewed,2026-07-01
Task 1111,Priya,Open,Reviewed,2026-07-01
Task 1112,Priya,Open,Reviewed,2026-07-01
Task 1113,Priya,Open,Reviewed,2026-07-01
Task 1114,Priya,Open,Reviewed,2026-07-01
Task 1115,Priya,Open,Reviewed,2026-07-01
Task 1116,Priya,Open,Reviewed,2026-07-01
Task 1117,Priya,Open,Reviewed,2026-07-01
Task 1118,Priya,Open,Reviewed,2026-07-01
Task 1119,Priya,Open,Reviewed,2026-07-01
Task 1120,Priya,Open,Reviewed,2026-07-01
Task 1121,Priya,Open,Reviewed,2026-07-01
Task 1122,Priya,Open,Reviewed,2026-07-01
Task 1123,Priya,Open,Reviewed,2026-07-01
Task 1124,Priya,Open,Reviewed,2026-07-01
Task 1125,Priya,Open,Reviewed,2026-07-01
Task 1126,Priya,Open,Reviewed,2026-07-01
Task 1127,Priya,Open,Reviewed,2026-07-01
Task 1128,Priya,Open,Reviewed,2026-07-01
Task 1129,Priya,Open,Reviewed,2026-07-01
Task 1130,Priya,Open,Reviewed,2026-07-01
Task 1131,Priya,Open,Reviewed,2026-07-01
Task 1132,Priya,Open,Reviewed,2026-07-01
Task 1133,Priya,Open,Reviewed,2026-07-01
Task 1134,Priya,Open,Reviewed,2026-07-01
Task 1135,Priya,Open,Reviewed,2026-07-01
Task 1136,Priya,Open,Reviewed,2026-07-01
Task 1137,Priya,Open,Reviewed,2026-07-01
Task 1138,Priya,Open,Reviewed,2026-07-01
Task 1139,Priya,Open,Reviewed,2026-07-01
Task 1140,Priya,Open,Reviewed,2026-07-01
Task 1141,Priya,Open,Reviewed,2026-07-01
Task 1142,Priya,Open,Reviewed,2026-07-01
Task 1143,Priya,Open,Reviewed,2026-07-01
Task 1144,Priya,Open,Reviewed,2026-07-01
Task 1145,Priya,Open,Reviewed,2026-07-01
Task 1146,Priya,Open,Reviewed,2026-07-01
Task 1147,Priya,Open,Reviewed,2026-07-01
Task 1148,Priya,Open,Reviewed,2026-07-01
Task 1149,Priya,Open,Reviewed,2026-07-01
Task 1150,Priya,Open,Reviewed,2026-07-01
Task 1151,Priya,Open,Reviewed,2026-07-01
Task 1152,Priya,Open,Reviewed,2026-07-01
Task 1153,Priya,Open,Reviewed,2026-07-01
Task 1154,Priya,Open,Reviewed,2026-07-01
Task 1155,Priya,Open,Reviewed,2026-07-01
Task 1156,Priya,Open,Reviewed,2026-07-01
Task 1157,Priya,Open,Reviewed,2026-07-01
Task 1158,Priya,Open,Reviewed,2026-07-01
Task 1159,Priya,Open,Reviewed,2026-07-01
Task 1160,Priya,Open,Reviewed,2026-07-01
Task 1161,Priya,Open,Reviewed,2026-07-01
Task 1162,Priya,Open,Reviewed,2026-07-01
Task 1163,Priya,Open,Reviewed,2026-07-01
Task 1164,Priya,Open,Reviewed,2026-07-01
Task 1165,Priya,Open,Reviewed,2026-07-01
Task 1166,Priya,Open,Reviewed,2026-07-01
Task 1167,Priya,Open,Reviewed,2026-07-01
Task 1168,Priya,Open,Reviewed,2026-07-01
Task 1169,Priya,Open,Reviewed,2026-07-01
Task 1170,Priya,Open,Reviewed,2026-07-01
Task 1171,Priya,Open,Reviewed,2026-07-01
Task 1172,Priya,Open,Reviewed,2026-07-01
Task 1173,Priya,Open,Reviewed,2026-07-01
Task 1174,Priya,Open,Reviewed,2026-07-01
Task 1175,Priya,Open,Reviewed,2026-07-01
Task 1176,Priya,Open,Reviewed,2026-07-01
Task 1177,Priya,Open,Reviewed,2026-07-01
Task 1178,Priya,Open,Reviewed,2026-07-01
Task 1179,Priya,Open,Reviewed,2026-07-01
Task 1180,Priya,Open,Reviewed,2026-07-01
Task 1181,Priya,Open,Reviewed,2026-07-01
Task 1182,Priya,Open,Reviewed,2026-07-01
Task 1183,Priya,Open,Reviewed,2026-07-01
Task 1184,Priya,Open,Reviewed,2026-07-01
Task 1185,Priya,Open,Reviewed,2026-07-01
Task 1186,Priya,Open,Reviewed,2026-07-01
Task 1187,Priya,Open,Reviewed,2026-07-01
Task 1188,Priya,Open,Reviewed,2026-07-01
Task 1189,Priya,Open,Reviewed,2026-07-01
Task 1190,Priya,Open,Reviewed,2026-07-01
Task 1191,Priya,Open,Reviewed,2026-07-01
Task 1192,Priya,Open,Reviewed,2026-07-01
Task 1193,Priya,Open,Reviewed,2026-07-01
Task 1194,Priya,Open,Reviewed,2026-07-01
Task 1195,Priya,Open,Reviewed,2026-07-01
Task 1196,Priya,Open,Reviewed,2026-07-01
Task 1197,Priya,Open,Reviewed,2026-07-01
Task 1198,Priya,Open,Reviewed,2026-07-01
Task 1199,Priya,Open,Reviewed,2026-07-01
Task 1200,Priya,Open,Reviewed,2026-07-01
Task 1201,Priya,Open,Reviewed,2026-07-01
Task 1202,Priya,Open,Reviewed,2026-07-01
Task 1203,Priya,Open,Reviewed,2026-07-01
Task 1204,Priya,Open,Reviewed,2026-07-01
Task 1205,Priya,Open,Reviewed,2026-07-01
Task 1206,Priya,Open,Reviewed,2026-07-01
Task 1207,Priya,Open,Reviewed,2026-07-01
Task 1208,Priya,Open,Reviewed,2026-07-01
Task 1209,Priya,Open,Reviewed,2026-07-01
Task 1210,Priya,Open,Reviewed,2026-07-01
Task 1211,Priya,Open,Reviewed,2026-07-01
Task 1212,Priya,Open,Reviewed,2026-07-01
Task 1213,Priya,Open,Reviewed,2026-07-01
Task 1214,Priya,Open,Reviewed,2026-07-01
Task 1215,Priya,Open,Reviewed,2026-07-01
Task 1216,Priya,Open,Reviewed,2026-07-01
Task 1217,Priya,Open,Reviewed,2026-07-01
Task 1218,Priya,Open,Reviewed,2026-07-01
Task 1219,Priya,Open,Reviewed,2026-07-01
Task 1220,Priya,Open,Reviewed,2026-07-01
Task 1221,Priya,Open,Reviewed,2026-07-01
Task 1222,Priya,Open,Reviewed,2026-07-01
Task 1223,Priya,Open,Reviewed,2026-07-01
Task 1224,Priya,Open,Reviewed,2026-07-01
Task 1225,Priya,Open,Reviewed,2026-07-01
Task 1226,Priya,Open,Reviewed,2026-07-01
Task 1227,Priya,Open,Reviewed,2026-07-01
Task 1228,Priya,Open,Reviewed,2026-07-01
Task 1229,Priya,Open,Reviewed,2026-07-01
Task 1230,Priya,Open,Reviewed,2026-07-01
Task 1231,Priya,Open,Reviewed,2026-07-01
Task 1232,Priya,Open,Reviewed,2026-07-01
Task 1233,Priya,Open,Reviewed,2026-07-01
Task 1234,Priya,Open,Reviewed,2026-07-01
Task 1235,Priya,Open,Reviewed,2026-07-01
Task 1236,Priya,Open,Reviewed,2026-07-01
Task 1237,Priya,Open,Reviewed,2026-07-01
Task 1238,Priya,Open,Reviewed,2026-07-01
Task 1239,Priya,Open,Reviewed,2026-07-01
Task 1240,Priya,Open,Reviewed,2026-07-01
Task 1241,Priya,Open,Reviewed,2026-07-01
Task 1242,Priya,Open,Reviewed,2026-07-01
Task 1243,Priya,Open,Reviewed,2026-07-01
Task 1244,Priya,Open,Reviewed,2026-07-01
Task 1245,Priya,Open,Reviewed,2026-07-01
Task 1246,Priya,Open,Reviewed,2026-07-01
Task 1247,Priya,Open,Reviewed,2026-07-01
Task 1248,Priya,Open,Reviewed,2026-07-01
Task 1249,Priya,Open,Reviewed,2026-07-01
Task 1250,Priya,Open,Reviewed,2026-07-01
Task 1251,Priya,Open,Reviewed,2026-07-01
Task 1252,Priya,Open,Reviewed,2026-07-01
Task 1253,Priya,Open,Reviewed,2026-07-01
Task 1254,Priya,Open,Reviewed,2026-07-01
Task 1255,Priya,Open,Reviewed,2026-07-01
Task 1256,Priya,Open,Reviewed,2026-07-01
Task 1257,Priya,Open,Reviewed,2026-07-01
Task 1258,Priya,Open,Reviewed,2026-07-01
Task 1259,Priya,Open,Reviewed,2026-07-01
Task 1260,Priya,Open,Reviewed,2026-07-01
Task 1261,Priya,Open,Reviewed,2026-07-01
Task 1262,Priya,Open,Reviewed,2026-07-01
Task 1263,Priya,Open,Reviewed,2026-07-01
Task 1264,Priya,Open,Reviewed,2026-07-01
Task 1265,Priya,Open,Reviewed,2026-07-01
Task 1266,Priya,Open,Reviewed,2026-07-01
Task 1267,Priya,Open,Reviewed,2026-07-01
Task 1268,Priya,Open,Reviewed,2026-07-01
Task 1269,Priya,Open,Reviewed,2026-07-01
Task 1270,Priya,Open,Reviewed,2026-07-01
Task 1271,Priya,Open,Reviewed,2026-07-01
Task 1272,Priya,Open,Reviewed,2026-07-01
Task 1273,Priya,Open,Reviewed,2026-07-01
Task 1274,Priya,Open,Reviewed,2026-07-01
Task 1275,Priya,Open,Reviewed,2026-07-01
Task 1276,Priya,Open,Reviewed,2026-07-01
Task 1277,Priya,Open,Reviewed,2026-07-01
Task 1278,Priya,Open,Reviewed,2026-07-01
Task 1279,Priya,Open,Reviewed,2026-07-01
Task 1280,Priya,Open,Reviewed,2026-07-01
Task 1281,Priya,Open,Reviewed,2026-07-01
Task 1282,Priya,Open,Reviewed,2026-07-01
Task 1283,Priya,Open,Reviewed,2026-07-01
Task 1284,Priya,Open,Reviewed,2026-07-01
Task 1285,Priya,Open,Reviewed,2026-07-01
Task 1286,Priya,Open,Reviewed,2026-07-01
Task 1287,Priya,Open,Reviewed,2026-07-01
Task 1288,Priya,Open,Reviewed,2026-07-01
Task 1289,Priya,Open,Reviewed,2026-07-01
Task 1290,Priya,Open,Reviewed,2026-07-01
Task 1291,Priya,Open,Reviewed,2026-07-01
Task 1292,Priya,Open,Reviewed,2026-07-01
Task 1293,Priya,Open,Reviewed,2026-07-01
Task 1294,Priya,Open,Reviewed,2026-07-01
Task 1295,Priya,Open,Reviewed,2026-07-01
Task 1296,Priya,Open,Reviewed,2026-07-01
Task 1297,Priya,Open,Reviewed,2026-07-01
Task 1298,Priya,Open,Reviewed,2026-07-01
Task 1299,Priya,Open,Reviewed,2026-07-01
Task 1300,Priya,Open,Reviewed,2026-07-01
Task 1301,Priya,Open,Reviewed,2026-07-01
Task 1302,Priya,Open,Reviewed,2026-07-01
Task 1303,Priya,Open,Reviewed,2026-07-01
Task 1304,Priya,Open,Reviewed,2026-07-01
Task 1305,Priya,Open,Reviewed,2026-07-01
Task 1306,Priya,Open,Reviewed,2026-07-01
Task 1307,Priya,Open,Reviewed,2026-07-01
Task 1308,Priya,Open,Reviewed,2026-07-01
Task 1309,Priya,Open,Reviewed,2026-07-01
Task 1310,Priya,Open,Reviewed,2026-07-01
Task 1311,Priya,Open,Reviewed,2026-07-01
Task 1312,Priya,Open,Reviewed,2026-07-01
Task 1313,Priya,Open,Reviewed,2026-07-01
Task 1314,Priya,Open,Reviewed,2026-07-01
Task 1315,Priya,Open,Reviewed,2026-07-01
Task 1316,Priya,Open,Reviewed,2026-07-01
Task 1317,Priya,Open,Reviewed,2026-07-01
Task 1318,Priya,Open,Reviewed,2026-07-01
Task 1319,Priya,Open,Reviewed,2026-07-01
Task 1320,Priya,Open,Reviewed,2026-07-01
Task 1321,Priya,Open,Reviewed,2026-07-01
Task 1322,Priya,Open,Reviewed,2026-07-01
Task 1323,Priya,Open,Reviewed,2026-07-01
Task 1324,Priya,Open,Reviewed,2026-07-01
Task 1325,Priya,Open,Reviewed,2026-07-01
Task 1326,Priya,Open,Reviewed,2026-07-01
Task 1327,Priya,Open,Reviewed,2026-07-01
Task 1328,Priya,Open,Reviewed,2026-07-01
Task 1329,Priya,Open,Reviewed,2026-07-01
Task 1330,Priya,Open,Reviewed,2026-07-01
Task 1331,Priya,Open,Reviewed,2026-07-01
Task 1332,Priya,Open,Reviewed,2026-07-01
Task 1333,Priya,Open,Reviewed,2026-07-01
Task 1334,Priya,Open,Reviewed,2026-07-01
Task 1335,Priya,Open,Reviewed,2026-07-01
Task 1336,Priya,Open,Reviewed,2026-07-01
Task 1337,Priya,Open,Reviewed,2026-07-01
Task 1338,Priya,Open,Reviewed,2026-07-01
Task 1339,Priya,Open,Reviewed,2026-07-01
Task 1340,Priya,Open,Reviewed,2026-07-01
Task 1341,Priya,Open,Reviewed,2026-07-01
Task 1342,Priya,Open,Reviewed,2026-07-01
Task 1343,Priya,Open,Reviewed,2026-07-01
Task 1344,Priya,Open,Reviewed,2026-07-01
Task 1345,Priya,Open,Reviewed,2026-07-01
Task 1346,Priya,Open,Reviewed,2026-07-01
Task 1347,Priya,Open,Reviewed,2026-07-01
Task 1348,Priya,Open,Reviewed,2026-07-01
Task 1349,Priya,Open,Reviewed,2026-07-01
Task 1350,Priya,Open,Reviewed,2026-07-01
Task 1351,Priya,Open,Reviewed,2026-07-01
Task 1352,Priya,Open,Reviewed,2026-07-01
Task 1353,Priya,Open,Reviewed,2026-07-01
Task 1354,Priya,Open,Reviewed,2026-07-01
Task 1355,Priya,Open,Reviewed,2026-07-01
Task 1356,Priya,Open,Reviewed,2026-07-01
Task 1357,Priya,Open,Reviewed,2026-07-01
Task 1358,Priya,Open,Reviewed,2026-07-01
Task 1359,Priya,Open,Reviewed,2026-07-01
Task 1360,Priya,Open,Reviewed,2026-07-01
Task 1361,Priya,Open,Reviewed,2026-07-01
Task 1362,Priya,Open,Reviewed,2026-07-01
Task 1363,Priya,Open,Reviewed,2026-07-01
Task 1364,Priya,Open,Reviewed,2026-07-01
Task 1365,Priya,Open,Reviewed,2026-07-01
Task 1366,Priya,Open,Reviewed,2026-07-01
Task 1367,Priya,Open,Reviewed,2026-07-01
Task 1368,Priya,Open,Reviewed,2026-07-01
Task 1369,Priya,Open,Reviewed,2026-07-01
Task 1370,Priya,Open,Reviewed,2026-07-01
Task 1371,Priya,Open,Reviewed,2026-07-01
Task 1372,Priya,Open,Reviewed,2026-07-01
Task 1373,Priya,Open,Reviewed,2026-07-01
Task 1374,Priya,Open,Reviewed,2026-07-01
Task 1375,Priya,Open,Reviewed,2026-07-01
Task 1376,Priya,Open,Reviewed,2026-07-01
Task 1377,Priya,Open,Reviewed,2026-07-01
Task 1378,Priya,Open,Reviewed,2026-07-01
Task 1379,Priya,Open,Reviewed,2026-07-01
Task 1380,Priya,Open,Reviewed,2026-07-01
Task 1381,Priya,Open,Reviewed,2026-07-01
Task 1382,Priya,Open,Reviewed,2026-07-01
Task 1383,Priya,Open,Reviewed,2026-07-01
Task 1384,Priya,Open,Reviewed,2026-07-01
Task 1385,Priya,Open,Reviewed,2026-07-01
Task 1386,Priya,Open,Reviewed,2026-07-01
Task 1387,Priya,Open,Reviewed,2026-07-01
Task 1388,Priya,Open,Reviewed,2026-07-01
Task 1389,Priya,Open,Reviewed,2026-07-01
Task 1390,Priya,Open,Reviewed,2026-07-01
Task 1391,Priya,Open,Reviewed,2026-07-01
Task 1392,Priya,Open,Reviewed,2026-07-01
Task 1393,Priya,Open,Reviewed,2026-07-01
Task 1394,Priya,Open,Reviewed,2026-07-01
Task 1395,Priya,Open,Reviewed,2026-07-01
Task 1396,Priya,Open,Reviewed,2026-07-01
Task 1397,Priya,Open,Reviewed,2026-07-01
Task 1398,Priya,Open,Reviewed,2026-07-01
Task 1399,Priya,Open,Reviewed,2026-07-01
Task 1400,Priya,Open,Reviewed,2026-07-01
Task 1401,Priya,Open,Reviewed,2026-07-01
Task 1402,Priya,Open,Reviewed,2026-07-01
Task 1403,Priya,Open,Reviewed,2026-07-01
Task 1404,Priya,Open,Reviewed,2026-07-01
Task 1405,Priya,Open,Reviewed,2026-07-01
Task 1406,Priya,Open,Reviewed,2026-07-01
Task 1407,Priya,Open,Reviewed,2026-07-01
Task 1408,Priya,Open,Reviewed,2026-07-01
Task 1409,Priya,Open,Reviewed,2026-07-01
Task 1410,Priya,Open,Reviewed,2026-07-01
Task 1411,Priya,Open,Reviewed,2026-07-01
Task 1412,Priya,Open,Reviewed,2026-07-01
Task 1413,Priya,Open,Reviewed,2026-07-01
Task 1414,Priya,Open,Reviewed,2026-07-01
Task 1415,Priya,Open,Reviewed,2026-07-01
Task 1416,Priya,Open,Reviewed,2026-07-01
Task 1417,Priya,Open,Reviewed,2026-07-01
Task 1418,Priya,Open,Reviewed,2026-07-01
Task 1419,Priya,Open,Reviewed,2026-07-01
Task 1420,Priya,Open,Reviewed,2026-07-01
Task 1421,Priya,Open,Reviewed,2026-07-01
Task 1422,Priya,Open,Reviewed,2026-07-01
Task 1423,Priya,Open,Reviewed,2026-07-01
Task 1424,Priya,Open,Reviewed,2026-07-01
Task 1425,Priya,Open,Reviewed,2026-07-01
Task 1426,Priya,Open,Reviewed,2026-07-01
Task 1427,Priya,Open,Reviewed,2026-07-01
Task 1428,Priya,Open,Reviewed,2026-07-01
Task 1429,Priya,Open,Reviewed,2026-07-01
Task 1430,Priya,Open,Reviewed,2026-07-01
Task 1431,Priya,Open,Reviewed,2026-07-01
Task 1432,Priya,Open,Reviewed,2026-07-01
Task 1433,Priya,Open,Reviewed,2026-07-01
Task 1434,Priya,Open,Reviewed,2026-07-01
Task 1435,Priya,Open,Reviewed,2026-07-01
Task 1436,Priya,Open,Reviewed,2026-07-01
Task 1437,Priya,Open,Reviewed,2026-07-01
Task 1438,Priya,Open,Reviewed,2026-07-01
Task 1439,Priya,Open,Reviewed,2026-07-01
Task 1440,Priya,Open,Reviewed,2026-07-01
Task 1441,Priya,Open,Reviewed,2026-07-01
Task 1442,Priya,Open,Reviewed,2026-07-01
Task 1443,Priya,Open,Reviewed,2026-07-01
Task 1444,Priya,Open,Reviewed,2026-07-01
Task 1445,Priya,Open,Reviewed,2026-07-01
Task 1446,Priya,Open,Reviewed,2026-07-01
Task 1447,Priya,Open,Reviewed,2026-07-01
Task 1448,Priya,Open,Reviewed,2026-07-01
Task 1449,Priya,Open,Reviewed,2026-07-01
Task 1450,Priya,Open,Reviewed,2026-07-01
Task 1451,Priya,Open,Reviewed,2026-07-01
Task 1452,Priya,Open,Reviewed,2026-07-01
Task 1453,Priya,Open,Reviewed,2026-07-01
Task 1454,Priya,Open,Reviewed,2026-07-01
Task 1455,Priya,Open,Reviewed,2026-07-01
Task 1456,Priya,Open,Reviewed,2026-07-01
Task 1457,Priya,Open,Reviewed,2026-07-01
Task 1458,Priya,Open,Reviewed,2026-07-01
Task 1459,Priya,Open,Reviewed,2026-07-01
Task 1460,Priya,Open,Reviewed,2026-07-01
Task 1461,Priya,Open,Reviewed,2026-07-01
Task 1462,Priya,Open,Reviewed,2026-07-01
Task 1463,Priya,Open,Reviewed,2026-07-01
Task 1464,Priya,Open,Reviewed,2026-07-01
Task 1465,Priya,Open,Reviewed,2026-07-01
Task 1466,Priya,Open,Reviewed,2026-07-01
Task 1467,Priya,Open,Reviewed,2026-07-01
Task 1468,Priya,Open,Reviewed,2026-07-01
Task 1469,Priya,Open,Reviewed,2026-07-01
Task 1470,Priya,Open,Reviewed,2026-07-01
Task 1471,Priya,Open,Reviewed,2026-07-01
Task 1472,Priya,Open,Reviewed,2026-07-01
Task 1473,Priya,Open,Reviewed,2026-07-01
Task 1474,Priya,Open,Reviewed,2026-07-01
Task 1475,Priya,Open,Reviewed,2026-07-01
Task 1476,Priya,Open,Reviewed,2026-07-01
Task 1477,Priya,Open,Reviewed,2026-07-01
Task 1478,Priya,Open,Reviewed,2026-07-01
Task 1479,Priya,Open,Reviewed,2026-07-01
Task 1480,Priya,Open,Reviewed,2026-07-01
Task 1481,Priya,Open,Reviewed,2026-07-01
Task 1482,Priya,Open,Reviewed,2026-07-01
Task 1483,Priya,Open,Reviewed,2026-07-01
Task 1484,Priya,Open,Reviewed,2026-07-01
Task 1485,Priya,Open,Reviewed,2026-07-01
Task 1486,Priya,Open,Reviewed,2026-07-01
Task 1487,Priya,Open,Reviewed,2026-07-01
Task 1488,Priya,Open,Reviewed,2026-07-01
Task 1489,Priya,Open,Reviewed,2026-07-01
Task 1490,Priya,Open,Reviewed,2026-07-01
Task 1491,Priya,Open,Reviewed,2026-07-01
Task 1492,Priya,Open,Reviewed,2026-07-01
Task 1493,Priya,Open,Reviewed,2026-07-01
Task 1494,Priya,Open,Reviewed,2026-07-01
Task 1495,Priya,Open,Reviewed,2026-07-01
Task 1496,Priya,Open,Reviewed,2026-07-01
Task 1497,Priya,Open,Reviewed,2026-07-01
Task 1498,Priya,Open,Reviewed,2026-07-01
Task 1499,Priya,Open,Reviewed,2026-07-01
Task 1500,Priya,Open,Reviewed,2026-07-01
Task 1501,Priya,Open,Reviewed,2026-07-01
Task 1502,Priya,Open,Reviewed,2026-07-01
Task 1503,Priya,Open,Reviewed,2026-07-01
Task 1504,Priya,Open,Reviewed,2026-07-01
Task 1505,Priya,Open,Reviewed,2026-07-01
Task 1506,Priya,Open,Reviewed,2026-07-01
Task 1507,Priya,Open,Reviewed,2026-07-01
Task 1508,Priya,Open,Reviewed,2026-07-01
Task 1509,Priya,Open,Reviewed,2026-07-01
Task 1510,Priya,Open,Reviewed,2026-07-01
Task 1511,Priya,Open,Reviewed,2026-07-01
Task 1512,Priya,Open,Reviewed,2026-07-01
Task 1513,Priya,Open,Reviewed,2026-07-01
Task 1514,Priya,Open,Reviewed,2026-07-01
Task 1515,Priya,Open,Reviewed,2026-07-01
Task 1516,Priya,Open,Reviewed,2026-07-01
Task 1517,Priya,Open,Reviewed,2026-07-01
Task 1518,Priya,Open,Reviewed,2026-07-01
Task 1519,Priya,Open,Reviewed,2026-07-01
Task 1520,Priya,Open,Reviewed,2026-07-01
Task 1521,Priya,Open,Reviewed,2026-07-01
Task 1522,Priya,Open,Reviewed,2026-07-01
Task 1523,Priya,Open,Reviewed,2026-07-01
Task 1524,Priya,Open,Reviewed,2026-07-01
Task 1525,Priya,Open,Reviewed,2026-07-01
Task 1526,Priya,Open,Reviewed,2026-07-01
Task 1527,Priya,Open,Reviewed,2026-07-01
Task 1528,Priya,Open,Reviewed,2026-07-01
Task 1529,Priya,Open,Reviewed,2026-07-01
Task 1530,Priya,Open,Reviewed,2026-07-01
Task 1531,Priya,Open,Reviewed,2026-07-01
Task 1532,Priya,Open,Reviewed,2026-07-01
Task 1533,Priya,Open,Reviewed,2026-07-01
Task 1534,Priya,Open,Reviewed,2026-07-01
Task 1535,Priya,Open,Reviewed,2026-07-01
Task 1536,Priya,Open,Reviewed,2026-07-01
Task 1537,Priya,Open,Reviewed,2026-07-01
Task 1538,Priya,Open,Reviewed,2026-07-01
Task 1539,Priya,Open,Reviewed,2026-07-01
Task 1540,Priya,Open,Reviewed,2026-07-01
Task 1541,Priya,Open,Reviewed,2026-07-01
Task 1542,Priya,Open,Reviewed,2026-07-01
Task 1543,Priya,Open,Reviewed,2026-07-01
Task 1544,Priya,Open,Reviewed,2026-07-01
Task 1545,Priya,Open,Reviewed,2026-07-01
Task 1546,Priya,Open,Reviewed,2026-07-01
Task 1547,Priya,Open,Reviewed,2026-07-01
Task 1548,Priya,Open,Reviewed,2026-07-01
Task 1549,Priya,Open,Reviewed,2026-07-01
Task 1550,Priya,Open,Reviewed,2026-07-01
Task 1551,Priya,Open,Reviewed,2026-07-01
Task 1552,Priya,Open,Reviewed,2026-07-01
Task 1553,Priya,Open,Reviewed,2026-07-01
Task 1554,Priya,Open,Reviewed,2026-07-01
Task 1555,Priya,Open,Reviewed,2026-07-01
Task 1556,Priya,Open,Reviewed,2026-07-01
Task 1557,Priya,Open,Reviewed,2026-07-01
Task 1558,Priya,Open,Reviewed,2026-07-01
Task 1559,Priya,Open,Reviewed,2026-07-01
Task 1560,Priya,Open,Reviewed,2026-07-01
Task 1561,Priya,Open,Reviewed,2026-07-01
Task 1562,Priya,Open,Reviewed,2026-07-01
Task 1563,Priya,Open,Reviewed,2026-07-01
Task 1564,Priya,Open,Reviewed,2026-07-01
Task 1565,Priya,Open,Reviewed,2026-07-01
Task 1566,Priya,Open,Reviewed,2026-07-01
Task 1567,Priya,Open,Reviewed,2026-07-01
Task 1568,Priya,Open,Reviewed,2026-07-01
Task 1569,Priya,Open,Reviewed,2026-07-01
Task 1570,Priya,Open,Reviewed,2026-07-01
Task 1571,Priya,Open,Reviewed,2026-07-01
Task 1572,Priya,Open,Reviewed,2026-07-01
Task 1573,Priya,Open,Reviewed,2026-07-01
Task 1574,Priya,Open,Reviewed,2026-07-01
Task 1575,Priya,Open,Reviewed,2026-07-01
Task 1576,Priya,Open,Reviewed,2026-07-01
Task 1577,Priya,Open,Reviewed,2026-07-01
Task 1578,Priya,Open,Reviewed,2026-07-01
Task 1579,Priya,Open,Reviewed,2026-07-01
Task 1580,Priya,Open,Reviewed,2026-07-01
Task 1581,Priya,Open,Reviewed,2026-07-01
Task 1582,Priya,Open,Reviewed,2026-07-01
Task 1583,Priya,Open,Reviewed,2026-07-01
Task 1584,Priya,Open,Reviewed,2026-07-01
Task 1585,Priya,Open,Reviewed,2026-07-01
Task 1586,Priya,Open,Reviewed,2026-07-01
Task 1587,Priya,Open,Reviewed,2026-07-01
Task 1588,Priya,Open,Reviewed,2026-07-01
Task 1589,Priya,Open,Reviewed,2026-07-01
Task 1590,Priya,Open,Reviewed,2026-07-01
Task 1591,Priya,Open,Reviewed,2026-07-01
Task 1592,Priya,Open,Reviewed,2026-07-01
Task 1593,Priya,Open,Reviewed,2026-07-01
Task 1594,Priya,Open,Reviewed,2026-07-01
Task 1595,Priya,Open,Reviewed,2026-07-01
Task 1596,Priya,Open,Reviewed,2026-07-01
Task 1597,Priya,Open,Reviewed,2026-07-01
Task 1598,Priya,Open,Reviewed,2026-07-01
Task 1599,Priya,Open,Reviewed,2026-07-01
Task 1600,Priya,Open,Reviewed,2026-07-01
Task 1601,Priya,Open,Reviewed,2026-07-01
Task 1602,Priya,Open,Reviewed,2026-07-01
Task 1603,Priya,Open,Reviewed,2026-07-01
Task 1604,Priya,Open,Reviewed,2026-07-01
Task 1605,Priya,Open,Reviewed,2026-07-01
Task 1606,Priya,Open,Reviewed,2026-07-01
Task 1607,Priya,Open,Reviewed,2026-07-01
Task 1608,Priya,Open,Reviewed,2026-07-01
Task 1609,Priya,Open,Reviewed,2026-07-01
Task 1610,Priya,Open,Reviewed,2026-07-01
Task 1611,Priya,Open,Reviewed,2026-07-01
Task 1612,Priya,Open,Reviewed,2026-07-01
Task 1613,Priya,Open,Reviewed,2026-07-01
Task 1614,Priya,Open,Reviewed,2026-07-01
Task 1615,Priya,Open,Reviewed,2026-07-01
Task 1616,Priya,Open,Reviewed,2026-07-01
Task 1617,Priya,Open,Reviewed,2026-07-01
Task 1618,Priya,Open,Reviewed,2026-07-01
Task 1619,Priya,Open,Reviewed,2026-07-01
Task 1620,Priya,Open,Reviewed,2026-07-01
Task 1621,Priya,Open,Reviewed,2026-07-01
Task 1622,Priya,Open,Reviewed,2026-07-01
Task 1623,Priya,Open,Reviewed,2026-07-01
Task 1624,Priya,Open,Reviewed,2026-07-01
Task 1625,Priya,Open,Reviewed,2026-07-01
Task 1626,Priya,Open,Reviewed,2026-07-01
Task 1627,Priya,Open,Reviewed,2026-07-01
Task 1628,Priya,Open,Reviewed,2026-07-01
Task 1629,Priya,Open,Reviewed,2026-07-01
Task 1630,Priya,Open,Reviewed,2026-07-01
Task 1631,Priya,Open,Reviewed,2026-07-01
Task 1632,Priya,Open,Reviewed,2026-07-01
Task 1633,Priya,Open,Reviewed,2026-07-01
Task 1634,Priya,Open,Reviewed,2026-07-01
Task 1635,Priya,Open,Reviewed,2026-07-01
Task 1636,Priya,Open,Reviewed,2026-07-01
Task 1637,Priya,Open,Reviewed,2026-07-01
Task 1638,Priya,Open,Reviewed,2026-07-01
Task 1639,Priya,Open,Reviewed,2026-07-01
Task 1640,Priya,Open,Reviewed,2026-07-01
Task 1641,Priya,Open,Reviewed,2026-07-01
Task 1642,Priya,Open,Reviewed,2026-07-01
Task 1643,Priya,Open,Reviewed,2026-07-01
Task 1644,Priya,Open,Reviewed,2026-07-01
Task 1645,Priya,Open,Reviewed,2026-07-01
Task 1646,Priya,Open,Reviewed,2026-07-01
Task 1647,Priya,Open,Reviewed,2026-07-01
Task 1648,Priya,Open,Reviewed,2026-07-01
Task 1649,Priya,Open,Reviewed,2026-07-01
Task 1650,Priya,Open,Reviewed,2026-07-01
Task 1651,Priya,Open,Reviewed,2026-07-01
Task 1652,Priya,Open,Reviewed,2026-07-01
Task 1653,Priya,Open,Reviewed,2026-07-01
Task 1654,Priya,Open,Reviewed,2026-07-01
Task 1655,Priya,Open,Reviewed,2026-07-01
Task 1656,Priya,Open,Reviewed,2026-07-01
Task 1657,Priya,Open,Reviewed,2026-07-01
Task 1658,Priya,Open,Reviewed,2026-07-01
Task 1659,Priya,Open,Reviewed,2026-07-01
Task 1660,Priya,Open,Reviewed,2026-07-01
Task 1661,Priya,Open,Reviewed,2026-07-01
Task 1662,Priya,Open,Reviewed,2026-07-01
Task 1663,Priya,Open,Reviewed,2026-07-01
Task 1664,Priya,Open,Reviewed,2026-07-01
Task 1665,Priya,Open,Reviewed,2026-07-01
Task 1666,Priya,Open,Reviewed,2026-07-01
Task 1667,Priya,Open,Reviewed,2026-07-01
Task 1668,Priya,Open,Reviewed,2026-07-01
Task 1669,Priya,Open,Reviewed,2026-07-01
Task 1670,Priya,Open,Reviewed,2026-07-01
Task 1671,Priya,Open,Reviewed,2026-07-01
Task 1672,Priya,Open,Reviewed,2026-07-01
Task 1673,Priya,Open,Reviewed,2026-07-01
Task 1674,Priya,Open,Reviewed,2026-07-01
Task 1675,Priya,Open,Reviewed,2026-07-01
Task 1676,Priya,Open,Reviewed,2026-07-01
Task 1677,Priya,Open,Reviewed,2026-07-01
Task 1678,Priya,Open,Reviewed,2026-07-01
Task 1679,Priya,Open,Reviewed,2026-07-01
Task 1680,Priya,Open,Reviewed,2026-07-01
Task 1681,Priya,Open,Reviewed,2026-07-01
Task 1682,Priya,Open,Reviewed,2026-07-01
Task 1683,Priya,Open,Reviewed,2026-07-01
Task 1684,Priya,Open,Reviewed,2026-07-01
Task 1685,Priya,Open,Reviewed,2026-07-01
Task 1686,Priya,Open,Reviewed,2026-07-01
Task 1687,Priya,Open,Reviewed,2026-07-01
Task 1688,Priya,Open,Reviewed,2026-07-01
Task 1689,Priya,Open,Reviewed,2026-07-01
Task 1690,Priya,Open,Reviewed,2026-07-01
Task 1691,Priya,Open,Reviewed,2026-07-01
Task 1692,Priya,Open,Reviewed,2026-07-01
Task 1693,Priya,Open,Reviewed,2026-07-01
Task 1694,Priya,Open,Reviewed,2026-07-01
Task 1695,Priya,Open,Reviewed,2026-07-01
Task 1696,Priya,Open,Reviewed,2026-07-01
Task 1697,Priya,Open,Reviewed,2026-07-01
Task 1698,Priya,Open,Reviewed,2026-07-01
Task 1699,Priya,Open,Reviewed,2026-07-01
Task 1700,Priya,Open,Reviewed,2026-07-01
Task 1701,Priya,Open,Reviewed,2026-07-01
Task 1702,Priya,Open,Reviewed,2026-07-01
Task 1703,Priya,Open,Reviewed,2026-07-01
Task 1704,Priya,Open,Reviewed,2026-07-01
Task 1705,Priya,Open,Reviewed,2026-07-01
Task 1706,Priya,Open,Reviewed,2026-07-01
Task 1707,Priya,Open,Reviewed,2026-07-01
Task 1708,Priya,Open,Reviewed,2026-07-01
Task 1709,Priya,Open,Reviewed,2026-07-01
Task 1710,Priya,Open,Reviewed,2026-07-01
Task 1711,Priya,Open,Reviewed,2026-07-01
Task 1712,Priya,Open,Reviewed,2026-07-01
Task 1713,Priya,Open,Reviewed,2026-07-01
Task 1714,Priya,Open,Reviewed,2026-07-01
Task 1715,Priya,Open,Reviewed,2026-07-01
Task 1716,Priya,Open,Reviewed,2026-07-01
Task 1717,Priya,Open,Reviewed,2026-07-01
Task 1718,Priya,Open,Reviewed,2026-07-01
Task 1719,Priya,Open,Reviewed,2026-07-01
Task 1720,Priya,Open,Reviewed,2026-07-01
Task 1721,Priya,Open,Reviewed,2026-07-01
Task 1722,Priya,Open,Reviewed,2026-07-01
Task 1723,Priya,Open,Reviewed,2026-07-01
Task 1724,Priya,Open,Reviewed,2026-07-01
Task 1725,Priya,Open,Reviewed,2026-07-01
Task 1726,Priya,Open,Reviewed,2026-07-01
Task 1727,Priya,Open,Reviewed,2026-07-01
Task 1728,Priya,Open,Reviewed,2026-07-01
Task 1729,Priya,Open,Reviewed,2026-07-01
Task 1730,Priya,Open,Reviewed,2026-07-01
Task 1731,Priya,Open,Reviewed,2026-07-01
Task 1732,Priya,Open,Reviewed,2026-07-01
Task 1733,Priya,Open,Reviewed,2026-07-01
Task 1734,Priya,Open,Reviewed,2026-07-01
Task 1735,Priya,Open,Reviewed,2026-07-01
Task 1736,Priya,Open,Reviewed,2026-07-01
Task 1737,Priya,Open,Reviewed,2026-07-01
Task 1738,Priya,Open,Reviewed,2026-07-01
Task 1739,Priya,Open,Reviewed,2026-07-01
Task 1740,Priya,Open,Reviewed,2026-07-01
Task 1741,Priya,Open,Reviewed,2026-07-01
Task 1742,Priya,Open,Reviewed,2026-07-01
Task 1743,Priya,Open,Reviewed,2026-07-01
Task 1744,Priya,Open,Reviewed,2026-07-01
Task 1745,Priya,Open,Reviewed,2026-07-01
Task 1746,Priya,Open,Reviewed,2026-07-01
Task 1747,Priya,Open,Reviewed,2026-07-01
Task 1748,Priya,Open,Reviewed,2026-07-01
Task 1749,Priya,Open,Reviewed,2026-07-01
Task 1750,Priya,Open,Reviewed,2026-07-01
Task 1751,Priya,Open,Reviewed,2026-07-01
Task 1752,Priya,Open,Reviewed,2026-07-01
Task 1753,Priya,Open,Reviewed,2026-07-01
Task 1754,Priya,Open,Reviewed,2026-07-01
Task 1755,Priya,Open,Reviewed,2026-07-01
Task 1756,Priya,Open,Reviewed,2026-07-01
Task 1757,Priya,Open,Reviewed,2026-07-01
Task 1758,Priya,Open,Reviewed,2026-07-01
Task 1759,Priya,Open,Reviewed,2026-07-01
Task 1760,Priya,Open,Reviewed,2026-07-01
Task 1761,Priya,Open,Reviewed,2026-07-01
Task 1762,Priya,Open,Reviewed,2026-07-01
Task 1763,Priya,Open,Reviewed,2026-07-01
Task 1764,Priya,Open,Reviewed,2026-07-01
Task 1765,Priya,Open,Reviewed,2026-07-01
Task 1766,Priya,Open,Reviewed,2026-07-01
Task 1767,Priya,Open,Reviewed,2026-07-01
Task 1768,Priya,Open,Reviewed,2026-07-01
Task 1769,Priya,Open,Reviewed,2026-07-01
Task 1770,Priya,Open,Reviewed,2026-07-01
Task 1771,Priya,Open,Reviewed,2026-07-01
Task 1772,Priya,Open,Reviewed,2026-07-01
Task 1773,Priya,Open,Reviewed,2026-07-01
Task 1774,Priya,Open,Reviewed,2026-07-01
Task 1775,Priya,Open,Reviewed,2026-07-01
Task 1776,Priya,Open,Reviewed,2026-07-01
Task 1777,Priya,Open,Reviewed,2026-07-01
Task 1778,Priya,Open,Reviewed,2026-07-01
Task 1779,Priya,Open,Reviewed,2026-07-01
Task 1780,Priya,Open,Reviewed,2026-07-01
Task 1781,Priya,Open,Reviewed,2026-07-01
Task 1782,Priya,Open,Reviewed,2026-07-01
Task 1783,Priya,Open,Reviewed,2026-07-01
Task 1784,Priya,Open,Reviewed,2026-07-01
Task 1785,Priya,Open,Reviewed,2026-07-01
Task 1786,Priya,Open,Reviewed,2026-07-01
Task 1787,Priya,Open,Reviewed,2026-07-01
Task 1788,Priya,Open,Reviewed,2026-07-01
Task 1789,Priya,Open,Reviewed,2026-07-01
Task 1790,Priya,Open,Reviewed,2026-07-01
Task 1791,Priya,Open,Reviewed,2026-07-01
Task 1792,Priya,Open,Reviewed,2026-07-01
Task 1793,Priya,Open,Reviewed,2026-07-01
Task 1794,Priya,Open,Reviewed,2026-07-01
Task 1795,Priya,Open,Reviewed,2026-07-01
Task 1796,Priya,Open,Reviewed,2026-07-01
Task 1797,Priya,Open,Reviewed,2026-07-01
Task 1798,Priya,Open,Reviewed,2026-07-01
Task 1799,Priya,Open,Reviewed,2026-07-01
Task 1800,Priya,Open,Reviewed,2026-07-01
Task 1801,Priya,Open,Reviewed,2026-07-01
Task 1802,Priya,Open,Reviewed,2026-07-01
Task 1803,Priya,Open,Reviewed,2026-07-01
Task 1804,Priya,Open,Reviewed,2026-07-01
Task 1805,Priya,Open,Reviewed,2026-07-01
Task 1806,Priya,Open,Reviewed,2026-07-01
Task 1807,Priya,Open,Reviewed,2026-07-01
Task 1808,Priya,Open,Reviewed,2026-07-01
Task 1809,Priya,Open,Reviewed,2026-07-01
Task 1810,Priya,Open,Reviewed,2026-07-01
Task 1811,Priya,Open,Reviewed,2026-07-01
Task 1812,Priya,Open,Reviewed,2026-07-01
Task 1813,Priya,Open,Reviewed,2026-07-01
Task 1814,Priya,Open,Reviewed,2026-07-01
Task 1815,Priya,Open,Reviewed,2026-07-01
Task 1816,Priya,Open,Reviewed,2026-07-01
Task 1817,Priya,Open,Reviewed,2026-07-01
Task 1818,Priya,Open,Reviewed,2026-07-01
Task 1819,Priya,Open,Reviewed,2026-07-01
Task 1820,Priya,Open,Reviewed,2026-07-01
Task 1821,Priya,Open,Reviewed,2026-07-01
Task 1822,Priya,Open,Reviewed,2026-07-01
Task 1823,Priya,Open,Reviewed,2026-07-01
Task 1824,Priya,Open,Reviewed,2026-07-01
Task 1825,Priya,Open,Reviewed,2026-07-01
Task 1826,Priya,Open,Reviewed,2026-07-01
Task 1827,Priya,Open,Reviewed,2026-07-01
Task 1828,Priya,Open,Reviewed,2026-07-01
Task 1829,Priya,Open,Reviewed,2026-07-01
Task 1830,Priya,Open,Reviewed,2026-07-01
Task 1831,Priya,Open,Reviewed,2026-07-01
Task 1832,Priya,Open,Reviewed,2026-07-01
Task 1833,Priya,Open,Reviewed,2026-07-01
Task 1834,Priya,Open,Reviewed,2026-07-01
Task 1835,Priya,Open,Reviewed,2026-07-01
Task 1836,Priya,Open,Reviewed,2026-07-01
Task 1837,Priya,Open,Reviewed,2026-07-01
Task 1838,Priya,Open,Reviewed,2026-07-01
Task 1839,Priya,Open,Reviewed,2026-07-01
Task 1840,Priya,Open,Reviewed,2026-07-01
Task 1841,Priya,Open,Reviewed,2026-07-01
Task 1842,Priya,Open,Reviewed,2026-07-01
Task 1843,Priya,Open,Reviewed,2026-07-01
Task 1844,Priya,Open,Reviewed,2026-07-01
Task 1845,Priya,Open,Reviewed,2026-07-01
Task 1846,Priya,Open,Reviewed,2026-07-01
Task 1847,Priya,Open,Reviewed,2026-07-01
Task 1848,Priya,Open,Reviewed,2026-07-01
Task 1849,Priya,Open,Reviewed,2026-07-01
Task 1850,Priya,Open,Reviewed,2026-07-01
Task 1851,Priya,Open,Reviewed,2026-07-01
Task 1852,Priya,Open,Reviewed,2026-07-01
Task 1853,Priya,Open,Reviewed,2026-07-01
Task 1854,Priya,Open,Reviewed,2026-07-01
Task 1855,Priya,Open,Reviewed,2026-07-01
Task 1856,Priya,Open,Reviewed,2026-07-01
Task 1857,Priya,Open,Reviewed,2026-07-01
Task 1858,Priya,Open,Reviewed,2026-07-01
Task 1859,Priya,Open,Reviewed,2026-07-01
Task 1860,Priya,Open,Reviewed,2026-07-01
Task 1861,Priya,Open,Reviewed,2026-07-01
Task 1862,Priya,Open,Reviewed,2026-07-01
Task 1863,Priya,Open,Reviewed,2026-07-01
Task 1864,Priya,Open,Reviewed,2026-07-01
Task 1865,Priya,Open,Reviewed,2026-07-01
Task 1866,Priya,Open,Reviewed,2026-07-01
Task 1867,Priya,Open,Reviewed,2026-07-01
Task 1868,Priya,Open,Reviewed,2026-07-01
Task 1869,Priya,Open,Reviewed,2026-07-01
Task 1870,Priya,Open,Reviewed,2026-07-01
Task 1871,Priya,Open,Reviewed,2026-07-01
Task 1872,Priya,Open,Reviewed,2026-07-01
Task 1873,Priya,Open,Reviewed,2026-07-01
Task 1874,Priya,Open,Reviewed,2026-07-01
Task 1875,Priya,Open,Reviewed,2026-07-01
Task 1876,Priya,Open,Reviewed,2026-07-01
Task 1877,Priya,Open,Reviewed,2026-07-01
Task 1878,Priya,Open,Reviewed,2026-07-01
Task 1879,Priya,Open,Reviewed,2026-07-01
Task 1880,Priya,Open,Reviewed,2026-07-01
Task 1881,Priya,Open,Reviewed,2026-07-01
Task 1882,Priya,Open,Reviewed,2026-07-01
Task 1883,Priya,Open,Reviewed,2026-07-01
Task 1884,Priya,Open,Reviewed,2026-07-01
Task 1885,Priya,Open,Reviewed,2026-07-01
Task 1886,Priya,Open,Reviewed,2026-07-01
Task 1887,Priya,Open,Reviewed,2026-07-01
Task 1888,Priya,Open,Reviewed,2026-07-01
Task 1889,Priya,Open,Reviewed,2026-07-01
Task 1890,Priya,Open,Reviewed,2026-07-01
Task 1891,Priya,Open,Reviewed,2026-07-01
Task 1892,Priya,Open,Reviewed,2026-07-01
Task 1893,Priya,Open,Reviewed,2026-07-01
Task 1894,Priya,Open,Reviewed,2026-07-01
Task 1895,Priya,Open,Reviewed,2026-07-01
Task 1896,Priya,Open,Reviewed,2026-07-01
Task 1897,Priya,Open,Reviewed,2026-07-01
Task 1898,Priya,Open,Reviewed,2026-07-01
Task 1899,Priya,Open,Reviewed,2026-07-01
Task 1900,Priya,Open,Reviewed,2026-07-01
Task 1901,Priya,Open,Reviewed,2026-07-01
Task 1902,Priya,Open,Reviewed,2026-07-01
Task 1903,Priya,Open,Reviewed,2026-07-01
Task 1904,Priya,Open,Reviewed,2026-07-01
Task 1905,Priya,Open,Reviewed,2026-07-01
Task 1906,Priya,Open,Reviewed,2026-07-01
Task 1907,Priya,Open,Reviewed,2026-07-01
Task 1908,Priya,Open,Reviewed,2026-07-01
Task 1909,Priya,Open,Reviewed,2026-07-01
Task 1910,Priya,Open,Reviewed,2026-07-01
Task 1911,Priya,Open,Reviewed,2026-07-01
Task 1912,Priya,Open,Reviewed,2026-07-01
Task 1913,Priya,Open,Reviewed,2026-07-01
Task 1914,Priya,Open,Reviewed,2026-07-01
Task 1915,Priya,Open,Reviewed,2026-07-01
Task 1916,Priya,Open,Reviewed,2026-07-01
Task 1917,Priya,Open,Reviewed,2026-07-01
Task 1918,Priya,Open,Reviewed,2026-07-01
Task 1919,Priya,Open,Reviewed,2026-07-01
Task 1920,Priya,Open,Reviewed,2026-07-01
Task 1921,Priya,Open,Reviewed,2026-07-01
Task 1922,Priya,Open,Reviewed,2026-07-01
Task 1923,Priya,Open,Reviewed,2026-07-01
Task 1924,Priya,Open,Reviewed,2026-07-01
Task 1925,Priya,Open,Reviewed,2026-07-01
Task 1926,Priya,Open,Reviewed,2026-07-01
Task 1927,Priya,Open,Reviewed,2026-07-01
Task 1928,Priya,Open,Reviewed,2026-07-01
Task 1929,Priya,Open,Reviewed,2026-07-01
Task 1930,Priya,Open,Reviewed,2026-07-01
Task 1931,Priya,Open,Reviewed,2026-07-01
Task 1932,Priya,Open,Reviewed,2026-07-01
Task 1933,Priya,Open,Reviewed,2026-07-01
Task 1934,Priya,Open,Reviewed,2026-07-01
Task 1935,Priya,Open,Reviewed,2026-07-01
Task 1936,Priya,Open,Reviewed,2026-07-01
Task 1937,Priya,Open,Reviewed,2026-07-01
Task 1938,Priya,Open,Reviewed,2026-07-01
Task 1939,Priya,Open,Reviewed,2026-07-01
Task 1940,Priya,Open,Reviewed,2026-07-01
Task 1941,Priya,Open,Reviewed,2026-07-01
Task 1942,Priya,Open,Reviewed,2026-07-01
Task 1943,Priya,Open,Reviewed,2026-07-01
Task 1944,Priya,Open,Reviewed,2026-07-01
Task 1945,Priya,Open,Reviewed,2026-07-01
Task 1946,Priya,Open,Reviewed,2026-07-01
Task 1947,Priya,Open,Reviewed,2026-07-01
Task 1948,Priya,Open,Reviewed,2026-07-01
Task 1949,Priya,Open,Reviewed,2026-07-01
Task 1950,Priya,Open,Reviewed,2026-07-01
Task 1951,Priya,Open,Reviewed,2026-07-01
Task 1952,Priya,Open,Reviewed,2026-07-01
Task 1953,Priya,Open,Reviewed,2026-07-01
Task 1954,Priya,Open,Reviewed,2026-07-01
Task 1955,Priya,Open,Reviewed,2026-07-01
Task 1956,Priya,Open,Reviewed,2026-07-01
Task 1957,Priya,Open,Reviewed,2026-07-01
Task 1958,Priya,Open,Reviewed,2026-07-01
Task 1959,Priya,Open,Reviewed,2026-07-01
Task 1960,Priya,Open,Reviewed,2026-07-01
Task 1961,Priya,Open,Reviewed,2026-07-01
Task 1962,Priya,Open,Reviewed,2026-07-01
Task 1963,Priya,Open,Reviewed,2026-07-01
Task 1964,Priya,Open,Reviewed,2026-07-01
Task 1965,Priya,Open,Reviewed,2026-07-01
Task 1966,Priya,Open,Reviewed,2026-07-01
Task 1967,Priya,Open,Reviewed,2026-07-01
Task 1968,Priya,Open,Reviewed,2026-07-01
Task 1969,Priya,Open,Reviewed,2026-07-01
Task 1970,Priya,Open,Reviewed,2026-07-01
Task 1971,Priya,Open,Reviewed,2026-07-01
Task 1972,Priya,Open,Reviewed,2026-07-01
Task 1973,Priya,Open,Reviewed,2026-07-01
Task 1974,Priya,Open,Reviewed,2026-07-01
Task 1975,Priya,Open,Reviewed,2026-07-01
Task 1976,Priya,Open,Reviewed,2026-07-01
Task 1977,Priya,Open,Reviewed,2026-07-01
Task 1978,Priya,Open,Reviewed,2026-07-01
Task 1979,Priya,Open,Reviewed,2026-07-01
Task 1980,Priya,Open,Reviewed,2026-07-01
Task 1981,Priya,Open,Reviewed,2026-07-01
Task 1982,Priya,Open,Reviewed,2026-07-01
Task 1983,Priya,Open,Reviewed,2026-07-01
Task 1984,Priya,Open,Reviewed,2026-07-01
Task 1985,Priya,Open,Reviewed,2026-07-01
Task 1986,Priya,Open,Reviewed,2026-07-01
Task 1987,Priya,Open,Reviewed,2026-07-01
Task 1988,Priya,Open,Reviewed,2026-07-01
Task 1989,Priya,Open,Reviewed,2026-07-01
Task 1990,Priya,Open,Reviewed,2026-07-01
Task 1991,Priya,Open,Reviewed,2026-07-01
Task 1992,Priya,Open,Reviewed,2026-07-01
Task 1993,Priya,Open,Reviewed,2026-07-01
Task 1994,Priya,Open,Reviewed,2026-07-01
Task 1995,Priya,Open,Reviewed,2026-07-01
Task 1996,Priya,Open,Reviewed,2026-07-01
Task 1997,Priya,Open,Reviewed,2026-07-01
Task 1998,Priya,Open,Reviewed,2026-07-01
Task 1999,Priya,Open,Reviewed,2026-07-01
Task 2000,Priya,Open,Reviewed,2026-07-01
Task 2001,Priya,Open,Reviewed,2026-07-01
Task 2002,Priya,Open,Reviewed,2026-07-01
Task 2003,Priya,Open,Reviewed,2026-07-01
Task 2004,Priya,Open,Reviewed,2026-07-01
Task 2005,Priya,Open,Reviewed,2026-07-01
Task 2006,Priya,Open,Reviewed,2026-07-01
Task 2007,Priya,Open,Reviewed,2026-07-01
Task 2008,Priya,Open,Reviewed,2026-07-01
Task 2009,Priya,Open,Reviewed,2026-07-01
Task 2010,Priya,Open,Reviewed,2026-07-01
Task 2011,Priya,Open,Reviewed,2026-07-01
Task 2012,Priya,Open,Reviewed,2026-07-01
Task 2013,Priya,Open,Reviewed,2026-07-01
Task 2014,Priya,Open,Reviewed,2026-07-01
Task 2015,Priya,Open,Reviewed,2026-07-01
Task 2016,Priya,Open,Reviewed,2026-07-01
Task 2017,Priya,Open,Reviewed,2026-07-01
Task 2018,Priya,Open,Reviewed,2026-07-01
Task 2019,Priya,Open,Reviewed,2026-07-01
Task 2020,Priya,Open,Reviewed,2026-07-01
Task 2021,Priya,Open,Reviewed,2026-07-01
Task 2022,Priya,Open,Reviewed,2026-07-01
Task 2023,Priya,Open,Reviewed,2026-07-01
Task 2024,Priya,Open,Reviewed,2026-07-01
Task 2025,Priya,Open,Reviewed,2026-07-01
Task 2026,Priya,Open,Reviewed,2026-07-01
Task 2027,Priya,Open,Reviewed,2026-07-01
Task 2028,Priya,Open,Reviewed,2026-07-01
Task 2029,Priya,Open,Reviewed,2026-07-01
Task 2030,Priya,Open,Reviewed,2026-07-01
Task 2031,Priya,Open,Reviewed,2026-07-01
Task 2032,Priya,Open,Reviewed,2026-07-01
Task 2033,Priya,Open,Reviewed,2026-07-01
Task 2034,Priya,Open,Reviewed,2026-07-01
Task 2035,Priya,Open,Reviewed,2026-07-01
Task 2036,Priya,Open,Reviewed,2026-07-01
Task 2037,Priya,Open,Reviewed,2026-07-01
Task 2038,Priya,Open,Reviewed,2026-07-01
Task 2039,Priya,Open,Reviewed,2026-07-01
Task 2040,Priya,Open,Reviewed,2026-07-01
Task 2041,Priya,Open,Reviewed,2026-07-01
Task 2042,Priya,Open,Reviewed,2026-07-01
Task 2043,Priya,Open,Reviewed,2026-07-01
Task 2044,Priya,Open,Reviewed,2026-07-01
Task 2045,Priya,Open,Reviewed,2026-07-01
Task 2046,Priya,Open,Reviewed,2026-07-01
Task 2047,Priya,Open,Reviewed,2026-07-01
Task 2048,Priya,Open,Reviewed,2026-07-01
Task 2049,Priya,Open,Reviewed,2026-07-01
Task 2050,Priya,Open,Reviewed,2026-07-01
Task 2051,Priya,Open,Reviewed,2026-07-01
Task 2052,Priya,Open,Reviewed,2026-07-01
Task 2053,Priya,Open,Reviewed,2026-07-01
Task 2054,Priya,Open,Reviewed,2026-07-01
Task 2055,Priya,Open,Reviewed,2026-07-01
Task 2056,Priya,Open,Reviewed,2026-07-01
Task 2057,Priya,Open,Reviewed,2026-07-01
Task 2058,Priya,Open,Reviewed,2026-07-01
Task 2059,Priya,Open,Reviewed,2026-07-01
Task 2060,Priya,Open,Reviewed,2026-07-01
Task 2061,Priya,Open,Reviewed,2026-07-01
Task 2062,Priya,Open,Reviewed,2026-07-01
Task 2063,Priya,Open,Reviewed,2026-07-01
Task 2064,Priya,Open,Reviewed,2026-07-01
Task 2065,Priya,Open,Reviewed,2026-07-01
Task 2066,Priya,Open,Reviewed,2026-07-01
Task 2067,Priya,Open,Reviewed,2026-07-01
Task 2068,Priya,Open,Reviewed,2026-07-01
Task 2069,Priya,Open,Reviewed,2026-07-01
Task 2070,Priya,Open,Reviewed,2026-07-01
Task 2071,Priya,Open,Reviewed,2026-07-01
Task 2072,Priya,Open,Reviewed,2026-07-01
Task 2073,Priya,Open,Reviewed,2026-07-01
Task 2074,Priya,Open,Reviewed,2026-07-01
Task 2075,Priya,Open,Reviewed,2026-07-01
Task 2076,Priya,Open,Reviewed,2026-07-01
Task 2077,Priya,Open,Reviewed,2026-07-01
Task 2078,Priya,Open,Reviewed,2026-07-01
Task 2079,Priya,Open,Reviewed,2026-07-01
Task 2080,Priya,Open,Reviewed,2026-07-01
Task 2081,Priya,Open,Reviewed,2026-07-01
Task 2082,Priya,Open,Reviewed,2026-07-01
Task 2083,Priya,Open,Reviewed,2026-07-01
Task 2084,Priya,Open,Reviewed,2026-07-01
Task 2085,Priya,Open,Reviewed,2026-07-01
Task 2086,Priya,Open,Reviewed,2026-07-01
Task 2087,Priya,Open,Reviewed,2026-07-01
Task 2088,Priya,Open,Reviewed,2026-07-01
Task 2089,Priya,Open,Reviewed,2026-07-01
Task 2090,Priya,Open,Reviewed,2026-07-01
Task 2091,Priya,Open,Reviewed,2026-07-01
Task 2092,Priya,Open,Reviewed,2026-07-01
Task 2093,Priya,Open,Reviewed,2026-07-01
Task 2094,Priya,Open,Reviewed,2026-07-01
Task 2095,Priya,Open,Reviewed,2026-07-01
Task 2096,Priya,Open,Reviewed,2026-07-01
Task 2097,Priya,Open,Reviewed,2026-07-01
Task 2098,Priya,Open,Reviewed,2026-07-01
Task 2099,Priya,Open,Reviewed,2026-07-01
Task 2100,Priya,Open,Reviewed,2026-07-01
Task 2101,Priya,Open,Reviewed,2026-07-01
Task 2102,Priya,Open,Reviewed,2026-07-01
Task 2103,Priya,Open,Reviewed,2026-07-01
Task 2104,Priya,Open,Reviewed,2026-07-01
Task 2105,Priya,Open,Reviewed,2026-07-01
Task 2106,Priya,Open,Reviewed,2026-07-01
Task 2107,Priya,Open,Reviewed,2026-07-01
Task 2108,Priya,Open,Reviewed,2026-07-01
Task 2109,Priya,Open,Reviewed,2026-07-01
Task 2110,Priya,Open,Reviewed,2026-07-01
Task 2111,Priya,Open,Reviewed,2026-07-01
Task 2112,Priya,Open,Reviewed,2026-07-01
Task 2113,Priya,Open,Reviewed,2026-07-01
Task 2114,Priya,Open,Reviewed,2026-07-01
Task 2115,Priya,Open,Reviewed,2026-07-01
Task 2116,Priya,Open,Reviewed,2026-07-01
Task 2117,Priya,Open,Reviewed,2026-07-01
Task 2118,Priya,Open,Reviewed,2026-07-01
Task 2119,Priya,Open,Reviewed,2026-07-01
Task 2120,Priya,Open,Reviewed,2026-07-01
Task 2121,Priya,Open,Reviewed,2026-07-01
Task 2122,Priya,Open,Reviewed,2026-07-01
Task 2123,Priya,Open,Reviewed,2026-07-01
Task 2124,Priya,Open,Reviewed,2026-07-01
Task 2125,Priya,Open,Reviewed,2026-07-01
Task 2126,Priya,Open,Reviewed,2026-07-01
Task 2127,Priya,Open,Reviewed,2026-07-01
Task 2128,Priya,Open,Reviewed,2026-07-01
Task 2129,Priya,Open,Reviewed,2026-07-01
Task 2130,Priya,Open,Reviewed,2026-07-01
Task 2131,Priya,Open,Reviewed,2026-07-01
Task 2132,Priya,Open,Reviewed,2026-07-01
Task 2133,Priya,Open,Reviewed,2026-07-01
Task 2134,Priya,Open,Reviewed,2026-07-01
Task 2135,Priya,Open,Reviewed,2026-07-01
Task 2136,Priya,Open,Reviewed,2026-07-01
Task 2137,Priya,Open,Reviewed,2026-07-01
Task 2138,Priya,Open,Reviewed,2026-07-01
Task 2139,Priya,Open,Reviewed,2026-07-01
Task 2140,Priya,Open,Reviewed,2026-07-01
Task 2141,Priya,Open,Reviewed,2026-07-01
Task 2142,Priya,Open,Reviewed,2026-07-01
Task 2143,Priya,Open,Reviewed,2026-07-01
Task 2144,Priya,Open,Reviewed,2026-07-01
Task 2145,Priya,Open,Reviewed,2026-07-01
Task 2146,Priya,Open,Reviewed,2026-07-01
Task 2147,Priya,Open,Reviewed,2026-07-01
Task 2148,Priya,Open,Reviewed,2026-07-01
Task 2149,Priya,Open,Reviewed,2026-07-01
Task 2150,Priya,Open,Reviewed,2026-07-01
Task 2151,Priya,Open,Reviewed,2026-07-01
Task 2152,Priya,Open,Reviewed,2026-07-01
Task 2153,Priya,Open,Reviewed,2026-07-01
Task 2154,Priya,Open,Reviewed,2026-07-01
Task 2155,Priya,Open,Reviewed,2026-07-01
Task 2156,Priya,Open,Reviewed,2026-07-01
Task 2157,Priya,Open,Reviewed,2026-07-01
Task 2158,Priya,Open,Reviewed,2026-07-01
Task 2159,Priya,Open,Reviewed,2026-07-01
Task 2160,Priya,Open,Reviewed,2026-07-01
Task 2161,Priya,Open,Reviewed,2026-07-01
Task 2162,Priya,Open,Reviewed,2026-07-01
Task 2163,Priya,Open,Reviewed,2026-07-01
Task 2164,Priya,Open,Reviewed,2026-07-01
Task 2165,Priya,Open,Reviewed,2026-07-01
Task 2166,Priya,Open,Reviewed,2026-07-01
Task 2167,Priya,Open,Reviewed,2026-07-01
Task 2168,Priya,Open,Reviewed,2026-07-01
Task 2169,Priya,Open,Reviewed,2026-07-01
Task 2170,Priya,Open,Reviewed,2026-07-01
Task 2171,Priya,Open,Reviewed,2026-07-01
Task 2172,Priya,Open,Reviewed,2026-07-01
Task 2173,Priya,Open,Reviewed,2026-07-01
Task 2174,Priya,Open,Reviewed,2026-07-01
Task 2175,Priya,Open,Reviewed,2026-07-01
Task 2176,Priya,Open,Reviewed,2026-07-01
Task 2177,Priya,Open,Reviewed,2026-07-01
Task 2178,Priya,Open,Reviewed,2026-07-01
Task 2179,Priya,Open,Reviewed,2026-07-01
Task 2180,Priya,Open,Reviewed,2026-07-01
Task 2181,Priya,Open,Reviewed,2026-07-01
Task 2182,Priya,Open,Reviewed,2026-07-01
Task 2183,Priya,Open,Reviewed,2026-07-01
Task 2184,Priya,Open,Reviewed,2026-07-01
Task 2185,Priya,Open,Reviewed,2026-07-01
Task 2186,Priya,Open,Reviewed,2026-07-01
Task 2187,Priya,Open,Reviewed,2026-07-01
Task 2188,Priya,Open,Reviewed,2026-07-01
Task 2189,Priya,Open,Reviewed,2026-07-01
Task 2190,Priya,Open,Reviewed,2026-07-01
Task 2191,Priya,Open,Reviewed,2026-07-01
Task 2192,Priya,Open,Reviewed,2026-07-01
Task 2193,Priya,Open,Reviewed,2026-07-01
Task 2194,Priya,Open,Reviewed,2026-07-01
Task 2195,Priya,Open,Reviewed,2026-07-01
Task 2196,Priya,Open,Reviewed,2026-07-01
Task 2197,Priya,Open,Reviewed,2026-07-01
Task 2198,Priya,Open,Reviewed,2026-07-01
Task 2199,Priya,Open,Reviewed,2026-07-01
Task 2200,Priya,Open,Reviewed,2026-07-01
Task 2201,Priya,Open,Reviewed,2026-07-01
Task 2202,Priya,Open,Reviewed,2026-07-01
Task 2203,Priya,Open,Reviewed,2026-07-01
Task 2204,Priya,Open,Reviewed,2026-07-01
Task 2205,Priya,Open,Reviewed,2026-07-01
Task 2206,Priya,Open,Reviewed,2026-07-01
Task 2207,Priya,Open,Reviewed,2026-07-01
Task 2208,Priya,Open,Reviewed,2026-07-01
Task 2209,Priya,Open,Reviewed,2026-07-01
Task 2210,Priya,Open,Reviewed,2026-07-01
Task 2211,Priya,Open,Reviewed,2026-07-01
Task 2212,Priya,Open,Reviewed,2026-07-01
Task 2213,Priya,Open,Reviewed,2026-07-01
Task 2214,Priya,Open,Reviewed,2026-07-01
Task 2215,Priya,Open,Reviewed,2026-07-01
Task 2216,Priya,Open,Reviewed,2026-07-01
Task 2217,Priya,Open,Reviewed,2026-07-01
Task 2218,Priya,Open,Reviewed,2026-07-01
Task 2219,Priya,Open,Reviewed,2026-07-01
Task 2220,Priya,Open,Reviewed,2026-07-01
Task 2221,Priya,Open,Reviewed,2026-07-01
Task 2222,Priya,Open,Reviewed,2026-07-01
Task 2223,Priya,Open,Reviewed,2026-07-01
Task 2224,Priya,Open,Reviewed,2026-07-01
Task 2225,Priya,Open,Reviewed,2026-07-01
Task 2226,Priya,Open,Reviewed,2026-07-01
Task 2227,Priya,Open,Reviewed,2026-07-01
Task 2228,Priya,Open,Reviewed,2026-07-01
Task 2229,Priya,Open,Reviewed,2026-07-01
Task 2230,Priya,Open,Reviewed,2026-07-01
Task 2231,Priya,Open,Reviewed,2026-07-01
Task 2232,Priya,Open,Reviewed,2026-07-01
Task 2233,Priya,Open,Reviewed,2026-07-01
Task 2234,Priya,Open,Reviewed,2026-07-01
Task 2235,Priya,Open,Reviewed,2026-07-01
Task 2236,Priya,Open,Reviewed,2026-07-01
Task 2237,Priya,Open,Reviewed,2026-07-01
Task 2238,Priya,Open,Reviewed,2026-07-01
Task 2239,Priya,Open,Reviewed,2026-07-01
Task 2240,Priya,Open,Reviewed,2026-07-01
Task 2241,Priya,Open,Reviewed,2026-07-01
Task 2242,Priya,Open,Reviewed,2026-07-01
Task 2243,Priya,Open,Reviewed,2026-07-01
Task 2244,Priya,Open,Reviewed,2026-07-01
Task 2245,Priya,Open,Reviewed,2026-07-01
Task 2246,Priya,Open,Reviewed,2026-07-01
Task 2247,Priya,Open,Reviewed,2026-07-01
Task 2248,Priya,Open,Reviewed,2026-07-01
Task 2249,Priya,Open,Reviewed,2026-07-01
Task 2250,Priya,Open,Reviewed,2026-07-01
Task 2251,Priya,Open,Reviewed,2026-07-01
Task 2252,Priya,Open,Reviewed,2026-07-01
Task 2253,Priya,Open,Reviewed,2026-07-01
Task 2254,Priya,Open,Reviewed,2026-07-01
Task 2255,Priya,Open,Reviewed,2026-07-01
Task 2256,Priya,Open,Reviewed,2026-07-01
Task 2257,Priya,Open,Reviewed,2026-07-01
Task 2258,Priya,Open,Reviewed,2026-07-01
Task 2259,Priya,Open,Reviewed,2026-07-01
Task 2260,Priya,Open,Reviewed,2026-07-01
Task 2261,Priya,Open,Reviewed,2026-07-01
Task 2262,Priya,Open,Reviewed,2026-07-01
Task 2263,Priya,Open,Reviewed,2026-07-01
Task 2264,Priya,Open,Reviewed,2026-07-01
Task 2265,Priya,Open,Reviewed,2026-07-01
Task 2266,Priya,Open,Reviewed,2026-07-01
Task 2267,Priya,Open,Reviewed,2026-07-01
Task 2268,Priya,Open,Reviewed,2026-07-01
Task 2269,Priya,Open,Reviewed,2026-07-01
Task 2270,Priya,Open,Reviewed,2026-07-01
Task 2271,Priya,Open,Reviewed,2026-07-01
Task 2272,Priya,Open,Reviewed,2026-07-01
Task 2273,Priya,Open,Reviewed,2026-07-01
Task 2274,Priya,Open,Reviewed,2026-07-01
Task 2275,Priya,Open,Reviewed,2026-07-01
Task 2276,Priya,Open,Reviewed,2026-07-01
Task 2277,Priya,Open,Reviewed,2026-07-01
Task 2278,Priya,Open,Reviewed,2026-07-01
Task 2279,Priya,Open,Reviewed,2026-07-01
Task 2280,Priya,Open,Reviewed,2026-07-01
Task 2281,Priya,Open,Reviewed,2026-07-01
Task 2282,Priya,Open,Reviewed,2026-07-01
Task 2283,Priya,Open,Reviewed,2026-07-01
Task 2284,Priya,Open,Reviewed,2026-07-01
Task 2285,Priya,Open,Reviewed,2026-07-01
Task 2286,Priya,Open,Reviewed,2026-07-01
Task 2287,Priya,Open,Reviewed,2026-07-01
Task 2288,Priya,Open,Reviewed,2026-07-01
Task 2289,Priya,Open,Reviewed,2026-07-01
Task 2290,Priya,Open,Reviewed,2026-07-01
Task 2291,Priya,Open,Reviewed,2026-07-01
Task 2292,Priya,Open,Reviewed,2026-07-01
Task 2293,Priya,Open,Reviewed,2026-07-01
Task 2294,Priya,Open,Reviewed,2026-07-01
Task 2295,Priya,Open,Reviewed,2026-07-01
Task 2296,Priya,Open,Reviewed,2026-07-01
Task 2297,Priya,Open,Reviewed,2026-07-01
Task 2298,Priya,Open,Reviewed,2026-07-01
Task 2299,Priya,Open,Reviewed,2026-07-01
Task 2300,Priya,Open,Reviewed,2026-07-01
Task 2301,Priya,Open,Reviewed,2026-07-01
Task 2302,Priya,Open,Reviewed,2026-07-01
Task 2303,Priya,Open,Reviewed,2026-07-01
Task 2304,Priya,Open,Reviewed,2026-07-01
Task 2305,Priya,Open,Reviewed,2026-07-01
Task 2306,Priya,Open,Reviewed,2026-07-01
Task 2307,Priya,Open,Reviewed,2026-07-01
Task 2308,Priya,Open,Reviewed,2026-07-01
Task 2309,Priya,Open,Reviewed,2026-07-01
Task 2310,Priya,Open,Reviewed,2026-07-01
Task 2311,Priya,Open,Reviewed,2026-07-01
Task 2312,Priya,Open,Reviewed,2026-07-01
Task 2313,Priya,Open,Reviewed,2026-07-01
Task 2314,Priya,Open,Reviewed,2026-07-01
Task 2315,Priya,Open,Reviewed,2026-07-01
Task 2316,Priya,Open,Reviewed,2026-07-01
Task 2317,Priya,Open,Reviewed,2026-07-01
Task 2318,Priya,Open,Reviewed,2026-07-01
Task 2319,Priya,Open,Reviewed,2026-07-01
Task 2320,Priya,Open,Reviewed,2026-07-01
Task 2321,Priya,Open,Reviewed,2026-07-01
Task 2322,Priya,Open,Reviewed,2026-07-01
Task 2323,Priya,Open,Reviewed,2026-07-01
Task 2324,Priya,Open,Reviewed,2026-07-01
Task 2325,Priya,Open,Reviewed,2026-07-01
Task 2326,Priya,Open,Reviewed,2026-07-01
Task 2327,Priya,Open,Reviewed,2026-07-01
Task 2328,Priya,Open,Reviewed,2026-07-01
Task 2329,Priya,Open,Reviewed,2026-07-01
Task 2330,Priya,Open,Reviewed,2026-07-01
Task 2331,Priya,Open,Reviewed,2026-07-01
Task 2332,Priya,Open,Reviewed,2026-07-01
Task 2333,Priya,Open,Reviewed,2026-07-01
Task 2334,Priya,Open,Reviewed,2026-07-01
Task 2335,Priya,Open,Reviewed,2026-07-01
Task 2336,Priya,Open,Reviewed,2026-07-01
Task 2337,Priya,Open,Reviewed,2026-07-01
Task 2338,Priya,Open,Reviewed,2026-07-01
Task 2339,Priya,Open,Reviewed,2026-07-01
Task 2340,Priya,Open,Reviewed,2026-07-01
Task 2341,Priya,Open,Reviewed,2026-07-01
Task 2342,Priya,Open,Reviewed,2026-07-01
Task 2343,Priya,Open,Reviewed,2026-07-01
Task 2344,Priya,Open,Reviewed,2026-07-01
Task 2345,Priya,Open,Reviewed,2026-07-01
Task 2346,Priya,Open,Reviewed,2026-07-01
Task 2347,Priya,Open,Reviewed,2026-07-01
Task 2348,Priya,Open,Reviewed,2026-07-01
Task 2349,Priya,Open,Reviewed,2026-07-01
Task 2350,Priya,Open,Reviewed,2026-07-01
Task 2351,Priya,Open,Reviewed,2026-07-01
Task 2352,Priya,Open,Reviewed,2026-07-01
Task 2353,Priya,Open,Reviewed,2026-07-01
Task 2354,Priya,Open,Reviewed,2026-07-01
Task 2355,Priya,Open,Reviewed,2026-07-01
Task 2356,Priya,Open,Reviewed,2026-07-01
Task 2357,Priya,Open,Reviewed,2026-07-01
Task 2358,Priya,Open,Reviewed,2026-07-01
Task 2359,Priya,Open,Reviewed,2026-07-01
Task 2360,Priya,Open,Reviewed,2026-07-01
Task 2361,Priya,Open,Reviewed,2026-07-01
Task 2362,Priya,Open,Reviewed,2026-07-01
Task 2363,Priya,Open,Reviewed,2026-07-01
Task 2364,Priya,Open,Reviewed,2026-07-01
Task 2365,Priya,Open,Reviewed,2026-07-01
Task 2366,Priya,Open,Reviewed,2026-07-01
Task 2367,Priya,Open,Reviewed,2026-07-01
Task 2368,Priya,Open,Reviewed,2026-07-01
Task 2369,Priya,Open,Reviewed,2026-07-01
Task 2370,Priya,Open,Reviewed,2026-07-01
Task 2371,Priya,Open,Reviewed,2026-07-01
Task 2372,Priya,Open,Reviewed,2026-07-01
Task 2373,Priya,Open,Reviewed,2026-07-01
Task 2374,Priya,Open,Reviewed,2026-07-01
Task 2375,Priya,Open,Reviewed,2026-07-01
Task 2376,Priya,Open,Reviewed,2026-07-01
Task 2377,Priya,Open,Reviewed,2026-07-01
Task 2378,Priya,Open,Reviewed,2026-07-01
Task 2379,Priya,Open,Reviewed,2026-07-01
Task 2380,Priya,Open,Reviewed,2026-07-01
Task 2381,Priya,Open,Reviewed,2026-07-01
Task 2382,Priya,Open,Reviewed,2026-07-01
Task 2383,Priya,Open,Reviewed,2026-07-01
Task 2384,Priya,Open,Reviewed,2026-07-01
Task 2385,Priya,Open,Reviewed,2026-07-01
Task 2386,Priya,Open,Reviewed,2026-07-01
Task 2387,Priya,Open,Reviewed,2026-07-01
Task 2388,Priya,Open,Reviewed,2026-07-01
Task 2389,Priya,Open,Reviewed,2026-07-01
Task 2390,Priya,Open,Reviewed,2026-07-01
Task 2391,Priya,Open,Reviewed,2026-07-01
Task 2392,Priya,Open,Reviewed,2026-07-01
Task 2393,Priya,Open,Reviewed,2026-07-01
Task 2394,Priya,Open,Reviewed,2026-07-01
Task 2395,Priya,Open,Reviewed,2026-07-01
Task 2396,Priya,Open,Reviewed,2026-07-01
Task 2397,Priya,Open,Reviewed,2026-07-01
Task 2398,Priya,Open,Reviewed,2026-07-01
Task 2399,Priya,Open,Reviewed,2026-07-01
Task 2400,Priya,Open,Reviewed,2026-07-01
Task 2401,Priya,Open,Reviewed,2026-07-01
Task 2402,Priya,Open,Reviewed,2026-07-01
Task 2403,Priya,Open,Reviewed,2026-07-01
Task 2404,Priya,Open,Reviewed,2026-07-01
Task 2405,Priya,Open,Reviewed,2026-07-01
Task 2406,Priya,Open,Reviewed,2026-07-01
Task 2407,Priya,Open,Reviewed,2026-07-01
Task 2408,Priya,Open,Reviewed,2026-07-01
Task 2409,Priya,Open,Reviewed,2026-07-01
Task 2410,Priya,Open,Reviewed,2026-07-01
Task 2411,Priya,Open,Reviewed,2026-07-01
Task 2412,Priya,Open,Reviewed,2026-07-01
Task 2413,Priya,Open,Reviewed,2026-07-01
Task 2414,Priya,Open,Reviewed,2026-07-01
Task 2415,Priya,Open,Reviewed,2026-07-01
Task 2416,Priya,Open,Reviewed,2026-07-01
Task 2417,Priya,Open,Reviewed,2026-07-01
Task 2418,Priya,Open,Reviewed,2026-07-01
Task 2419,Priya,Open,Reviewed,2026-07-01
Task 2420,Priya,Open,Reviewed,2026-07-01
Task 2421,Priya,Open,Reviewed,2026-07-01
Task 2422,Priya,Open,Reviewed,2026-07-01
Task 2423,Priya,Open,Reviewed,2026-07-01
Task 2424,Priya,Open,Reviewed,2026-07-01
Task 2425,Priya,Open,Reviewed,2026-07-01
Task 2426,Priya,Open,Reviewed,2026-07-01
Task 2427,Priya,Open,Reviewed,2026-07-01
Task 2428,Priya,Open,Reviewed,2026-07-01
Task 2429,Priya,Open,Reviewed,2026-07-01
Task 2430,Priya,Open,Reviewed,2026-07-01
Task 2431,Priya,Open,Reviewed,2026-07-01
Task 2432,Priya,Open,Reviewed,2026-07-01
Task 2433,Priya,Open,Reviewed,2026-07-01
Task 2434,Priya,Open,Reviewed,2026-07-01
Task 2435,Priya,Open,Reviewed,2026-07-01
Task 2436,Priya,Open,Reviewed,2026-07-01
Task 2437,Priya,Open,Reviewed,2026-07-01
Task 2438,Priya,Open,Reviewed,2026-07-01
Task 2439,Priya,Open,Reviewed,2026-07-01
Task 2440,Priya,Open,Reviewed,2026-07-01
Task 2441,Priya,Open,Reviewed,2026-07-01
Task 2442,Priya,Open,Reviewed,2026-07-01
Task 2443,Priya,Open,Reviewed,2026-07-01
Task 2444,Priya,Open,Reviewed,2026-07-01
Task 2445,Priya,Open,Reviewed,2026-07-01
Task 2446,Priya,Open,Reviewed,2026-07-01
Task 2447,Priya,Open,Reviewed,2026-07-01
Task 2448,Priya,Open,Reviewed,2026-07-01
Task 2449,Priya,Open,Reviewed,2026-07-01
Task 2450,Priya,Open,Reviewed,2026-07-01
Task 2451,Priya,Open,Reviewed,2026-07-01
Task 2452,Priya,Open,Reviewed,2026-07-01
Task 2453,Priya,Open,Reviewed,2026-07-01
Task 2454,Priya,Open,Reviewed,2026-07-01
Task 2455,Priya,Open,Reviewed,2026-07-01
Task 2456,Priya,Open,Reviewed,2026-07-01
Task 2457,Priya,Open,Reviewed,2026-07-01
Task 2458,Priya,Open,Reviewed,2026-07-01
Task 2459,Priya,Open,Reviewed,2026-07-01
Task 2460,Priya,Open,Reviewed,2026-07-01
Task 2461,Priya,Open,Reviewed,2026-07-01
Task 2462,Priya,Open,Reviewed,2026-07-01
Task 2463,Priya,Open,Reviewed,2026-07-01
Task 2464,Priya,Open,Reviewed,2026-07-01
Task 2465,Priya,Open,Reviewed,2026-07-01
Task 2466,Priya,Open,Reviewed,2026-07-01
Task 2467,Priya,Open,Reviewed,2026-07-01
Task 2468,Priya,Open,Reviewed,2026-07-01
Task 2469,Priya,Open,Reviewed,2026-07-01
Task 2470,Priya,Open,Reviewed,2026-07-01
Task 2471,Priya,Open,Reviewed,2026-07-01
Task 2472,Priya,Open,Reviewed,2026-07-01
Task 2473,Priya,Open,Reviewed,2026-07-01
Task 2474,Priya,Open,Reviewed,2026-07-01
Task 2475,Priya,Open,Reviewed,2026-07-01
Task 2476,Priya,Open,Reviewed,2026-07-01
Task 2477,Priya,Open,Reviewed,2026-07-01
Task 2478,Priya,Open,Reviewed,2026-07-01
Task 2479,Priya,Open,Reviewed,2026-07-01
Task 2480,Priya,Open,Reviewed,2026-07-01
Task 2481,Priya,Open,Reviewed,2026-07-01
Task 2482,Priya,Open,Reviewed,2026-07-01
Task 2483,Priya,Open,Reviewed,2026-07-01
Task 2484,Priya,Open,Reviewed,2026-07-01
Task 2485,Priya,Open,Reviewed,2026-07-01
Task 2486,Priya,Open,Reviewed,2026-07-01
Task 2487,Priya,Open,Reviewed,2026-07-01
Task 2488,Priya,Open,Reviewed,2026-07-01
Task 2489,Priya,Open,Reviewed,2026-07-01
Task 2490,Priya,Open,Reviewed,2026-07-01
Task 2491,Priya,Open,Reviewed,2026-07-01
Task 2492,Priya,Open,Reviewed,2026-07-01
Task 2493,Priya,Open,Reviewed,2026-07-01
Task 2494,Priya,Open,Reviewed,2026-07-01
Task 2495,Priya,Open,Reviewed,2026-07-01
Task 2496,Priya,Open,Reviewed,2026-07-01
Task 2497,Priya,Open,Reviewed,2026-07-01
Task 2498,Priya,Open,Reviewed,2026-07-01
Task 2499,Priya,Open,Reviewed,2026-07-01
Task 2500,Priya,Open,Reviewed,2026-07-01
Task 2501,Priya,Open,Reviewed,2026-07-01
Task 2502,Priya,Open,Reviewed,2026-07-01
Task 2503,Priya,Open,Reviewed,2026-07-01
Task 2504,Priya,Open,Reviewed,2026-07-01
Task 2505,Priya,Open,Reviewed,2026-07-01
Task 2506,Priya,Open,Reviewed,2026-07-01
Task 2507,Priya,Open,Reviewed,2026-07-01
Task 2508,Priya,Open,Reviewed,2026-07-01
Task 2509,Priya,Open,Reviewed,2026-07-01
Task 2510,Priya,Open,Reviewed,2026-07-01
Task 2511,Priya,Open,Reviewed,2026-07-01
Task 2512,Priya,Open,Reviewed,2026-07-01
Task 2513,Priya,Open,Reviewed,2026-07-01
Task 2514,Priya,Open,Reviewed,2026-07-01
Task 2515,Priya,Open,Reviewed,2026-07-01
Task 2516,Priya,Open,Reviewed,2026-07-01
Task 2517,Priya,Open,Reviewed,2026-07-01
Task 2518,Priya,Open,Reviewed,2026-07-01
Task 2519,Priya,Open,Reviewed,2026-07-01
Task 2520,Priya,Open,Reviewed,2026-07-01
Task 2521,Priya,Open,Reviewed,2026-07-01
Task 2522,Priya,Open,Reviewed,2026-07-01
Task 2523,Priya,Open,Reviewed,2026-07-01
Task 2524,Priya,Open,Reviewed,2026-07-01
Task 2525,Priya,Open,Reviewed,2026-07-01
Task 2526,Priya,Open,Reviewed,2026-07-01
Task 2527,Priya,Open,Reviewed,2026-07-01
Task 2528,Priya,Open,Reviewed,2026-07-01
Task 2529,Priya,Open,Reviewed,2026-07-01
Task 2530,Priya,Open,Reviewed,2026-07-01
Task 2531,Priya,Open,Reviewed,2026-07-01
Task 2532,Priya,Open,Reviewed,2026-07-01
Task 2533,Priya,Open,Reviewed,2026-07-01
Task 2534,Priya,Open,Reviewed,2026-07-01
Task 2535,Priya,Open,Reviewed,2026-07-01
Task 2536,Priya,Open,Reviewed,2026-07-01
Task 2537,Priya,Open,Reviewed,2026-07-01
Task 2538,Priya,Open,Reviewed,2026-07-01
Task 2539,Priya,Open,Reviewed,2026-07-01
Task 2540,Priya,Open,Reviewed,2026-07-01
Task 2541,Priya,Open,Reviewed,2026-07-01
Task 2542,Priya,Open,Reviewed,2026-07-01
Task 2543,Priya,Open,Reviewed,2026-07-01
Task 2544,Priya,Open,Reviewed,2026-07-01
Task 2545,Priya,Open,Reviewed,2026-07-01
Task 2546,Priya,Open,Reviewed,2026-07-01
Task 2547,Priya,Open,Reviewed,2026-07-01
Task 2548,Priya,Open,Reviewed,2026-07-01
Task 2549,Priya,Open,Reviewed,2026-07-01
Task 2550,Priya,Open,Reviewed,2026-07-01
Task 2551,Priya,Open,Reviewed,2026-07-01
Task 2552,Priya,Open,Reviewed,2026-07-01
Task 2553,Priya,Open,Reviewed,2026-07-01
Task 2554,Priya,Open,Reviewed,2026-07-01
Task 2555,Priya,Open,Reviewed,2026-07-01
Task 2556,Priya,Open,Reviewed,2026-07-01
Task 2557,Priya,Open,Reviewed,2026-07-01
Task 2558,Priya,Open,Reviewed,2026-07-01
Task 2559,Priya,Open,Reviewed,2026-07-01
Task 2560,Priya,Open,Reviewed,2026-07-01
Task 2561,Priya,Open,Reviewed,2026-07-01
Task 2562,Priya,Open,Reviewed,2026-07-01
Task 2563,Priya,Open,Reviewed,2026-07-01
Task 2564,Priya,Open,Reviewed,2026-07-01
Task 2565,Priya,Open,Reviewed,2026-07-01
Task 2566,Priya,Open,Reviewed,2026-07-01
Task 2567,Priya,Open,Reviewed,2026-07-01
Task 2568,Priya,Open,Reviewed,2026-07-01
Task 2569,Priya,Open,Reviewed,2026-07-01
Task 2570,Priya,Open,Reviewed,2026-07-01
Task 2571,Priya,Open,Reviewed,2026-07-01
Task 2572,Priya,Open,Reviewed,2026-07-01
Task 2573,Priya,Open,Reviewed,2026-07-01
Task 2574,Priya,Open,Reviewed,2026-07-01
Task 2575,Priya,Open,Reviewed,2026-07-01
Task 2576,Priya,Open,Reviewed,2026-07-01
Task 2577,Priya,Open,Reviewed,2026-07-01
Task 2578,Priya,Open,Reviewed,2026-07-01
Task 2579,Priya,Open,Reviewed,2026-07-01
Task 2580,Priya,Open,Reviewed,2026-07-01
Task 2581,Priya,Open,Reviewed,2026-07-01
Task 2582,Priya,Open,Reviewed,2026-07-01
Task 2583,Priya,Open,Reviewed,2026-07-01
Task 2584,Priya,Open,Reviewed,2026-07-01
Task 2585,Priya,Open,Reviewed,2026-07-01
Task 2586,Priya,Open,Reviewed,2026-07-01
Task 2587,Priya,Open,Reviewed,2026-07-01
Task 2588,Priya,Open,Reviewed,2026-07-01
Task 2589,Priya,Open,Reviewed,2026-07-01
Task 2590,Priya,Open,Reviewed,2026-07-01
Task 2591,Priya,Open,Reviewed,2026-07-01
Task 2592,Priya,Open,Reviewed,2026-07-01
Task 2593,Priya,Open,Reviewed,2026-07-01
Task 2594,Priya,Open,Reviewed,2026-07-01
Task 2595,Priya,Open,Reviewed,2026-07-01
Task 2596,Priya,Open,Reviewed,2026-07-01
Task 2597,Priya,Open,Reviewed,2026-07-01
Task 2598,Priya,Open,Reviewed,2026-07-01
Task 2599,Priya,Open,Reviewed,2026-07-01
Task 2600,Priya,Open,Reviewed,2026-07-01
Task 2601,Priya,Open,Reviewed,2026-07-01
Task 2602,Priya,Open,Reviewed,2026-07-01
Task 2603,Priya,Open,Reviewed,2026-07-01
Task 2604,Priya,Open,Reviewed,2026-07-01
Task 2605,Priya,Open,Reviewed,2026-07-01
Task 2606,Priya,Open,Reviewed,2026-07-01
Task 2607,Priya,Open,Reviewed,2026-07-01
Task 2608,Priya,Open,Reviewed,2026-07-01
Task 2609,Priya,Open,Reviewed,2026-07-01
Task 2610,Priya,Open,Reviewed,2026-07-01
Task 2611,Priya,Open,Reviewed,2026-07-01
Task 2612,Priya,Open,Reviewed,2026-07-01
Task 2613,Priya,Open,Reviewed,2026-07-01
Task 2614,Priya,Open,Reviewed,2026-07-01
Task 2615,Priya,Open,Reviewed,2026-07-01
Task 2616,Priya,Open,Reviewed,2026-07-01
Task 2617,Priya,Open,Reviewed,2026-07-01
Task 2618,Priya,Open,Reviewed,2026-07-01
Task 2619,Priya,Open,Reviewed,2026-07-01
Task 2620,Priya,Open,Reviewed,2026-07-01
Task 2621,Priya,Open,Reviewed,2026-07-01
Task 2622,Priya,Open,Reviewed,2026-07-01
Task 2623,Priya,Open,Reviewed,2026-07-01
Task 2624,Priya,Open,Reviewed,2026-07-01
Task 2625,Priya,Open,Reviewed,2026-07-01
Task 2626,Priya,Open,Reviewed,2026-07-01
Task 2627,Priya,Open,Reviewed,2026-07-01
Task 2628,Priya,Open,Reviewed,2026-07-01
Task 2629,Priya,Open,Reviewed,2026-07-01
Task 2630,Priya,Open,Reviewed,2026-07-01
Task 2631,Priya,Open,Reviewed,2026-07-01
Task 2632,Priya,Open,Reviewed,2026-07-01
Task 2633,Priya,Open,Reviewed,2026-07-01
Task 2634,Priya,Open,Reviewed,2026-07-01
Task 2635,Priya,Open,Reviewed,2026-07-01
Task 2636,Priya,Open,Reviewed,2026-07-01
Task 2637,Priya,Open,Reviewed,2026-07-01
Task 2638,Priya,Open,Reviewed,2026-07-01
Task 2639,Priya,Open,Reviewed,2026-07-01
Task 2640,Priya,Open,Reviewed,2026-07-01
Task 2641,Priya,Open,Reviewed,2026-07-01
Task 2642,Priya,Open,Reviewed,2026-07-01
Task 2643,Priya,Open,Reviewed,2026-07-01
Task 2644,Priya,Open,Reviewed,2026-07-01
Task 2645,Priya,Open,Reviewed,2026-07-01
Task 2646,Priya,Open,Reviewed,2026-07-01
Task 2647,Priya,Open,Reviewed,2026-07-01
Task 2648,Priya,Open,Reviewed,2026-07-01
Task 2649,Priya,Open,Reviewed,2026-07-01
Task 2650,Priya,Open,Reviewed,2026-07-01
Task 2651,Priya,Open,Reviewed,2026-07-01
Task 2652,Priya,Open,Reviewed,2026-07-01
Task 2653,Priya,Open,Reviewed,2026-07-01
Task 2654,Priya,Open,Reviewed,2026-07-01
Task 2655,Priya,Open,Reviewed,2026-07-01
Task 2656,Priya,Open,Reviewed,2026-07-01
Task 2657,Priya,Open,Reviewed,2026-07-01
Task 2658,Priya,Open,Reviewed,2026-07-01
Task 2659,Priya,Open,Reviewed,2026-07-01
Task 2660,Priya,Open,Reviewed,2026-07-01
Task 2661,Priya,Open,Reviewed,2026-07-01
Task 2662,Priya,Open,Reviewed,2026-07-01
Task 2663,Priya,Open,Reviewed,2026-07-01
Task 2664,Priya,Open,Reviewed,2026-07-01
Task 2665,Priya,Open,Reviewed,2026-07-01
Task 2666,Priya,Open,Reviewed,2026-07-01
Task 2667,Priya,Open,Reviewed,2026-07-01
Task 2668,Priya,Open,Reviewed,2026-07-01
Task 2669,Priya,Open,Reviewed,2026-07-01
Task 2670,Priya,Open,Reviewed,2026-07-01
Task 2671,Priya,Open,Reviewed,2026-07-01
Task 2672,Priya,Open,Reviewed,2026-07-01
Task 2673,Priya,Open,Reviewed,2026-07-01
Task 2674,Priya,Open,Reviewed,2026-07-01
Task 2675,Priya,Open,Reviewed,2026-07-01
Task 2676,Priya,Open,Reviewed,2026-07-01
Task 2677,Priya,Open,Reviewed,2026-07-01
Task 2678,Priya,Open,Reviewed,2026-07-01
Task 2679,Priya,Open,Reviewed,2026-07-01
Task 2680,Priya,Open,Reviewed,2026-07-01
Task 2681,Priya,Open,Reviewed,2026-07-01
Task 2682,Priya,Open,Reviewed,2026-07-01
Task 2683,Priya,Open,Reviewed,2026-07-01
Task 2684,Priya,Open,Reviewed,2026-07-01
Task 2685,Priya,Open,Reviewed,2026-07-01
Task 2686,Priya,Open,Reviewed,2026-07-01
Task 2687,Priya,Open,Reviewed,2026-07-01
Task 2688,Priya,Open,Reviewed,2026-07-01
Task 2689,Priya,Open,Reviewed,2026-07-01
Task 2690,Priya,Open,Reviewed,2026-07-01
Task 2691,Priya,Open,Reviewed,2026-07-01
Task 2692,Priya,Open,Reviewed,2026-07-01
Task 2693,Priya,Open,Reviewed,2026-07-01
Task 2694,Priya,Open,Reviewed,2026-07-01
Task 2695,Priya,Open,Reviewed,2026-07-01
Task 2696,Priya,Open,Reviewed,2026-07-01
Task 2697,Priya,Open,Reviewed,2026-07-01
Task 2698,Priya,Open,Reviewed,2026-07-01
Task 2699,Priya,Open,Reviewed,2026-07-01
Task 2700,Priya,Open,Reviewed,2026-07-01
Task 2701,Priya,Open,Reviewed,2026-07-01
Task 2702,Priya,Open,Reviewed,2026-07-01
Task 2703,Priya,Open,Reviewed,2026-07-01
Task 2704,Priya,Open,Reviewed,2026-07-01
Task 2705,Priya,Open,Reviewed,2026-07-01
Task 2706,Priya,Open,Reviewed,2026-07-01
Task 2707,Priya,Open,Reviewed,2026-07-01
Task 2708,Priya,Open,Reviewed,2026-07-01
Task 2709,Priya,Open,Reviewed,2026-07-01
Task 2710,Priya,Open,Reviewed,2026-07-01
Task 2711,Priya,Open,Reviewed,2026-07-01
Task 2712,Priya,Open,Reviewed,2026-07-01
Task 2713,Priya,Open,Reviewed,2026-07-01
Task 2714,Priya,Open,Reviewed,2026-07-01
Task 2715,Priya,Open,Reviewed,2026-07-01
Task 2716,Priya,Open,Reviewed,2026-07-01
Task 2717,Priya,Open,Reviewed,2026-07-01
Task 2718,Priya,Open,Reviewed,2026-07-01
Task 2719,Priya,Open,Reviewed,2026-07-01
Task 2720,Priya,Open,Reviewed,2026-07-01
Task 2721,Priya,Open,Reviewed,2026-07-01
Task 2722,Priya,Open,Reviewed,2026-07-01
Task 2723,Priya,Open,Reviewed,2026-07-01
Task 2724,Priya,Open,Reviewed,2026-07-01
Task 2725,Priya,Open,Reviewed,2026-07-01
Task 2726,Priya,Open,Reviewed,2026-07-01
Task 2727,Priya,Open,Reviewed,2026-07-01
Task 2728,Priya,Open,Reviewed,2026-07-01
Task 2729,Priya,Open,Reviewed,2026-07-01
Task 2730,Priya,Open,Reviewed,2026-07-01
Task 2731,Priya,Open,Reviewed,2026-07-01
Task 2732,Priya,Open,Reviewed,2026-07-01
Task 2733,Priya,Open,Reviewed,2026-07-01
Task 2734,Priya,Open,Reviewed,2026-07-01
Task 2735,Priya,Open,Reviewed,2026-07-01
Task 2736,Priya,Open,Reviewed,2026-07-01
Task 2737,Priya,Open,Reviewed,2026-07-01
Task 2738,Priya,Open,Reviewed,2026-07-01
Task 2739,Priya,Open,Reviewed,2026-07-01
Task 2740,Priya,Open,Reviewed,2026-07-01
Task 2741,Priya,Open,Reviewed,2026-07-01
Task 2742,Priya,Open,Reviewed,2026-07-01
Task 2743,Priya,Open,Reviewed,2026-07-01
Task 2744,Priya,Open,Reviewed,2026-07-01
Task 2745,Priya,Open,Reviewed,2026-07-01
Task 2746,Priya,Open,Reviewed,2026-07-01
Task 2747,Priya,Open,Reviewed,2026-07-01
Task 2748,Priya,Open,Reviewed,2026-07-01
Task 2749,Priya,Open,Reviewed,2026-07-01
Task 2750,Priya,Open,Reviewed,2026-07-01
Task 2751,Priya,Open,Reviewed,2026-07-01
Task 2752,Priya,Open,Reviewed,2026-07-01
Task 2753,Priya,Open,Reviewed,2026-07-01
Task 2754,Priya,Open,Reviewed,2026-07-01
Task 2755,Priya,Open,Reviewed,2026-07-01
Task 2756,Priya,Open,Reviewed,2026-07-01
Task 2757,Priya,Open,Reviewed,2026-07-01
Task 2758,Priya,Open,Reviewed,2026-07-01
Task 2759,Priya,Open,Reviewed,2026-07-01
Task 2760,Priya,Open,Reviewed,2026-07-01
Task 2761,Priya,Open,Reviewed,2026-07-01
Task 2762,Priya,Open,Reviewed,2026-07-01
Task 2763,Priya,Open,Reviewed,2026-07-01
Task 2764,Priya,Open,Reviewed,2026-07-01
Task 2765,Priya,Open,Reviewed,2026-07-01
Task 2766,Priya,Open,Reviewed,2026-07-01
Task 2767,Priya,Open,Reviewed,2026-07-01
Task 2768,Priya,Open,Reviewed,2026-07-01
Task 2769,Priya,Open,Reviewed,2026-07-01
Task 2770,Priya,Open,Reviewed,2026-07-01
Task 2771,Priya,Open,Reviewed,2026-07-01
Task 2772,Priya,Open,Reviewed,2026-07-01
Task 2773,Priya,Open,Reviewed,2026-07-01
Task 2774,Priya,Open,Reviewed,2026-07-01
Task 2775,Priya,Open,Reviewed,2026-07-01
Task 2776,Priya,Open,Reviewed,2026-07-01
Task 2777,Priya,Open,Reviewed,2026-07-01
Task 2778,Priya,Open,Reviewed,2026-07-01
Task 2779,Priya,Open,Reviewed,2026-07-01
Task 2780,Priya,Open,Reviewed,2026-07-01
Task 2781,Priya,Open,Reviewed,2026-07-01
Task 2782,Priya,Open,Reviewed,2026-07-01
Task 2783,Priya,Open,Reviewed,2026-07-01
Task 2784,Priya,Open,Reviewed,2026-07-01
Task 2785,Priya,Open,Reviewed,2026-07-01
Task 2786,Priya,Open,Reviewed,2026-07-01
Task 2787,Priya,Open,Reviewed,2026-07-01
Task 2788,Priya,Open,Reviewed,2026-07-01
Task 2789,Priya,Open,Reviewed,2026-07-01
Task 2790,Priya,Open,Reviewed,2026-07-01
Task 2791,Priya,Open,Reviewed,2026-07-01
Task 2792,Priya,Open,Reviewed,2026-07-01
Task 2793,Priya,Open,Reviewed,2026-07-01
Task 2794,Priya,Open,Reviewed,2026-07-01
Task 2795,Priya,Open,Reviewed,2026-07-01
Task 2796,Priya,Open,Reviewed,2026-07-01
Task 2797,Priya,Open,Reviewed,2026-07-01
Task 2798,Priya,Open,Reviewed,2026-07-01
Task 2799,Priya,Open,Reviewed,2026-07-01
Task 2800,Priya,Open,Reviewed,2026-07-01
Task 2801,Priya,Open,Reviewed,2026-07-01
Task 2802,Priya,Open,Reviewed,2026-07-01
Task 2803,Priya,Open,Reviewed,2026-07-01
Task 2804,Priya,Open,Reviewed,2026-07-01
Task 2805,Priya,Open,Reviewed,2026-07-01
Task 2806,Priya,Open,Reviewed,2026-07-01
Task 2807,Priya,Open,Reviewed,2026-07-01
Task 2808,Priya,Open,Reviewed,2026-07-01
Task 2809,Priya,Open,Reviewed,2026-07-01
Task 2810,Priya,Open,Reviewed,2026-07-01
Task 2811,Priya,Open,Reviewed,2026-07-01
Task 2812,Priya,Open,Reviewed,2026-07-01
Task 2813,Priya,Open,Reviewed,2026-07-01
Task 2814,Priya,Open,Reviewed,2026-07-01
Task 2815,Priya,Open,Reviewed,2026-07-01
Task 2816,Priya,Open,Reviewed,2026-07-01
Task 2817,Priya,Open,Reviewed,2026-07-01
Task 2818,Priya,Open,Reviewed,2026-07-01
Task 2819,Priya,Open,Reviewed,2026-07-01
Task 2820,Priya,Open,Reviewed,2026-07-01
Task 2821,Priya,Open,Reviewed,2026-07-01
Task 2822,Priya,Open,Reviewed,2026-07-01
Task 2823,Priya,Open,Reviewed,2026-07-01
Task 2824,Priya,Open,Reviewed,2026-07-01
Task 2825,Priya,Open,Reviewed,2026-07-01
Task 2826,Priya,Open,Reviewed,2026-07-01
Task 2827,Priya,Open,Reviewed,2026-07-01
Task 2828,Priya,Open,Reviewed,2026-07-01
Task 2829,Priya,Open,Reviewed,2026-07-01
Task 2830,Priya,Open,Reviewed,2026-07-01
Task 2831,Priya,Open,Reviewed,2026-07-01
Task 2832,Priya,Open,Reviewed,2026-07-01
Task 2833,Priya,Open,Reviewed,2026-07-01
Task 2834,Priya,Open,Reviewed,2026-07-01
Task 2835,Priya,Open,Reviewed,2026-07-01
Task 2836,Priya,Open,Reviewed,2026-07-01
Task 2837,Priya,Open,Reviewed,2026-07-01
Task 2838,Priya,Open,Reviewed,2026-07-01
Task 2839,Priya,Open,Reviewed,2026-07-01
Task 2840,Priya,Open,Reviewed,2026-07-01
Task 2841,Priya,Open,Reviewed,2026-07-01
Task 2842,Priya,Open,Reviewed,2026-07-01
Task 2843,Priya,Open,Reviewed,2026-07-01
Task 2844,Priya,Open,Reviewed,2026-07-01
Task 2845,Priya,Open,Reviewed,2026-07-01
Task 2846,Priya,Open,Reviewed,2026-07-01
Task 2847,Priya,Open,Reviewed,2026-07-01
Task 2848,Priya,Open,Reviewed,2026-07-01
Task 2849,Priya,Open,Reviewed,2026-07-01
Task 2850,Priya,Open,Reviewed,2026-07-01
Task 2851,Priya,Open,Reviewed,2026-07-01
Task 2852,Priya,Open,Reviewed,2026-07-01
Task 2853,Priya,Open,Reviewed,2026-07-01
Task 2854,Priya,Open,Reviewed,2026-07-01
Task 2855,Priya,Open,Reviewed,2026-07-01
Task 2856,Priya,Open,Reviewed,2026-07-01
Task 2857,Priya,Open,Reviewed,2026-07-01
Task 2858,Priya,Open,Reviewed,2026-07-01
Task 2859,Priya,Open,Reviewed,2026-07-01
Task 2860,Priya,Open,Reviewed,2026-07-01
Task 2861,Priya,Open,Reviewed,2026-07-01
Task 2862,Priya,Open,Reviewed,2026-07-01
Task 2863,Priya,Open,Reviewed,2026-07-01
Task 2864,Priya,Open,Reviewed,2026-07-01
Task 2865,Priya,Open,Reviewed,2026-07-01
Task 2866,Priya,Open,Reviewed,2026-07-01
Task 2867,Priya,Open,Reviewed,2026-07-01
Task 2868,Priya,Open,Reviewed,2026-07-01
Task 2869,Priya,Open,Reviewed,2026-07-01
Task 2870,Priya,Open,Reviewed,2026-07-01
Task 2871,Priya,Open,Reviewed,2026-07-01
Task 2872,Priya,Open,Reviewed,2026-07-01
Task 2873,Priya,Open,Reviewed,2026-07-01
Task 2874,Priya,Open,Reviewed,2026-07-01
Task 2875,Priya,Open,Reviewed,2026-07-01
Task 2876,Priya,Open,Reviewed,2026-07-01
Task 2877,Priya,Open,Reviewed,2026-07-01
Task 2878,Priya,Open,Reviewed,2026-07-01
Task 2879,Priya,Open,Reviewed,2026-07-01
Task 2880,Priya,Open,Reviewed,2026-07-01
Task 2881,Priya,Open,Reviewed,2026-07-01
Task 2882,Priya,Open,Reviewed,2026-07-01
Task 2883,Priya,Open,Reviewed,2026-07-01
Task 2884,Priya,Open,Reviewed,2026-07-01
Task 2885,Priya,Open,Reviewed,2026-07-01
Task 2886,Priya,Open,Reviewed,2026-07-01
Task 2887,Priya,Open,Reviewed,2026-07-01
Task 2888,Priya,Open,Reviewed,2026-07-01
Task 2889,Priya,Open,Reviewed,2026-07-01
Task 2890,Priya,Open,Reviewed,2026-07-01
Task 2891,Priya,Open,Reviewed,2026-07-01
Task 2892,Priya,Open,Reviewed,2026-07-01
Task 2893,Priya,Open,Reviewed,2026-07-01
Task 2894,Priya,Open,Reviewed,2026-07-01
Task 2895,Priya,Open,Reviewed,2026-07-01
Task 2896,Priya,Open,Reviewed,2026-07-01
Task 2897,Priya,Open,Reviewed,2026-07-01
Task 2898,Priya,Open,Reviewed,2026-07-01
Task 2899,Priya,Open,Reviewed,2026-07-01
Task 2900,Priya,Open,Reviewed,2026-07-01
Task 2901,Priya,Open,Reviewed,2026-07-01
Task 2902,Priya,Open,Reviewed,2026-07-01
Task 2903,Priya,Open,Reviewed,2026-07-01
Task 2904,Priya,Open,Reviewed,2026-07-01
Task 2905,Priya,Open,Reviewed,2026-07-01
Task 2906,Priya,Open,Reviewed,2026-07-01
Task 2907,Priya,Open,Reviewed,2026-07-01
Task 2908,Priya,Open,Reviewed,2026-07-01
Task 2909,Priya,Open,Reviewed,2026-07-01
Task 2910,Priya,Open,Reviewed,2026-07-01
Task 2911,Priya,Open,Reviewed,2026-07-01
Task 2912,Priya,Open,Reviewed,2026-07-01
Task 2913,Priya,Open,Reviewed,2026-07-01
Task 2914,Priya,Open,Reviewed,2026-07-01
Task 2915,Priya,Open,Reviewed,2026-07-01
Task 2916,Priya,Open,Reviewed,2026-07-01
Task 2917,Priya,Open,Reviewed,2026-07-01
Task 2918,Priya,Open,Reviewed,2026-07-01
Task 2919,Priya,Open,Reviewed,2026-07-01
Task 2920,Priya,Open,Reviewed,2026-07-01
Task 2921,Priya,Open,Reviewed,2026-07-01
Task 2922,Priya,Open,Reviewed,2026-07-01
Task 2923,Priya,Open,Reviewed,2026-07-01
Task 2924,Priya,Open,Reviewed,2026-07-01
Task 2925,Priya,Open,Reviewed,2026-07-01
Task 2926,Priya,Open,Reviewed,2026-07-01
Task 2927,Priya,Open,Reviewed,2026-07-01
Task 2928,Priya,Open,Reviewed,2026-07-01
Task 2929,Priya,Open,Reviewed,2026-07-01
Task 2930,Priya,Open,Reviewed,2026-07-01
Task 2931,Priya,Open,Reviewed,2026-07-01
Task 2932,Priya,Open,Reviewed,2026-07-01
Task 2933,Priya,Open,Reviewed,2026-07-01
Task 2934,Priya,Open,Reviewed,2026-07-01
Task 2935,Priya,Open,Reviewed,2026-07-01
Task 2936,Priya,Open,Reviewed,2026-07-01
Task 2937,Priya,Open,Reviewed,2026-07-01
Task 2938,Priya,Open,Reviewed,2026-07-01
Task 2939,Priya,Open,Reviewed,2026-07-01
Task 2940,Priya,Open,Reviewed,2026-07-01
Task 2941,Priya,Open,Reviewed,2026-07-01
Task 2942,Priya,Open,Reviewed,2026-07-01
Task 2943,Priya,Open,Reviewed,2026-07-01
Task 2944,Priya,Open,Reviewed,2026-07-01
Task 2945,Priya,Open,Reviewed,2026-07-01
Task 2946,Priya,Open,Reviewed,2026-07-01
Task 2947,Priya,Open,Reviewed,2026-07-01
Task 2948,Priya,Open,Reviewed,2026-07-01
Task 2949,Priya,Open,Reviewed,2026-07-01
Task 2950,Priya,Open,Reviewed,2026-07-01
Task 2951,Priya,Open,Reviewed,2026-07-01
Task 2952,Priya,Open,Reviewed,2026-07-01
Task 2953,Priya,Open,Reviewed,2026-07-01
Task 2954,Priya,Open,Reviewed,2026-07-01
Task 2955,Priya,Open,Reviewed,2026-07-01
Task 2956,Priya,Open,Reviewed,2026-07-01
Task 2957,Priya,Open,Reviewed,2026-07-01
Task 2958,Priya,Open,Reviewed,2026-07-01
Task 2959,Priya,Open,Reviewed,2026-07-01
Task 2960,Priya,Open,Reviewed,2026-07-01
Task 2961,Priya,Open,Reviewed,2026-07-01
Task 2962,Priya,Open,Reviewed,2026-07-01
Task 2963,Priya,Open,Reviewed,2026-07-01
Task 2964,Priya,Open,Reviewed,2026-07-01
Task 2965,Priya,Open,Reviewed,2026-07-01
Task 2966,Priya,Open,Reviewed,2026-07-01
Task 2967,Priya,Open,Reviewed,2026-07-01
Task 2968,Priya,Open,Reviewed,2026-07-01
Task 2969,Priya,Open,Reviewed,2026-07-01
Task 2970,Priya,Open,Reviewed,2026-07-01
Task 2971,Priya,Open,Reviewed,2026-07-01
Task 2972,Priya,Open,Reviewed,2026-07-01
Task 2973,Priya,Open,Reviewed,2026-07-01
Task 2974,Priya,Open,Reviewed,2026-07-01
Task 2975,Priya,Open,Reviewed,2026-07-01
Task 2976,Priya,Open,Reviewed,2026-07-01
Task 2977,Priya,Open,Reviewed,2026-07-01
Task 2978,Priya,Open,Reviewed,2026-07-01
Task 2979,Priya,Open,Reviewed,2026-07-01
Task 2980,Priya,Open,Reviewed,2026-07-01
Task 2981,Priya,Open,Reviewed,2026-07-01
Task 2982,Priya,Open,Reviewed,2026-07-01
Task 2983,Priya,Open,Reviewed,2026-07-01
Task 2984,Priya,Open,Reviewed,2026-07-01
Task 2985,Priya,Open,Reviewed,2026-07-01
Task 2986,Priya,Open,Reviewed,2026-07-01
Task 2987,Priya,Open,Reviewed,2026-07-01
Task 2988,Priya,Open,Reviewed,2026-07-01
Task 2989,Priya,Open,Reviewed,2026-07-01
Task 2990,Priya,Open,Reviewed,2026-07-01
Task 2991,Priya,Open,Reviewed,2026-07-01
Task 2992,Priya,Open,Reviewed,2026-07-01
Task 2993,Priya,Open,Reviewed,2026-07-01
Task 2994,Priya,Open,Reviewed,2026-07-01
Task 2995,Priya,Open,Reviewed,2026-07-01
Task 2996,Priya,Open,Reviewed,2026-07-01
Task 2997,Priya,Open,Reviewed,2026-07-01
Task 2998,Priya,Open,Reviewed,2026-07-01
Task 2999,Priya,Open,Reviewed,2026-07-01
Task 3000,Priya,Open,Reviewed,2026-07-01
Task 3001,Priya,Open,Reviewed,2026-07-01
Task 3002,Priya,Open,Reviewed,2026-07-01
Task 3003,Priya,Open,Reviewed,2026-07-01
Task 3004,Priya,Open,Reviewed,2026-07-01
Task 3005,Priya,Open,Reviewed,2026-07-01
Task 3006,Priya,Open,Reviewed,2026-07-01
Task 3007,Priya,Open,Reviewed,2026-07-01
Task 3008,Priya,Open,Reviewed,2026-07-01
Task 3009,Priya,Open,Reviewed,2026-07-01
Task 3010,Priya,Open,Reviewed,2026-07-01
Task 3011,Priya,Open,Reviewed,2026-07-01
Task 3012,Priya,Open,Reviewed,2026-07-01
Task 3013,Priya,Open,Reviewed,2026-07-01
Task 3014,Priya,Open,Reviewed,2026-07-01
Task 3015,Priya,Open,Reviewed,2026-07-01
Task 3016,Priya,Open,Reviewed,2026-07-01
Task 3017,Priya,Open,Reviewed,2026-07-01
Task 3018,Priya,Open,Reviewed,2026-07-01
Task 3019,Priya,Open,Reviewed,2026-07-01
Task 3020,Priya,Open,Reviewed,2026-07-01
Task 3021,Priya,Open,Reviewed,2026-07-01
Task 3022,Priya,Open,Reviewed,2026-07-01
Task 3023,Priya,Open,Reviewed,2026-07-01
Task 3024,Priya,Open,Reviewed,2026-07-01
Task 3025,Priya,Open,Reviewed,2026-07-01
Task 3026,Priya,Open,Reviewed,2026-07-01
Task 3027,Priya,Open,Reviewed,2026-07-01
Task 3028,Priya,Open,Reviewed,2026-07-01
Task 3029,Priya,Open,Reviewed,2026-07-01
Task 3030,Priya,Open,Reviewed,2026-07-01
Task 3031,Priya,Open,Reviewed,2026-07-01
Task 3032,Priya,Open,Reviewed,2026-07-01
Task 3033,Priya,Open,Reviewed,2026-07-01
Task 3034,Priya,Open,Reviewed,2026-07-01
Task 3035,Priya,Open,Reviewed,2026-07-01
Task 3036,Priya,Open,Reviewed,2026-07-01
Task 3037,Priya,Open,Reviewed,2026-07-01
Task 3038,Priya,Open,Reviewed,2026-07-01
Task 3039,Priya,Open,Reviewed,2026-07-01
Task 3040,Priya,Open,Reviewed,2026-07-01
Task 3041,Priya,Open,Reviewed,2026-07-01
Task 3042,Priya,Open,Reviewed,2026-07-01
Task 3043,Priya,Open,Reviewed,2026-07-01
Task 3044,Priya,Open,Reviewed,2026-07-01
Task 3045,Priya,Open,Reviewed,2026-07-01
Task 3046,Priya,Open,Reviewed,2026-07-01
Task 3047,Priya,Open,Reviewed,2026-07-01
Task 3048,Priya,Open,Reviewed,2026-07-01
Task 3049,Priya,Open,Reviewed,2026-07-01
Task 3050,Priya,Open,Reviewed,2026-07-01
Task 3051,Priya,Open,Reviewed,2026-07-01
Task 3052,Priya,Open,Reviewed,2026-07-01
Task 3053,Priya,Open,Reviewed,2026-07-01
Task 3054,Priya,Open,Reviewed,2026-07-01
Task 3055,Priya,Open,Reviewed,2026-07-01
Task 3056,Priya,Open,Reviewed,2026-07-01
Task 3057,Priya,Open,Reviewed,2026-07-01
Task 3058,Priya,Open,Reviewed,2026-07-01
Task 3059,Priya,Open,Reviewed,2026-07-01
Task 3060,Priya,Open,Reviewed,2026-07-01
Task 3061,Priya,Open,Reviewed,2026-07-01
Task 3062,Priya,Open,Reviewed,2026-07-01
Task 3063,Priya,Open,Reviewed,2026-07-01
Task 3064,Priya,Open,Reviewed,2026-07-01
Task 3065,Priya,Open,Reviewed,2026-07-01
Task 3066,Priya,Open,Reviewed,2026-07-01
Task 3067,Priya,Open,Reviewed,2026-07-01
Task 3068,Priya,Open,Reviewed,2026-07-01
Task 3069,Priya,Open,Reviewed,2026-07-01
Task 3070,Priya,Open,Reviewed,2026-07-01
Task 3071,Priya,Open,Reviewed,2026-07-01
Task 3072,Priya,Open,Reviewed,2026-07-01
Task 3073,Priya,Open,Reviewed,2026-07-01
Task 3074,Priya,Open,Reviewed,2026-07-01
Task 3075,Priya,Open,Reviewed,2026-07-01
Task 3076,Priya,Open,Reviewed,2026-07-01
Task 3077,Priya,Open,Reviewed,2026-07-01
Task 3078,Priya,Open,Reviewed,2026-07-01
Task 3079,Priya,Open,Reviewed,2026-07-01
Task 3080,Priya,Open,Reviewed,2026-07-01
Task 3081,Priya,Open,Reviewed,2026-07-01
Task 3082,Priya,Open,Reviewed,2026-07-01
Task 3083,Priya,Open,Reviewed,2026-07-01
Task 3084,Priya,Open,Reviewed,2026-07-01
Task 3085,Priya,Open,Reviewed,2026-07-01
Task 3086,Priya,Open,Reviewed,2026-07-01
Task 3087,Priya,Open,Reviewed,2026-07-01
Task 3088,Priya,Open,Reviewed,2026-07-01
Task 3089,Priya,Open,Reviewed,2026-07-01
Task 3090,Priya,Open,Reviewed,2026-07-01
Task 3091,Priya,Open,Reviewed,2026-07-01
Task 3092,Priya,Open,Reviewed,2026-07-01
Task 3093,Priya,Open,Reviewed,2026-07-01
Task 3094,Priya,Open,Reviewed,2026-07-01
Task 3095,Priya,Open,Reviewed,2026-07-01
Task 3096,Priya,Open,Reviewed,2026-07-01
Task 3097,Priya,Open,Reviewed,2026-07-01
Task 3098,Priya,Open,Reviewed,2026-07-01
Task 3099,Priya,Open,Reviewed,2026-07-01
Task 3100,Priya,Open,Reviewed,2026-07-01
Task 3101,Priya,Open,Reviewed,2026-07-01
Task 3102,Priya,Open,Reviewed,2026-07-01
Task 3103,Priya,Open,Reviewed,2026-07-01
Task 3104,Priya,Open,Reviewed,2026-07-01
Task 3105,Priya,Open,Reviewed,2026-07-01
Task 3106,Priya,Open,Reviewed,2026-07-01
Task 3107,Priya,Open,Reviewed,2026-07-01
Task 3108,Priya,Open,Reviewed,2026-07-01
Task 3109,Priya,Open,Reviewed,2026-07-01
Task 3110,Priya,Open,Reviewed,2026-07-01
Task 3111,Priya,Open,Reviewed,2026-07-01
Task 3112,Priya,Open,Reviewed,2026-07-01
Task 3113,Priya,Open,Reviewed,2026-07-01
Task 3114,Priya,Open,Reviewed,2026-07-01
Task 3115,Priya,Open,Reviewed,2026-07-01
Task 3116,Priya,Open,Reviewed,2026-07-01
Task 3117,Priya,Open,Reviewed,2026-07-01
Task 3118,Priya,Open,Reviewed,2026-07-01
Task 3119,Priya,Open,Reviewed,2026-07-01
Task 3120,Priya,Open,Reviewed,2026-07-01
Task 3121,Priya,Open,Reviewed,2026-07-01
Task 3122,Priya,Open,Reviewed,2026-07-01
Task 3123,Priya,Open,Reviewed,2026-07-01
Task 3124,Priya,Open,Reviewed,2026-07-01
Task 3125,Priya,Open,Reviewed,2026-07-01
Task 3126,Priya,Open,Reviewed,2026-07-01
Task 3127,Priya,Open,Reviewed,2026-07-01
Task 3128,Priya,Open,Reviewed,2026-07-01
Task 3129,Priya,Open,Reviewed,2026-07-01
Task 3130,Priya,Open,Reviewed,2026-07-01
Task 3131,Priya,Open,Reviewed,2026-07-01
Task 3132,Priya,Open,Reviewed,2026-07-01
Task 3133,Priya,Open,Reviewed,2026-07-01
Task 3134,Priya,Open,Reviewed,2026-07-01
Task 3135,Priya,Open,Reviewed,2026-07-01
Task 3136,Priya,Open,Reviewed,2026-07-01
Task 3137,Priya,Open,Reviewed,2026-07-01
Task 3138,Priya,Open,Reviewed,2026-07-01
Task 3139,Priya,Open,Reviewed,2026-07-01
Task 3140,Priya,Open,Reviewed,2026-07-01
Task 3141,Priya,Open,Reviewed,2026-07-01
Task 3142,Priya,Open,Reviewed,2026-07-01
Task 3143,Priya,Open,Reviewed,2026-07-01
Task 3144,Priya,Open,Reviewed,2026-07-01
Task 3145,Priya,Open,Reviewed,2026-07-01
Task 3146,Priya,Open,Reviewed,2026-07-01
Task 3147,Priya,Open,Reviewed,2026-07-01
Task 3148,Priya,Open,Reviewed,2026-07-01
Task 3149,Priya,Open,Reviewed,2026-07-01
Task 3150,Priya,Open,Reviewed,2026-07-01
Task 3151,Priya,Open,Reviewed,2026-07-01
Task 3152,Priya,Open,Reviewed,2026-07-01
Task 3153,Priya,Open,Reviewed,2026-07-01
Task 3154,Priya,Open,Reviewed,2026-07-01
Task 3155,Priya,Open,Reviewed,2026-07-01
Task 3156,Priya,Open,Reviewed,2026-07-01
Task 3157,Priya,Open,Reviewed,2026-07-01
Task 3158,Priya,Open,Reviewed,2026-07-01
Task 3159,Priya,Open,Reviewed,2026-07-01
Task 3160,Priya,Open,Reviewed,2026-07-01
Task 3161,Priya,Open,Reviewed,2026-07-01
Task 3162,Priya,Open,Reviewed,2026-07-01
Task 3163,Priya,Open,Reviewed,2026-07-01
Task 3164,Priya,Open,Reviewed,2026-07-01
Task 3165,Priya,Open,Reviewed,2026-07-01
Task 3166,Priya,Open,Reviewed,2026-07-01
Task 3167,Priya,Open,Reviewed,2026-07-01
Task 3168,Priya,Open,Reviewed,2026-07-01
Task 3169,Priya,Open,Reviewed,2026-07-01
Task 3170,Priya,Open,Reviewed,2026-07-01
Task 3171,Priya,Open,Reviewed,2026-07-01
Task 3172,Priya,Open,Reviewed,2026-07-01
Task 3173,Priya,Open,Reviewed,2026-07-01
Task 3174,Priya,Open,Reviewed,2026-07-01
Task 3175,Priya,Open,Reviewed,2026-07-01
Task 3176,Priya,Open,Reviewed,2026-07-01
Task 3177,Priya,Open,Reviewed,2026-07-01
Task 3178,Priya,Open,Reviewed,2026-07-01
Task 3179,Priya,Open,Reviewed,2026-07-01
Task 3180,Priya,Open,Reviewed,2026-07-01
Task 3181,Priya,Open,Reviewed,2026-07-01
Task 3182,Priya,Open,Reviewed,2026-07-01
Task 3183,Priya,Open,Reviewed,2026-07-01
Task 3184,Priya,Open,Reviewed,2026-07-01
Task 3185,Priya,Open,Reviewed,2026-07-01
Task 3186,Priya,Open,Reviewed,2026-07-01
Task 3187,Priya,Open,Reviewed,2026-07-01
Task 3188,Priya,Open,Reviewed,2026-07-01
Task 3189,Priya,Open,Reviewed,2026-07-01
Task 3190,Priya,Open,Reviewed,2026-07-01
Task 3191,Priya,Open,Reviewed,2026-07-01
Task 3192,Priya,Open,Reviewed,2026-07-01
Task 3193,Priya,Open,Reviewed,2026-07-01
Task 3194,Priya,Open,Reviewed,2026-07-01
Task 3195,Priya,Open,Reviewed,2026-07-01
Task 3196,Priya,Open,Reviewed,2026-07-01
Task 3197,Priya,Open,Reviewed,2026-07-01
Task 3198,Priya,Open,Reviewed,2026-07-01
Task 3199,Priya,Open,Reviewed,2026-07-01
Task 3200,Priya,Open,Reviewed,2026-07-01
Task 3201,Priya,Open,Reviewed,2026-07-01
Task 3202,Priya,Open,Reviewed,2026-07-01
Task 3203,Priya,Open,Reviewed,2026-07-01
Task 3204,Priya,Open,Reviewed,2026-07-01
Task 3205,Priya,Open,Reviewed,2026-07-01
Task 3206,Priya,Open,Reviewed,2026-07-01
Task 3207,Priya,Open,Reviewed,2026-07-01
Task 3208,Priya,Open,Reviewed,2026-07-01
Task 3209,Priya,Open,Reviewed,2026-07-01
Task 3210,Priya,Open,Reviewed,2026-07-01
Task 3211,Priya,Open,Reviewed,2026-07-01
Task 3212,Priya,Open,Reviewed,2026-07-01
Task 3213,Priya,Open,Reviewed,2026-07-01
Task 3214,Priya,Open,Reviewed,2026-07-01
Task 3215,Priya,Open,Reviewed,2026-07-01
Task 3216,Priya,Open,Reviewed,2026-07-01
Task 3217,Priya,Open,Reviewed,2026-07-01
Task 3218,Priya,Open,Reviewed,2026-07-01
Task 3219,Priya,Open,Reviewed,2026-07-01
Task 3220,Priya,Open,Reviewed,2026-07-01
Task 3221,Priya,Open,Reviewed,2026-07-01
Task 3222,Priya,Open,Reviewed,2026-07-01
Task 3223,Priya,Open,Reviewed,2026-07-01
Task 3224,Priya,Open,Reviewed,2026-07-01
Task 3225,Priya,Open,Reviewed,2026-07-01
Task 3226,Priya,Open,Reviewed,2026-07-01
Task 3227,Priya,Open,Reviewed,2026-07-01
Task 3228,Priya,Open,Reviewed,2026-07-01
Task 3229,Priya,Open,Reviewed,2026-07-01
Task 3230,Priya,Open,Reviewed,2026-07-01
Task 3231,Priya,Open,Reviewed,2026-07-01
Task 3232,Priya,Open,Reviewed,2026-07-01
Task 3233,Priya,Open,Reviewed,2026-07-01
Task 3234,Priya,Open,Reviewed,2026-07-01
Task 3235,Priya,Open,Reviewed,2026-07-01
Task 3236,Priya,Open,Reviewed,2026-07-01
Task 3237,Priya,Open,Reviewed,2026-07-01
Task 3238,Priya,Open,Reviewed,2026-07-01
Task 3239,Priya,Open,Reviewed,2026-07-01
Task 3240,Priya,Open,Reviewed,2026-07-01
Task 3241,Priya,Open,Reviewed,2026-07-01
Task 3242,Priya,Open,Reviewed,2026-07-01
Task 3243,Priya,Open,Reviewed,2026-07-01
Task 3244,Priya,Open,Reviewed,2026-07-01
Task 3245,Priya,Open,Reviewed,2026-07-01
Task 3246,Priya,Open,Reviewed,2026-07-01
Task 3247,Priya,Open,Reviewed,2026-07-01
Task 3248,Priya,Open,Reviewed,2026-07-01
Task 3249,Priya,Open,Reviewed,2026-07-01
Task 3250,Priya,Open,Reviewed,2026-07-01
Task 3251,Priya,Open,Reviewed,2026-07-01
Task 3252,Priya,Open,Reviewed,2026-07-01
Task 3253,Priya,Open,Reviewed,2026-07-01
Task 3254,Priya,Open,Reviewed,2026-07-01
Task 3255,Priya,Open,Reviewed,2026-07-01
Task 3256,Priya,Open,Reviewed,2026-07-01
Task 3257,Priya,Open,Reviewed,2026-07-01
Task 3258,Priya,Open,Reviewed,2026-07-01
Task 3259,Priya,Open,Reviewed,2026-07-01
Task 3260,Priya,Open,Reviewed,2026-07-01
Task 3261,Priya,Open,Reviewed,2026-07-01
Task 3262,Priya,Open,Reviewed,2026-07-01
Task 3263,Priya,Open,Reviewed,2026-07-01
Task 3264,Priya,Open,Reviewed,2026-07-01
Task 3265,Priya,Open,Reviewed,2026-07-01
Task 3266,Priya,Open,Reviewed,2026-07-01
Task 3267,Priya,Open,Reviewed,2026-07-01
Task 3268,Priya,Open,Reviewed,2026-07-01
Task 3269,Priya,Open,Reviewed,2026-07-01
Task 3270,Priya,Open,Reviewed,2026-07-01
Task 3271,Priya,Open,Reviewed,2026-07-01
Task 3272,Priya,Open,Reviewed,2026-07-01
Task 3273,Priya,Open,Reviewed,2026-07-01
Task 3274,Priya,Open,Reviewed,2026-07-01
Task 3275,Priya,Open,Reviewed,2026-07-01
Task 3276,Priya,Open,Reviewed,2026-07-01
Task 3277,Priya,Open,Reviewed,2026-07-01
Task 3278,Priya,Open,Reviewed,2026-07-01
Task 3279,Priya,Open,Reviewed,2026-07-01
Task 3280,Priya,Open,Reviewed,2026-07-01
Task 3281,Priya,Open,Reviewed,2026-07-01
Task 3282,Priya,Open,Reviewed,2026-07-01
Task 3283,Priya,Open,Reviewed,2026-07-01
Task 3284,Priya,Open,Reviewed,2026-07-01
Task 3285,Priya,Open,Reviewed,2026-07-01
Task 3286,Priya,Open,Reviewed,2026-07-01
Task 3287,Priya,Open,Reviewed,2026-07-01
Task 3288,Priya,Open,Reviewed,2026-07-01
Task 3289,Priya,Open,Reviewed,2026-07-01
Task 3290,Priya,Open,Reviewed,2026-07-01
Task 3291,Priya,Open,Reviewed,2026-07-01
Task 3292,Priya,Open,Reviewed,2026-07-01
Task 3293,Priya,Open,Reviewed,2026-07-01
Task 3294,Priya,Open,Reviewed,2026-07-01
Task 3295,Priya,Open,Reviewed,2026-07-01
Task 3296,Priya,Open,Reviewed,2026-07-01
Task 3297,Priya,Open,Reviewed,2026-07-01
Task 3298,Priya,Open,Reviewed,2026-07-01
Task 3299,Priya,Open,Reviewed,2026-07-01
Task 3300,Priya,Open,Reviewed,2026-07-01
Task 3301,Priya,Open,Reviewed,2026-07-01
Task 3302,Priya,Open,Reviewed,2026-07-01
Task 3303,Priya,Open,Reviewed,2026-07-01
Task 3304,Priya,Open,Reviewed,2026-07-01
Task 3305,Priya,Open,Reviewed,2026-07-01
Task 3306,Priya,Open,Reviewed,2026-07-01
Task 3307,Priya,Open,Reviewed,2026-07-01
Task 3308,Priya,Open,Reviewed,2026-07-01
Task 3309,Priya,Open,Reviewed,2026-07-01
Task 3310,Priya,Open,Reviewed,2026-07-01
Task 3311,Priya,Open,Reviewed,2026-07-01
Task 3312,Priya,Open,Reviewed,2026-07-01
Task 3313,Priya,Open,Reviewed,2026-07-01
Task 3314,Priya,Open,Reviewed,2026-07-01
Task 3315,Priya,Open,Reviewed,2026-07-01
Task 3316,Priya,Open,Reviewed,2026-07-01
Task 3317,Priya,Open,Reviewed,2026-07-01
Task 3318,Priya,Open,Reviewed,2026-07-01
Task 3319,Priya,Open,Reviewed,2026-07-01
Task 3320,Priya,Open,Reviewed,2026-07-01
Task 3321,Priya,Open,Reviewed,2026-07-01
Task 3322,Priya,Open,Reviewed,2026-07-01
Task 3323,Priya,Open,Reviewed,2026-07-01
Task 3324,Priya,Open,Reviewed,2026-07-01
Task 3325,Priya,Open,Reviewed,2026-07-01
Task 3326,Priya,Open,Reviewed,2026-07-01
Task 3327,Priya,Open,Reviewed,2026-07-01
Task 3328,Priya,Open,Reviewed,2026-07-01
Task 3329,Priya,Open,Reviewed,2026-07-01
Task 3330,Priya,Open,Reviewed,2026-07-01
Task 3331,Priya,Open,Reviewed,2026-07-01
Task 3332,Priya,Open,Reviewed,2026-07-01
Task 3333,Priya,Open,Reviewed,2026-07-01
Task 3334,Priya,Open,Reviewed,2026-07-01
Task 3335,Priya,Open,Reviewed,2026-07-01
Task 3336,Priya,Open,Reviewed,2026-07-01
Task 3337,Priya,Open,Reviewed,2026-07-01
Task 3338,Priya,Open,Reviewed,2026-07-01
Task 3339,Priya,Open,Reviewed,2026-07-01
Task 3340,Priya,Open,Reviewed,2026-07-01
Task 3341,Priya,Open,Reviewed,2026-07-01
Task 3342,Priya,Open,Reviewed,2026-07-01
Task 3343,Priya,Open,Reviewed,2026-07-01
Task 3344,Priya,Open,Reviewed,2026-07-01
Task 3345,Priya,Open,Reviewed,2026-07-01
Task 3346,Priya,Open,Reviewed,2026-07-01
Task 3347,Priya,Open,Reviewed,2026-07-01
Task 3348,Priya,Open,Reviewed,2026-07-01
Task 3349,Priya,Open,Reviewed,2026-07-01
Task 3350,Priya,Open,Reviewed,2026-07-01
Task 3351,Priya,Open,Reviewed,2026-07-01
Task 3352,Priya,Open,Reviewed,2026-07-01
Task 3353,Priya,Open,Reviewed,2026-07-01
Task 3354,Priya,Open,Reviewed,2026-07-01
Task 3355,Priya,Open,Reviewed,2026-07-01
Task 3356,Priya,Open,Reviewed,2026-07-01
Task 3357,Priya,Open,Reviewed,2026-07-01
Task 3358,Priya,Open,Reviewed,2026-07-01
Task 3359,Priya,Open,Reviewed,2026-07-01
Task 3360,Priya,Open,Reviewed,2026-07-01
Task 3361,Priya,Open,Reviewed,2026-07-01
Task 3362,Priya,Open,Reviewed,2026-07-01
Task 3363,Priya,Open,Reviewed,2026-07-01
Task 3364,Priya,Open,Reviewed,2026-07-01
Task 3365,Priya,Open,Reviewed,2026-07-01
Task 3366,Priya,Open,Reviewed,2026-07-01
Task 3367,Priya,Open,Reviewed,2026-07-01
Task 3368,Priya,Open,Reviewed,2026-07-01
Task 3369,Priya,Open,Reviewed,2026-07-01
Task 3370,Priya,Open,Reviewed,2026-07-01
Task 3371,Priya,Open,Reviewed,2026-07-01
Task 3372,Priya,Open,Reviewed,2026-07-01
Task 3373,Priya,Open,Reviewed,2026-07-01
Task 3374,Priya,Open,Reviewed,2026-07-01
Task 3375,Priya,Open,Reviewed,2026-07-01
Task 3376,Priya,Open,Reviewed,2026-07-01
Task 3377,Priya,Open,Reviewed,2026-07-01
Task 3378,Priya,Open,Reviewed,2026-07-01
Task 3379,Priya,Open,Reviewed,2026-07-01
Task 3380,Priya,Open,Reviewed,2026-07-01
Task 3381,Priya,Open,Reviewed,2026-07-01
Task 3382,Priya,Open,Reviewed,2026-07-01
Task 3383,Priya,Open,Reviewed,2026-07-01
Task 3384,Priya,Open,Reviewed,2026-07-01
Task 3385,Priya,Open,Reviewed,2026-07-01
Task 3386,Priya,Open,Reviewed,2026-07-01
Task 3387,Priya,Open,Reviewed,2026-07-01
Task 3388,Priya,Open,Reviewed,2026-07-01
Task 3389,Priya,Open,Reviewed,2026-07-01
Task 3390,Priya,Open,Reviewed,2026-07-01
Task 3391,Priya,Open,Reviewed,2026-07-01
Task 3392,Priya,Open,Reviewed,2026-07-01
Task 3393,Priya,Open,Reviewed,2026-07-01
Task 3394,Priya,Open,Reviewed,2026-07-01
Task 3395,Priya,Open,Reviewed,2026-07-01
Task 3396,Priya,Open,Reviewed,2026-07-01
Task 3397,Priya,Open,Reviewed,2026-07-01
Task 3398,Priya,Open,Reviewed,2026-07-01
Task 3399,Priya,Open,Reviewed,2026-07-01
Task 3400,Priya,Open,Reviewed,2026-07-01
Task 3401,Priya,Open,Reviewed,2026-07-01
Task 3402,Priya,Open,Reviewed,2026-07-01
Task 3403,Priya,Open,Reviewed,2026-07-01
Task 3404,Priya,Open,Reviewed,2026-07-01
Task 3405,Priya,Open,Reviewed,2026-07-01
Task 3406,Priya,Open,Reviewed,2026-07-01
Task 3407,Priya,Open,Reviewed,2026-07-01
Task 3408,Priya,Open,Reviewed,2026-07-01
Task 3409,Priya,Open,Reviewed,2026-07-01
Task 3410,Priya,Open,Reviewed,2026-07-01
Task 3411,Priya,Open,Reviewed,2026-07-01
Task 3412,Priya,Open,Reviewed,2026-07-01
Task 3413,Priya,Open,Reviewed,2026-07-01
Task 3414,Priya,Open,Reviewed,2026-07-01
Task 3415,Priya,Open,Reviewed,2026-07-01
Task 3416,Priya,Open,Reviewed,2026-07-01
Task 3417,Priya,Open,Reviewed,2026-07-01
Task 3418,Priya,Open,Reviewed,2026-07-01
Task 3419,Priya,Open,Reviewed,2026-07-01
Task 3420,Priya,Open,Reviewed,2026-07-01
Task 3421,Priya,Open,Reviewed,2026-07-01
Task 3422,Priya,Open,Reviewed,2026-07-01
Task 3423,Priya,Open,Reviewed,2026-07-01
Task 3424,Priya,Open,Reviewed,2026-07-01
Task 3425,Priya,Open,Reviewed,2026-07-01
Task 3426,Priya,Open,Reviewed,2026-07-01
Task 3427,Priya,Open,Reviewed,2026-07-01
Task 3428,Priya,Open,Reviewed,2026-07-01
Task 3429,Priya,Open,Reviewed,2026-07-01
Task 3430,Priya,Open,Reviewed,2026-07-01
Task 3431,Priya,Open,Reviewed,2026-07-01
Task 3432,Priya,Open,Reviewed,2026-07-01
Task 3433,Priya,Open,Reviewed,2026-07-01
Task 3434,Priya,Open,Reviewed,2026-07-01
Task 3435,Priya,Open,Reviewed,2026-07-01
Task 3436,Priya,Open,Reviewed,2026-07-01
Task 3437,Priya,Open,Reviewed,2026-07-01
Task 3438,Priya,Open,Reviewed,2026-07-01
Task 3439,Priya,Open,Reviewed,2026-07-01
Task 3440,Priya,Open,Reviewed,2026-07-01
Task 3441,Priya,Open,Reviewed,2026-07-01
Task 3442,Priya,Open,Reviewed,2026-07-01
Task 3443,Priya,Open,Reviewed,2026-07-01
Task 3444,Priya,Open,Reviewed,2026-07-01
Task 3445,Priya,Open,Reviewed,2026-07-01
Task 3446,Priya,Open,Reviewed,2026-07-01
Task 3447,Priya,Open,Reviewed,2026-07-01
Task 3448,Priya,Open,Reviewed,2026-07-01
Task 3449,Priya,Open,Reviewed,2026-07-01
Task 3450,Priya,Open,Reviewed,2026-07-01
Task 3451,Priya,Open,Reviewed,2026-07-01
Task 3452,Priya,Open,Reviewed,2026-07-01
Task 3453,Priya,Open,Reviewed,2026-07-01
Task 3454,Priya,Open,Reviewed,2026-07-01
Task 3455,Priya,Open,Reviewed,2026-07-01
Task 3456,Priya,Open,Reviewed,2026-07-01
Task 3457,Priya,Open,Reviewed,2026-07-01
Task 3458,Priya,Open,Reviewed,2026-07-01
Task 3459,Priya,Open,Reviewed,2026-07-01
Task 3460,Priya,Open,Reviewed,2026-07-01
Task 3461,Priya,Open,Reviewed,2026-07-01
Task 3462,Priya,Open,Reviewed,2026-07-01
Task 3463,Priya,Open,Reviewed,2026-07-01
Task 3464,Priya,Open,Reviewed,2026-07-01
Task 3465,Priya,Open,Reviewed,2026-07-01
Task 3466,Priya,Open,Reviewed,2026-07-01
Task 3467,Priya,Open,Reviewed,2026-07-01
Task 3468,Priya,Open,Reviewed,2026-07-01
Task 3469,Priya,Open,Reviewed,2026-07-01
Task 3470,Priya,Open,Reviewed,2026-07-01
Task 3471,Priya,Open,Reviewed,2026-07-01
Task 3472,Priya,Open,Reviewed,2026-07-01
Task 3473,Priya,Open,Reviewed,2026-07-01
Task 3474,Priya,Open,Reviewed,2026-07-01
Task 3475,Priya,Open,Reviewed,2026-07-01
Task 3476,Priya,Open,Reviewed,2026-07-01
Task 3477,Priya,Open,Reviewed,2026-07-01
Task 3478,Priya,Open,Reviewed,2026-07-01
Task 3479,Priya,Open,Reviewed,2026-07-01
Task 3480,Priya,Open,Reviewed,2026-07-01
Task 3481,Priya,Open,Reviewed,2026-07-01
Task 3482,Priya,Open,Reviewed,2026-07-01
Task 3483,Priya,Open,Reviewed,2026-07-01
Task 3484,Priya,Open,Reviewed,2026-07-01
Task 3485,Priya,Open,Reviewed,2026-07-01
Task 3486,Priya,Open,Reviewed,2026-07-01
Task 3487,Priya,Open,Reviewed,2026-07-01
Task 3488,Priya,Open,Reviewed,2026-07-01
Task 3489,Priya,Open,Reviewed,2026-07-01
Task 3490,Priya,Open,Reviewed,2026-07-01
Task 3491,Priya,Open,Reviewed,2026-07-01
Task 3492,Priya,Open,Reviewed,2026-07-01
Task 3493,Priya,Open,Reviewed,2026-07-01
Task 3494,Priya,Open,Reviewed,2026-07-01
Task 3495,Priya,Open,Reviewed,2026-07-01
Task 3496,Priya,Open,Reviewed,2026-07-01
Task 3497,Priya,Open,Reviewed,2026-07-01
Task 3498,Priya,Open,Reviewed,2026-07-01
Task 3499,Priya,Open,Reviewed,2026-07-01
Task 3500,Priya,Open,Reviewed,2026-07-01
Task 3501,Priya,Open,Reviewed,2026-07-01
Task 3502,Priya,Open,Reviewed,2026-07-01
Task 3503,Priya,Open,Reviewed,2026-07-01
Task 3504,Priya,Open,Reviewed,2026-07-01
Task 3505,Priya,Open,Reviewed,2026-07-01
Task 3506,Priya,Open,Reviewed,2026-07-01
Task 3507,Priya,Open,Reviewed,2026-07-01
Task 3508,Priya,Open,Reviewed,2026-07-01
Task 3509,Priya,Open,Reviewed,2026-07-01
Task 3510,Priya,Open,Reviewed,2026-07-01
Task 3511,Priya,Open,Reviewed,2026-07-01
Task 3512,Priya,Open,Reviewed,2026-07-01
Task 3513,Priya,Open,Reviewed,2026-07-01
Task 3514,Priya,Open,Reviewed,2026-07-01
Task 3515,Priya,Open,Reviewed,2026-07-01
Task 3516,Priya,Open,Reviewed,2026-07-01
Task 3517,Priya,Open,Reviewed,2026-07-01
Task 3518,Priya,Open,Reviewed,2026-07-01
Task 3519,Priya,Open,Reviewed,2026-07-01
Task 3520,Priya,Open,Reviewed,2026-07-01
Task 3521,Priya,Open,Reviewed,2026-07-01
Task 3522,Priya,Open,Reviewed,2026-07-01
Task 3523,Priya,Open,Reviewed,2026-07-01
Task 3524,Priya,Open,Reviewed,2026-07-01
Task 3525,Priya,Open,Reviewed,2026-07-01
Task 3526,Priya,Open,Reviewed,2026-07-01
Task 3527,Priya,Open,Reviewed,2026-07-01
Task 3528,Priya,Open,Reviewed,2026-07-01
Task 3529,Priya,Open,Reviewed,2026-07-01
Task 3530,Priya,Open,Reviewed,2026-07-01
Task 3531,Priya,Open,Reviewed,2026-07-01
Task 3532,Priya,Open,Reviewed,2026-07-01
Task 3533,Priya,Open,Reviewed,2026-07-01
Task 3534,Priya,Open,Reviewed,2026-07-01
Task 3535,Priya,Open,Reviewed,2026-07-01
Task 3536,Priya,Open,Reviewed,2026-07-01
Task 3537,Priya,Open,Reviewed,2026-07-01
Task 3538,Priya,Open,Reviewed,2026-07-01
Task 3539,Priya,Open,Reviewed,2026-07-01
Task 3540,Priya,Open,Reviewed,2026-07-01
Task 3541,Priya,Open,Reviewed,2026-07-01
Task 3542,Priya,Open,Reviewed,2026-07-01
Task 3543,Priya,Open,Reviewed,2026-07-01
Task 3544,Priya,Open,Reviewed,2026-07-01
Task 3545,Priya,Open,Reviewed,2026-07-01
Task 3546,Priya,Open,Reviewed,2026-07-01
Task 3547,Priya,Open,Reviewed,2026-07-01
Task 3548,Priya,Open,Reviewed,2026-07-01
Task 3549,Priya,Open,Reviewed,2026-07-01
Task 3550,Priya,Open,Reviewed,2026-07-01
Task 3551,Priya,Open,Reviewed,2026-07-01
Task 3552,Priya,Open,Reviewed,2026-07-01
Task 3553,Priya,Open,Reviewed,2026-07-01
Task 3554,Priya,Open,Reviewed,2026-07-01
Task 3555,Priya,Open,Reviewed,2026-07-01
Task 3556,Priya,Open,Reviewed,2026-07-01
Task 3557,Priya,Open,Reviewed,2026-07-01
Task 3558,Priya,Open,Reviewed,2026-07-01
Task 3559,Priya,Open,Reviewed,2026-07-01
Task 3560,Priya,Open,Reviewed,2026-07-01
Task 3561,Priya,Open,Reviewed,2026-07-01
Task 3562,Priya,Open,Reviewed,2026-07-01
Task 3563,Priya,Open,Reviewed,2026-07-01
Task 3564,Priya,Open,Reviewed,2026-07-01
Task 3565,Priya,Open,Reviewed,2026-07-01
Task 3566,Priya,Open,Reviewed,2026-07-01
Task 3567,Priya,Open,Reviewed,2026-07-01
Task 3568,Priya,Open,Reviewed,2026-07-01
Task 3569,Priya,Open,Reviewed,2026-07-01
Task 3570,Priya,Open,Reviewed,2026-07-01
Task 3571,Priya,Open,Reviewed,2026-07-01
Task 3572,Priya,Open,Reviewed,2026-07-01
Task 3573,Priya,Open,Reviewed,2026-07-01
Task 3574,Priya,Open,Reviewed,2026-07-01
Task 3575,Priya,Open,Reviewed,2026-07-01
Task 3576,Priya,Open,Reviewed,2026-07-01
Task 3577,Priya,Open,Reviewed,2026-07-01
Task 3578,Priya,Open,Reviewed,2026-07-01
Task 3579,Priya,Open,Reviewed,2026-07-01
Task 3580,Priya,Open,Reviewed,2026-07-01
Task 3581,Priya,Open,Reviewed,2026-07-01
Task 3582,Priya,Open,Reviewed,2026-07-01
Task 3583,Priya,Open,Reviewed,2026-07-01
Task 3584,Priya,Open,Reviewed,2026-07-01
Task 3585,Priya,Open,Reviewed,2026-07-01
Task 3586,Priya,Open,Reviewed,2026-07-01
Task 3587,Priya,Open,Reviewed,2026-07-01
Task 3588,Priya,Open,Reviewed,2026-07-01
Task 3589,Priya,Open,Reviewed,2026-07-01
Task 3590,Priya,Open,Reviewed,2026-07-01
Task 3591,Priya,Open,Reviewed,2026-07-01
Task 3592,Priya,Open,Reviewed,2026-07-01
Task 3593,Priya,Open,Reviewed,2026-07-01
Task 3594,Priya,Open,Reviewed,2026-07-01
Task 3595,Priya,Open,Reviewed,2026-07-01
Task 3596,Priya,Open,Reviewed,2026-07-01
Task 3597,Priya,Open,Reviewed,2026-07-01
Task 3598,Priya,Open,Reviewed,2026-07-01
Task 3599,Priya,Open,Reviewed,2026-07-01
Task 3600,Priya,Open,Reviewed,2026-07-01
Task 3601,Priya,Open,Reviewed,2026-07-01
Task 3602,Priya,Open,Reviewed,2026-07-01
Task 3603,Priya,Open,Reviewed,2026-07-01
Task 3604,Priya,Open,Reviewed,2026-07-01
Task 3605,Priya,Open,Reviewed,2026-07-01
Task 3606,Priya,Open,Reviewed,2026-07-01
Task 3607,Priya,Open,Reviewed,2026-07-01
Task 3608,Priya,Open,Reviewed,2026-07-01
Task 3609,Priya,Open,Reviewed,2026-07-01
Task 3610,Priya,Open,Reviewed,2026-07-01
Task 3611,Priya,Open,Reviewed,2026-07-01
Task 3612,Priya,Open,Reviewed,2026-07-01
Task 3613,Priya,Open,Reviewed,2026-07-01
Task 3614,Priya,Open,Reviewed,2026-07-01
Task 3615,Priya,Open,Reviewed,2026-07-01
Task 3616,Priya,Open,Reviewed,2026-07-01
Task 3617,Priya,Open,Reviewed,2026-07-01
Task 3618,Priya,Open,Reviewed,2026-07-01
Task 3619,Priya,Open,Reviewed,2026-07-01
Task 3620,Priya,Open,Reviewed,2026-07-01
Task 3621,Priya,Open,Reviewed,2026-07-01
Task 3622,Priya,Open,Reviewed,2026-07-01
Task 3623,Priya,Open,Reviewed,2026-07-01
Task 3624,Priya,Open,Reviewed,2026-07-01
Task 3625,Priya,Open,Reviewed,2026-07-01
Task 3626,Priya,Open,Reviewed,2026-07-01
Task 3627,Priya,Open,Reviewed,2026-07-01
Task 3628,Priya,Open,Reviewed,2026-07-01
Task 3629,Priya,Open,Reviewed,2026-07-01
Task 3630,Priya,Open,Reviewed,2026-07-01
Task 3631,Priya,Open,Reviewed,2026-07-01
Task 3632,Priya,Open,Reviewed,2026-07-01
Task 3633,Priya,Open,Reviewed,2026-07-01
Task 3634,Priya,Open,Reviewed,2026-07-01
Task 3635,Priya,Open,Reviewed,2026-07-01
Task 3636,Priya,Open,Reviewed,2026-07-01
Task 3637,Priya,Open,Reviewed,2026-07-01
Task 3638,Priya,Open,Reviewed,2026-07-01
Task 3639,Priya,Open,Reviewed,2026-07-01
Task 3640,Priya,Open,Reviewed,2026-07-01
Task 3641,Priya,Open,Reviewed,2026-07-01
Task 3642,Priya,Open,Reviewed,2026-07-01
Task 3643,Priya,Open,Reviewed,2026-07-01
Task 3644,Priya,Open,Reviewed,2026-07-01
Task 3645,Priya,Open,Reviewed,2026-07-01
Task 3646,Priya,Open,Reviewed,2026-07-01
Task 3647,Priya,Open,Reviewed,2026-07-01
Task 3648,Priya,Open,Reviewed,2026-07-01
Task 3649,Priya,Open,Reviewed,2026-07-01
Task 3650,Priya,Open,Reviewed,2026-07-01
Task 3651,Priya,Open,Reviewed,2026-07-01
Task 3652,Priya,Open,Reviewed,2026-07-01
Task 3653,Priya,Open,Reviewed,2026-07-01
Task 3654,Priya,Open,Reviewed,2026-07-01
Task 3655,Priya,Open,Reviewed,2026-07-01
Task 3656,Priya,Open,Reviewed,2026-07-01
Task 3657,Priya,Open,Reviewed,2026-07-01
Task 3658,Priya,Open,Reviewed,2026-07-01
Task 3659,Priya,Open,Reviewed,2026-07-01
Task 3660,Priya,Open,Reviewed,2026-07-01
Task 3661,Priya,Open,Reviewed,2026-07-01
Task 3662,Priya,Open,Reviewed,2026-07-01
Task 3663,Priya,Open,Reviewed,2026-07-01
Task 3664,Priya,Open,Reviewed,2026-07-01
Task 3665,Priya,Open,Reviewed,2026-07-01
Task 3666,Priya,Open,Reviewed,2026-07-01
Task 3667,Priya,Open,Reviewed,2026-07-01
Task 3668,Priya,Open,Reviewed,2026-07-01
Task 3669,Priya,Open,Reviewed,2026-07-01
Task 3670,Priya,Open,Reviewed,2026-07-01
Task 3671,Priya,Open,Reviewed,2026-07-01
Task 3672,Priya,Open,Reviewed,2026-07-01
Task 3673,Priya,Open,Reviewed,2026-07-01
Task 3674,Priya,Open,Reviewed,2026-07-01
Task 3675,Priya,Open,Reviewed,2026-07-01
Task 3676,Priya,Open,Reviewed,2026-07-01
Task 3677,Priya,Open,Reviewed,2026-07-01
Task 3678,Priya,Open,Reviewed,2026-07-01
Task 3679,Priya,Open,Reviewed,2026-07-01
Task 3680,Priya,Open,Reviewed,2026-07-01
Task 3681,Priya,Open,Reviewed,2026-07-01
Task 3682,Priya,Open,Reviewed,2026-07-01
Task 3683,Priya,Open,Reviewed,2026-07-01
Task 3684,Priya,Open,Reviewed,2026-07-01
Task 3685,Priya,Open,Reviewed,2026-07-01
Task 3686,Priya,Open,Reviewed,2026-07-01
Task 3687,Priya,Open,Reviewed,2026-07-01
Task 3688,Priya,Open,Reviewed,2026-07-01
Task 3689,Priya,Open,Reviewed,2026-07-01
Task 3690,Priya,Open,Reviewed,2026-07-01
Task 3691,Priya,Open,Reviewed,2026-07-01
Task 3692,Priya,Open,Reviewed,2026-07-01
Task 3693,Priya,Open,Reviewed,2026-07-01
Task 3694,Priya,Open,Reviewed,2026-07-01
Task 3695,Priya,Open,Reviewed,2026-07-01
Task 3696,Priya,Open,Reviewed,2026-07-01
Task 3697,Priya,Open,Reviewed,2026-07-01
Task 3698,Priya,Open,Reviewed,2026-07-01
Task 3699,Priya,Open,Reviewed,2026-07-01
Task 3700,Priya,Open,Reviewed,2026-07-01
Task 3701,Priya,Open,Reviewed,2026-07-01
Task 3702,Priya,Open,Reviewed,2026-07-01
Task 3703,Priya,Open,Reviewed,2026-07-01
Task 3704,Priya,Open,Reviewed,2026-07-01
Task 3705,Priya,Open,Reviewed,2026-07-01
Task 3706,Priya,Open,Reviewed,2026-07-01
Task 3707,Priya,Open,Reviewed,2026-07-01
Task 3708,Priya,Open,Reviewed,2026-07-01
Task 3709,Priya,Open,Reviewed,2026-07-01
Task 3710,Priya,Open,Reviewed,2026-07-01
Task 3711,Priya,Open,Reviewed,2026-07-01
Task 3712,Priya,Open,Reviewed,2026-07-01
Task 3713,Priya,Open,Reviewed,2026-07-01
Task 3714,Priya,Open,Reviewed,2026-07-01
Task 3715,Priya,Open,Reviewed,2026-07-01
Task 3716,Priya,Open,Reviewed,2026-07-01
Task 3717,Priya,Open,Reviewed,2026-07-01
Task 3718,Priya,Open,Reviewed,2026-07-01
Task 3719,Priya,Open,Reviewed,2026-07-01
Task 3720,Priya,Open,Reviewed,2026-07-01
Task 3721,Priya,Open,Reviewed,2026-07-01
Task 3722,Priya,Open,Reviewed,2026-07-01
Task 3723,Priya,Open,Reviewed,2026-07-01
Task 3724,Priya,Open,Reviewed,2026-07-01
Task 3725,Priya,Open,Reviewed,2026-07-01
Task 3726,Priya,Open,Reviewed,2026-07-01
Task 3727,Priya,Open,Reviewed,2026-07-01
Task 3728,Priya,Open,Reviewed,2026-07-01
Task 3729,Priya,Open,Reviewed,2026-07-01
Task 3730,Priya,Open,Reviewed,2026-07-01
Task 3731,Priya,Open,Reviewed,2026-07-01
Task 3732,Priya,Open,Reviewed,2026-07-01
Task 3733,Priya,Open,Reviewed,2026-07-01
Task 3734,Priya,Open,Reviewed,2026-07-01
Task 3735,Priya,Open,Reviewed,2026-07-01
Task 3736,Priya,Open,Reviewed,2026-07-01
Task 3737,Priya,Open,Reviewed,2026-07-01
Task 3738,Priya,Open,Reviewed,2026-07-01
Task 3739,Priya,Open,Reviewed,2026-07-01
Task 3740,Priya,Open,Reviewed,2026-07-01
Task 3741,Priya,Open,Reviewed,2026-07-01
Task 3742,Priya,Open,Reviewed,2026-07-01
Task 3743,Priya,Open,Reviewed,2026-07-01
Task 3744,Priya,Open,Reviewed,2026-07-01
Task 3745,Priya,Open,Reviewed,2026-07-01
Task 3746,Priya,Open,Reviewed,2026-07-01
Task 3747,Priya,Open,Reviewed,2026-07-01
Task 3748,Priya,Open,Reviewed,2026-07-01
Task 3749,Priya,Open,Reviewed,2026-07-01
Task 3750,Priya,Open,Reviewed,2026-07-01
Task 3751,Priya,Open,Reviewed,2026-07-01
Task 3752,Priya,Open,Reviewed,2026-07-01
Task 3753,Priya,Open,Reviewed,2026-07-01
Task 3754,Priya,Open,Reviewed,2026-07-01
Task 3755,Priya,Open,Reviewed,2026-07-01
Task 3756,Priya,Open,Reviewed,2026-07-01
Task 3757,Priya,Open,Reviewed,2026-07-01
Task 3758,Priya,Open,Reviewed,2026-07-01
Task 3759,Priya,Open,Reviewed,2026-07-01
Task 3760,Priya,Open,Reviewed,2026-07-01
Task 3761,Priya,Open,Reviewed,2026-07-01
Task 3762,Priya,Open,Reviewed,2026-07-01
Task 3763,Priya,Open,Reviewed,2026-07-01
Task 3764,Priya,Open,Reviewed,2026-07-01
Task 3765,Priya,Open,Reviewed,2026-07-01
Task 3766,Priya,Open,Reviewed,2026-07-01
Task 3767,Priya,Open,Reviewed,2026-07-01
Task 3768,Priya,Open,Reviewed,2026-07-01
Task 3769,Priya,Open,Reviewed,2026-07-01
Task 3770,Priya,Open,Reviewed,2026-07-01
Task 3771,Priya,Open,Reviewed,2026-07-01
Task 3772,Priya,Open,Reviewed,2026-07-01
Task 3773,Priya,Open,Reviewed,2026-07-01
Task 3774,Priya,Open,Reviewed,2026-07-01
Task 3775,Priya,Open,Reviewed,2026-07-01
Task 3776,Priya,Open,Reviewed,2026-07-01
Task 3777,Priya,Open,Reviewed,2026-07-01
Task 3778,Priya,Open,Reviewed,2026-07-01
Task 3779,Priya,Open,Reviewed,2026-07-01
Task 3780,Priya,Open,Reviewed,2026-07-01
Task 3781,Priya,Open,Reviewed,2026-07-01
Task 3782,Priya,Open,Reviewed,2026-07-01
Task 3783,Priya,Open,Reviewed,2026-07-01
Task 3784,Priya,Open,Reviewed,2026-07-01
Task 3785,Priya,Open,Reviewed,2026-07-01
Task 3786,Priya,Open,Reviewed,2026-07-01
Task 3787,Priya,Open,Reviewed,2026-07-01
Task 3788,Priya,Open,Reviewed,2026-07-01
Task 3789,Priya,Open,Reviewed,2026-07-01
Task 3790,Priya,Open,Reviewed,2026-07-01
Task 3791,Priya,Open,Reviewed,2026-07-01
Task 3792,Priya,Open,Reviewed,2026-07-01
Task 3793,Priya,Open,Reviewed,2026-07-01
Task 3794,Priya,Open,Reviewed,2026-07-01
Task 3795,Priya,Open,Reviewed,2026-07-01
Task 3796,Priya,Open,Reviewed,2026-07-01
Task 3797,Priya,Open,Reviewed,2026-07-01
Task 3798,Priya,Open,Reviewed,2026-07-01
Task 3799,Priya,Open,Reviewed,2026-07-01
Task 3800,Priya,Open,Reviewed,2026-07-01
Task 3801,Priya,Open,Reviewed,2026-07-01
Task 3802,Priya,Open,Reviewed,2026-07-01
Task 3803,Priya,Open,Reviewed,2026-07-01
Task 3804,Priya,Open,Reviewed,2026-07-01
Task 3805,Priya,Open,Reviewed,2026-07-01
Task 3806,Priya,Open,Reviewed,2026-07-01
Task 3807,Priya,Open,Reviewed,2026-07-01
Task 3808,Priya,Open,Reviewed,2026-07-01
Task 3809,Priya,Open,Reviewed,2026-07-01
Task 3810,Priya,Open,Reviewed,2026-07-01
Task 3811,Priya,Open,Reviewed,2026-07-01
Task 3812,Priya,Open,Reviewed,2026-07-01
Task 3813,Priya,Open,Reviewed,2026-07-01
Task 3814,Priya,Open,Reviewed,2026-07-01
Task 3815,Priya,Open,Reviewed,2026-07-01
Task 3816,Priya,Open,Reviewed,2026-07-01
Task 3817,Priya,Open,Reviewed,2026-07-01
Task 3818,Priya,Open,Reviewed,2026-07-01
Task 3819,Priya,Open,Reviewed,2026-07-01
Task 3820,Priya,Open,Reviewed,2026-07-01
Task 3821,Priya,Open,Reviewed,2026-07-01
Task 3822,Priya,Open,Reviewed,2026-07-01
Task 3823,Priya,Open,Reviewed,2026-07-01
Task 3824,Priya,Open,Reviewed,2026-07-01
Task 3825,Priya,Open,Reviewed,2026-07-01
Task 3826,Priya,Open,Reviewed,2026-07-01
Task 3827,Priya,Open,Reviewed,2026-07-01
Task 3828,Priya,Open,Reviewed,2026-07-01
Task 3829,Priya,Open,Reviewed,2026-07-01
Task 3830,Priya,Open,Reviewed,2026-07-01
Task 3831,Priya,Open,Reviewed,2026-07-01
Task 3832,Priya,Open,Reviewed,2026-07-01
Task 3833,Priya,Open,Reviewed,2026-07-01
Task 3834,Priya,Open,Reviewed,2026-07-01
Task 3835,Priya,Open,Reviewed,2026-07-01
Task 3836,Priya,Open,Reviewed,2026-07-01
Task 3837,Priya,Open,Reviewed,2026-07-01
Task 3838,Priya,Open,Reviewed,2026-07-01
Task 3839,Priya,Open,Reviewed,2026-07-01
Task 3840,Priya,Open,Reviewed,2026-07-01
Task 3841,Priya,Open,Reviewed,2026-07-01
Task 3842,Priya,Open,Reviewed,2026-07-01
Task 3843,Priya,Open,Reviewed,2026-07-01
Task 3844,Priya,Open,Reviewed,2026-07-01
Task 3845,Priya,Open,Reviewed,2026-07-01
Task 3846,Priya,Open,Reviewed,2026-07-01
Task 3847,Priya,Open,Reviewed,2026-07-01
Task 3848,Priya,Open,Reviewed,2026-07-01
Task 3849,Priya,Open,Reviewed,2026-07-01
Task 3850,Priya,Open,Reviewed,2026-07-01
Task 3851,Priya,Open,Reviewed,2026-07-01
Task 3852,Priya,Open,Reviewed,2026-07-01
Task 3853,Priya,Open,Reviewed,2026-07-01
Task 3854,Priya,Open,Reviewed,2026-07-01
Task 3855,Priya,Open,Reviewed,2026-07-01
Task 3856,Priya,Open,Reviewed,2026-07-01
Task 3857,Priya,Open,Reviewed,2026-07-01
Task 3858,Priya,Open,Reviewed,2026-07-01
Task 3859,Priya,Open,Reviewed,2026-07-01
Task 3860,Priya,Open,Reviewed,2026-07-01
Task 3861,Priya,Open,Reviewed,2026-07-01
Task 3862,Priya,Open,Reviewed,2026-07-01
Task 3863,Priya,Open,Reviewed,2026-07-01
Task 3864,Priya,Open,Reviewed,2026-07-01
Task 3865,Priya,Open,Reviewed,2026-07-01
Task 3866,Priya,Open,Reviewed,2026-07-01
Task 3867,Priya,Open,Reviewed,2026-07-01
Task 3868,Priya,Open,Reviewed,2026-07-01
Task 3869,Priya,Open,Reviewed,2026-07-01
Task 3870,Priya,Open,Reviewed,2026-07-01
Task 3871,Priya,Open,Reviewed,2026-07-01
Task 3872,Priya,Open,Reviewed,2026-07-01
Task 3873,Priya,Open,Reviewed,2026-07-01
Task 3874,Priya,Open,Reviewed,2026-07-01
Task 3875,Priya,Open,Reviewed,2026-07-01
Task 3876,Priya,Open,Reviewed,2026-07-01
Task 3877,Priya,Open,Reviewed,2026-07-01
Task 3878,Priya,Open,Reviewed,2026-07-01
Task 3879,Priya,Open,Reviewed,2026-07-01
Task 3880,Priya,Open,Reviewed,2026-07-01
Task 3881,Priya,Open,Reviewed,2026-07-01
Task 3882,Priya,Open,Reviewed,2026-07-01
Task 3883,Priya,Open,Reviewed,2026-07-01
Task 3884,Priya,Open,Reviewed,2026-07-01
Task 3885,Priya,Open,Reviewed,2026-07-01
Task 3886,Priya,Open,Reviewed,2026-07-01
Task 3887,Priya,Open,Reviewed,2026-07-01
Task 3888,Priya,Open,Reviewed,2026-07-01
Task 3889,Priya,Open,Reviewed,2026-07-01
Task 3890,Priya,Open,Reviewed,2026-07-01
Task 3891,Priya,Open,Reviewed,2026-07-01
Task 3892,Priya,Open,Reviewed,2026-07-01
Task 3893,Priya,Open,Reviewed,2026-07-01
Task 3894,Priya,Open,Reviewed,2026-07-01
Task 3895,Priya,Open,Reviewed,2026-07-01
Task 3896,Priya,Open,Reviewed,2026-07-01
Task 3897,Priya,Open,Reviewed,2026-07-01
Task 3898,Priya,Open,Reviewed,2026-07-01
Task 3899,Priya,Open,Reviewed,2026-07-01
Task 3900,Priya,Open,Reviewed,2026-07-01
Task 3901,Priya,Open,Reviewed,2026-07-01
Task 3902,Priya,Open,Reviewed,2026-07-01
Task 3903,Priya,Open,Reviewed,2026-07-01
Task 3904,Priya,Open,Reviewed,2026-07-01
Task 3905,Priya,Open,Reviewed,2026-07-01
Task 3906,Priya,Open,Reviewed,2026-07-01
Task 3907,Priya,Open,Reviewed,2026-07-01
Task 3908,Priya,Open,Reviewed,2026-07-01
Task 3909,Priya,Open,Reviewed,2026-07-01
Task 3910,Priya,Open,Reviewed,2026-07-01
Task 3911,Priya,Open,Reviewed,2026-07-01
Task 3912,Priya,Open,Reviewed,2026-07-01
Task 3913,Priya,Open,Reviewed,2026-07-01
Task 3914,Priya,Open,Reviewed,2026-07-01
Task 3915,Priya,Open,Reviewed,2026-07-01
Task 3916,Priya,Open,Reviewed,2026-07-01
Task 3917,Priya,Open,Reviewed,2026-07-01
Task 3918,Priya,Open,Reviewed,2026-07-01
Task 3919,Priya,Open,Reviewed,2026-07-01
Task 3920,Priya,Open,Reviewed,2026-07-01
Task 3921,Priya,Open,Reviewed,2026-07-01
Task 3922,Priya,Open,Reviewed,2026-07-01
Task 3923,Priya,Open,Reviewed,2026-07-01
Task 3924,Priya,Open,Reviewed,2026-07-01
Task 3925,Priya,Open,Reviewed,2026-07-01
Task 3926,Priya,Open,Reviewed,2026-07-01
Task 3927,Priya,Open,Reviewed,2026-07-01
Task 3928,Priya,Open,Reviewed,2026-07-01
Task 3929,Priya,Open,Reviewed,2026-07-01
Task 3930,Priya,Open,Reviewed,2026-07-01
Task 3931,Priya,Open,Reviewed,2026-07-01
Task 3932,Priya,Open,Reviewed,2026-07-01
Task 3933,Priya,Open,Reviewed,2026-07-01
Task 3934,Priya,Open,Reviewed,2026-07-01
Task 3935,Priya,Open,Reviewed,2026-07-01
Task 3936,Priya,Open,Reviewed,2026-07-01
Task 3937,Priya,Open,Reviewed,2026-07-01
Task 3938,Priya,Open,Reviewed,2026-07-01
Task 3939,Priya,Open,Reviewed,2026-07-01
Task 3940,Priya,Open,Reviewed,2026-07-01
Task 3941,Priya,Open,Reviewed,2026-07-01
Task 3942,Priya,Open,Reviewed,2026-07-01
Task 3943,Priya,Open,Reviewed,2026-07-01
Task 3944,Priya,Open,Reviewed,2026-07-01
Task 3945,Priya,Open,Reviewed,2026-07-01
Task 3946,Priya,Open,Reviewed,2026-07-01
Task 3947,Priya,Open,Reviewed,2026-07-01
Task 3948,Priya,Open,Reviewed,2026-07-01
Task 3949,Priya,Open,Reviewed,2026-07-01
Task 3950,Priya,Open,Reviewed,2026-07-01
Task 3951,Priya,Open,Reviewed,2026-07-01
Task 3952,Priya,Open,Reviewed,2026-07-01
Task 3953,Priya,Open,Reviewed,2026-07-01
Task 3954,Priya,Open,Reviewed,2026-07-01
Task 3955,Priya,Open,Reviewed,2026-07-01
Task 3956,Priya,Open,Reviewed,2026-07-01
Task 3957,Priya,Open,Reviewed,2026-07-01
Task 3958,Priya,Open,Reviewed,2026-07-01
Task 3959,Priya,Open,Reviewed,2026-07-01
Task 3960,Priya,Open,Reviewed,2026-07-01
Task 3961,Priya,Open,Reviewed,2026-07-01
Task 3962,Priya,Open,Reviewed,2026-07-01
Task 3963,Priya,Open,Reviewed,2026-07-01
Task 3964,Priya,Open,Reviewed,2026-07-01
Task 3965,Priya,Open,Reviewed,2026-07-01
Task 3966,Priya,Open,Reviewed,2026-07-01
Task 3967,Priya,Open,Reviewed,2026-07-01
Task 3968,Priya,Open,Reviewed,2026-07-01
Task 3969,Priya,Open,Reviewed,2026-07-01
Task 3970,Priya,Open,Reviewed,2026-07-01
Task 3971,Priya,Open,Reviewed,2026-07-01
Task 3972,Priya,Open,Reviewed,2026-07-01
Task 3973,Priya,Open,Reviewed,2026-07-01
Task 3974,Priya,Open,Reviewed,2026-07-01
Task 3975,Priya,Open,Reviewed,2026-07-01
Task 3976,Priya,Open,Reviewed,2026-07-01
Task 3977,Priya,Open,Reviewed,2026-07-01
Task 3978,Priya,Open,Reviewed,2026-07-01
Task 3979,Priya,Open,Reviewed,2026-07-01
Task 3980,Priya,Open,Reviewed,2026-07-01
Task 3981,Priya,Open,Reviewed,2026-07-01
Task 3982,Priya,Open,Reviewed,2026-07-01
Task 3983,Priya,Open,Reviewed,2026-07-01
Task 3984,Priya,Open,Reviewed,2026-07-01
Task 3985,Priya,Open,Reviewed,2026-07-01
Task 3986,Priya,Open,Reviewed,2026-07-01
Task 3987,Priya,Open,Reviewed,2026-07-01
Task 3988,Priya,Open,Reviewed,2026-07-01
Task 3989,Priya,Open,Reviewed,2026-07-01
Task 3990,Priya,Open,Reviewed,2026-07-01
Task 3991,Priya,Open,Reviewed,2026-07-01
Task 3992,Priya,Open,Reviewed,2026-07-01
Task 3993,Priya,Open,Reviewed,2026-07-01
Task 3994,Priya,Open,Reviewed,2026-07-01
Task 3995,Priya,Open,Reviewed,2026-07-01
Task 3996,Priya,Open,Reviewed,2026-07-01
Task 3997,Priya,Open,Reviewed,2026-07-01
Task 3998,Priya,Open,Reviewed,2026-07-01
Task 3999,Priya,Open,Reviewed,2026-07-01
Task 4000,Priya,Open,Reviewed,2026-07-01
Task 4001,Priya,Open,Reviewed,2026-07-01
Task 4002,Priya,Open,Reviewed,2026-07-01
Task 4003,Priya,Open,Reviewed,2026-07-01
Task 4004,Priya,Open,Reviewed,2026-07-01
Task 4005,Priya,Open,Reviewed,2026-07-01
Task 4006,Priya,Open,Reviewed,2026-07-01
Task 4007,Priya,Open,Reviewed,2026-07-01
Task 4008,Priya,Open,Reviewed,2026-07-01
Task 4009,Priya,Open,Reviewed,2026-07-01
Task 4010,Priya,Open,Reviewed,2026-07-01
Task 4011,Priya,Open,Reviewed,2026-07-01
Task 4012,Priya,Open,Reviewed,2026-07-01
Task 4013,Priya,Open,Reviewed,2026-07-01
Task 4014,Priya,Open,Reviewed,2026-07-01
Task 4015,Priya,Open,Reviewed,2026-07-01
Task 4016,Priya,Open,Reviewed,2026-07-01
Task 4017,Priya,Open,Reviewed,2026-07-01
Task 4018,Priya,Open,Reviewed,2026-07-01
Task 4019,Priya,Open,Reviewed,2026-07-01
Task 4020,Priya,Open,Reviewed,2026-07-01
Task 4021,Priya,Open,Reviewed,2026-07-01
Task 4022,Priya,Open,Reviewed,2026-07-01
Task 4023,Priya,Open,Reviewed,2026-07-01
Task 4024,Priya,Open,Reviewed,2026-07-01
Task 4025,Priya,Open,Reviewed,2026-07-01
Task 4026,Priya,Open,Reviewed,2026-07-01
Task 4027,Priya,Open,Reviewed,2026-07-01
Task 4028,Priya,Open,Reviewed,2026-07-01
Task 4029,Priya,Open,Reviewed,2026-07-01
Task 4030,Priya,Open,Reviewed,2026-07-01
Task 4031,Priya,Open,Reviewed,2026-07-01
Task 4032,Priya,Open,Reviewed,2026-07-01
Task 4033,Priya,Open,Reviewed,2026-07-01
Task 4034,Priya,Open,Reviewed,2026-07-01
Task 4035,Priya,Open,Reviewed,2026-07-01
Task 4036,Priya,Open,Reviewed,2026-07-01
Task 4037,Priya,Open,Reviewed,2026-07-01
Task 4038,Priya,Open,Reviewed,2026-07-01
Task 4039,Priya,Open,Reviewed,2026-07-01
Task 4040,Priya,Open,Reviewed,2026-07-01
Task 4041,Priya,Open,Reviewed,2026-07-01
Task 4042,Priya,Open,Reviewed,2026-07-01
Task 4043,Priya,Open,Reviewed,2026-07-01
Task 4044,Priya,Open,Reviewed,2026-07-01
Task 4045,Priya,Open,Reviewed,2026-07-01
Task 4046,Priya,Open,Reviewed,2026-07-01
Task 4047,Priya,Open,Reviewed,2026-07-01
Task 4048,Priya,Open,Reviewed,2026-07-01
Task 4049,Priya,Open,Reviewed,2026-07-01
Task 4050,Priya,Open,Reviewed,2026-07-01
Task 4051,Priya,Open,Reviewed,2026-07-01
Task 4052,Priya,Open,Reviewed,2026-07-01
Task 4053,Priya,Open,Reviewed,2026-07-01
Task 4054,Priya,Open,Reviewed,2026-07-01
Task 4055,Priya,Open,Reviewed,2026-07-01
Task 4056,Priya,Open,Reviewed,2026-07-01
Task 4057,Priya,Open,Reviewed,2026-07-01
Task 4058,Priya,Open,Reviewed,2026-07-01
Task 4059,Priya,Open,Reviewed,2026-07-01
Task 4060,Priya,Open,Reviewed,2026-07-01
Task 4061,Priya,Open,Reviewed,2026-07-01
Task 4062,Priya,Open,Reviewed,2026-07-01
Task 4063,Priya,Open,Reviewed,2026-07-01
Task 4064,Priya,Open,Reviewed,2026-07-01
Task 4065,Priya,Open,Reviewed,2026-07-01
Task 4066,Priya,Open,Reviewed,2026-07-01
Task 4067,Priya,Open,Reviewed,2026-07-01
Task 4068,Priya,Open,Reviewed,2026-07-01
Task 4069,Priya,Open,Reviewed,2026-07-01
Task 4070,Priya,Open,Reviewed,2026-07-01
Task 4071,Priya,Open,Reviewed,2026-07-01
Task 4072,Priya,Open,Reviewed,2026-07-01
Task 4073,Priya,Open,Reviewed,2026-07-01
Task 4074,Priya,Open,Reviewed,2026-07-01
Task 4075,Priya,Open,Reviewed,2026-07-01
Task 4076,Priya,Open,Reviewed,2026-07-01
Task 4077,Priya,Open,Reviewed,2026-07-01
Task 4078,Priya,Open,Reviewed,2026-07-01
Task 4079,Priya,Open,Reviewed,2026-07-01
Task 4080,Priya,Open,Reviewed,2026-07-01
Task 4081,Priya,Open,Reviewed,2026-07-01
Task 4082,Priya,Open,Reviewed,2026-07-01
Task 4083,Priya,Open,Reviewed,2026-07-01
Task 4084,Priya,Open,Reviewed,2026-07-01
Task 4085,Priya,Open,Reviewed,2026-07-01
Task 4086,Priya,Open,Reviewed,2026-07-01
Task 4087,Priya,Open,Reviewed,2026-07-01
Task 4088,Priya,Open,Reviewed,2026-07-01
Task 4089,Priya,Open,Reviewed,2026-07-01
Task 4090,Priya,Open,Reviewed,2026-07-01
Task 4091,Priya,Open,Reviewed,2026-07-01
Task 4092,Priya,Open,Reviewed,2026-07-01
Task 4093,Priya,Open,Reviewed,2026-07-01
Task 4094,Priya,Open,Reviewed,2026-07-01
Task 4095,Priya,Open,Reviewed,2026-07-01
Task 4096,Priya,Open,Reviewed,2026-07-01
Task 4097,Priya,Open,Reviewed,2026-07-01
Task 4098,Priya,Open,Reviewed,2026-07-01
Task 4099,Priya,Open,Reviewed,2026-07-01
Task 4100,Priya,Open,Reviewed,2026-07-01
Task 4101,Priya,Open,Reviewed,2026-07-01
Task 4102,Priya,Open,Reviewed,2026-07-01
Task 4103,Priya,Open,Reviewed,2026-07-01
Task 4104,Priya,Open,Reviewed,2026-07-01
Task 4105,Priya,Open,Reviewed,2026-07-01
Task 4106,Priya,Open,Reviewed,2026-07-01
Task 4107,Priya,Open,Reviewed,2026-07-01
Task 4108,Priya,Open,Reviewed,2026-07-01
Task 4109,Priya,Open,Reviewed,2026-07-01
Task 4110,Priya,Open,Reviewed,2026-07-01
Task 4111,Priya,Open,Reviewed,2026-07-01
Task 4112,Priya,Open,Reviewed,2026-07-01
Task 4113,Priya,Open,Reviewed,2026-07-01
Task 4114,Priya,Open,Reviewed,2026-07-01
Task 4115,Priya,Open,Reviewed,2026-07-01
Task 4116,Priya,Open,Reviewed,2026-07-01
Task 4117,Priya,Open,Reviewed,2026-07-01
Task 4118,Priya,Open,Reviewed,2026-07-01
Task 4119,Priya,Open,Reviewed,2026-07-01
Task 4120,Priya,Open,Reviewed,2026-07-01
Task 4121,Priya,Open,Reviewed,2026-07-01
Task 4122,Priya,Open,Reviewed,2026-07-01
Task 4123,Priya,Open,Reviewed,2026-07-01
Task 4124,Priya,Open,Reviewed,2026-07-01
Task 4125,Priya,Open,Reviewed,2026-07-01
Task 4126,Priya,Open,Reviewed,2026-07-01
Task 4127,Priya,Open,Reviewed,2026-07-01
Task 4128,Priya,Open,Reviewed,2026-07-01
Task 4129,Priya,Open,Reviewed,2026-07-01
Task 4130,Priya,Open,Reviewed,2026-07-01
Task 4131,Priya,Open,Reviewed,2026-07-01
Task 4132,Priya,Open,Reviewed,2026-07-01
Task 4133,Priya,Open,Reviewed,2026-07-01
Task 4134,Priya,Open,Reviewed,2026-07-01
Task 4135,Priya,Open,Reviewed,2026-07-01
Task 4136,Priya,Open,Reviewed,2026-07-01
Task 4137,Priya,Open,Reviewed,2026-07-01
Task 4138,Priya,Open,Reviewed,2026-07-01
Task 4139,Priya,Open,Reviewed,2026-07-01
Task 4140,Priya,Open,Reviewed,2026-07-01
Task 4141,Priya,Open,Reviewed,2026-07-01
Task 4142,Priya,Open,Reviewed,2026-07-01
Task 4143,Priya,Open,Reviewed,2026-07-01
Task 4144,Priya,Open,Reviewed,2026-07-01
Task 4145,Priya,Open,Reviewed,2026-07-01
Task 4146,Priya,Open,Reviewed,2026-07-01
Task 4147,Priya,Open,Reviewed,2026-07-01
Task 4148,Priya,Open,Reviewed,2026-07-01
Task 4149,Priya,Open,Reviewed,2026-07-01
Task 4150,Priya,Open,Reviewed,2026-07-01
Task 4151,Priya,Open,Reviewed,2026-07-01
Task 4152,Priya,Open,Reviewed,2026-07-01
Task 4153,Priya,Open,Reviewed,2026-07-01
Task 4154,Priya,Open,Reviewed,2026-07-01
Task 4155,Priya,Open,Reviewed,2026-07-01
Task 4156,Priya,Open,Reviewed,2026-07-01
Task 4157,Priya,Open,Reviewed,2026-07-01
Task 4158,Priya,Open,Reviewed,2026-07-01
Task 4159,Priya,Open,Reviewed,2026-07-01
Task 4160,Priya,Open,Reviewed,2026-07-01
Task 4161,Priya,Open,Reviewed,2026-07-01
Task 4162,Priya,Open,Reviewed,2026-07-01
Task 4163,Priya,Open,Reviewed,2026-07-01
Task 4164,Priya,Open,Reviewed,2026-07-01
Task 4165,Priya,Open,Reviewed,2026-07-01
Task 4166,Priya,Open,Reviewed,2026-07-01
Task 4167,Priya,Open,Reviewed,2026-07-01
Task 4168,Priya,Open,Reviewed,2026-07-01
Task 4169,Priya,Open,Reviewed,2026-07-01
Task 4170,Priya,Open,Reviewed,2026-07-01
Task 4171,Priya,Open,Reviewed,2026-07-01
Task 4172,Priya,Open,Reviewed,2026-07-01
Task 4173,Priya,Open,Reviewed,2026-07-01
Task 4174,Priya,Open,Reviewed,2026-07-01
Task 4175,Priya,Open,Reviewed,2026-07-01
Task 4176,Priya,Open,Reviewed,2026-07-01
Task 4177,Priya,Open,Reviewed,2026-07-01
Task 4178,Priya,Open,Reviewed,2026-07-01
Task 4179,Priya,Open,Reviewed,2026-07-01
Task 4180,Priya,Open,Reviewed,2026-07-01
Task 4181,Priya,Open,Reviewed,2026-07-01
Task 4182,Priya,Open,Reviewed,2026-07-01
Task 4183,Priya,Open,Reviewed,2026-07-01
Task 4184,Priya,Open,Reviewed,2026-07-01
Task 4185,Priya,Open,Reviewed,2026-07-01
Task 4186,Priya,Open,Reviewed,2026-07-01
Task 4187,Priya,Open,Reviewed,2026-07-01
Task 4188,Priya,Open,Reviewed,2026-07-01
Task 4189,Priya,Open,Reviewed,2026-07-01
Task 4190,Priya,Open,Reviewed,2026-07-01
Task 4191,Priya,Open,Reviewed,2026-07-01
Task 4192,Priya,Open,Reviewed,2026-07-01
Task 4193,Priya,Open,Reviewed,2026-07-01
Task 4194,Priya,Open,Reviewed,2026-07-01
Task 4195,Priya,Open,Reviewed,2026-07-01
Task 4196,Priya,Open,Reviewed,2026-07-01
Task 4197,Priya,Open,Reviewed,2026-07-01
Task 4198,Priya,Open,Reviewed,2026-07-01
Task 4199,Priya,Open,Reviewed,2026-07-01
Task 4200,Priya,Open,Reviewed,2026-07-01
Task 4201,Priya,Open,Reviewed,2026-07-01
Task 4202,Priya,Open,Reviewed,2026-07-01
Task 4203,Priya,Open,Reviewed,2026-07-01
Task 4204,Priya,Open,Reviewed,2026-07-01
Task 4205,Priya,Open,Reviewed,2026-07-01
Task 4206,Priya,Open,Reviewed,2026-07-01
Task 4207,Priya,Open,Reviewed,2026-07-01
Task 4208,Priya,Open,Reviewed,2026-07-01
Task 4209,Priya,Open,Reviewed,2026-07-01
Task 4210,Priya,Open,Reviewed,2026-07-01
Task 4211,Priya,Open,Reviewed,2026-07-01
Task 4212,Priya,Open,Reviewed,2026-07-01
Task 4213,Priya,Open,Reviewed,2026-07-01
Task 4214,Priya,Open,Reviewed,2026-07-01
Task 4215,Priya,Open,Reviewed,2026-07-01
Task 4216,Priya,Open,Reviewed,2026-07-01
Task 4217,Priya,Open,Reviewed,2026-07-01
Task 4218,Priya,Open,Reviewed,2026-07-01
Task 4219,Priya,Open,Reviewed,2026-07-01
Task 4220,Priya,Open,Reviewed,2026-07-01
Task 4221,Priya,Open,Reviewed,2026-07-01
Task 4222,Priya,Open,Reviewed,2026-07-01
Task 4223,Priya,Open,Reviewed,2026-07-01
Task 4224,Priya,Open,Reviewed,2026-07-01
Task 4225,Priya,Open,Reviewed,2026-07-01
Task 4226,Priya,Open,Reviewed,2026-07-01
Task 4227,Priya,Open,Reviewed,2026-07-01
Task 4228,Priya,Open,Reviewed,2026-07-01
Task 4229,Priya,Open,Reviewed,2026-07-01
Task 4230,Priya,Open,Reviewed,2026-07-01
Task 4231,Priya,Open,Reviewed,2026-07-01
Task 4232,Priya,Open,Reviewed,2026-07-01
Task 4233,Priya,Open,Reviewed,2026-07-01
Task 4234,Priya,Open,Reviewed,2026-07-01
Task 4235,Priya,Open,Reviewed,2026-07-01
Task 4236,Priya,Open,Reviewed,2026-07-01
Task 4237,Priya,Open,Reviewed,2026-07-01
Task 4238,Priya,Open,Reviewed,2026-07-01
Task 4239,Priya,Open,Reviewed,2026-07-01
Task 4240,Priya,Open,Reviewed,2026-07-01
Task 4241,Priya,Open,Reviewed,2026-07-01
Task 4242,Priya,Open,Reviewed,2026-07-01
Task 4243,Priya,Open,Reviewed,2026-07-01
Task 4244,Priya,Open,Reviewed,2026-07-01
Task 4245,Priya,Open,Reviewed,2026-07-01
Task 4246,Priya,Open,Reviewed,2026-07-01
Task 4247,Priya,Open,Reviewed,2026-07-01
Task 4248,Priya,Open,Reviewed,2026-07-01
Task 4249,Priya,Open,Reviewed,2026-07-01
Task 4250,Priya,Open,Reviewed,2026-07-01
Task 4251,Priya,Open,Reviewed,2026-07-01
Task 4252,Priya,Open,Reviewed,2026-07-01
Task 4253,Priya,Open,Reviewed,2026-07-01
Task 4254,Priya,Open,Reviewed,2026-07-01
Task 4255,Priya,Open,Reviewed,2026-07-01
Task 4256,Priya,Open,Reviewed,2026-07-01
Task 4257,Priya,Open,Reviewed,2026-07-01
Task 4258,Priya,Open,Reviewed,2026-07-01
Task 4259,Priya,Open,Reviewed,2026-07-01
Task 4260,Priya,Open,Reviewed,2026-07-01
Task 4261,Priya,Open,Reviewed,2026-07-01
Task 4262,Priya,Open,Reviewed,2026-07-01
Task 4263,Priya,Open,Reviewed,2026-07-01
Task 4264,Priya,Open,Reviewed,2026-07-01
Task 4265,Priya,Open,Reviewed,2026-07-01
Task 4266,Priya,Open,Reviewed,2026-07-01
Task 4267,Priya,Open,Reviewed,2026-07-01
Task 4268,Priya,Open,Reviewed,2026-07-01
Task 4269,Priya,Open,Reviewed,2026-07-01
Task 4270,Priya,Open,Reviewed,2026-07-01
Task 4271,Priya,Open,Reviewed,2026-07-01
Task 4272,Priya,Open,Reviewed,2026-07-01
Task 4273,Priya,Open,Reviewed,2026-07-01
Task 4274,Priya,Open,Reviewed,2026-07-01
Task 4275,Priya,Open,Reviewed,2026-07-01
Task 4276,Priya,Open,Reviewed,2026-07-01
Task 4277,Priya,Open,Reviewed,2026-07-01
Task 4278,Priya,Open,Reviewed,2026-07-01
Task 4279,Priya,Open,Reviewed,2026-07-01
Task 4280,Priya,Open,Reviewed,2026-07-01
Task 4281,Priya,Open,Reviewed,2026-07-01
Task 4282,Priya,Open,Reviewed,2026-07-01
Task 4283,Priya,Open,Reviewed,2026-07-01
Task 4284,Priya,Open,Reviewed,2026-07-01
Task 4285,Priya,Open,Reviewed,2026-07-01
Task 4286,Priya,Open,Reviewed,2026-07-01
Task 4287,Priya,Open,Reviewed,2026-07-01
Task 4288,Priya,Open,Reviewed,2026-07-01
Task 4289,Priya,Open,Reviewed,2026-07-01
Task 4290,Priya,Open,Reviewed,2026-07-01
Task 4291,Priya,Open,Reviewed,2026-07-01
Task 4292,Priya,Open,Reviewed,2026-07-01
Task 4293,Priya,Open,Reviewed,2026-07-01
Task 4294,Priya,Open,Reviewed,2026-07-01
Task 4295,Priya,Open,Reviewed,2026-07-01
Task 4296,Priya,Open,Reviewed,2026-07-01
Task 4297,Priya,Open,Reviewed,2026-07-01
Task 4298,Priya,Open,Reviewed,2026-07-01
Task 4299,Priya,Open,Reviewed,2026-07-01
Task 4300,Priya,Open,Reviewed,2026-07-01
Task 4301,Priya,Open,Reviewed,2026-07-01
Task 4302,Priya,Open,Reviewed,2026-07-01
Task 4303,Priya,Open,Reviewed,2026-07-01
Task 4304,Priya,Open,Reviewed,2026-07-01
Task 4305,Priya,Open,Reviewed,2026-07-01
Task 4306,Priya,Open,Reviewed,2026-07-01
Task 4307,Priya,Open,Reviewed,2026-07-01
Task 4308,Priya,Open,Reviewed,2026-07-01
Task 4309,Priya,Open,Reviewed,2026-07-01
Task 4310,Priya,Open,Reviewed,2026-07-01
Task 4311,Priya,Open,Reviewed,2026-07-01
Task 4312,Priya,Open,Reviewed,2026-07-01
Task 4313,Priya,Open,Reviewed,2026-07-01
Task 4314,Priya,Open,Reviewed,2026-07-01
Task 4315,Priya,Open,Reviewed,2026-07-01
Task 4316,Priya,Open,Reviewed,2026-07-01
Task 4317,Priya,Open,Reviewed,2026-07-01
Task 4318,Priya,Open,Reviewed,2026-07-01
Task 4319,Priya,Open,Reviewed,2026-07-01
Task 4320,Priya,Open,Reviewed,2026-07-01
Task 4321,Priya,Open,Reviewed,2026-07-01
Task 4322,Priya,Open,Reviewed,2026-07-01
Task 4323,Priya,Open,Reviewed,2026-07-01
Task 4324,Priya,Open,Reviewed,2026-07-01
Task 4325,Priya,Open,Reviewed,2026-07-01
Task 4326,Priya,Open,Reviewed,2026-07-01
Task 4327,Priya,Open,Reviewed,2026-07-01
Task 4328,Priya,Open,Reviewed,2026-07-01
Task 4329,Priya,Open,Reviewed,2026-07-01
Task 4330,Priya,Open,Reviewed,2026-07-01
Task 4331,Priya,Open,Reviewed,2026-07-01
Task 4332,Priya,Open,Reviewed,2026-07-01
Task 4333,Priya,Open,Reviewed,2026-07-01
Task 4334,Priya,Open,Reviewed,2026-07-01
Task 4335,Priya,Open,Reviewed,2026-07-01
Task 4336,Priya,Open,Reviewed,2026-07-01
Task 4337,Priya,Open,Reviewed,2026-07-01
Task 4338,Priya,Open,Reviewed,2026-07-01
Task 4339,Priya,Open,Reviewed,2026-07-01
Task 4340,Priya,Open,Reviewed,2026-07-01
Task 4341,Priya,Open,Reviewed,2026-07-01
Task 4342,Priya,Open,Reviewed,2026-07-01
Task 4343,Priya,Open,Reviewed,2026-07-01
Task 4344,Priya,Open,Reviewed,2026-07-01
Task 4345,Priya,Open,Reviewed,2026-07-01
Task 4346,Priya,Open,Reviewed,2026-07-01
Task 4347,Priya,Open,Reviewed,2026-07-01
Task 4348,Priya,Open,Reviewed,2026-07-01
Task 4349,Priya,Open,Reviewed,2026-07-01
Task 4350,Priya,Open,Reviewed,2026-07-01
Task 4351,Priya,Open,Reviewed,2026-07-01
Task 4352,Priya,Open,Reviewed,2026-07-01
Task 4353,Priya,Open,Reviewed,2026-07-01
Task 4354,Priya,Open,Reviewed,2026-07-01
Task 4355,Priya,Open,Reviewed,2026-07-01
Task 4356,Priya,Open,Reviewed,2026-07-01
Task 4357,Priya,Open,Reviewed,2026-07-01
Task 4358,Priya,Open,Reviewed,2026-07-01
Task 4359,Priya,Open,Reviewed,2026-07-01
Task 4360,Priya,Open,Reviewed,2026-07-01
Task 4361,Priya,Open,Reviewed,2026-07-01
Task 4362,Priya,Open,Reviewed,2026-07-01
Task 4363,Priya,Open,Reviewed,2026-07-01
Task 4364,Priya,Open,Reviewed,2026-07-01
Task 4365,Priya,Open,Reviewed,2026-07-01
Task 4366,Priya,Open,Reviewed,2026-07-01
Task 4367,Priya,Open,Reviewed,2026-07-01
Task 4368,Priya,Open,Reviewed,2026-07-01
Task 4369,Priya,Open,Reviewed,2026-07-01
Task 4370,Priya,Open,Reviewed,2026-07-01
Task 4371,Priya,Open,Reviewed,2026-07-01
Task 4372,Priya,Open,Reviewed,2026-07-01
Task 4373,Priya,Open,Reviewed,2026-07-01
Task 4374,Priya,Open,Reviewed,2026-07-01
Task 4375,Priya,Open,Reviewed,2026-07-01
Task 4376,Priya,Open,Reviewed,2026-07-01
Task 4377,Priya,Open,Reviewed,2026-07-01
Task 4378,Priya,Open,Reviewed,2026-07-01
Task 4379,Priya,Open,Reviewed,2026-07-01
Task 4380,Priya,Open,Reviewed,2026-07-01
Task 4381,Priya,Open,Reviewed,2026-07-01
Task 4382,Priya,Open,Reviewed,2026-07-01
Task 4383,Priya,Open,Reviewed,2026-07-01
Task 4384,Priya,Open,Reviewed,2026-07-01
Task 4385,Priya,Open,Reviewed,2026-07-01
Task 4386,Priya,Open,Reviewed,2026-07-01
Task 4387,Priya,Open,Reviewed,2026-07-01
Task 4388,Priya,Open,Reviewed,2026-07-01
Task 4389,Priya,Open,Reviewed,2026-07-01
Task 4390,Priya,Open,Reviewed,2026-07-01
Task 4391,Priya,Open,Reviewed,2026-07-01
Task 4392,Priya,Open,Reviewed,2026-07-01
Task 4393,Priya,Open,Reviewed,2026-07-01
Task 4394,Priya,Open,Reviewed,2026-07-01
Task 4395,Priya,Open,Reviewed,2026-07-01
Task 4396,Priya,Open,Reviewed,2026-07-01
Task 4397,Priya,Open,Reviewed,2026-07-01
Task 4398,Priya,Open,Reviewed,2026-07-01
Task 4399,Priya,Open,Reviewed,2026-07-01
Task 4400,Priya,Open,Reviewed,2026-07-01
Task 4401,Priya,Open,Reviewed,2026-07-01
Task 4402,Priya,Open,Reviewed,2026-07-01
Task 4403,Priya,Open,Reviewed,2026-07-01
Task 4404,Priya,Open,Reviewed,2026-07-01
Task 4405,Priya,Open,Reviewed,2026-07-01
Task 4406,Priya,Open,Reviewed,2026-07-01
Task 4407,Priya,Open,Reviewed,2026-07-01
Task 4408,Priya,Open,Reviewed,2026-07-01
Task 4409,Priya,Open,Reviewed,2026-07-01
Task 4410,Priya,Open,Reviewed,2026-07-01
Task 4411,Priya,Open,Reviewed,2026-07-01
Task 4412,Priya,Open,Reviewed,2026-07-01
Task 4413,Priya,Open,Reviewed,2026-07-01
Task 4414,Priya,Open,Reviewed,2026-07-01
Task 4415,Priya,Open,Reviewed,2026-07-01
Task 4416,Priya,Open,Reviewed,2026-07-01
Task 4417,Priya,Open,Reviewed,2026-07-01
Task 4418,Priya,Open,Reviewed,2026-07-01
Task 4419,Priya,Open,Reviewed,2026-07-01
Task 4420,Priya,Open,Reviewed,2026-07-01
Task 4421,Priya,Open,Reviewed,2026-07-01
Task 4422,Priya,Open,Reviewed,2026-07-01
Task 4423,Priya,Open,Reviewed,2026-07-01
Task 4424,Priya,Open,Reviewed,2026-07-01
Task 4425,Priya,Open,Reviewed,2026-07-01
Task 4426,Priya,Open,Reviewed,2026-07-01
Task 4427,Priya,Open,Reviewed,2026-07-01
Task 4428,Priya,Open,Reviewed,2026-07-01
Task 4429,Priya,Open,Reviewed,2026-07-01
Task 4430,Priya,Open,Reviewed,2026-07-01
Task 4431,Priya,Open,Reviewed,2026-07-01
Task 4432,Priya,Open,Reviewed,2026-07-01
Task 4433,Priya,Open,Reviewed,2026-07-01
Task 4434,Priya,Open,Reviewed,2026-07-01
Task 4435,Priya,Open,Reviewed,2026-07-01
Task 4436,Priya,Open,Reviewed,2026-07-01
Task 4437,Priya,Open,Reviewed,2026-07-01
Task 4438,Priya,Open,Reviewed,2026-07-01
Task 4439,Priya,Open,Reviewed,2026-07-01
Task 4440,Priya,Open,Reviewed,2026-07-01
Task 4441,Priya,Open,Reviewed,2026-07-01
Task 4442,Priya,Open,Reviewed,2026-07-01
Task 4443,Priya,Open,Reviewed,2026-07-01
Task 4444,Priya,Open,Reviewed,2026-07-01
Task 4445,Priya,Open,Reviewed,2026-07-01
Task 4446,Priya,Open,Reviewed,2026-07-01
Task 4447,Priya,Open,Reviewed,2026-07-01
Task 4448,Priya,Open,Reviewed,2026-07-01
Task 4449,Priya,Open,Reviewed,2026-07-01
Task 4450,Priya,Open,Reviewed,2026-07-01
Task 4451,Priya,Open,Reviewed,2026-07-01
Task 4452,Priya,Open,Reviewed,2026-07-01
Task 4453,Priya,Open,Reviewed,2026-07-01
Task 4454,Priya,Open,Reviewed,2026-07-01
Task 4455,Priya,Open,Reviewed,2026-07-01
Task 4456,Priya,Open,Reviewed,2026-07-01
Task 4457,Priya,Open,Reviewed,2026-07-01
Task 4458,Priya,Open,Reviewed,2026-07-01
Task 4459,Priya,Open,Reviewed,2026-07-01
Task 4460,Priya,Open,Reviewed,2026-07-01
Task 4461,Priya,Open,Reviewed,2026-07-01
Task 4462,Priya,Open,Reviewed,2026-07-01
Task 4463,Priya,Open,Reviewed,2026-07-01
Task 4464,Priya,Open,Reviewed,2026-07-01
Task 4465,Priya,Open,Reviewed,2026-07-01
Task 4466,Priya,Open,Reviewed,2026-07-01
Task 4467,Priya,Open,Reviewed,2026-07-01
Task 4468,Priya,Open,Reviewed,2026-07-01
Task 4469,Priya,Open,Reviewed,2026-07-01
Task 4470,Priya,Open,Reviewed,2026-07-01
Task 4471,Priya,Open,Reviewed,2026-07-01
Task 4472,Priya,Open,Reviewed,2026-07-01
Task 4473,Priya,Open,Reviewed,2026-07-01
Task 4474,Priya,Open,Reviewed,2026-07-01
Task 4475,Priya,Open,Reviewed,2026-07-01
Task 4476,Priya,Open,Reviewed,2026-07-01
Task 4477,Priya,Open,Reviewed,2026-07-01
Task 4478,Priya,Open,Reviewed,2026-07-01
Task 4479,Priya,Open,Reviewed,2026-07-01
Task 4480,Priya,Open,Reviewed,2026-07-01
Task 4481,Priya,Open,Reviewed,2026-07-01
Task 4482,Priya,Open,Reviewed,2026-07-01
Task 4483,Priya,Open,Reviewed,2026-07-01
Task 4484,Priya,Open,Reviewed,2026-07-01
Task 4485,Priya,Open,Reviewed,2026-07-01
Task 4486,Priya,Open,Reviewed,2026-07-01
Task 4487,Priya,Open,Reviewed,2026-07-01
Task 4488,Priya,Open,Reviewed,2026-07-01
Task 4489,Priya,Open,Reviewed,2026-07-01
Task 4490,Priya,Open,Reviewed,2026-07-01
Task 4491,Priya,Open,Reviewed,2026-07-01
Task 4492,Priya,Open,Reviewed,2026-07-01
Task 4493,Priya,Open,Reviewed,2026-07-01
Task 4494,Priya,Open,Reviewed,2026-07-01
Task 4495,Priya,Open,Reviewed,2026-07-01
Task 4496,Priya,Open,Reviewed,2026-07-01
Task 4497,Priya,Open,Reviewed,2026-07-01
Task 4498,Priya,Open,Reviewed,2026-07-01
Task 4499,Priya,Open,Reviewed,2026-07-01
Task 4500,Priya,Open,Reviewed,2026-07-01
Task 4501,Priya,Open,Reviewed,2026-07-01
Task 4502,Priya,Open,Reviewed,2026-07-01
Task 4503,Priya,Open,Reviewed,2026-07-01
Task 4504,Priya,Open,Reviewed,2026-07-01
Task 4505,Priya,Open,Reviewed,2026-07-01
Task 4506,Priya,Open,Reviewed,2026-07-01
Task 4507,Priya,Open,Reviewed,2026-07-01
Task 4508,Priya,Open,Reviewed,2026-07-01
Task 4509,Priya,Open,Reviewed,2026-07-01
Task 4510,Priya,Open,Reviewed,2026-07-01
Task 4511,Priya,Open,Reviewed,2026-07-01
Task 4512,Priya,Open,Reviewed,2026-07-01
Task 4513,Priya,Open,Reviewed,2026-07-01
Task 4514,Priya,Open,Reviewed,2026-07-01
Task 4515,Priya,Open,Reviewed,2026-07-01
Task 4516,Priya,Open,Reviewed,2026-07-01
Task 4517,Priya,Open,Reviewed,2026-07-01
Task 4518,Priya,Open,Reviewed,2026-07-01
Task 4519,Priya,Open,Reviewed,2026-07-01
Task 4520,Priya,Open,Reviewed,2026-07-01
Task 4521,Priya,Open,Reviewed,2026-07-01
Task 4522,Priya,Open,Reviewed,2026-07-01
Task 4523,Priya,Open,Reviewed,2026-07-01
Task 4524,Priya,Open,Reviewed,2026-07-01
Task 4525,Priya,Open,Reviewed,2026-07-01
Task 4526,Priya,Open,Reviewed,2026-07-01
Task 4527,Priya,Open,Reviewed,2026-07-01
Task 4528,Priya,Open,Reviewed,2026-07-01
Task 4529,Priya,Open,Reviewed,2026-07-01
Task 4530,Priya,Open,Reviewed,2026-07-01
Task 4531,Priya,Open,Reviewed,2026-07-01
Task 4532,Priya,Open,Reviewed,2026-07-01
Task 4533,Priya,Open,Reviewed,2026-07-01
Task 4534,Priya,Open,Reviewed,2026-07-01
Task 4535,Priya,Open,Reviewed,2026-07-01
Task 4536,Priya,Open,Reviewed,2026-07-01
Task 4537,Priya,Open,Reviewed,2026-07-01
Task 4538,Priya,Open,Reviewed,2026-07-01
Task 4539,Priya,Open,Reviewed,2026-07-01
Task 4540,Priya,Open,Reviewed,2026-07-01
Task 4541,Priya,Open,Reviewed,2026-07-01
Task 4542,Priya,Open,Reviewed,2026-07-01
Task 4543,Priya,Open,Reviewed,2026-07-01
Task 4544,Priya,Open,Reviewed,2026-07-01
Task 4545,Priya,Open,Reviewed,2026-07-01
Task 4546,Priya,Open,Reviewed,2026-07-01
Task 4547,Priya,Open,Reviewed,2026-07-01
Task 4548,Priya,Open,Reviewed,2026-07-01
Task 4549,Priya,Open,Reviewed,2026-07-01
Task 4550,Priya,Open,Reviewed,2026-07-01
Task 4551,Priya,Open,Reviewed,2026-07-01
Task 4552,Priya,Open,Reviewed,2026-07-01
Task 4553,Priya,Open,Reviewed,2026-07-01
Task 4554,Priya,Open,Reviewed,2026-07-01
Task 4555,Priya,Open,Reviewed,2026-07-01
Task 4556,Priya,Open,Reviewed,2026-07-01
Task 4557,Priya,Open,Reviewed,2026-07-01
Task 4558,Priya,Open,Reviewed,2026-07-01
Task 4559,Priya,Open,Reviewed,2026-07-01
Task 4560,Priya,Open,Reviewed,2026-07-01
Task 4561,Priya,Open,Reviewed,2026-07-01
Task 4562,Priya,Open,Reviewed,2026-07-01
Task 4563,Priya,Open,Reviewed,2026-07-01
Task 4564,Priya,Open,Reviewed,2026-07-01
Task 4565,Priya,Open,Reviewed,2026-07-01
Task 4566,Priya,Open,Reviewed,2026-07-01
Task 4567,Priya,Open,Reviewed,2026-07-01
Task 4568,Priya,Open,Reviewed,2026-07-01
Task 4569,Priya,Open,Reviewed,2026-07-01
Task 4570,Priya,Open,Reviewed,2026-07-01
Task 4571,Priya,Open,Reviewed,2026-07-01
Task 4572,Priya,Open,Reviewed,2026-07-01
Task 4573,Priya,Open,Reviewed,2026-07-01
Task 4574,Priya,Open,Reviewed,2026-07-01
Task 4575,Priya,Open,Reviewed,2026-07-01
Task 4576,Priya,Open,Reviewed,2026-07-01
Task 4577,Priya,Open,Reviewed,2026-07-01
Task 4578,Priya,Open,Reviewed,2026-07-01
Task 4579,Priya,Open,Reviewed,2026-07-01
Task 4580,Priya,Open,Reviewed,2026-07-01
Task 4581,Priya,Open,Reviewed,2026-07-01
Task 4582,Priya,Open,Reviewed,2026-07-01
Task 4583,Priya,Open,Reviewed,2026-07-01
Task 4584,Priya,Open,Reviewed,2026-07-01
Task 4585,Priya,Open,Reviewed,2026-07-01
Task 4586,Priya,Open,Reviewed,2026-07-01
Task 4587,Priya,Open,Reviewed,2026-07-01
Task 4588,Priya,Open,Reviewed,2026-07-01
Task 4589,Priya,Open,Reviewed,2026-07-01
Task 4590,Priya,Open,Reviewed,2026-07-01
Task 4591,Priya,Open,Reviewed,2026-07-01
Task 4592,Priya,Open,Reviewed,2026-07-01
Task 4593,Priya,Open,Reviewed,2026-07-01
Task 4594,Priya,Open,Reviewed,2026-07-01
Task 4595,Priya,Open,Reviewed,2026-07-01
Task 4596,Priya,Open,Reviewed,2026-07-01
Task 4597,Priya,Open,Reviewed,2026-07-01
Task 4598,Priya,Open,Reviewed,2026-07-01
Task 4599,Priya,Open,Reviewed,2026-07-01
Task 4600,Priya,Open,Reviewed,2026-07-01
Task 4601,Priya,Open,Reviewed,2026-07-01
Task 4602,Priya,Open,Reviewed,2026-07-01
Task 4603,Priya,Open,Reviewed,2026-07-01
Task 4604,Priya,Open,Reviewed,2026-07-01
Task 4605,Priya,Open,Reviewed,2026-07-01
Task 4606,Priya,Open,Reviewed,2026-07-01
Task 4607,Priya,Open,Reviewed,2026-07-01
Task 4608,Priya,Open,Reviewed,2026-07-01
Task 4609,Priya,Open,Reviewed,2026-07-01
Task 4610,Priya,Open,Reviewed,2026-07-01
Task 4611,Priya,Open,Reviewed,2026-07-01
Task 4612,Priya,Open,Reviewed,2026-07-01
Task 4613,Priya,Open,Reviewed,2026-07-01
Task 4614,Priya,Open,Reviewed,2026-07-01
Task 4615,Priya,Open,Reviewed,2026-07-01
Task 4616,Priya,Open,Reviewed,2026-07-01
Task 4617,Priya,Open,Reviewed,2026-07-01
Task 4618,Priya,Open,Reviewed,2026-07-01
Task 4619,Priya,Open,Reviewed,2026-07-01
Task 4620,Priya,Open,Reviewed,2026-07-01
Task 4621,Priya,Open,Reviewed,2026-07-01
Task 4622,Priya,Open,Reviewed,2026-07-01
Task 4623,Priya,Open,Reviewed,2026-07-01
Task 4624,Priya,Open,Reviewed,2026-07-01
Task 4625,Priya,Open,Reviewed,2026-07-01
Task 4626,Priya,Open,Reviewed,2026-07-01
Task 4627,Priya,Open,Reviewed,2026-07-01
Task 4628,Priya,Open,Reviewed,2026-07-01
Task 4629,Priya,Open,Reviewed,2026-07-01
Task 4630,Priya,Open,Reviewed,2026-07-01
Task 4631,Priya,Open,Reviewed,2026-07-01
Task 4632,Priya,Open,Reviewed,2026-07-01
Task 4633,Priya,Open,Reviewed,2026-07-01
Task 4634,Priya,Open,Reviewed,2026-07-01
Task 4635,Priya,Open,Reviewed,2026-07-01
Task 4636,Priya,Open,Reviewed,2026-07-01
Task 4637,Priya,Open,Reviewed,2026-07-01
Task 4638,Priya,Open,Reviewed,2026-07-01
Task 4639,Priya,Open,Reviewed,2026-07-01
Task 4640,Priya,Open,Reviewed,2026-07-01
Task 4641,Priya,Open,Reviewed,2026-07-01
Task 4642,Priya,Open,Reviewed,2026-07-01
Task 4643,Priya,Open,Reviewed,2026-07-01
Task 4644,Priya,Open,Reviewed,2026-07-01
Task 4645,Priya,Open,Reviewed,2026-07-01
Task 4646,Priya,Open,Reviewed,2026-07-01
Task 4647,Priya,Open,Reviewed,2026-07-01
Task 4648,Priya,Open,Reviewed,2026-07-01
Task 4649,Priya,Open,Reviewed,2026-07-01
Task 4650,Priya,Open,Reviewed,2026-07-01
Task 4651,Priya,Open,Reviewed,2026-07-01
Task 4652,Priya,Open,Reviewed,2026-07-01
Task 4653,Priya,Open,Reviewed,2026-07-01
Task 4654,Priya,Open,Reviewed,2026-07-01
Task 4655,Priya,Open,Reviewed,2026-07-01
Task 4656,Priya,Open,Reviewed,2026-07-01
Task 4657,Priya,Open,Reviewed,2026-07-01
Task 4658,Priya,Open,Reviewed,2026-07-01
Task 4659,Priya,Open,Reviewed,2026-07-01
Task 4660,Priya,Open,Reviewed,2026-07-01
Task 4661,Priya,Open,Reviewed,2026-07-01
Task 4662,Priya,Open,Reviewed,2026-07-01
Task 4663,Priya,Open,Reviewed,2026-07-01
Task 4664,Priya,Open,Reviewed,2026-07-01
Task 4665,Priya,Open,Reviewed,2026-07-01
Task 4666,Priya,Open,Reviewed,2026-07-01
Task 4667,Priya,Open,Reviewed,2026-07-01
Task 4668,Priya,Open,Reviewed,2026-07-01
Task 4669,Priya,Open,Reviewed,2026-07-01
Task 4670,Priya,Open,Reviewed,2026-07-01
Task 4671,Priya,Open,Reviewed,2026-07-01
Task 4672,Priya,Open,Reviewed,2026-07-01
Task 4673,Priya,Open,Reviewed,2026-07-01
Task 4674,Priya,Open,Reviewed,2026-07-01
Task 4675,Priya,Open,Reviewed,2026-07-01
Task 4676,Priya,Open,Reviewed,2026-07-01
Task 4677,Priya,Open,Reviewed,2026-07-01
Task 4678,Priya,Open,Reviewed,2026-07-01
Task 4679,Priya,Open,Reviewed,2026-07-01
Task 4680,Priya,Open,Reviewed,2026-07-01
Task 4681,Priya,Open,Reviewed,2026-07-01
Task 4682,Priya,Open,Reviewed,2026-07-01
Task 4683,Priya,Open,Reviewed,2026-07-01
Task 4684,Priya,Open,Reviewed,2026-07-01
Task 4685,Priya,Open,Reviewed,2026-07-01
Task 4686,Priya,Open,Reviewed,2026-07-01
Task 4687,Priya,Open,Reviewed,2026-07-01
Task 4688,Priya,Open,Reviewed,2026-07-01
Task 4689,Priya,Open,Reviewed,2026-07-01
Task 4690,Priya,Open,Reviewed,2026-07-01
Task 4691,Priya,Open,Reviewed,2026-07-01
Task 4692,Priya,Open,Reviewed,2026-07-01
Task 4693,Priya,Open,Reviewed,2026-07-01
Task 4694,Priya,Open,Reviewed,2026-07-01
Task 4695,Priya,Open,Reviewed,2026-07-01
Task 4696,Priya,Open,Reviewed,2026-07-01
Task 4697,Priya,Open,Reviewed,2026-07-01
Task 4698,Priya,Open,Reviewed,2026-07-01
Task 4699,Priya,Open,Reviewed,2026-07-01
Task 4700,Priya,Open,Reviewed,2026-07-01
Task 4701,Priya,Open,Reviewed,2026-07-01
Task 4702,Priya,Open,Reviewed,2026-07-01
Task 4703,Priya,Open,Reviewed,2026-07-01
Task 4704,Priya,Open,Reviewed,2026-07-01
Task 4705,Priya,Open,Reviewed,2026-07-01
Task 4706,Priya,Open,Reviewed,2026-07-01
Task 4707,Priya,Open,Reviewed,2026-07-01
Task 4708,Priya,Open,Reviewed,2026-07-01
Task 4709,Priya,Open,Reviewed,2026-07-01
Task 4710,Priya,Open,Reviewed,2026-07-01
Task 4711,Priya,Open,Reviewed,2026-07-01
Task 4712,Priya,Open,Reviewed,2026-07-01
Task 4713,Priya,Open,Reviewed,2026-07-01
Task 4714,Priya,Open,Reviewed,2026-07-01
Task 4715,Priya,Open,Reviewed,2026-07-01
Task 4716,Priya,Open,Reviewed,2026-07-01
Task 4717,Priya,Open,Reviewed,2026-07-01
Task 4718,Priya,Open,Reviewed,2026-07-01
Task 4719,Priya,Open,Reviewed,2026-07-01
Task 4720,Priya,Open,Reviewed,2026-07-01
Task 4721,Priya,Open,Reviewed,2026-07-01
Task 4722,Priya,Open,Reviewed,2026-07-01
Task 4723,Priya,Open,Reviewed,2026-07-01
Task 4724,Priya,Open,Reviewed,2026-07-01
Task 4725,Priya,Open,Reviewed,2026-07-01
Task 4726,Priya,Open,Reviewed,2026-07-01
Task 4727,Priya,Open,Reviewed,2026-07-01
Task 4728,Priya,Open,Reviewed,2026-07-01
Task 4729,Priya,Open,Reviewed,2026-07-01
Task 4730,Priya,Open,Reviewed,2026-07-01
Task 4731,Priya,Open,Reviewed,2026-07-01
Task 4732,Priya,Open,Reviewed,2026-07-01
Task 4733,Priya,Open,Reviewed,2026-07-01
Task 4734,Priya,Open,Reviewed,2026-07-01
Task 4735,Priya,Open,Reviewed,2026-07-01
Task 4736,Priya,Open,Reviewed,2026-07-01
Task 4737,Priya,Open,Reviewed,2026-07-01
Task 4738,Priya,Open,Reviewed,2026-07-01
Task 4739,Priya,Open,Reviewed,2026-07-01
Task 4740,Priya,Open,Reviewed,2026-07-01
Task 4741,Priya,Open,Reviewed,2026-07-01
Task 4742,Priya,Open,Reviewed,2026-07-01
Task 4743,Priya,Open,Reviewed,2026-07-01
Task 4744,Priya,Open,Reviewed,2026-07-01
Task 4745,Priya,Open,Reviewed,2026-07-01
Task 4746,Priya,Open,Reviewed,2026-07-01
Task 4747,Priya,Open,Reviewed,2026-07-01
Task 4748,Priya,Open,Reviewed,2026-07-01
Task 4749,Priya,Open,Reviewed,2026-07-01
Task 4750,Priya,Open,Reviewed,2026-07-01
Task 4751,Priya,Open,Reviewed,2026-07-01
Task 4752,Priya,Open,Reviewed,2026-07-01
Task 4753,Priya,Open,Reviewed,2026-07-01
Task 4754,Priya,Open,Reviewed,2026-07-01
Task 4755,Priya,Open,Reviewed,2026-07-01
Task 4756,Priya,Open,Reviewed,2026-07-01
Task 4757,Priya,Open,Reviewed,2026-07-01
Task 4758,Priya,Open,Reviewed,2026-07-01
Task 4759,Priya,Open,Reviewed,2026-07-01
Task 4760,Priya,Open,Reviewed,2026-07-01
Task 4761,Priya,Open,Reviewed,2026-07-01
Task 4762,Priya,Open,Reviewed,2026-07-01
Task 4763,Priya,Open,Reviewed,2026-07-01
Task 4764,Priya,Open,Reviewed,2026-07-01
Task 4765,Priya,Open,Reviewed,2026-07-01
Task 4766,Priya,Open,Reviewed,2026-07-01
Task 4767,Priya,Open,Reviewed,2026-07-01
Task 4768,Priya,Open,Reviewed,2026-07-01
Task 4769,Priya,Open,Reviewed,2026-07-01
Task 4770,Priya,Open,Reviewed,2026-07-01
Task 4771,Priya,Open,Reviewed,2026-07-01
Task 4772,Priya,Open,Reviewed,2026-07-01
Task 4773,Priya,Open,Reviewed,2026-07-01
Task 4774,Priya,Open,Reviewed,2026-07-01
Task 4775,Priya,Open,Reviewed,2026-07-01
Task 4776,Priya,Open,Reviewed,2026-07-01
Task 4777,Priya,Open,Reviewed,2026-07-01
Task 4778,Priya,Open,Reviewed,2026-07-01
Task 4779,Priya,Open,Reviewed,2026-07-01
Task 4780,Priya,Open,Reviewed,2026-07-01
Task 4781,Priya,Open,Reviewed,2026-07-01
Task 4782,Priya,Open,Reviewed,2026-07-01
Task 4783,Priya,Open,Reviewed,2026-07-01
Task 4784,Priya,Open,Reviewed,2026-07-01
Task 4785,Priya,Open,Reviewed,2026-07-01
Task 4786,Priya,Open,Reviewed,2026-07-01
Task 4787,Priya,Open,Reviewed,2026-07-01
Task 4788,Priya,Open,Reviewed,2026-07-01
Task 4789,Priya,Open,Reviewed,2026-07-01
Task 4790,Priya,Open,Reviewed,2026-07-01
Task 4791,Priya,Open,Reviewed,2026-07-01
Task 4792,Priya,Open,Reviewed,2026-07-01
Task 4793,Priya,Open,Reviewed,2026-07-01
Task 4794,Priya,Open,Reviewed,2026-07-01
Task 4795,Priya,Open,Reviewed,2026-07-01
Task 4796,Priya,Open,Reviewed,2026-07-01
Task 4797,Priya,Open,Reviewed,2026-07-01
Task 4798,Priya,Open,Reviewed,2026-07-01
Task 4799,Priya,Open,Reviewed,2026-07-01
Task 4800,Priya,Open,Reviewed,2026-07-01
Task 4801,Priya,Open,Reviewed,2026-07-01
Task 4802,Priya,Open,Reviewed,2026-07-01
Task 4803,Priya,Open,Reviewed,2026-07-01
Task 4804,Priya,Open,Reviewed,2026-07-01
Task 4805,Priya,Open,Reviewed,2026-07-01
Task 4806,Priya,Open,Reviewed,2026-07-01
Task 4807,Priya,Open,Reviewed,2026-07-01
Task 4808,Priya,Open,Reviewed,2026-07-01
Task 4809,Priya,Open,Reviewed,2026-07-01
Task 4810,Priya,Open,Reviewed,2026-07-01
Task 4811,Priya,Open,Reviewed,2026-07-01
Task 4812,Priya,Open,Reviewed,2026-07-01
Task 4813,Priya,Open,Reviewed,2026-07-01
Task 4814,Priya,Open,Reviewed,2026-07-01
Task 4815,Priya,Open,Reviewed,2026-07-01
Task 4816,Priya,Open,Reviewed,2026-07-01
Task 4817,Priya,Open,Reviewed,2026-07-01
Task 4818,Priya,Open,Reviewed,2026-07-01
Task 4819,Priya,Open,Reviewed,2026-07-01
Task 4820,Priya,Open,Reviewed,2026-07-01
Task 4821,Priya,Open,Reviewed,2026-07-01
Task 4822,Priya,Open,Reviewed,2026-07-01
Task 4823,Priya,Open,Reviewed,2026-07-01
Task 4824,Priya,Open,Reviewed,2026-07-01
Task 4825,Priya,Open,Reviewed,2026-07-01
Task 4826,Priya,Open,Reviewed,2026-07-01
Task 4827,Priya,Open,Reviewed,2026-07-01
Task 4828,Priya,Open,Reviewed,2026-07-01
Task 4829,Priya,Open,Reviewed,2026-07-01
Task 4830,Priya,Open,Reviewed,2026-07-01
Task 4831,Priya,Open,Reviewed,2026-07-01
Task 4832,Priya,Open,Reviewed,2026-07-01
Task 4833,Priya,Open,Reviewed,2026-07-01
Task 4834,Priya,Open,Reviewed,2026-07-01
Task 4835,Priya,Open,Reviewed,2026-07-01
Task 4836,Priya,Open,Reviewed,2026-07-01
Task 4837,Priya,Open,Reviewed,2026-07-01
Task 4838,Priya,Open,Reviewed,2026-07-01
Task 4839,Priya,Open,Reviewed,2026-07-01
Task 4840,Priya,Open,Reviewed,2026-07-01
Task 4841,Priya,Open,Reviewed,2026-07-01
Task 4842,Priya,Open,Reviewed,2026-07-01
Task 4843,Priya,Open,Reviewed,2026-07-01
Task 4844,Priya,Open,Reviewed,2026-07-01
Task 4845,Priya,Open,Reviewed,2026-07-01
Task 4846,Priya,Open,Reviewed,2026-07-01
Task 4847,Priya,Open,Reviewed,2026-07-01
Task 4848,Priya,Open,Reviewed,2026-07-01
Task 4849,Priya,Open,Reviewed,2026-07-01
Task 4850,Priya,Open,Reviewed,2026-07-01
Task 4851,Priya,Open,Reviewed,2026-07-01
Task 4852,Priya,Open,Reviewed,2026-07-01
Task 4853,Priya,Open,Reviewed,2026-07-01
Task 4854,Priya,Open,Reviewed,2026-07-01
Task 4855,Priya,Open,Reviewed,2026-07-01
Task 4856,Priya,Open,Reviewed,2026-07-01
Task 4857,Priya,Open,Reviewed,2026-07-01
Task 4858,Priya,Open,Reviewed,2026-07-01
Task 4859,Priya,Open,Reviewed,2026-07-01
Task 4860,Priya,Open,Reviewed,2026-07-01
Task 4861,Priya,Open,Reviewed,2026-07-01
Task 4862,Priya,Open,Reviewed,2026-07-01
Task 4863,Priya,Open,Reviewed,2026-07-01
Task 4864,Priya,Open,Reviewed,2026-07-01
Task 4865,Priya,Open,Reviewed,2026-07-01
Task 4866,Priya,Open,Reviewed,2026-07-01
Task 4867,Priya,Open,Reviewed,2026-07-01
Task 4868,Priya,Open,Reviewed,2026-07-01
Task 4869,Priya,Open,Reviewed,2026-07-01
Task 4870,Priya,Open,Reviewed,2026-07-01
Task 4871,Priya,Open,Reviewed,2026-07-01
Task 4872,Priya,Open,Reviewed,2026-07-01
Task 4873,Priya,Open,Reviewed,2026-07-01
Task 4874,Priya,Open,Reviewed,2026-07-01
Task 4875,Priya,Open,Reviewed,2026-07-01
Task 4876,Priya,Open,Reviewed,2026-07-01
Task 4877,Priya,Open,Reviewed,2026-07-01
Task 4878,Priya,Open,Reviewed,2026-07-01
Task 4879,Priya,Open,Reviewed,2026-07-01
Task 4880,Priya,Open,Reviewed,2026-07-01
Task 4881,Priya,Open,Reviewed,2026-07-01
Task 4882,Priya,Open,Reviewed,2026-07-01
Task 4883,Priya,Open,Reviewed,2026-07-01
Task 4884,Priya,Open,Reviewed,2026-07-01
Task 4885,Priya,Open,Reviewed,2026-07-01
Task 4886,Priya,Open,Reviewed,2026-07-01
Task 4887,Priya,Open,Reviewed,2026-07-01
Task 4888,Priya,Open,Reviewed,2026-07-01
Task 4889,Priya,Open,Reviewed,2026-07-01
Task 4890,Priya,Open,Reviewed,2026-07-01
Task 4891,Priya,Open,Reviewed,2026-07-01
Task 4892,Priya,Open,Reviewed,2026-07-01
Task 4893,Priya,Open,Reviewed,2026-07-01
Task 4894,Priya,Open,Reviewed,2026-07-01
Task 4895,Priya,Open,Reviewed,2026-07-01
Task 4896,Priya,Open,Reviewed,2026-07-01
Task 4897,Priya,Open,Reviewed,2026-07-01
Task 4898,Priya,Open,Reviewed,2026-07-01
Task 4899,Priya,Open,Reviewed,2026-07-01
Task 4900,Priya,Open,Reviewed,2026-07-01
Task 4901,Priya,Open,Reviewed,2026-07-01
Task 4902,Priya,Open,Reviewed,2026-07-01
Task 4903,Priya,Open,Reviewed,2026-07-01
Task 4904,Priya,Open,Reviewed,2026-07-01
Task 4905,Priya,Open,Reviewed,2026-07-01
Task 4906,Priya,Open,Reviewed,2026-07-01
Task 4907,Priya,Open,Reviewed,2026-07-01
Task 4908,Priya,Open,Reviewed,2026-07-01
Task 4909,Priya,Open,Reviewed,2026-07-01
Task 4910,Priya,Open,Reviewed,2026-07-01
Task 4911,Priya,Open,Reviewed,2026-07-01
Task 4912,Priya,Open,Reviewed,2026-07-01
Task 4913,Priya,Open,Reviewed,2026-07-01
Task 4914,Priya,Open,Reviewed,2026-07-01
Task 4915,Priya,Open,Reviewed,2026-07-01
Task 4916,Priya,Open,Reviewed,2026-07-01
Task 4917,Priya,Open,Reviewed,2026-07-01
Task 4918,Priya,Open,Reviewed,2026-07-01
Task 4919,Priya,Open,Reviewed,2026-07-01
Task 4920,Priya,Open,Reviewed,2026-07-01
Task 4921,Priya,Open,Reviewed,2026-07-01
Task 4922,Priya,Open,Reviewed,2026-07-01
Task 4923,Priya,Open,Reviewed,2026-07-01
Task 4924,Priya,Open,Reviewed,2026-07-01
Task 4925,Priya,Open,Reviewed,2026-07-01
Task 4926,Priya,Open,Reviewed,2026-07-01
Task 4927,Priya,Open,Reviewed,2026-07-01
Task 4928,Priya,Open,Reviewed,2026-07-01
Task 4929,Priya,Open,Reviewed,2026-07-01
Task 4930,Priya,Open,Reviewed,2026-07-01
Task 4931,Priya,Open,Reviewed,2026-07-01
Task 4932,Priya,Open,Reviewed,2026-07-01
Task 4933,Priya,Open,Reviewed,2026-07-01
Task 4934,Priya,Open,Reviewed,2026-07-01
Task 4935,Priya,Open,Reviewed,2026-07-01
Task 4936,Priya,Open,Reviewed,2026-07-01
Task 4937,Priya,Open,Reviewed,2026-07-01
Task 4938,Priya,Open,Reviewed,2026-07-01
Task 4939,Priya,Open,Reviewed,2026-07-01
Task 4940,Priya,Open,Reviewed,2026-07-01
Task 4941,Priya,Open,Reviewed,2026-07-01
Task 4942,Priya,Open,Reviewed,2026-07-01
Task 4943,Priya,Open,Reviewed,2026-07-01
Task 4944,Priya,Open,Reviewed,2026-07-01
Task 4945,Priya,Open,Reviewed,2026-07-01
Task 4946,Priya,Open,Reviewed,2026-07-01
Task 4947,Priya,Open,Reviewed,2026-07-01
Task 4948,Priya,Open,Reviewed,2026-07-01
Task 4949,Priya,Open,Reviewed,2026-07-01
Task 4950,Priya,Open,Reviewed,2026-07-01
Task 4951,Priya,Open,Reviewed,2026-07-01
Task 4952,Priya,Open,Reviewed,2026-07-01
Task 4953,Priya,Open,Reviewed,2026-07-01
Task 4954,Priya,Open,Reviewed,2026-07-01
Task 4955,Priya,Open,Reviewed,2026-07-01
Task 4956,Priya,Open,Reviewed,2026-07-01
Task 4957,Priya,Open,Reviewed,2026-07-01
Task 4958,Priya,Open,Reviewed,2026-07-01
Task 4959,Priya,Open,Reviewed,2026-07-01
Task 4960,Priya,Open,Reviewed,2026-07-01
Task 4961,Priya,Open,Reviewed,2026-07-01
Task 4962,Priya,Open,Reviewed,2026-07-01
Task 4963,Priya,Open,Reviewed,2026-07-01
Task 4964,Priya,Open,Reviewed,2026-07-01
Task 4965,Priya,Open,Reviewed,2026-07-01
Task 4966,Priya,Open,Reviewed,2026-07-01
Task 4967,Priya,Open,Reviewed,2026-07-01
Task 4968,Priya,Open,Reviewed,2026-07-01
Task 4969,Priya,Open,Reviewed,2026-07-01
Task 4970,Priya,Open,Reviewed,2026-07-01
Task 4971,Priya,Open,Reviewed,2026-07-01
Task 4972,Priya,Open,Reviewed,2026-07-01
Task 4973,Priya,Open,Reviewed,2026-07-01
Task 4974,Priya,Open,Reviewed,2026-07-01
Task 4975,Priya,Open,Reviewed,2026-07-01
Task 4976,Priya,Open,Reviewed,2026-07-01
Task 4977,Priya,Open,Reviewed,2026-07-01
Task 4978,Priya,Open,Reviewed,2026-07-01
Task 4979,Priya,Open,Reviewed,2026-07-01
Task 4980,Priya,Open,Reviewed,2026-07-01
Task 4981,Priya,Open,Reviewed,2026-07-01
Task 4982,Priya,Open,Reviewed,2026-07-01
Task 4983,Priya,Open,Reviewed,2026-07-01
Task 4984,Priya,Open,Reviewed,2026-07-01
Task 4985,Priya,Open,Reviewed,2026-07-01
Task 4986,Priya,Open,Reviewed,2026-07-01
Task 4987,Priya,Open,Reviewed,2026-07-01
Task 4988,Priya,Open,Reviewed,2026-07-01
Task 4989,Priya,Open,Reviewed,2026-07-01
Task 4990,Priya,Open,Reviewed,2026-07-01
Task 4991,Priya,Open,Reviewed,2026-07-01
Task 4992,Priya,Open,Reviewed,2026-07-01
Task 4993,Priya,Open,Reviewed,2026-07-01
Task 4994,Priya,Open,Reviewed,2026-07-01
Task 4995,Priya,Open,Reviewed,2026-07-01
Task 4996,Priya,Open,Reviewed,2026-07-01
Task 4997,Priya,Open,Reviewed,2026-07-01
Task 4998,Priya,Open,Reviewed,2026-07-01
Task 4999,Priya,Open,Reviewed,2026-07-01
Task 5000,Priya,Open,Reviewed,2026-07-01
Task 5001,Priya,Open,Reviewed,2026-07-01