enrolment_no,standards,assessments
10000,CBSE-4|CBSE-5,29
10001,CBSE-10|CBSE-7|CBSE-8|CBSE-9,130
10004,CBSE-11|CBSE-12,40
10010,CBSE-10|CBSE-11|CBSE-12|CBSE-9,85
10015,CBSE-4,17
10016,CBSE-6|CBSE-7|CBSE-8|CBSE-9,128
10017,CBSE-11|CBSE-12,30
10019,CBSE-10|CBSE-7|CBSE-8|CBSE-9,127
10020,CBSE-3|CBSE-4|CBSE-5|CBSE-6|CBSE-7,103
10023,CBSE-10|CBSE-7|CBSE-8|CBSE-9,123
10025,CBSE-11|CBSE-12,30
10026,CBSE-5,19
10027,CBSE-11|CBSE-12,38
10032,CBSE-11|CBSE-12,35
10038,CBSE-4|CBSE-5|CBSE-6|CBSE-7,109
10039,CBSE-4|CBSE-5,39
10046,CBSE-4|CBSE-5|CBSE-6|CBSE-7,108
10048,CBSE-4|CBSE-5|CBSE-6|CBSE-7,105
10054,CBSE-10|CBSE-11|CBSE-12|CBSE-9,83
10055,CBSE-10|CBSE-7|CBSE-8|CBSE-9,124
10057,CBSE-10|CBSE-7|CBSE-8|CBSE-9,124
10059,CBSE-11|CBSE-12,37
10061,CBSE-11|CBSE-12,29
10064,CBSE-10|CBSE-11|CBSE-12|CBSE-9,88
10073,CBSE-11|CBSE-12,40
10082,CBSE-10|CBSE-11|CBSE-8|CBSE-9,117
10083,CBSE-11|CBSE-12,41
10091,CBSE-4|CBSE-5,36
10094,CBSE-2|CBSE-4|CBSE-5|CBSE-6|CBSE-7,110
10095,CBSE-11|CBSE-12,30
10096,CBSE-5|CBSE-6|CBSE-7|CBSE-8,131
10101,CBSE-6|CBSE-7|CBSE-8|CBSE-9,127
10103,CBSE-4|CBSE-5,36
10113,CBSE-10|CBSE-7|CBSE-8|CBSE-9,127
10115,CBSE-4|CBSE-5|CBSE-6,63
10117,CBSE-4|CBSE-5,36
10118,CBSE-4|CBSE-5|CBSE-6|CBSE-7,106
10124,CBSE-4|CBSE-5,36
10125,CBSE-10|CBSE-11|CBSE-8|CBSE-9,112
10128,CBSE-4|CBSE-5|CBSE-6|CBSE-7,106
10129,CBSE-4|CBSE-5|CBSE-6|CBSE-7,106
10134,CBSE-2|CBSE-4|CBSE-5|CBSE-6|CBSE-7,75
10135,CBSE-2|CBSE-4|CBSE-5|CBSE-6|CBSE-7|CBSE-8,110
10139,CBSE-4|CBSE-5|CBSE-6,64
10151,CBSE-4|CBSE-5|CBSE-6|CBSE-7,106
10154,CBSE-4|CBSE-5|CBSE-6|CBSE-7,106
10156,CBSE-4,17
10165,CBSE-4|CBSE-5|CBSE-6|CBSE-7,106
10168,CBSE-4|CBSE-5|CBSE-6|CBSE-7,107
10179,CBSE-4|CBSE-5|CBSE-6|CBSE-7,89
10187,CBSE-4|CBSE-5|CBSE-6|CBSE-7,87
10196,CBSE-4|CBSE-5|CBSE-6|CBSE-7,106
10207,CBSE-4|CBSE-5|CBSE-6|CBSE-7,102
10209,CBSE-4|CBSE-5,36
10213,CBSE-4|CBSE-5|CBSE-6|CBSE-7,106
10214,CBSE-2|CBSE-4|CBSE-5|CBSE-6|CBSE-7,94
10218,CBSE-4|CBSE-5|CBSE-6|CBSE-7,107
10219,CBSE-2|CBSE-4|CBSE-5|CBSE-6|CBSE-7|CBSE-8,95
10220,CBSE-2|CBSE-4|CBSE-5|CBSE-6|CBSE-7,96
10221,CBSE-4|CBSE-5|CBSE-6|CBSE-7,99
10224,CBSE-3|CBSE-4|CBSE-5|CBSE-6|CBSE-7,110
10226,CBSE-4|CBSE-5|CBSE-6|CBSE-7,109
10228,CBSE-6|CBSE-7|CBSE-8|CBSE-9,121
10229,CBSE-6|CBSE-7|CBSE-8,105
10230,CBSE-4|CBSE-5|CBSE-6,60
10233,CBSE-8,42
10237,CBSE-4|CBSE-5|CBSE-6|CBSE-7,106
10238,CBSE-2|CBSE-4|CBSE-5|CBSE-7,71
10242,CBSE-6|CBSE-7|CBSE-8|CBSE-9,127
10244,CBSE-4|CBSE-5|CBSE-6|CBSE-7,88
10246,CBSE-2|CBSE-4|CBSE-5|CBSE-6,58
10249,CBSE-4|CBSE-5|CBSE-7,43
10252,CBSE-4|CBSE-5|CBSE-6|CBSE-7,105
10253,CBSE-4|CBSE-5,39
10255,CBSE-3|CBSE-4|CBSE-5|CBSE-6|CBSE-7,100
10257,CBSE-4|CBSE-5,36
10258,CBSE-3|CBSE-4|CBSE-5|CBSE-6|CBSE-7,108
10259,CBSE-4|CBSE-5|CBSE-6|CBSE-7,108
10261,CBSE-4|CBSE-5|CBSE-6|CBSE-7,79
10262,CBSE-4|CBSE-5|CBSE-6|CBSE-7,99
10263,CBSE-2|CBSE-3|CBSE-4|CBSE-5|CBSE-6|CBSE-7|CBSE-8,98
10265,CBSE-2|CBSE-4|CBSE-5|CBSE-6|CBSE-7|CBSE-8,110
10266,CBSE-4|CBSE-5|CBSE-6|CBSE-7,89
10269,CBSE-4|CBSE-5|CBSE-6|CBSE-7,85
10273,CBSE-4|CBSE-5|CBSE-6|CBSE-7,91
10275,CBSE-4|CBSE-5|CBSE-6|CBSE-7,97
10278,CBSE-3|CBSE-4|CBSE-5|CBSE-6,91
10279,CBSE-3|CBSE-4|CBSE-5|CBSE-6,52
10284,CBSE-7|CBSE-8,84
10285,CBSE-10|CBSE-7|CBSE-8|CBSE-9,119
10287,CBSE-6,42
10289,CBSE-6|CBSE-7|CBSE-8|CBSE-9,127
10290,CBSE-3|CBSE-4|CBSE-5,37
10291,CBSE-3|CBSE-4,34
10292,CBSE-11|CBSE-12,41
10299,CBSE-6,35
10300,CBSE-3|CBSE-4|CBSE-5,48
10304,CBSE-10|CBSE-7|CBSE-8|CBSE-9,128
10306,CBSE-10|CBSE-11|CBSE-8|CBSE-9,117
10309,CBSE-10|CBSE-7|CBSE-8|CBSE-9,128
10311,CBSE-3|CBSE-4|CBSE-5|CBSE-6,75
10319,CBSE-3|CBSE-4|CBSE-5,48
10322,CBSE-3|CBSE-4|CBSE-5|CBSE-6,55
10329,CBSE-10|CBSE-7|CBSE-8|CBSE-9,124
10332,CBSE-10|CBSE-11|CBSE-8|CBSE-9,117
10333,CBSE-10|CBSE-11|CBSE-8|CBSE-9,117
10334,CBSE-10|CBSE-11|CBSE-12|CBSE-9,87
10336,CBSE-11|CBSE-12,30
10347,CBSE-3,17
10349,CBSE-3|CBSE-4|CBSE-5|CBSE-6,92
10367,CBSE-10|CBSE-11|CBSE-12|CBSE-9,83
10380,CBSE-3|CBSE-4|CBSE-5|CBSE-6,91
10390,CBSE-3|CBSE-4|CBSE-5|CBSE-6,90
10391,CBSE-3|CBSE-4|CBSE-5|CBSE-6,90
10397,CBSE-3|CBSE-4|CBSE-5|CBSE-6,88
10398,CBSE-11|CBSE-12,38
10400,CBSE-3,17
10402,CBSE-3|CBSE-4,34
10406,CBSE-3|CBSE-4,34
10411,CBSE-10|CBSE-11|CBSE-8|CBSE-9,117
10416,CBSE-3,17
10419,CBSE-3|CBSE-4|CBSE-5,48
10424,CBSE-6|CBSE-7,84
10428,CBSE-3|CBSE-4|CBSE-5|CBSE-6,92
10433,CBSE-5|CBSE-6|CBSE-7|CBSE-8,112
10434,CBSE-3|CBSE-4|CBSE-5,67
10441,CBSE-6|CBSE-7|CBSE-8|CBSE-9,120
10442,CBSE-6|CBSE-7|CBSE-8|CBSE-9,120
10444,CBSE-11|CBSE-12,30
10445,CBSE-11|CBSE-12,41
10447,CBSE-3|CBSE-4|CBSE-5|CBSE-6,91
10454,CBSE-3|CBSE-4|CBSE-5|CBSE-6,68
10458,CBSE-10|CBSE-11|CBSE-12|CBSE-9,88
10459,CBSE-10|CBSE-11|CBSE-8|CBSE-9,117
10468,CBSE-10|CBSE-11|CBSE-12|CBSE-9,85
10469,CBSE-11|CBSE-12,37
10470,CBSE-10|CBSE-11|CBSE-12|CBSE-9,86
10471,CBSE-6|CBSE-7|CBSE-8|CBSE-9,123
10472,CBSE-3|CBSE-4|CBSE-5|CBSE-6,90
10474,CBSE-3|CBSE-4|CBSE-5,43
10475,CBSE-11|CBSE-12,40
10476,CBSE-10|CBSE-11|CBSE-8|CBSE-9,117
10479,CBSE-10|CBSE-8|CBSE-9,109
10480,CBSE-5|CBSE-6|CBSE-7|CBSE-8,130
10481,CBSE-10|CBSE-11|CBSE-12|CBSE-9,88
10482,CBSE-10|CBSE-11|CBSE-12|CBSE-9,86
10483,CBSE-10|CBSE-11|CBSE-8|CBSE-9,117
10485,CBSE-11|CBSE-12,40
10486,CBSE-3|CBSE-4|CBSE-5|CBSE-6,88
10487,CBSE-3|CBSE-4|CBSE-5|CBSE-6,72
10488,CBSE-11|CBSE-12,39
10489,CBSE-3|CBSE-4|CBSE-5,48
10490,CBSE-10|CBSE-11|CBSE-8|CBSE-9,117
10491,CBSE-8,42
10492,CBSE-11|CBSE-12,30
10494,CBSE-11|CBSE-12,37
10495,CBSE-10|CBSE-7|CBSE-8|CBSE-9,124
10496,CBSE-5|CBSE-6|CBSE-7|CBSE-8,135
10499,CBSE-11|CBSE-12,39
10500,CBSE-11|CBSE-12,30
10501,CBSE-3|CBSE-4|CBSE-5,47
10503,CBSE-10|CBSE-11|CBSE-12|CBSE-9,83
10504,CBSE-10|CBSE-7|CBSE-8|CBSE-9,127
10508,CBSE-3|CBSE-4|CBSE-5|CBSE-6,90
10509,CBSE-6|CBSE-7|CBSE-8|CBSE-9,128
10510,CBSE-11|CBSE-12,30
10511,CBSE-11|CBSE-12,41
10526,CBSE-10|CBSE-7|CBSE-8|CBSE-9,125
10530,CBSE-10|CBSE-7|CBSE-8|CBSE-9,131
10531,CBSE-10|CBSE-7|CBSE-8|CBSE-9,124
10532,CBSE-10|CBSE-9,60
10533,CBSE-10|CBSE-11|CBSE-8|CBSE-9,117
10534,CBSE-10|CBSE-11|CBSE-8|CBSE-9,120
10535,CBSE-10|CBSE-7|CBSE-8|CBSE-9,123
10537,CBSE-3|CBSE-4,34
10542,CBSE-10|CBSE-11|CBSE-12|CBSE-9,84
10544,CBSE-10|CBSE-8|CBSE-9,96
10545,CBSE-6|CBSE-7|CBSE-8|CBSE-9,127
10549,CBSE-11|CBSE-12,40
10550,CBSE-3|CBSE-4|CBSE-5,47
10555,CBSE-3|CBSE-4|CBSE-5|CBSE-6,90
10557,CBSE-10|CBSE-11|CBSE-9,75
10559,CBSE-3|CBSE-4|CBSE-5|CBSE-6,90
10560,CBSE-7|CBSE-8,84
10561,CBSE-10|CBSE-11|CBSE-8|CBSE-9,117
10562,CBSE-4|CBSE-5,36
10568,CBSE-3|CBSE-4|CBSE-5,35
10569,CBSE-3|CBSE-4|CBSE-5,35
10581,CBSE-4|CBSE-5|CBSE-6|CBSE-7,109
10582,CBSE-10|CBSE-11|CBSE-8|CBSE-9,111
10583,CBSE-11|CBSE-12,30
10585,CBSE-10|CBSE-11|CBSE-8|CBSE-9,117
10590,CBSE-3|CBSE-4,34
10591,CBSE-10|CBSE-7|CBSE-8|CBSE-9,125
10599,CBSE-11|CBSE-12,30
10601,CBSE-11|CBSE-12,20
10602,CBSE-3|CBSE-4|CBSE-5|CBSE-6,90
10603,CBSE-3|CBSE-4,34
10605,CBSE-3|CBSE-4|CBSE-5,46
10608,CBSE-11|CBSE-12,39
10611,CBSE-3|CBSE-4|CBSE-5,50
10613,CBSE-10|CBSE-11|CBSE-12|CBSE-9,84
10614,CBSE-11|CBSE-12,27
10623,CBSE-11|CBSE-12,40
10626,CBSE-3|CBSE-4|CBSE-5|CBSE-6,91
10631,CBSE-10|CBSE-11|CBSE-8|CBSE-9,117
10632,CBSE-11|CBSE-12,30
10638,CBSE-3|CBSE-4,34
10649,CBSE-3|CBSE-4|CBSE-5|CBSE-6,90
10654,CBSE-11|CBSE-12,40
10657,CBSE-3|CBSE-4|CBSE-5|CBSE-6,89
10660,CBSE-10|CBSE-7|CBSE-8|CBSE-9,129
10661,CBSE-3,17
10663,CBSE-3|CBSE-4|CBSE-5,36
10665,CBSE-5|CBSE-6|CBSE-7,82
10666,CBSE-6|CBSE-7|CBSE-8,105
10669,CBSE-3,17
10672,CBSE-3|CBSE-4|CBSE-5|CBSE-6,90
10681,CBSE-11|CBSE-12,30
10687,CBSE-3|CBSE-4,34
10695,CBSE-3,17
10702,CBSE-11|CBSE-12,40
10703,CBSE-10|CBSE-7|CBSE-8|CBSE-9,127
10706,CBSE-3,17
10709,CBSE-3|CBSE-4,34
10710,CBSE-10|CBSE-7|CBSE-8|CBSE-9,128
10712,CBSE-3|CBSE-4|CBSE-5|CBSE-6,85
10713,CBSE-7|CBSE-8|CBSE-9,85
10714,CBSE-11|CBSE-12,30
10716,CBSE-11|CBSE-12,40
10720,CBSE-3|CBSE-4,34
10724,CBSE-3|CBSE-4|CBSE-5|CBSE-6,78
10725,CBSE-3|CBSE-4|CBSE-5|CBSE-6,89
10727,CBSE-3|CBSE-4|CBSE-5,47
10730,CBSE-11|CBSE-12,39
10735,CBSE-6|CBSE-7|CBSE-8|CBSE-9,127
10739,CBSE-3|CBSE-4|CBSE-5|CBSE-6,89
10746,CBSE-3|CBSE-4|CBSE-5,49
10747,CBSE-10|CBSE-8|CBSE-9,109
10751,CBSE-3|CBSE-4|CBSE-5|CBSE-6,88
10755,CBSE-11|CBSE-12,25
10763,CBSE-3,17
10764,CBSE-3|CBSE-4|CBSE-5|CBSE-6,49
10766,CBSE-3|CBSE-4,34
10769,CBSE-3|CBSE-4|CBSE-5|CBSE-6,87
10774,CBSE-11|CBSE-12,34
10775,CBSE-3|CBSE-4|CBSE-5|CBSE-6,89
10781,CBSE-3,17
10782,CBSE-3|CBSE-4,34
10785,CBSE-3,17
10786,CBSE-3|CBSE-4|CBSE-5|CBSE-6,88
10789,CBSE-3|CBSE-4|CBSE-5|CBSE-6,81
10792,CBSE-3|CBSE-4|CBSE-5|CBSE-6,85
10793,CBSE-3,17
10796,CBSE-3|CBSE-4,33
10803,CBSE-3|CBSE-4,34
10806,CBSE-3|CBSE-4|CBSE-5|CBSE-6,88
10809,CBSE-3|CBSE-4|CBSE-5,35
10811,CBSE-3|CBSE-4|CBSE-5|CBSE-6,92
10814,CBSE-3|CBSE-4,34
10815,CBSE-3|CBSE-4|CBSE-5,46
10823,CBSE-2|CBSE-3|CBSE-4|CBSE-5,65
10824,CBSE-1|CBSE-2|CBSE-3|CBSE-4|CBSE-5,67
10832,CBSE-1|CBSE-2|CBSE-3|CBSE-4|CBSE-5,66
10843,CBSE-2|CBSE-3|CBSE-4|CBSE-5,63
10859,CBSE-2|CBSE-3,31
10862,CBSE-2|CBSE-3|CBSE-4|CBSE-5,65
10866,CBSE-2|CBSE-3|CBSE-4,47
10873,CBSE-2|CBSE-3|CBSE-4,45
10878,CBSE-2,14
10887,CBSE-2|CBSE-3,35
10889,CBSE-6|CBSE-7|CBSE-8|CBSE-9,127
10895,CBSE-2,14
10897,CBSE-10|CBSE-7|CBSE-8|CBSE-9,127
10898,CBSE-3,17
10900,CBSE-3|CBSE-4|CBSE-5|CBSE-6,90
10902,CBSE-3|CBSE-4|CBSE-5|CBSE-6,90
10903,CBSE-3,17
10905,CBSE-3|CBSE-4|CBSE-5|CBSE-6,90
10907,CBSE-3|CBSE-4|CBSE-5,45
10908,CBSE-3|CBSE-4|CBSE-5|CBSE-6,88
10911,CBSE-10|CBSE-11|CBSE-8|CBSE-9,117
10913,CBSE-2|CBSE-3|CBSE-4,44
10917,CBSE-2,14
10925,CBSE-2|CBSE-3|CBSE-4|CBSE-5,65
10929,CBSE-2|CBSE-3|CBSE-4|CBSE-5,68
10935,CBSE-2|CBSE-3,31
10936,CBSE-2,14
10938,CBSE-2,14
10939,CBSE-1|CBSE-2|CBSE-3|CBSE-4|CBSE-5,66
10941,CBSE-10|CBSE-11|CBSE-8|CBSE-9,117
10942,CBSE-4,17
10944,CBSE-2|CBSE-3|CBSE-4|CBSE-5,66
10946,CBSE-2|CBSE-3|CBSE-4|CBSE-5,65
10949,CBSE-4|CBSE-5|CBSE-6|CBSE-7,109
10955,CBSE-2,14
10960,CBSE-2|CBSE-3|CBSE-4|CBSE-5,60
10961,CBSE-2,14
10963,CBSE-4,17
10964,CBSE-10|CBSE-11|CBSE-12|CBSE-9,84
10967,CBSE-2|CBSE-3|CBSE-4|CBSE-5,60
10968,CBSE-2|CBSE-3|CBSE-4|CBSE-5,53
10973,CBSE-4|CBSE-5,36
10977,CBSE-2|CBSE-3|CBSE-4|CBSE-5,67
10978,CBSE-2|CBSE-3,31
10980,CBSE-4|CBSE-5,36
10984,CBSE-2|CBSE-3|CBSE-4|CBSE-5,59
10985,CBSE-1|CBSE-2|CBSE-3|CBSE-4|CBSE-5,67
10986,CBSE-1|CBSE-2|CBSE-3|CBSE-4|CBSE-5,67
10987,CBSE-2|CBSE-3|CBSE-4,47
10989,CBSE-2|CBSE-3|CBSE-4|CBSE-5,63
10996,CBSE-10|CBSE-8|CBSE-9,106
10999,CBSE-5|CBSE-6|CBSE-7|CBSE-8,131
11000,CBSE-2|CBSE-3|CBSE-4|CBSE-5,46
11001,CBSE-5,19
11002,CBSE-5,19
11006,CBSE-5|CBSE-6|CBSE-7|CBSE-8,123
11009,CBSE-5,19
11018,CBSE-5|CBSE-6|CBSE-7|CBSE-8,115
11020,CBSE-5|CBSE-6|CBSE-7|CBSE-8,79
11022,CBSE-5|CBSE-6|CBSE-7|CBSE-8,113
11023,CBSE-6|CBSE-7|CBSE-8|CBSE-9,127
11024,CBSE-6|CBSE-7|CBSE-8|CBSE-9,127
11026,CBSE-6|CBSE-7|CBSE-8|CBSE-9,128
11027,CBSE-6|CBSE-7|CBSE-8|CBSE-9,124
11028,CBSE-6|CBSE-7|CBSE-8|CBSE-9,126
11029,CBSE-6|CBSE-7|CBSE-8|CBSE-9,128
11030,CBSE-6|CBSE-7|CBSE-8,115
11031,CBSE-6|CBSE-7|CBSE-8|CBSE-9,127
11032,CBSE-6|CBSE-7,49
11033,CBSE-6|CBSE-7|CBSE-8|CBSE-9,128
11034,CBSE-6|CBSE-7|CBSE-8|CBSE-9,126
11035,CBSE-6|CBSE-7|CBSE-8|CBSE-9,127
11036,CBSE-6|CBSE-7|CBSE-8|CBSE-9,132
11037,CBSE-6|CBSE-7|CBSE-8|CBSE-9,127
11039,CBSE-6|CBSE-7|CBSE-8|CBSE-9,122
11040,CBSE-6|CBSE-7|CBSE-8|CBSE-9,128
11042,CBSE-6|CBSE-7|CBSE-8|CBSE-9,127
11044,CBSE-10|CBSE-7|CBSE-8|CBSE-9,125
11045,CBSE-10|CBSE-7|CBSE-8|CBSE-9,128
11046,CBSE-7|CBSE-8,84
11047,CBSE-10|CBSE-7|CBSE-8|CBSE-9,128
11048,CBSE-10|CBSE-7|CBSE-8|CBSE-9,128
11049,CBSE-10|CBSE-7|CBSE-8|CBSE-9,124
11051,CBSE-7|CBSE-8,85
11052,CBSE-10|CBSE-7|CBSE-8|CBSE-9,124
11054,CBSE-10|CBSE-7|CBSE-8|CBSE-9,129
11055,CBSE-10|CBSE-11|CBSE-8|CBSE-9,117
11056,CBSE-10|CBSE-8|CBSE-9,107
11057,CBSE-10|CBSE-11|CBSE-8|CBSE-9,117
11058,CBSE-10|CBSE-11|CBSE-8|CBSE-9,115
11060,CBSE-8,42
11061,CBSE-10|CBSE-11|CBSE-8|CBSE-9,115
11062,CBSE-10|CBSE-11|CBSE-12|CBSE-9,86
11063,CBSE-10|CBSE-11|CBSE-8|CBSE-9,117
11064,CBSE-10|CBSE-11|CBSE-8|CBSE-9,118
11065,CBSE-10|CBSE-11|CBSE-8|CBSE-9,112
11066,CBSE-10|CBSE-11|CBSE-8|CBSE-9,117
11067,CBSE-10|CBSE-11|CBSE-8|CBSE-9,116
11068,CBSE-10|CBSE-8|CBSE-9,107
11069,CBSE-10|CBSE-11|CBSE-8|CBSE-9,117
11070,CBSE-10|CBSE-11|CBSE-8|CBSE-9,117
11072,CBSE-10|CBSE-11|CBSE-8|CBSE-9,117
11073,CBSE-8,42
11074,CBSE-10|CBSE-11|CBSE-8|CBSE-9,118
11075,CBSE-10|CBSE-11|CBSE-8|CBSE-9,117
11076,CBSE-10|CBSE-11|CBSE-8|CBSE-9,110
11077,CBSE-10|CBSE-11|CBSE-12|CBSE-9,86
11078,CBSE-10|CBSE-11|CBSE-8|CBSE-9,117
11079,CBSE-10|CBSE-11|CBSE-8|CBSE-9,117
11080,CBSE-10|CBSE-11|CBSE-8|CBSE-9,116
11081,CBSE-10|CBSE-11|CBSE-12|CBSE-9,88
11082,CBSE-10|CBSE-9,60
11083,CBSE-10|CBSE-11|CBSE-12|CBSE-9,87
11084,CBSE-10|CBSE-11|CBSE-12|CBSE-9,86
11085,CBSE-10|CBSE-11|CBSE-12|CBSE-9,84
11086,CBSE-10|CBSE-11|CBSE-12|CBSE-9,86
11087,CBSE-10|CBSE-11|CBSE-12|CBSE-9,79
11088,CBSE-10|CBSE-11|CBSE-12|CBSE-9,88
11089,CBSE-10|CBSE-11|CBSE-12|CBSE-9,85
11090,CBSE-10|CBSE-11|CBSE-12|CBSE-9,88
11091,CBSE-10|CBSE-11|CBSE-12|CBSE-9,88
11092,CBSE-10|CBSE-11|CBSE-12|CBSE-9,84
11093,CBSE-10|CBSE-11|CBSE-12|CBSE-9,87
11094,CBSE-10|CBSE-11|CBSE-12|CBSE-9,88
11095,CBSE-10|CBSE-11|CBSE-8|CBSE-9,117
11096,CBSE-10|CBSE-11|CBSE-12|CBSE-9,88
11097,CBSE-2|CBSE-3|CBSE-4,47
11100,CBSE-2|CBSE-3|CBSE-4|CBSE-5,60
11102,CBSE-10|CBSE-11|CBSE-12|CBSE-9,85
11103,CBSE-10|CBSE-11|CBSE-12|CBSE-9,86
11104,CBSE-10|CBSE-11|CBSE-12|CBSE-9,88
11106,CBSE-10|CBSE-11|CBSE-12|CBSE-9,81
11108,CBSE-10|CBSE-11|CBSE-12|CBSE-9,85
11109,CBSE-10|CBSE-11|CBSE-12|CBSE-9,83
11110,CBSE-11|CBSE-12,36
11111,CBSE-11|CBSE-12,38
11112,CBSE-11|CBSE-12,39
11113,CBSE-11|CBSE-12,41
11114,CBSE-11|CBSE-12,40
11115,CBSE-11|CBSE-12,40
11116,CBSE-11|CBSE-12,40
11117,CBSE-11|CBSE-12,39
11118,CBSE-11|CBSE-12,40
11119,CBSE-11|CBSE-12,39
11120,CBSE-11|CBSE-12,28
11121,CBSE-11|CBSE-12,35
11122,CBSE-11|CBSE-12,34
11123,CBSE-11|CBSE-12,34
11124,CBSE-4|CBSE-5|CBSE-6|CBSE-7,105
11125,CBSE-11|CBSE-12,30
11127,CBSE-11|CBSE-12,41
11128,CBSE-11|CBSE-12,35
11129,CBSE-11|CBSE-12,39
11131,CBSE-11|CBSE-12,35
11133,CBSE-11|CBSE-12,35
11134,CBSE-11|CBSE-12,35
11135,CBSE-10|CBSE-9,60
11140,CBSE-10|CBSE-11|CBSE-12|CBSE-9,81
11141,CBSE-10|CBSE-11|CBSE-8|CBSE-9,119
11143,CBSE-10|CBSE-11|CBSE-12|CBSE-9,88
11144,CBSE-6|CBSE-7|CBSE-8|CBSE-9,127
11145,CBSE-10|CBSE-11|CBSE-8|CBSE-9,117
11146,CBSE-10|CBSE-11|CBSE-8|CBSE-9,117
11147,CBSE-10|CBSE-11|CBSE-8|CBSE-9,117
11149,CBSE-2,14
11153,CBSE-2|CBSE-3|CBSE-4|CBSE-5,66
11154,CBSE-10|CBSE-7|CBSE-8|CBSE-9,132
11158,CBSE-6|CBSE-7|CBSE-8|CBSE-9,127
11162,CBSE-10|CBSE-11|CBSE-8|CBSE-9,106
11165,CBSE-10|CBSE-9,60
11166,CBSE-10|CBSE-7|CBSE-8|CBSE-9,124
11168,CBSE-10|CBSE-7|CBSE-8|CBSE-9,128
11171,CBSE-5|CBSE-6,61
11172,CBSE-11|CBSE-12,35
11173,CBSE-10|CBSE-11|CBSE-8|CBSE-9,117
11177,CBSE-10|CBSE-11|CBSE-8|CBSE-9,117
11182,CBSE-1|CBSE-2|CBSE-3|CBSE-4|CBSE-5,72
11190,CBSE-10|CBSE-9,56
11193,CBSE-11|CBSE-12,30
11212,CBSE-3|CBSE-4|CBSE-5|CBSE-6,49
11220,CBSE-2|CBSE-3|CBSE-4|CBSE-5,63
11221,CBSE-2|CBSE-3,31
11224,CBSE-11|CBSE-12,41
11226,CBSE-10|CBSE-11|CBSE-12|CBSE-9,81
11233,CBSE-6|CBSE-7,84
11242,CBSE-9,29
11243,CBSE-6|CBSE-7|CBSE-8|CBSE-9,126
11244,CBSE-2|CBSE-3|CBSE-4,42
11246,CBSE-10|CBSE-7|CBSE-8|CBSE-9,132
11248,CBSE-11|CBSE-12,39
11251,CBSE-10|CBSE-9,60
11254,CBSE-2|CBSE-3|CBSE-4|CBSE-5,64
11255,CBSE-11|CBSE-12,27
11256,CBSE-2|CBSE-3|CBSE-4|CBSE-5,64
11260,CBSE-2|CBSE-3|CBSE-4|CBSE-5,70
11268,CBSE-2,14
11273,CBSE-10|CBSE-8|CBSE-9,103
11274,CBSE-2|CBSE-3,31
11282,CBSE-11|CBSE-12,38
11283,CBSE-2|CBSE-3|CBSE-4,41
11286,CBSE-2|CBSE-3|CBSE-4,60
11289,CBSE-2|CBSE-3|CBSE-4,46
11291,CBSE-1|CBSE-2|CBSE-3|CBSE-4|CBSE-5,48
11295,CBSE-2|CBSE-3|CBSE-4|CBSE-5,67
11298,CBSE-2,14
11303,CBSE-1|CBSE-2|CBSE-3|CBSE-4|CBSE-5,71
11305,CBSE-2|CBSE-3|CBSE-4|CBSE-5,58
11311,CBSE-2|CBSE-3|CBSE-4|CBSE-5,60
11312,CBSE-2|CBSE-3|CBSE-4|CBSE-5,58
11314,CBSE-5|CBSE-6|CBSE-7,82
11318,CBSE-2,14
11319,CBSE-6|CBSE-7|CBSE-8|CBSE-9,120
11320,CBSE-2|CBSE-3|CBSE-4|CBSE-5,64
11322,CBSE-2|CBSE-3|CBSE-4,43
11329,CBSE-2|CBSE-3|CBSE-4,43
11330,CBSE-4|CBSE-5|CBSE-6|CBSE-7,98
11333,CBSE-11|CBSE-12,39
11337,CBSE-5,19
11339,CBSE-1|CBSE-2|CBSE-3|CBSE-4|CBSE-5,47
11341,CBSE-6|CBSE-7|CBSE-8|CBSE-9,127
11342,CBSE-2|CBSE-3,31
11344,CBSE-7|CBSE-8,84
11345,CBSE-10|CBSE-9,60
11347,CBSE-2|CBSE-3|CBSE-4|CBSE-5,50
11348,CBSE-2|CBSE-3,31
11351,CBSE-1|CBSE-2|CBSE-3,55
11352,CBSE-1|CBSE-2|CBSE-3|CBSE-4,60
11353,CBSE-1|CBSE-2|CBSE-3|CBSE-4,57
11354,CBSE-1|CBSE-2|CBSE-3|CBSE-4,57
11356,CBSE-1|CBSE-2|CBSE-3,42
11358,CBSE-1,14
11361,CBSE-1|CBSE-2,30
11363,CBSE-1|CBSE-2|CBSE-3,42
11365,CBSE-1|CBSE-2|CBSE-3,41
11366,CBSE-1|CBSE-2|CBSE-3|CBSE-4,60
11375,CBSE-1|CBSE-2|CBSE-3|CBSE-4,46
11376,CBSE-1|CBSE-2|CBSE-3|CBSE-4,57
11377,CBSE-1|CBSE-2|CBSE-3|CBSE-4,59
11378,CBSE-1|CBSE-2|CBSE-3|CBSE-4,56
11379,CBSE-1|CBSE-2,28
11385,CBSE-1|CBSE-2|CBSE-3|CBSE-4,59
11387,CBSE-1|CBSE-2|CBSE-3|CBSE-4,59
11394,CBSE-1|CBSE-2|CBSE-3|CBSE-4,57
11400,CBSE-1|CBSE-2|CBSE-3,36
11401,CBSE-1|CBSE-2|CBSE-3|CBSE-4,58
11402,CBSE-1|CBSE-2|CBSE-3|CBSE-4,39
11413,CBSE-1|CBSE-2,28
11423,CBSE-1,14
11425,CBSE-1,14
11426,CBSE-1|CBSE-2|CBSE-3|CBSE-4,60
11427,CBSE-1,14
11432,CBSE-1|CBSE-2|CBSE-3,37
11433,CBSE-1|CBSE-2|CBSE-3,30
11434,CBSE-1|CBSE-2|CBSE-3|CBSE-4,58
11435,CBSE-1|CBSE-2|CBSE-3|CBSE-4,61
11437,CBSE-1|CBSE-2,28
11442,CBSE-1|CBSE-2|CBSE-3|CBSE-4,59
11444,CBSE-1|CBSE-2,30
11445,CBSE-1|CBSE-2|CBSE-3|CBSE-4,57
11449,CBSE-1|CBSE-2|CBSE-3|CBSE-4,48
11457,CBSE-1|CBSE-2|CBSE-3|CBSE-4,55
11459,CBSE-1|CBSE-2|CBSE-3,39
11461,CBSE-1,14
11463,CBSE-1|CBSE-2|CBSE-3|CBSE-4,59
11471,CBSE-1|CBSE-2|CBSE-3|CBSE-4,59
11473,CBSE-1|CBSE-2|CBSE-3,30
11478,CBSE-1|CBSE-2|CBSE-3,41
11482,CBSE-1|CBSE-2|CBSE-3|CBSE-4,58
11485,CBSE-1,14
11489,CBSE-1|CBSE-2|CBSE-3|CBSE-4,51
11494,CBSE-1|CBSE-2|CBSE-3|CBSE-4,59
11495,CBSE-1|CBSE-2|CBSE-3,42
11496,CBSE-1|CBSE-2|CBSE-3|CBSE-4,57
11497,CBSE-6|CBSE-7,83
11499,CBSE-10|CBSE-11|CBSE-12|CBSE-9,85
11500,CBSE-10|CBSE-11|CBSE-12|CBSE-9,85
11502,CBSE-10|CBSE-7|CBSE-8|CBSE-9,125
11505,CBSE-1|CBSE-2|CBSE-3|CBSE-4,59
11506,CBSE-10|CBSE-7|CBSE-8|CBSE-9,124
11508,CBSE-10|CBSE-11|CBSE-12|CBSE-9,88
11509,CBSE-1|CBSE-2,30
11510,CBSE-10|CBSE-11|CBSE-12|CBSE-9,84
11511,CBSE-10|CBSE-11|CBSE-8|CBSE-9,118
11512,CBSE-4|CBSE-5|CBSE-6,64
11514,CBSE-10|CBSE-11|CBSE-12|CBSE-9,88
11515,CBSE-10|CBSE-11|CBSE-12|CBSE-9,88
11516,CBSE-7,42
11517,CBSE-10|CBSE-9,59
11518,CBSE-10|CBSE-11|CBSE-8|CBSE-9,117
11520,CBSE-10|CBSE-11|CBSE-12|CBSE-9,86
11521,CBSE-10|CBSE-11|CBSE-12|CBSE-9,88
11522,CBSE-1|CBSE-2|CBSE-3,40
11523,CBSE-10|CBSE-8|CBSE-9,107
11524,CBSE-10|CBSE-11|CBSE-12|CBSE-9,86
11525,CBSE-10|CBSE-11|CBSE-12|CBSE-9,83
11528,CBSE-3|CBSE-4|CBSE-5|CBSE-6,79
11529,CBSE-10|CBSE-11|CBSE-12|CBSE-9,86
11530,CBSE-1|CBSE-2|CBSE-3|CBSE-4|CBSE-5,64
11533,CBSE-10|CBSE-11|CBSE-12|CBSE-9,86
11536,CBSE-10|CBSE-9,60
11538,CBSE-3|CBSE-4|CBSE-5,48
11539,CBSE-1|CBSE-2|CBSE-3,42
11541,CBSE-10|CBSE-11|CBSE-8|CBSE-9,117
11542,CBSE-6|CBSE-7|CBSE-8|CBSE-9,127
11543,CBSE-2|CBSE-4|CBSE-5|CBSE-6|CBSE-7,107
11544,CBSE-1|CBSE-2|CBSE-3,42
11545,CBSE-10|CBSE-11|CBSE-8|CBSE-9,117
11546,CBSE-10|CBSE-11|CBSE-8|CBSE-9,120
11548,CBSE-10|CBSE-11|CBSE-8|CBSE-9,117
11549,CBSE-4,17
11551,CBSE-2|CBSE-4|CBSE-5|CBSE-6|CBSE-7,92
11552,CBSE-1|CBSE-2,16
11554,CBSE-4|CBSE-5|CBSE-6,64
11555,CBSE-7|CBSE-8|CBSE-9,114
11556,CBSE-10|CBSE-11|CBSE-12|CBSE-9,88
11557,CBSE-10|CBSE-11|CBSE-12|CBSE-9,85
11558,CBSE-1|CBSE-2|CBSE-3|CBSE-4,58
11559,CBSE-10|CBSE-7|CBSE-8|CBSE-9,115
11561,CBSE-10|CBSE-11|CBSE-12|CBSE-9,86
11565,CBSE-10|CBSE-11|CBSE-8|CBSE-9,117
11566,CBSE-10|CBSE-7|CBSE-8|CBSE-9,129
11567,CBSE-10|CBSE-11|CBSE-12|CBSE-9,83
11571,CBSE-10|CBSE-11|CBSE-12|CBSE-9,85
11573,CBSE-10|CBSE-11|CBSE-12|CBSE-9,87
11574,CBSE-6|CBSE-7|CBSE-8|CBSE-9,128
11576,CBSE-1|CBSE-2|CBSE-3,39
11578,CBSE-10|CBSE-11|CBSE-12|CBSE-9,88
11580,CBSE-10|CBSE-11|CBSE-8|CBSE-9,117
11581,CBSE-10|CBSE-7|CBSE-8|CBSE-9,132
11582,CBSE-10|CBSE-11|CBSE-12|CBSE-9,82
11593,CBSE-10|CBSE-11|CBSE-9,68
11594,CBSE-10|CBSE-9,58
11596,CBSE-1|CBSE-2|CBSE-3|CBSE-4,42
11598,CBSE-7|CBSE-8,85
11599,CBSE-6|CBSE-7,84
11600,CBSE-6|CBSE-7|CBSE-8|CBSE-9,128
11603,CBSE-10|CBSE-11|CBSE-12|CBSE-9,85
11604,CBSE-3|CBSE-4|CBSE-5|CBSE-6|CBSE-7,110
11605,CBSE-5|CBSE-6|CBSE-7|CBSE-8,131
11607,CBSE-10|CBSE-7|CBSE-8|CBSE-9,129
11608,CBSE-10|CBSE-11|CBSE-12|CBSE-9,80
11610,CBSE-10|CBSE-11|CBSE-12|CBSE-9,86
11611,CBSE-5|CBSE-6|CBSE-7|CBSE-8,131
11613,CBSE-1|CBSE-2|CBSE-3|CBSE-4,62
11614,CBSE-3|CBSE-4|CBSE-5|CBSE-6,83
11618,CBSE-6|CBSE-7|CBSE-8|CBSE-9,132
11619,CBSE-1|CBSE-2|CBSE-3,42
11620,CBSE-6|CBSE-7|CBSE-8|CBSE-9,128
11621,CBSE-10|CBSE-11|CBSE-12|CBSE-9,82
11624,CBSE-1|CBSE-2,30
11625,CBSE-10|CBSE-11|CBSE-12|CBSE-9,86
11626,CBSE-6|CBSE-7|CBSE-8|CBSE-9,127
11627,CBSE-10|CBSE-11|CBSE-12|CBSE-9,87
11631,CBSE-10|CBSE-11|CBSE-12|CBSE-9,80
11632,CBSE-1|CBSE-2|CBSE-3|CBSE-4,55
11633,CBSE-2,14
11635,CBSE-1|CBSE-2|CBSE-3,34
11637,CBSE-10|CBSE-11|CBSE-12|CBSE-9,84
11640,CBSE-1|CBSE-2,28
11642,CBSE-10|CBSE-11|CBSE-12|CBSE-9,85
11644,CBSE-10|CBSE-7|CBSE-8|CBSE-9,124
11645,CBSE-10|CBSE-11|CBSE-12|CBSE-9,88
11649,CBSE-1|CBSE-2|CBSE-3,40
11653,CBSE-10|CBSE-11|CBSE-12|CBSE-9,88
11654,CBSE-3|CBSE-4|CBSE-5|CBSE-6,90
11657,CBSE-1|CBSE-2|CBSE-3|CBSE-4,59
11658,CBSE-1|CBSE-2|CBSE-3|CBSE-4,62
11659,CBSE-10|CBSE-9,60
11661,CBSE-10|CBSE-11|CBSE-12|CBSE-9,83
11663,CBSE-6|CBSE-7|CBSE-8|CBSE-9,128
11665,CBSE-6|CBSE-7|CBSE-8|CBSE-9,127
11667,CBSE-10|CBSE-11|CBSE-8|CBSE-9,112
11669,CBSE-4|CBSE-5|CBSE-6|CBSE-7,106
11670,CBSE-10|CBSE-11|CBSE-9,98
11672,CBSE-4|CBSE-5|CBSE-6|CBSE-7,106
11674,CBSE-1|CBSE-2,28
11676,CBSE-1|CBSE-2,28
11680,CBSE-10|CBSE-7|CBSE-8|CBSE-9,120
11683,CBSE-10|CBSE-9,56
11686,CBSE-10|CBSE-11|CBSE-12|CBSE-9,66
11687,CBSE-10|CBSE-8|CBSE-9,107
11688,CBSE-10|CBSE-7|CBSE-8|CBSE-9,132
11690,CBSE-4,17
11691,CBSE-7|CBSE-8,88
11692,CBSE-10|CBSE-11|CBSE-12|CBSE-9,80
11693,CBSE-10|CBSE-7|CBSE-8|CBSE-9,125
11694,CBSE-1|CBSE-2|CBSE-3|CBSE-4,59
11695,CBSE-10|CBSE-7|CBSE-8|CBSE-9,130
11696,CBSE-3|CBSE-4|CBSE-5|CBSE-6,89
11703,CBSE-1|CBSE-2,28
11705,CBSE-1|CBSE-2|CBSE-3,41
11707,CBSE-1|CBSE-2|CBSE-3,38
11708,CBSE-1|CBSE-2|CBSE-3,39
11711,CBSE-1|CBSE-2|CBSE-3|CBSE-4,57
11715,CBSE-1|CBSE-2|CBSE-3,54
11719,CBSE-1|CBSE-2|CBSE-3|CBSE-4,55
11720,CBSE-1|CBSE-2,28
11723,CBSE-1|CBSE-2|CBSE-3,39
11726,CBSE-1|CBSE-2|CBSE-3|CBSE-4,55
11727,CBSE-1|CBSE-2|CBSE-3|CBSE-4,62
11731,CBSE-10|CBSE-11|CBSE-12|CBSE-9,82
11732,CBSE-10|CBSE-11|CBSE-12|CBSE-9,81
11733,CBSE-4|CBSE-5|CBSE-6,66
11734,CBSE-8,42
11735,CBSE-3|CBSE-4|CBSE-5|CBSE-6,89
11736,CBSE-10|CBSE-11|CBSE-8|CBSE-9,116
11737,CBSE-10|CBSE-11|CBSE-12|CBSE-9,81
11739,CBSE-2|CBSE-3|CBSE-4|CBSE-5,64
11740,CBSE-10|CBSE-9,60
11741,CBSE-6|CBSE-7|CBSE-8|CBSE-9,118
11742,CBSE-10|CBSE-11|CBSE-8|CBSE-9,112
11744,CBSE-10|CBSE-11|CBSE-12|CBSE-9,77
11745,CBSE-10|CBSE-7|CBSE-8|CBSE-9,127
11747,CBSE-10|CBSE-7|CBSE-8|CBSE-9,125
11748,CBSE-10|CBSE-8|CBSE-9,77
11750,CBSE-10|CBSE-7|CBSE-8|CBSE-9,128
11751,CBSE-10|CBSE-11|CBSE-8|CBSE-9,112
11752,CBSE-6|CBSE-7|CBSE-8|CBSE-9,132
11755,CBSE-10|CBSE-11|CBSE-12|CBSE-9,87
11757,CBSE-10|CBSE-7|CBSE-8|CBSE-9,123
11759,CBSE-5|CBSE-6|CBSE-7|CBSE-8,131
11760,CBSE-9,30
11761,CBSE-10|CBSE-11|CBSE-12|CBSE-9,87
11762,CBSE-4|CBSE-5|CBSE-6,64
11764,CBSE-4|CBSE-5|CBSE-6|CBSE-7,103
11767,CBSE-6|CBSE-7|CBSE-8|CBSE-9,132
11768,CBSE-10|CBSE-7|CBSE-8|CBSE-9,121
11769,CBSE-5|CBSE-6|CBSE-7|CBSE-8,121
11770,CBSE-10|CBSE-7|CBSE-8|CBSE-9,122
11771,CBSE-6,42
11772,CBSE-10|CBSE-11|CBSE-12|CBSE-9,88
11773,CBSE-3,17
11774,CBSE-10|CBSE-7|CBSE-8|CBSE-9,129
11775,CBSE-10|CBSE-9,60
11777,CBSE-4|CBSE-5|CBSE-6|CBSE-7,84
11778,CBSE-6|CBSE-7|CBSE-8|CBSE-9,130
11779,CBSE-10|CBSE-11|CBSE-12|CBSE-9,86
11780,CBSE-10|CBSE-11|CBSE-12|CBSE-9,88
11781,CBSE-10|CBSE-11|CBSE-8|CBSE-9,117
11782,CBSE-6|CBSE-7|CBSE-8|CBSE-9,128
11783,CBSE-6|CBSE-7|CBSE-8|CBSE-9,128
11784,CBSE-10|CBSE-11|CBSE-12|CBSE-9,86
11785,CBSE-2,14
11786,CBSE-2,14
11787,CBSE-11|CBSE-12,30
11788,CBSE-11|CBSE-12,30
11789,CBSE-11|CBSE-12,30
11790,CBSE-11|CBSE-12,30
11791,CBSE-11,19
11792,CBSE-11|CBSE-12,30
11793,CBSE-11|CBSE-12,30
11794,CBSE-11|CBSE-12,30
11795,CBSE-11|CBSE-12,30
11796,CBSE-11,20
11797,CBSE-11|CBSE-12,30
11798,CBSE-11|CBSE-12,29
11799,CBSE-11|CBSE-12,29
11800,CBSE-11|CBSE-12,24
11801,CBSE-11|CBSE-12,30
11802,CBSE-11|CBSE-12,29
11803,CBSE-11|CBSE-12,30
11804,CBSE-11|CBSE-12,29
11805,CBSE-11|CBSE-12,30
11806,CBSE-11|CBSE-12,29
11807,CBSE-11|CBSE-12,30
11808,CBSE-11|CBSE-12,29
11809,CBSE-11|CBSE-12,30
11810,CBSE-11|CBSE-12,30
11811,CBSE-11|CBSE-12,30
11812,CBSE-11|CBSE-12,30
11813,CBSE-11|CBSE-12,30
11814,CBSE-11|CBSE-12,30
11815,CBSE-11|CBSE-12,30
11816,CBSE-11|CBSE-12,30
11817,CBSE-11|CBSE-12,30
11818,CBSE-11|CBSE-12,30
11819,CBSE-11|CBSE-12,30
11820,CBSE-11|CBSE-12,30
11821,CBSE-11|CBSE-12,28
11822,CBSE-11|CBSE-12,30
11823,CBSE-11|CBSE-12,30
11824,CBSE-11|CBSE-12,30
11825,CBSE-11|CBSE-12,30
11826,CBSE-11|CBSE-12,30
11827,CBSE-11|CBSE-12,30
11828,CBSE-11|CBSE-12,30
11829,CBSE-11|CBSE-12,30
11830,CBSE-11|CBSE-12,30
11831,CBSE-11|CBSE-12,30
11832,CBSE-11|CBSE-12,30
11833,CBSE-11|CBSE-12,28
11834,CBSE-11|CBSE-12,30
11835,CBSE-11|CBSE-12,30
11836,CBSE-11|CBSE-12,30
11837,CBSE-11,20
11838,CBSE-11|CBSE-12,30
11839,CBSE-11|CBSE-12,30
11840,CBSE-11|CBSE-12,30
11841,CBSE-11,18
11842,CBSE-11|CBSE-12,30
11843,CBSE-11|CBSE-12,30
11844,CBSE-11|CBSE-12,30
11845,CBSE-11|CBSE-12,30
11847,CBSE-11|CBSE-12,30
11848,CBSE-11|CBSE-12,30
11849,CBSE-11|CBSE-12,30
11850,CBSE-11|CBSE-12,30
11851,CBSE-11|CBSE-12,30
11852,CBSE-11|CBSE-12,30
11853,CBSE-11|CBSE-12,30
11854,CBSE-11|CBSE-12,30
11855,CBSE-11|CBSE-12,30
11856,CBSE-11|CBSE-12,30
11857,CBSE-11|CBSE-12,30
11858,CBSE-11|CBSE-12,25
11859,CBSE-7|CBSE-8|CBSE-9,114
11860,CBSE-10|CBSE-7|CBSE-8|CBSE-9,124
11861,CBSE-2|CBSE-3|CBSE-4,41
11862,CBSE-2|CBSE-3|CBSE-4,41
11867,CBSE-4|CBSE-5|CBSE-7,71
11868,CBSE-8,33
11869,CBSE-10|CBSE-7|CBSE-8|CBSE-9,122
11873,CBSE-7|CBSE-8,18
11875,CBSE-10|CBSE-11|CBSE-8|CBSE-9,117
11876,CBSE-6|CBSE-7|CBSE-8|CBSE-9,123
11878,CBSE-10|CBSE-7|CBSE-8|CBSE-9,130
11879,CBSE-10|CBSE-11|CBSE-12|CBSE-9,80
11880,CBSE-10|CBSE-9,53
11882,CBSE-10|CBSE-11|CBSE-12|CBSE-9,88
11883,CBSE-10|CBSE-11|CBSE-12|CBSE-9,87
11884,CBSE-6|CBSE-7|CBSE-8|CBSE-9,127
11885,CBSE-11|CBSE-12,35
11887,CBSE-11|CBSE-12,35
11888,CBSE-11|CBSE-12,40
11894,CBSE-10|CBSE-11|CBSE-12|CBSE-9,86
11895,CBSE-10|CBSE-11|CBSE-12|CBSE-9,81
11896,CBSE-10|CBSE-11|CBSE-12|CBSE-9,78
11899,CBSE-10|CBSE-11|CBSE-8|CBSE-9,117
11901,CBSE-3,17
11902,CBSE-4|CBSE-5|CBSE-6|CBSE-7,97
11903,CBSE-10|CBSE-11|CBSE-8|CBSE-9,116
11904,CBSE-3|CBSE-4,34
11905,CBSE-10|CBSE-7|CBSE-8|CBSE-9,132
11906,CBSE-6|CBSE-7|CBSE-8|CBSE-9,116
11907,CBSE-3|CBSE-4|CBSE-5|CBSE-6,81
11908,CBSE-3|CBSE-4|CBSE-5|CBSE-6,66
11910,CBSE-10|CBSE-8|CBSE-9,82
11912,CBSE-3,17
11914,CBSE-10|CBSE-11|CBSE-8|CBSE-9,110
11917,CBSE-11|CBSE-12,25
11920,CBSE-1|CBSE-2|CBSE-3|CBSE-4,60
11921,CBSE-4|CBSE-5|CBSE-6|CBSE-7,92
11922,CBSE-1|CBSE-2,28
11923,CBSE-11|CBSE-12,30
11924,CBSE-10|CBSE-8|CBSE-9,93
11925,CBSE-10|CBSE-7|CBSE-8|CBSE-9,111
11926,CBSE-6|CBSE-7|CBSE-8|CBSE-9,114
11927,CBSE-3|CBSE-4|CBSE-5|CBSE-6,59
11929,CBSE-1|CBSE-2|CBSE-3,42
11930,CBSE-10|CBSE-7|CBSE-8|CBSE-9,103
11931,CBSE-10|CBSE-11|CBSE-12|CBSE-9,81
11934,CBSE-10|CBSE-9,55
11935,CBSE-10|CBSE-7|CBSE-8|CBSE-9,107
11936,CBSE-5|CBSE-6|CBSE-7|CBSE-8,131
11941,CBSE-1|CBSE-3,15
11943,CBSE-1|CBSE-3,15
11945,CBSE-1|CBSE-2|CBSE-3,44
11946,CBSE-1|CBSE-2|CBSE-3,40
11949,CBSE-1|CBSE-2|CBSE-3,42
11950,CBSE-1|CBSE-2|CBSE-3,34
11953,CBSE-1|CBSE-2|CBSE-3,43
11960,CBSE-1|CBSE-2,26
11962,CBSE-1|CBSE-2|CBSE-3,43
11965,CBSE-1|CBSE-2,26
11966,CBSE-1|CBSE-2,26
11967,CBSE-1|CBSE-2|CBSE-3,40
11969,CBSE-1|CBSE-2|CBSE-3,41
11973,CBSE-1|CBSE-2,16
11978,CBSE-1|CBSE-2|CBSE-3,42
11984,CBSE-1|CBSE-2,23
11985,CBSE-1,14
11987,CBSE-1|CBSE-3,15
11989,CBSE-1|CBSE-2|CBSE-3,42
11990,CBSE-1,14
11991,CBSE-1,14
11993,CBSE-1|CBSE-2|CBSE-3,44
11997,CBSE-1|CBSE-2|CBSE-3,41
12001,CBSE-1|CBSE-2|CBSE-3,42
12002,CBSE-1|CBSE-2|CBSE-3,41
12003,CBSE-1|CBSE-2|CBSE-3,44
12009,CBSE-1|CBSE-2|CBSE-3,44
12015,CBSE-1|CBSE-2|CBSE-3,39
12019,CBSE-1,14
12026,CBSE-1,14
12029,CBSE-1|CBSE-2|CBSE-3,25
12031,CBSE-1|CBSE-2,24
12034,CBSE-1,1
12035,CBSE-1|CBSE-2|CBSE-3,42
12039,CBSE-1,14
12041,CBSE-1|CBSE-2|CBSE-3,24
12043,CBSE-1,1
12045,CBSE-1|CBSE-2|CBSE-3,38
12052,CBSE-1|CBSE-2|CBSE-3,42
12056,CBSE-1|CBSE-2,15
12057,CBSE-1|CBSE-2|CBSE-3,42
12062,CBSE-10|CBSE-8|CBSE-9,88
12067,CBSE-1|CBSE-2|CBSE-3,41
12068,CBSE-1,14
12070,CBSE-10|CBSE-8|CBSE-9,82
12071,CBSE-10|CBSE-8|CBSE-9,81
12073,CBSE-1|CBSE-2,25
12075,CBSE-1|CBSE-2|CBSE-3,42
12077,CBSE-10|CBSE-11|CBSE-9,75
12079,CBSE-6|CBSE-7|CBSE-8,114
12080,CBSE-2|CBSE-3|CBSE-4|CBSE-5,57
12082,CBSE-10|CBSE-11|CBSE-9,72
12083,CBSE-10|CBSE-8|CBSE-9,85
12084,CBSE-7|CBSE-8|CBSE-9,86
12087,CBSE-10|CBSE-8|CBSE-9,84
12089,CBSE-10|CBSE-11|CBSE-9,75
12090,CBSE-7,42
12092,CBSE-10|CBSE-8|CBSE-9,82
12095,CBSE-10|CBSE-8|CBSE-9,85
12097,CBSE-10|CBSE-11|CBSE-9,74
12098,CBSE-6|CBSE-7|CBSE-8|CBSE-9,90
12099,CBSE-10|CBSE-11|CBSE-9,75
12101,CBSE-2|CBSE-5|CBSE-6|CBSE-7|CBSE-8,93
12103,CBSE-7|CBSE-8|CBSE-9,86
12106,CBSE-10|CBSE-8|CBSE-9,86
12109,CBSE-10|CBSE-8|CBSE-9,81
12113,CBSE-7|CBSE-8|CBSE-9,85
12115,CBSE-1|CBSE-2|CBSE-3,42
12116,CBSE-1|CBSE-2|CBSE-3,28
12117,CBSE-10|CBSE-11|CBSE-9,74
12120,CBSE-8,3
12122,CBSE-10|CBSE-11|CBSE-9,75
12127,CBSE-10|CBSE-11|CBSE-9,71
12128,CBSE-6|CBSE-7|CBSE-8,112
12129,CBSE-10|CBSE-9,65
12133,CBSE-6|CBSE-7|CBSE-8,112
12136,CBSE-6|CBSE-7|CBSE-8,101
12138,CBSE-6|CBSE-7|CBSE-8,112
12139,CBSE-10|CBSE-9,64
12140,CBSE-10|CBSE-11|CBSE-9,75
12142,CBSE-10|CBSE-11|CBSE-9,75
12143,CBSE-7|CBSE-8|CBSE-9,85
12144,CBSE-5|CBSE-6|CBSE-7,90
12145,CBSE-10|CBSE-11|CBSE-9,75
12146,CBSE-6|CBSE-7|CBSE-8,105
12148,CBSE-10|CBSE-11|CBSE-9,75
12149,CBSE-4|CBSE-5|CBSE-6,75
12151,CBSE-1|CBSE-2|CBSE-3,38
12152,CBSE-10,29
12153,CBSE-4,17
12154,CBSE-10|CBSE-9,54
12155,CBSE-8,42
12157,CBSE-10|CBSE-11|CBSE-9,75
12159,CBSE-5|CBSE-6|CBSE-7,81
12163,CBSE-2|CBSE-3|CBSE-4,42
12164,CBSE-10|CBSE-11|CBSE-9,75
12165,CBSE-7|CBSE-8|CBSE-9,85
12166,CBSE-7|CBSE-8|CBSE-9,82
12167,CBSE-6|CBSE-7|CBSE-8,112
12168,CBSE-12,10
12169,CBSE-1|CBSE-2,24
12170,CBSE-1|CBSE-2|CBSE-3,25
12171,CBSE-6|CBSE-7|CBSE-8|CBSE-9,90
12174,CBSE-7|CBSE-8|CBSE-9,86
12175,CBSE-10|CBSE-8|CBSE-9,85
12176,CBSE-3|CBSE-4|CBSE-5,53
12178,CBSE-10|CBSE-11|CBSE-12,52
12179,CBSE-5|CBSE-6|CBSE-7,82
12180,CBSE-10|CBSE-11|CBSE-9,72
12183,CBSE-10|CBSE-8|CBSE-9,82
12184,CBSE-3|CBSE-4|CBSE-5,50
12186,CBSE-7|CBSE-8|CBSE-9,84
12187,CBSE-10|CBSE-11|CBSE-9,75
12188,CBSE-7|CBSE-8|CBSE-9,86
12189,CBSE-5|CBSE-6|CBSE-7,81
12191,CBSE-10|CBSE-8|CBSE-9,84
12192,CBSE-8|CBSE-9,73
12193,CBSE-2|CBSE-3|CBSE-4,33
12195,CBSE-6|CBSE-7|CBSE-8|CBSE-9,90
12198,CBSE-10|CBSE-11|CBSE-9,75
12199,CBSE-1,14
12200,CBSE-4,17
12202,CBSE-10|CBSE-11|CBSE-9,75
12204,CBSE-10|CBSE-11|CBSE-9,75
12205,CBSE-4|CBSE-5,31
12206,CBSE-10|CBSE-11|CBSE-9,75
12207,CBSE-1|CBSE-2|CBSE-3,37
12208,CBSE-7|CBSE-8|CBSE-9,86
12212,CBSE-1|CBSE-2|CBSE-3,34
12214,CBSE-10|CBSE-11|CBSE-9,74
12215,CBSE-2|CBSE-5|CBSE-6|CBSE-7|CBSE-8,93
12217,CBSE-1|CBSE-2,23
12218,CBSE-10|CBSE-11|CBSE-9,75
12220,CBSE-6,41
12222,CBSE-10|CBSE-8|CBSE-9,88
12223,CBSE-10|CBSE-8|CBSE-9,86
12226,CBSE-10|CBSE-11|CBSE-9,74
12227,CBSE-10|CBSE-11|CBSE-9,75
12228,CBSE-10|CBSE-8|CBSE-9,86
12230,CBSE-10|CBSE-11|CBSE-12,55
12231,CBSE-1|CBSE-2|CBSE-3,28
12235,CBSE-10|CBSE-11|CBSE-9,74
12236,CBSE-7|CBSE-8|CBSE-9,86
12237,CBSE-10|CBSE-11|CBSE-9,75
12239,CBSE-10|CBSE-8|CBSE-9,69
12240,CBSE-10|CBSE-9,65
12241,CBSE-7|CBSE-8|CBSE-9,86
12242,CBSE-2,14
12244,CBSE-7|CBSE-8|CBSE-9,79
12245,CBSE-1|CBSE-2,16
12247,CBSE-1|CBSE-2|CBSE-3,39
12248,CBSE-7|CBSE-8|CBSE-9,83
12251,CBSE-10|CBSE-11|CBSE-9,75
12252,CBSE-10|CBSE-8|CBSE-9,85
12255,CBSE-7|CBSE-8|CBSE-9,86
12258,CBSE-10|CBSE-8|CBSE-9,83
12263,CBSE-6,42
12265,CBSE-1|CBSE-2|CBSE-3,34
12267,CBSE-5|CBSE-6|CBSE-7,91
12268,CBSE-6|CBSE-7|CBSE-8|CBSE-9,90
12269,CBSE-1|CBSE-2|CBSE-3,42
12271,CBSE-10|CBSE-8|CBSE-9,81
12272,CBSE-10|CBSE-9,60
12273,CBSE-5|CBSE-6|CBSE-7,85
12274,CBSE-10|CBSE-11|CBSE-9,75
12277,CBSE-10|CBSE-9,65
12281,CBSE-10,30
12284,CBSE-10|CBSE-11|CBSE-9,73
12285,CBSE-10|CBSE-11|CBSE-9,75
12286,CBSE-10|CBSE-9,64
12287,CBSE-6|CBSE-7|CBSE-8,111
12290,CBSE-10|CBSE-8|CBSE-9,83
12292,CBSE-10|CBSE-11|CBSE-9,76
12293,CBSE-7|CBSE-8|CBSE-9,85
12294,CBSE-5|CBSE-6|CBSE-7,89
12295,CBSE-10|CBSE-9,64
12298,CBSE-1|CBSE-2,23
12299,CBSE-4|CBSE-5|CBSE-6,65
12300,CBSE-6|CBSE-7|CBSE-8,108
12301,CBSE-2,14
12303,CBSE-10|CBSE-8|CBSE-9,81
12305,CBSE-1,14
12306,CBSE-2|CBSE-3|CBSE-4|CBSE-5,50
12308,CBSE-10|CBSE-11|CBSE-9,75
12311,CBSE-10|CBSE-11|CBSE-9,73
12312,CBSE-6|CBSE-7|CBSE-8,106
12314,CBSE-2|CBSE-5|CBSE-6|CBSE-7|CBSE-8,89
12315,CBSE-10|CBSE-11|CBSE-9,75
12316,CBSE-10|CBSE-11|CBSE-12,55
12318,CBSE-10|CBSE-8|CBSE-9,86
12319,CBSE-5|CBSE-6,47
12320,CBSE-10|CBSE-8|CBSE-9,83
12321,CBSE-4,17
12322,CBSE-1|CBSE-2,16
12325,CBSE-10|CBSE-8|CBSE-9,85
12326,CBSE-2|CBSE-3|CBSE-4,41
12328,CBSE-10|CBSE-8|CBSE-9,85
12329,CBSE-10|CBSE-11|CBSE-12,52
12332,CBSE-7|CBSE-8|CBSE-9,85
12333,CBSE-10|CBSE-8|CBSE-9,82
12334,CBSE-10|CBSE-11|CBSE-9,75
12336,CBSE-10|CBSE-11|CBSE-9,75
12337,CBSE-3|CBSE-4|CBSE-5,48
12338,CBSE-4|CBSE-5|CBSE-6,73
12339,CBSE-3|CBSE-4|CBSE-5,49
12340,CBSE-7|CBSE-8|CBSE-9,85
12341,CBSE-9,4
12345,CBSE-1|CBSE-2|CBSE-3,25
12348,CBSE-2|CBSE-3|CBSE-4|CBSE-5,48
12350,CBSE-10|CBSE-8|CBSE-9,86
12351,CBSE-10|CBSE-8|CBSE-9,85
12352,CBSE-2|CBSE-3,21
12353,CBSE-10|CBSE-11|CBSE-9,74
12355,CBSE-7|CBSE-8,60
12356,CBSE-10|CBSE-9,63
12357,CBSE-6|CBSE-7|CBSE-8,102
12358,CBSE-10|CBSE-11|CBSE-9,67
12359,CBSE-2,14
12362,CBSE-2|CBSE-3,21
12363,CBSE-10|CBSE-9,58
12364,CBSE-1,14
12365,CBSE-2|CBSE-3,19
12367,CBSE-10|CBSE-8|CBSE-9,83
12369,CBSE-6,40
12370,CBSE-5,19
12371,CBSE-4|CBSE-5,17
12372,CBSE-10|CBSE-8|CBSE-9,86
12373,CBSE-1|CBSE-2,15
12375,CBSE-10|CBSE-11|CBSE-9,75
12376,CBSE-6,40
12377,CBSE-10|CBSE-11|CBSE-9,76
12379,CBSE-5|CBSE-6,47
12380,CBSE-10|CBSE-9,62
12381,CBSE-1|CBSE-2|CBSE-3,41
12382,CBSE-1|CBSE-2|CBSE-3,29
12383,CBSE-5,19
12384,CBSE-1|CBSE-2,21
12385,CBSE-10|CBSE-9,62
12386,CBSE-2|CBSE-3,16
12387,CBSE-4|CBSE-5|CBSE-6,31
12389,CBSE-10|CBSE-8|CBSE-9,82
12390,CBSE-10|CBSE-11|CBSE-9,75
12393,CBSE-7|CBSE-8|CBSE-9,85
12394,CBSE-7|CBSE-8|CBSE-9,85
12395,CBSE-10|CBSE-11|CBSE-12,55
12397,CBSE-11|CBSE-12,39
12398,CBSE-11|CBSE-12,37
12399,CBSE-11|CBSE-12,31
12400,CBSE-11|CBSE-12,40
12401,CBSE-11|CBSE-12,39
12402,CBSE-11|CBSE-12,39
12403,CBSE-11|CBSE-12,40
12404,CBSE-11|CBSE-12,31
12405,CBSE-11|CBSE-12,37
12406,CBSE-11|CBSE-12,40
12407,CBSE-11|CBSE-12,40
12408,CBSE-11|CBSE-12,34
12409,CBSE-11|CBSE-12,40
12410,CBSE-11|CBSE-12,35
12411,CBSE-11|CBSE-12,40
12412,CBSE-11|CBSE-12,40
12413,CBSE-11|CBSE-12,40
12414,CBSE-11|CBSE-12,39
12415,CBSE-11|CBSE-12,32
12416,CBSE-11|CBSE-12,35
12417,CBSE-11|CBSE-12,40
12418,CBSE-11|CBSE-12,34
12419,CBSE-11|CBSE-12,41
12420,CBSE-11|CBSE-12,35
12421,CBSE-11|CBSE-12,35
12422,CBSE-11|CBSE-12,32
12423,CBSE-11|CBSE-12,32
12424,CBSE-11|CBSE-12,38
12425,CBSE-11|CBSE-12,38
12426,CBSE-11,6
12427,CBSE-11|CBSE-12,35
12428,CBSE-11,8
12429,CBSE-11|CBSE-12,37
12430,CBSE-11|CBSE-12,35
12431,CBSE-11|CBSE-12,35
12432,CBSE-11|CBSE-12,38
12433,CBSE-11|CBSE-12,39
12434,CBSE-11|CBSE-12,37
12435,CBSE-11|CBSE-12,41
12436,CBSE-11|CBSE-12,34
12437,CBSE-11|CBSE-12,35
12438,CBSE-11|CBSE-12,34
12439,CBSE-11|CBSE-12,35
12440,CBSE-11|CBSE-12,41
12441,CBSE-11|CBSE-12,33
12442,CBSE-11|CBSE-12,36
12444,CBSE-11|CBSE-12,40
12446,CBSE-1|CBSE-2|CBSE-3,43
12447,CBSE-2,14
12448,CBSE-7|CBSE-8|CBSE-9,78
12449,CBSE-1,14
12450,CBSE-10|CBSE-11|CBSE-9,70
12454,CBSE-10|CBSE-11|CBSE-9,69
12455,CBSE-11|CBSE-12,39
12458,CBSE-11|CBSE-12,35
12459,CBSE-2|CBSE-3|CBSE-4,29
12460,CBSE-7|CBSE-8|CBSE-9,71
12485,CBSE-1|CBSE-2|CBSE-3,39
12486,CBSE-8,21
12487,CBSE-4,17
12488,CBSE-2|CBSE-3,14
12490,CBSE-8|CBSE-9,43
12491,CBSE-10|CBSE-9,40
12492,CBSE-8|CBSE-9,44
12493,CBSE-8|CBSE-9,44
12495,CBSE-10|CBSE-9,46
12496,CBSE-10|CBSE-9,44
12498,CBSE-10|CBSE-9,42
12499,CBSE-10|CBSE-9,43
12500,CBSE-3,12
12505,CBSE-10|CBSE-9,40
12509,CBSE-10|CBSE-9,44
12513,CBSE-8,4
12516,CBSE-3|CBSE-4,29
12517,CBSE-10|CBSE-9,43
12518,CBSE-8|CBSE-9,44
12520,CBSE-7|CBSE-8,70
12521,CBSE-3|CBSE-4|CBSE-5,33
12523,CBSE-10|CBSE-9,41
12524,CBSE-8|CBSE-9,44
12525,CBSE-8|CBSE-9,44
12526,CBSE-10|CBSE-9,40
12527,CBSE-10|CBSE-9,40
12529,CBSE-6|CBSE-7,70
12531,CBSE-2|CBSE-3,27
12534,CBSE-6|CBSE-7,68
12536,CBSE-8|CBSE-9,44
12537,CBSE-8|CBSE-9,44
12539,CBSE-8|CBSE-9,43
12545,CBSE-8|CBSE-9,43
12546,CBSE-8|CBSE-9,44
12547,CBSE-7|CBSE-8,70
12548,CBSE-10|CBSE-9,44
12549,CBSE-6|CBSE-7,70
12551,CBSE-2,9
12552,CBSE-7,26
12553,CBSE-6,27
12554,CBSE-10|CBSE-9,44
12557,CBSE-10|CBSE-9,43
12558,CBSE-7|CBSE-8,69
12559,CBSE-8|CBSE-9,43
12561,CBSE-10|CBSE-9,40
12562,CBSE-10|CBSE-9,44
12564,CBSE-4,8
12565,CBSE-7|CBSE-8,70
12568,CBSE-7|CBSE-8,70
12569,CBSE-7|CBSE-8,70
12571,CBSE-8|CBSE-9,42
12572,CBSE-8|CBSE-9,41
12573,CBSE-10|CBSE-9,43
12575,CBSE-1,10
12579,CBSE-1|CBSE-2|CBSE-3|CBSE-5,28
12580,CBSE-1|CBSE-2|CBSE-3|CBSE-5,28
12586,CBSE-1|CBSE-2,24
12591,CBSE-1|CBSE-2,24
12593,CBSE-1|CBSE-2|CBSE-3,27
12602,CBSE-1|CBSE-2,24
12609,CBSE-1|CBSE-2,23
12615,CBSE-10|CBSE-9,44
12616,CBSE-8|CBSE-9,43
12617,CBSE-7|CBSE-8,66
12618,CBSE-10|CBSE-9,41
12619,CBSE-8|CBSE-9,43
12622,CBSE-1|CBSE-2,24
12623,CBSE-10|CBSE-9,46
12624,CBSE-9,3
12626,CBSE-10|CBSE-9,40
12627,CBSE-3,1
12628,CBSE-10|CBSE-9,44
12630,CBSE-8|CBSE-9,42
12631,CBSE-6|CBSE-7,72
12632,CBSE-10|CBSE-9,40
12633,CBSE-10|CBSE-9,40
12634,CBSE-8|CBSE-9,43
12636,CBSE-10|CBSE-9,43
12637,CBSE-10|CBSE-9,43
12639,CBSE-10|CBSE-9,39
12640,CBSE-10|CBSE-9,43
12641,CBSE-5|CBSE-6,52
12642,CBSE-10|CBSE-9,44
12643,CBSE-3|CBSE-4|CBSE-5,33
12644,CBSE-2|CBSE-3,14
12645,CBSE-10|CBSE-9,40
12646,CBSE-1|CBSE-2|CBSE-3|CBSE-5,28
12648,CBSE-4|CBSE-5|CBSE-6,58
12650,CBSE-10|CBSE-9,41
12651,CBSE-4|CBSE-5,34
12652,CBSE-1|CBSE-2,19
12653,CBSE-1|CBSE-2|CBSE-3,30
12654,CBSE-10|CBSE-9,44
12655,CBSE-8|CBSE-9,44
12656,CBSE-10|CBSE-9,38
12657,CBSE-8,28
12658,CBSE-6|CBSE-7,72
12660,CBSE-1|CBSE-5,11
12662,CBSE-1|CBSE-2,24
12664,CBSE-1|CBSE-2|CBSE-3|CBSE-5,28
12665,CBSE-1|CBSE-2|CBSE-3,26
12666,CBSE-1|CBSE-2,24
12667,CBSE-1|CBSE-2|CBSE-3,31
12668,CBSE-1|CBSE-2|CBSE-3,27
12669,CBSE-1|CBSE-2,24
12670,CBSE-1|CBSE-2|CBSE-3|CBSE-5,28
12671,CBSE-1|CBSE-2|CBSE-3,31
12672,CBSE-1|CBSE-2|CBSE-3,31
12673,CBSE-1|CBSE-2|CBSE-3,27
12674,CBSE-1|CBSE-2|CBSE-3,27
12675,CBSE-1|CBSE-2,22
12676,CBSE-1|CBSE-2,22
12677,CBSE-1|CBSE-2,24
12678,CBSE-11,18
12679,CBSE-11|CBSE-12,26
12680,CBSE-11|CBSE-12,27
12681,CBSE-11|CBSE-12,26
12682,CBSE-11|CBSE-12,27
12683,CBSE-11|CBSE-12,28
12684,CBSE-11|CBSE-12,23
12685,CBSE-11|CBSE-12,26
12686,CBSE-11|CBSE-12,28
12687,CBSE-11|CBSE-12,26
12688,CBSE-11|CBSE-12,28
12689,CBSE-11|CBSE-12,21
12690,CBSE-11|CBSE-12,28
12691,CBSE-11|CBSE-12,23
12692,CBSE-11|CBSE-12,28
12693,CBSE-11|CBSE-12,26
12694,CBSE-11|CBSE-12,28
12695,CBSE-11|CBSE-12,28
12696,CBSE-11|CBSE-12,23
12697,CBSE-11|CBSE-12,28
12698,CBSE-11|CBSE-12,25
12699,CBSE-11|CBSE-12,27
12700,CBSE-11|CBSE-12,24
12701,CBSE-11|CBSE-12,28
12702,CBSE-11|CBSE-12,26
12703,CBSE-11|CBSE-12,26
12704,CBSE-11|CBSE-12,26
12705,CBSE-11|CBSE-12,28
12706,CBSE-11|CBSE-12,26
12707,CBSE-11|CBSE-12,28
12708,CBSE-11|CBSE-12,26
12709,CBSE-11|CBSE-12,28
12710,CBSE-11|CBSE-12,26
12711,CBSE-11|CBSE-12,28
12712,CBSE-11|CBSE-12,27
12713,CBSE-11|CBSE-12,27
12714,CBSE-11|CBSE-12,26
12715,CBSE-11|CBSE-12,23
12716,CBSE-10|CBSE-9,43
12718,CBSE-11|CBSE-12,28
12719,CBSE-11|CBSE-12,27
12720,CBSE-11|CBSE-12,28
12721,CBSE-11|CBSE-12,28
12723,CBSE-11|CBSE-12,28
12724,CBSE-6|CBSE-7,70
12727,CBSE-1|CBSE-2|CBSE-3,29
12729,CBSE-1|CBSE-2|CBSE-3,26
12735,CBSE-1|CBSE-2|CBSE-3,26
12738,CBSE-1|CBSE-2,24
12739,CBSE-1|CBSE-2,12
12741,CBSE-1,10
12744,CBSE-1|CBSE-2,24
12748,CBSE-1|CBSE-2|CBSE-3,31
12753,CBSE-1|CBSE-2,24
12766,CBSE-1|CBSE-2,24
12767,CBSE-1|CBSE-2,24
12770,CBSE-1|CBSE-2|CBSE-3,27
12772,CBSE-1|CBSE-2|CBSE-3,27
12774,CBSE-1|CBSE-2|CBSE-3,26
12777,CBSE-1,8
12780,CBSE-1|CBSE-2|CBSE-3,31
12782,CBSE-1|CBSE-2|CBSE-3,26
12788,CBSE-1|CBSE-2|CBSE-3,26
12794,CBSE-1|CBSE-2,16
12796,CBSE-1|CBSE-2,24
12797,CBSE-1|CBSE-2|CBSE-3,26
12800,CBSE-1|CBSE-2,24
12808,CBSE-1|CBSE-2|CBSE-3,27
12812,CBSE-1|CBSE-2,24
12814,CBSE-1|CBSE-2,24
12818,CBSE-1|CBSE-2,24
12820,CBSE-1|CBSE-2,24
12826,CBSE-1|CBSE-2,24
12829,CBSE-1|CBSE-2|CBSE-3|CBSE-5,28
12832,CBSE-1|CBSE-2|CBSE-3,23
12833,CBSE-1|CBSE-2|CBSE-3,27
12838,CBSE-1|CBSE-2|CBSE-3,27
12843,CBSE-11|CBSE-12,20
12844,CBSE-1|CBSE-2|CBSE-3|CBSE-5,28
12845,CBSE-1|CBSE-2|CBSE-3,27
12848,CBSE-1|CBSE-2|CBSE-3,29
12851,CBSE-1|CBSE-2|CBSE-3,17
12857,CBSE-1|CBSE-3,7
12858,CBSE-7|CBSE-8,69
12864,CBSE-5,19
12873,CBSE-1,14
12876,CBSE-3,16
12877,CBSE-1,11
12878,CBSE-8,3
12886,CBSE-8,42
12887,CBSE-9,15
12894,CBSE-7,42
12896,CBSE-1|CBSE-2|CBSE-3,19
12900,CBSE-10,10
12901,CBSE-9,15
12906,CBSE-1,14
12909,CBSE-9,15
12916,CBSE-9,15
12918,CBSE-9,15
12920,CBSE-1,14
12921,CBSE-9,15
12922,CBSE-7,42
12924,CBSE-9,15
12928,CBSE-9,16
12929,CBSE-9,16
12930,CBSE-9,16
12934,CBSE-10,10
12935,CBSE-7,35
12936,CBSE-6,34
12939,CBSE-2|CBSE-3,16
12942,CBSE-9,16
12944,CBSE-9,16
12947,CBSE-1|CBSE-2,15
12949,CBSE-1,14
12950,CBSE-9,15
12951,CBSE-9,16
12952,CBSE-9,16
12953,CBSE-8,42
12955,CBSE-2|CBSE-3,17
12957,CBSE-6,42
12959,CBSE-5,19
12963,CBSE-8,40
12969,CBSE-10,10
12974,CBSE-7,41
12978,CBSE-1|CBSE-2|CBSE-3,17
12979,CBSE-1|CBSE-2,15
12982,CBSE-4,17
12987,CBSE-9,16
12991,CBSE-8,42
12996,CBSE-9,16
12999,CBSE-9,16
13001,CBSE-1|CBSE-2|CBSE-3,17
13005,CBSE-9,16
13009,CBSE-9,16
13012,CBSE-9,15
13014,CBSE-9,16
13015,CBSE-9,16
13021,CBSE-9,16
13022,CBSE-10,10
13027,CBSE-8,42
13030,CBSE-1,14
13031,CBSE-9,16
13032,CBSE-9,16
13033,CBSE-9,15
13034,CBSE-1,14
13035,CBSE-12,10
13036,CBSE-12,7
13040,CBSE-9,15
13043,CBSE-9,15
13046,CBSE-8,42
13052,CBSE-3,17
13055,CBSE-8,42
13056,CBSE-10,14
13058,CBSE-9,16
13059,CBSE-2|CBSE-3,17
13060,CBSE-2|CBSE-3,17
13062,CBSE-9,16
13063,CBSE-8,40
13064,CBSE-1,14
13065,CBSE-1|CBSE-2,15
13066,CBSE-6,21
13067,CBSE-7,21
13068,CBSE-8,42
13069,CBSE-6,42
13071,CBSE-8,42
13073,CBSE-9,16
13074,CBSE-9,15
13081,CBSE-8,41
13083,CBSE-9,16
13084,CBSE-9,16
13091,CBSE-1,14
13095,CBSE-8,42
13096,CBSE-9,16
13097,CBSE-1,14
13102,CBSE-8,35
13103,CBSE-3,17
13105,CBSE-9,15
13106,CBSE-4|CBSE-5,20
13107,CBSE-9,15
13109,CBSE-8,42
13113,CBSE-1,5
13114,CBSE-8,24
13115,CBSE-1|CBSE-2|CBSE-3,17
13116,CBSE-8,33
13117,CBSE-4,16
13121,CBSE-1|CBSE-2,15
13122,CBSE-1,13
13123,CBSE-1|CBSE-2,15
13124,CBSE-1,14
13125,CBSE-1,14
13126,CBSE-1,14
13127,CBSE-1,14
13128,CBSE-1,14
13129,CBSE-1,14
13130,CBSE-1,14
13131,CBSE-1,14
13136,CBSE-1,14
13139,CBSE-1,14
13142,CBSE-1,14
13159,CBSE-1,14
13174,CBSE-1,14
13177,CBSE-1|CBSE-2,15
13178,CBSE-1,6
13181,CBSE-1,14
13184,CBSE-1,14
13188,CBSE-1,14
13192,CBSE-1,10
13197,CBSE-1,14
13198,CBSE-1,14
13200,CBSE-5,13
13201,CBSE-1,14
13202,CBSE-1,13
13206,CBSE-3,17
13208,CBSE-5,18
13209,CBSE-2|CBSE-3,17
13210,CBSE-9,16
13211,CBSE-7,42
13212,CBSE-8,40
13213,CBSE-1,14
13215,CBSE-9,15
13217,CBSE-1,14
13218,CBSE-2,14
13219,CBSE-1|CBSE-2,15
13222,CBSE-8,35
13224,CBSE-1|CBSE-2,15
13225,CBSE-2|CBSE-3,16
13227,CBSE-1,14
13232,CBSE-9,16
13233,CBSE-1,14
13235,CBSE-6,38
13238,CBSE-9,16
13239,CBSE-1,14
13241,CBSE-2,14
13243,CBSE-1,14
13244,CBSE-1,14
13245,CBSE-1,14
13251,CBSE-8,35
13252,CBSE-9,16
13253,CBSE-3|CBSE-4,19
13258,CBSE-1|CBSE-2,15
13259,CBSE-1,14
13261,CBSE-9,14
13266,CBSE-1|CBSE-2,15
13267,CBSE-2,13
13272,CBSE-1,11
13274,CBSE-1,13
13277,CBSE-1,13
13278,CBSE-1,14
13279,CBSE-9,15
13282,CBSE-1,14
13283,CBSE-6,34
13287,CBSE-11,10
13288,CBSE-11,10
13289,CBSE-11,10
13290,CBSE-11,10
13291,CBSE-11,11
13292,CBSE-11,10
13293,CBSE-11,10
13294,CBSE-11,11
13295,CBSE-11,10
13296,CBSE-11,10
13297,CBSE-11,10
13298,CBSE-11,10
13299,CBSE-11,10
13300,CBSE-11,10
13301,CBSE-11,10
13302,CBSE-11,10
13303,CBSE-11,10
13304,CBSE-11,10
13305,CBSE-11,11
13306,CBSE-11,10
13307,CBSE-11,10
13308,CBSE-11,10
13309,CBSE-11,10
13310,CBSE-11,10
13311,CBSE-11,10
13312,CBSE-11,10
13313,CBSE-11,10
13314,CBSE-11,10
13315,CBSE-11,10
13316,CBSE-11,10
13317,CBSE-11,10
13318,CBSE-1,13
13319,CBSE-1,14
13320,CBSE-4,16
13321,CBSE-1,14
13325,CBSE-4,17
13326,CBSE-9,16
13327,CBSE-9,10
13330,CBSE-11,8
13331,CBSE-11,10
13332,CBSE-11,10
13333,CBSE-11,10
13334,CBSE-9,15
13335,CBSE-9,15
13339,CBSE-9,15
13340,CBSE-9,13
13342,CBSE-9,15
13345,CBSE-1,14
13347,CBSE-1,14
13348,CBSE-11,10
13352,CBSE-2|CBSE-3,16
13353,CBSE-4,17
13354,CBSE-4,14
13356,CBSE-7,27
13358,CBSE-1,14
13361,CBSE-4,17
13362,CBSE-4,17
13365,CBSE-1,1
13367,CBSE-1,12
4474,CBSE-11|CBSE-12,29
4608,CBSE-11|CBSE-12,28
4610,CBSE-11|CBSE-12,30
4611,CBSE-11|CBSE-12,30
4612,CBSE-11|CBSE-12,30
4616,CBSE-11|CBSE-12,30
4618,CBSE-11|CBSE-12,30
4620,CBSE-11|CBSE-12,30
4624,CBSE-11|CBSE-12,30
4625,CBSE-11|CBSE-12,30
4626,CBSE-11|CBSE-12,30
4628,CBSE-11|CBSE-12,25
4629,CBSE-11|CBSE-12,28
4630,CBSE-11|CBSE-12,30
4631,CBSE-11|CBSE-12,30
4634,CBSE-11|CBSE-12,30
4636,CBSE-11|CBSE-12,30
4639,CBSE-11|CBSE-12,29
4641,CBSE-11|CBSE-12,30
4643,CBSE-11|CBSE-12,29
4646,CBSE-11|CBSE-12,30
4647,CBSE-11|CBSE-12,29
4649,CBSE-11|CBSE-12,30
4650,CBSE-11|CBSE-12,30
4651,CBSE-11|CBSE-12,25
4658,CBSE-11|CBSE-12,25
4659,CBSE-11|CBSE-12,30
4660,CBSE-11|CBSE-12,30
4661,CBSE-11|CBSE-12,30
4663,CBSE-11|CBSE-12,30
4664,CBSE-11|CBSE-12,25
4665,CBSE-11|CBSE-12,30
46671,CBSE-11|CBSE-12,30
4668,CBSE-11|CBSE-12,30
4669,CBSE-11|CBSE-12,30
4672,CBSE-11|CBSE-12,30
4674,CBSE-11|CBSE-12,29
4675,CBSE-11|CBSE-12,30
4676,CBSE-11|CBSE-12,30
4677,CBSE-11|CBSE-12,30
4680,CBSE-11|CBSE-12,29
4683,CBSE-11|CBSE-12,30
46841,CBSE-11|CBSE-12,30
46871,CBSE-11|CBSE-12,25
4688,CBSE-11|CBSE-12,29
4689,CBSE-11|CBSE-12,30
4691,CBSE-11|CBSE-12,30
4693,CBSE-11|CBSE-12,30
4694,CBSE-11|CBSE-12,30
4696,CBSE-11|CBSE-12,30
4699,CBSE-11|CBSE-12,30
4700,CBSE-11|CBSE-12,29
4708,CBSE-11|CBSE-12,29
4709,CBSE-11|CBSE-12,30
4711,CBSE-11|CBSE-12,30
47131,CBSE-11|CBSE-12,30
47141,CBSE-10|CBSE-11|CBSE-12|CBSE-9,86
4715,CBSE-11|CBSE-12,30
4716,CBSE-11|CBSE-12,30
4717,CBSE-11|CBSE-12,30
4719,CBSE-11|CBSE-12,30
4721,CBSE-11|CBSE-12,20
4722,CBSE-11|CBSE-12,30
4723,CBSE-11|CBSE-12,30
47281,CBSE-11|CBSE-12,29
4729,CBSE-11|CBSE-12,30
4732,CBSE-11|CBSE-12,30
47331,CBSE-11|CBSE-12,30
4734,CBSE-11|CBSE-12,28
4735,CBSE-11|CBSE-12,30
47361,CBSE-11|CBSE-12,30
4737,CBSE-11|CBSE-12,30
4742,CBSE-11|CBSE-12,30
4743,CBSE-11|CBSE-12,28
4744,CBSE-11|CBSE-12,28
4746,CBSE-11|CBSE-12,30
4747,CBSE-11|CBSE-12,30
4752,CBSE-11|CBSE-12,30
4753,CBSE-11|CBSE-12,30
4754,CBSE-11|CBSE-12,29
4755,CBSE-11|CBSE-12,30
47561,CBSE-11|CBSE-12,29
47571,CBSE-11|CBSE-12,31
4760,CBSE-11|CBSE-12,27
4761,CBSE-11|CBSE-12,30
4768,CBSE-11|CBSE-12,30
4770,CBSE-11|CBSE-12,30
4771,CBSE-11|CBSE-12,29
4772,CBSE-11|CBSE-12,30
4773,CBSE-11|CBSE-12,30
4775,CBSE-11|CBSE-12,30
47761,CBSE-11|CBSE-12,29
4778,CBSE-11|CBSE-12,30
4787,CBSE-11|CBSE-12,30
4801,CBSE-11|CBSE-12,30
48041,CBSE-11|CBSE-12,28
4805,CBSE-11|CBSE-12,29
4817,CBSE-11|CBSE-12,30
4819,CBSE-11|CBSE-12,28
4835,CBSE-11|CBSE-12,29
4855,CBSE-11|CBSE-12,30
4870,CBSE-11|CBSE-12,27
4886,CBSE-11|CBSE-12,25
4903,CBSE-11|CBSE-12,29
4918,CBSE-11|CBSE-12,30
4922,CBSE-11|CBSE-12,40
4925,CBSE-11|CBSE-12,40
4929,CBSE-10|CBSE-11|CBSE-12|CBSE-9,84
4931,CBSE-11|CBSE-12,35
4934,CBSE-11|CBSE-12,39
4938,CBSE-11|CBSE-12,30
4939,CBSE-11|CBSE-12,37
4940,CBSE-11|CBSE-12,25
4941,CBSE-11|CBSE-12,41
4943,CBSE-11|CBSE-12,32
4950,CBSE-11|CBSE-12,35
4951,CBSE-11|CBSE-12,38
4953,CBSE-11|CBSE-12,40
4954,CBSE-11|CBSE-12,40
4957,CBSE-11|CBSE-12,34
4958,CBSE-11|CBSE-12,40
4961,CBSE-11|CBSE-12,40
4962,CBSE-11|CBSE-12,39
4963,CBSE-11|CBSE-12,35
4968,CBSE-11|CBSE-12,29
4969,CBSE-11|CBSE-12,40
4970,CBSE-11|CBSE-12,41
4971,CBSE-11|CBSE-12,38
4975,CBSE-11|CBSE-12,35
4976,CBSE-11|CBSE-12,40
4983,CBSE-11|CBSE-12,40
4984,CBSE-11|CBSE-12,40
4985,CBSE-11|CBSE-12,40
4987,CBSE-11|CBSE-12,39
4989,CBSE-11|CBSE-12,35
4990,CBSE-11|CBSE-12,37
4991,CBSE-10|CBSE-11|CBSE-12|CBSE-9,88
4993,CBSE-11|CBSE-12,28
4994,CBSE-11|CBSE-12,40
4996,CBSE-11|CBSE-12,40
4998,CBSE-11|CBSE-12,40
4999,CBSE-11|CBSE-12,34
5000,CBSE-11|CBSE-12,40
5003,CBSE-11|CBSE-12,38
5004,CBSE-11|CBSE-12,40
5009,CBSE-11|CBSE-12,40
5011,CBSE-11|CBSE-12,40
5013,CBSE-11|CBSE-12,32
5014,CBSE-11|CBSE-12,37
5015,CBSE-11|CBSE-12,40
5016,CBSE-11|CBSE-12,41
5017,CBSE-11|CBSE-12,30
5018,CBSE-11|CBSE-12,40
5019,CBSE-11|CBSE-12,35
5020,CBSE-11|CBSE-12,35
5021,CBSE-11|CBSE-12,37
5024,CBSE-11|CBSE-12,34
5028,CBSE-11|CBSE-12,34
5029,CBSE-11|CBSE-12,30
5030,CBSE-11|CBSE-12,35
5031,CBSE-11|CBSE-12,30
5032,CBSE-11|CBSE-12,35
5034,CBSE-11|CBSE-12,40
5035,CBSE-11|CBSE-12,39
5039,CBSE-11|CBSE-12,35
5040,CBSE-11|CBSE-12,34
5041,CBSE-11|CBSE-12,38
5042,CBSE-11|CBSE-12,40
5045,CBSE-11|CBSE-12,35
5046,CBSE-11|CBSE-12,35
5047,CBSE-11|CBSE-12,39
5049,CBSE-11|CBSE-12,40
5050,CBSE-11|CBSE-12,40
5053,CBSE-11|CBSE-12,41
5054,CBSE-11|CBSE-12,39
5056,CBSE-11|CBSE-12,40
5057,CBSE-11|CBSE-12,40
5058,CBSE-11|CBSE-12,35
5060,CBSE-11|CBSE-12,40
5063,CBSE-11|CBSE-12,34
5064,CBSE-11|CBSE-12,39
5067,CBSE-11|CBSE-12,38
5068,CBSE-11|CBSE-12,35
5069,CBSE-11|CBSE-12,35
5070,CBSE-11|CBSE-12,41
5071,CBSE-10|CBSE-9,53
5072,CBSE-11|CBSE-12,34
5074,CBSE-11|CBSE-12,40
5076,CBSE-11|CBSE-12,32
5077,CBSE-11|CBSE-12,41
5078,CBSE-11|CBSE-12,39
5079,CBSE-10|CBSE-9,58
5082,CBSE-11|CBSE-12,35
5084,CBSE-11|CBSE-12,34
5086,CBSE-11|CBSE-12,37
5087,CBSE-11|CBSE-12,34
5090,CBSE-11|CBSE-12,40
5091,CBSE-11|CBSE-12,39
5092,CBSE-9,27
5095,CBSE-11|CBSE-12,40
5096,CBSE-11|CBSE-12,40
5102,CBSE-11|CBSE-12,40
5104,CBSE-11|CBSE-12,40
5105,CBSE-11|CBSE-12,40
5106,CBSE-11|CBSE-12,40
5107,CBSE-10|CBSE-9,50
5108,CBSE-11|CBSE-12,29
5109,CBSE-11|CBSE-12,40
5113,CBSE-11|CBSE-12,40
5114,CBSE-11|CBSE-12,40
5116,CBSE-11|CBSE-12,40
5117,CBSE-9,24
5119,CBSE-11|CBSE-12,31
5120,CBSE-11|CBSE-12,39
5123,CBSE-11|CBSE-12,40
5125,CBSE-11|CBSE-12,36
5126,CBSE-11|CBSE-12,39
5127,CBSE-10|CBSE-11|CBSE-8|CBSE-9,113
5128,CBSE-11|CBSE-12,37
5131,CBSE-11|CBSE-12,40
5132,CBSE-11|CBSE-12,31
5134,CBSE-11|CBSE-12,30
5135,CBSE-11|CBSE-12,40
5146,CBSE-11|CBSE-12,30
5154,CBSE-11|CBSE-12,28
5155,CBSE-11|CBSE-12,30
5161,CBSE-11|CBSE-12,35
5191,CBSE-11|CBSE-12,41
5192,CBSE-11|CBSE-12,30
5193,CBSE-11|CBSE-12,38
5194,CBSE-11|CBSE-12,40
5203,CBSE-11|CBSE-12,41
5208,CBSE-11|CBSE-12,30
5216,CBSE-11|CBSE-12,39
5219,CBSE-11|CBSE-12,40
5223,CBSE-11|CBSE-12,30
5238,CBSE-11|CBSE-12,29
5240,CBSE-11|CBSE-12,34
5243,CBSE-11|CBSE-12,25
5246,CBSE-11|CBSE-12,30
5266,CBSE-11|CBSE-12,39
5269,CBSE-11|CBSE-12,25
5270,CBSE-11|CBSE-12,35
5284,CBSE-11|CBSE-12,30
5316,CBSE-10|CBSE-11|CBSE-12|CBSE-9,86
5323,CBSE-10|CBSE-11|CBSE-12|CBSE-9,77
5324,CBSE-10|CBSE-11|CBSE-12|CBSE-9,85
5337,CBSE-10|CBSE-9,60
5338,CBSE-10|CBSE-11|CBSE-12|CBSE-9,86
5339,CBSE-10|CBSE-11|CBSE-12|CBSE-9,87
5346,CBSE-10|CBSE-9,60
5350,CBSE-9,30
5351,CBSE-10|CBSE-11|CBSE-12|CBSE-9,84
5357,CBSE-10|CBSE-9,58
5358,CBSE-10|CBSE-11|CBSE-12|CBSE-9,86
5359,CBSE-10|CBSE-11|CBSE-12|CBSE-9,87
5360,CBSE-10|CBSE-9,60
5363,CBSE-10|CBSE-11|CBSE-12|CBSE-9,86
5370,CBSE-10|CBSE-9,60
5371,CBSE-10|CBSE-11|CBSE-12|CBSE-9,87
5372,CBSE-10|CBSE-11|CBSE-12|CBSE-9,87
5376,CBSE-10|CBSE-9,60
5378,CBSE-10|CBSE-11|CBSE-12|CBSE-9,83
5381,CBSE-10|CBSE-11|CBSE-12|CBSE-9,88
5382,CBSE-10|CBSE-11|CBSE-12|CBSE-9,86
5383,CBSE-10|CBSE-11|CBSE-12|CBSE-9,83
5389,CBSE-10|CBSE-11|CBSE-12|CBSE-9,88
5390,CBSE-10|CBSE-11|CBSE-12|CBSE-9,86
5395,CBSE-10|CBSE-11|CBSE-12|CBSE-9,88
5397,CBSE-10|CBSE-11|CBSE-12|CBSE-9,88
5399,CBSE-10|CBSE-11|CBSE-12|CBSE-9,83
5400,CBSE-10|CBSE-11|CBSE-12|CBSE-9,84
5401,CBSE-10|CBSE-11|CBSE-12|CBSE-9,86
5402,CBSE-10|CBSE-11|CBSE-12|CBSE-9,81
5404,CBSE-10|CBSE-11|CBSE-12|CBSE-9,87
5407,CBSE-10|CBSE-11|CBSE-8|CBSE-9,117
5409,CBSE-10|CBSE-11|CBSE-12|CBSE-9,88
5423,CBSE-10|CBSE-11|CBSE-12|CBSE-9,77
5424,CBSE-10|CBSE-11|CBSE-12|CBSE-9,81
5546,CBSE-11|CBSE-12,30
5548,CBSE-10|CBSE-11|CBSE-12|CBSE-9,86
5556,CBSE-10|CBSE-11|CBSE-12|CBSE-9,81
5559,CBSE-10|CBSE-11|CBSE-12|CBSE-9,86
5563,CBSE-10|CBSE-11|CBSE-12|CBSE-9,86
5566,CBSE-10|CBSE-7|CBSE-8|CBSE-9,119
5568,CBSE-10|CBSE-11|CBSE-12|CBSE-9,86
5574,CBSE-11|CBSE-12,30
5575,CBSE-10|CBSE-11|CBSE-12|CBSE-9,87
5578,CBSE-10|CBSE-9,59
5581,CBSE-11|CBSE-12,30
5583,CBSE-10|CBSE-11|CBSE-12|CBSE-9,82
5584,CBSE-11|CBSE-12,33
5588,CBSE-10|CBSE-11|CBSE-12|CBSE-9,76
5592,CBSE-8,22
5593,CBSE-10|CBSE-9,24
5595,CBSE-10|CBSE-11|CBSE-12|CBSE-9,86
5598,CBSE-10|CBSE-11|CBSE-12|CBSE-9,86
5604,CBSE-10|CBSE-8|CBSE-9,105
5605,CBSE-10|CBSE-11|CBSE-12|CBSE-9,80
5606,CBSE-10|CBSE-11|CBSE-12|CBSE-9,81
5607,CBSE-10|CBSE-11|CBSE-12|CBSE-9,88
5609,CBSE-10|CBSE-11|CBSE-12|CBSE-9,88
5611,CBSE-10|CBSE-11|CBSE-12|CBSE-9,87
5612,CBSE-10|CBSE-11|CBSE-12|CBSE-9,88
5615,CBSE-11|CBSE-12,38
5619,CBSE-10|CBSE-11|CBSE-12|CBSE-9,81
5621,CBSE-10|CBSE-11|CBSE-12|CBSE-9,83
5622,CBSE-10|CBSE-11|CBSE-12|CBSE-9,80
5626,CBSE-10|CBSE-11|CBSE-12|CBSE-9,88
5628,CBSE-10|CBSE-11|CBSE-12|CBSE-9,80
5634,CBSE-10|CBSE-9,60
5635,CBSE-10|CBSE-11|CBSE-12|CBSE-9,88
5640,CBSE-11|CBSE-12,40
5652,CBSE-10|CBSE-11|CBSE-12|CBSE-9,85
5654,CBSE-11|CBSE-12,37
5656,CBSE-11|CBSE-12,33
5658,CBSE-10|CBSE-11|CBSE-8|CBSE-9,117
5659,CBSE-10|CBSE-11|CBSE-8|CBSE-9,117
5660,CBSE-10|CBSE-11|CBSE-8|CBSE-9,117
5661,CBSE-10|CBSE-11|CBSE-8|CBSE-9,120
5662,CBSE-10|CBSE-11|CBSE-8|CBSE-9,115
5663,CBSE-10|CBSE-11|CBSE-8|CBSE-9,117
5665,CBSE-10|CBSE-11|CBSE-8|CBSE-9,117
5666,CBSE-10|CBSE-11|CBSE-8|CBSE-9,117
5667,CBSE-10|CBSE-11|CBSE-8|CBSE-9,118
5671,CBSE-10|CBSE-11|CBSE-8|CBSE-9,117
5672,CBSE-10|CBSE-11|CBSE-8|CBSE-9,117
5675,CBSE-10|CBSE-11|CBSE-8|CBSE-9,117
5677,CBSE-10|CBSE-11|CBSE-8|CBSE-9,106
5678,CBSE-10|CBSE-11|CBSE-8|CBSE-9,116
5680,CBSE-10|CBSE-8|CBSE-9,100
5682,CBSE-10|CBSE-11|CBSE-8|CBSE-9,116
5683,CBSE-10|CBSE-11|CBSE-8|CBSE-9,117
5685,CBSE-10|CBSE-11|CBSE-8|CBSE-9,117
5687,CBSE-10|CBSE-11|CBSE-8|CBSE-9,116
5689,CBSE-10|CBSE-11|CBSE-8|CBSE-9,117
5690,CBSE-10|CBSE-11|CBSE-8|CBSE-9,117
5692,CBSE-10|CBSE-11|CBSE-8|CBSE-9,117
5694,CBSE-10|CBSE-11|CBSE-8|CBSE-9,117
5695,CBSE-10|CBSE-11|CBSE-8|CBSE-9,117
5696,CBSE-10|CBSE-8|CBSE-9,107
5697,CBSE-10|CBSE-11|CBSE-8|CBSE-9,117
5700,CBSE-10|CBSE-11|CBSE-8|CBSE-9,117
5701,CBSE-10|CBSE-11|CBSE-8|CBSE-9,117
5702,CBSE-10|CBSE-11|CBSE-8|CBSE-9,117
5704,CBSE-8,42
5705,CBSE-10|CBSE-11|CBSE-8|CBSE-9,120
5706,CBSE-10|CBSE-11|CBSE-8|CBSE-9,117
5709,CBSE-10|CBSE-8|CBSE-9,105
5711,CBSE-10|CBSE-11|CBSE-8|CBSE-9,120
5712,CBSE-10|CBSE-8|CBSE-9,107
5713,CBSE-10|CBSE-11|CBSE-8|CBSE-9,117
5714,CBSE-10|CBSE-11|CBSE-8|CBSE-9,120
5715,CBSE-10|CBSE-11|CBSE-8|CBSE-9,117
5717,CBSE-10|CBSE-11|CBSE-8|CBSE-9,120
5718,CBSE-10|CBSE-11|CBSE-8|CBSE-9,117
5719,CBSE-10|CBSE-11|CBSE-8|CBSE-9,117
5720,CBSE-10|CBSE-7|CBSE-8|CBSE-9,121
5721,CBSE-10|CBSE-8|CBSE-9,97
5722,CBSE-10|CBSE-11|CBSE-8|CBSE-9,117
5723,CBSE-10|CBSE-11|CBSE-8|CBSE-9,117
5724,CBSE-10|CBSE-11|CBSE-8|CBSE-9,117
5726,CBSE-10|CBSE-11|CBSE-8|CBSE-9,112
5727,CBSE-10|CBSE-11|CBSE-8|CBSE-9,117
5729,CBSE-10|CBSE-11|CBSE-8|CBSE-9,117
5730,CBSE-10|CBSE-11|CBSE-8|CBSE-9,117
5731,CBSE-10|CBSE-11|CBSE-8|CBSE-9,120
5732,CBSE-10|CBSE-8|CBSE-9,107
5734,CBSE-10|CBSE-11|CBSE-8|CBSE-9,117
5735,CBSE-10|CBSE-8|CBSE-9,107
5736,CBSE-10|CBSE-11|CBSE-8|CBSE-9,117
5737,CBSE-10|CBSE-11|CBSE-8|CBSE-9,117
5738,CBSE-10|CBSE-8|CBSE-9,107
5739,CBSE-10|CBSE-11|CBSE-8|CBSE-9,116
5740,CBSE-10|CBSE-11|CBSE-8|CBSE-9,117
5741,CBSE-10|CBSE-11|CBSE-8|CBSE-9,116
5742,CBSE-10|CBSE-11|CBSE-8|CBSE-9,116
5744,CBSE-10|CBSE-11|CBSE-8|CBSE-9,117
5745,CBSE-10|CBSE-11|CBSE-8|CBSE-9,110
5748,CBSE-10|CBSE-11|CBSE-8|CBSE-9,117
5750,CBSE-10|CBSE-11|CBSE-8|CBSE-9,117
5751,CBSE-10|CBSE-11|CBSE-8|CBSE-9,117
5752,CBSE-10|CBSE-8|CBSE-9,67
5753,CBSE-10|CBSE-11|CBSE-8|CBSE-9,117
5755,CBSE-10|CBSE-11|CBSE-8|CBSE-9,117
5757,CBSE-10|CBSE-8|CBSE-9,107
5758,CBSE-10|CBSE-11|CBSE-8|CBSE-9,112
5759,CBSE-10|CBSE-11|CBSE-8|CBSE-9,117
5761,CBSE-10|CBSE-11|CBSE-8|CBSE-9,117
5763,CBSE-10|CBSE-11|CBSE-8|CBSE-9,117
5765,CBSE-10|CBSE-11|CBSE-8|CBSE-9,117
5767,CBSE-10|CBSE-11|CBSE-8|CBSE-9,117
5768,CBSE-10|CBSE-11|CBSE-8|CBSE-9,117
5770,CBSE-10|CBSE-11|CBSE-8|CBSE-9,117
5772,CBSE-10|CBSE-11|CBSE-8|CBSE-9,116
5775,CBSE-10|CBSE-7|CBSE-8|CBSE-9,128
5777,CBSE-8,42
5781,CBSE-10|CBSE-11|CBSE-8|CBSE-9,112
5782,CBSE-10|CBSE-11|CBSE-8|CBSE-9,116
5783,CBSE-10|CBSE-11|CBSE-8|CBSE-9,116
5785,CBSE-10|CBSE-11|CBSE-8|CBSE-9,119
5786,CBSE-10|CBSE-11|CBSE-8|CBSE-9,117
5788,CBSE-10|CBSE-11|CBSE-8|CBSE-9,117
5789,CBSE-10|CBSE-8|CBSE-9,107
5792,CBSE-10|CBSE-11|CBSE-8|CBSE-9,117
5793,CBSE-10|CBSE-11|CBSE-8|CBSE-9,117
5794,CBSE-10|CBSE-7|CBSE-8|CBSE-9,122
5795,CBSE-10|CBSE-11|CBSE-8|CBSE-9,117
5796,CBSE-10|CBSE-11|CBSE-8|CBSE-9,117
5797,CBSE-10|CBSE-11|CBSE-8|CBSE-9,120
5799,CBSE-10|CBSE-11|CBSE-8|CBSE-9,117
5802,CBSE-10|CBSE-11|CBSE-8|CBSE-9,118
5804,CBSE-10|CBSE-11|CBSE-8|CBSE-9,117
5805,CBSE-10|CBSE-11|CBSE-8|CBSE-9,117
5806,CBSE-10|CBSE-11|CBSE-8|CBSE-9,113
5807,CBSE-10|CBSE-11|CBSE-8|CBSE-9,117
5810,CBSE-10|CBSE-11|CBSE-8|CBSE-9,117
5812,CBSE-10|CBSE-11|CBSE-8|CBSE-9,117
5814,CBSE-10|CBSE-11|CBSE-8|CBSE-9,116
5815,CBSE-10|CBSE-11|CBSE-8|CBSE-9,117
5816,CBSE-10|CBSE-11|CBSE-8|CBSE-9,116
5819,CBSE-10|CBSE-11|CBSE-8|CBSE-9,116
5820,CBSE-10|CBSE-7|CBSE-8|CBSE-9,128
5821,CBSE-10|CBSE-11|CBSE-8|CBSE-9,117
5822,CBSE-10|CBSE-11|CBSE-8|CBSE-9,112
5823,CBSE-10|CBSE-11|CBSE-8|CBSE-9,117
5824,CBSE-10|CBSE-11|CBSE-8|CBSE-9,117
5825,CBSE-8,41
5827,CBSE-10|CBSE-11|CBSE-8|CBSE-9,120
5828,CBSE-10|CBSE-11|CBSE-8|CBSE-9,117
5830,CBSE-10|CBSE-11|CBSE-8|CBSE-9,116
5831,CBSE-10|CBSE-11|CBSE-8|CBSE-9,117
5833,CBSE-10|CBSE-11|CBSE-8|CBSE-9,120
5834,CBSE-10|CBSE-7|CBSE-8|CBSE-9,124
5835,CBSE-10|CBSE-11|CBSE-8|CBSE-9,117
5836,CBSE-10|CBSE-8|CBSE-9,102
5837,CBSE-10|CBSE-11|CBSE-8|CBSE-9,116
5839,CBSE-10|CBSE-8|CBSE-9,107
5841,CBSE-10|CBSE-11|CBSE-8|CBSE-9,110
5842,CBSE-10|CBSE-11|CBSE-8|CBSE-9,117
5844,CBSE-10|CBSE-11|CBSE-8|CBSE-9,117
5846,CBSE-10|CBSE-11|CBSE-8|CBSE-9,112
5847,CBSE-10|CBSE-11|CBSE-8|CBSE-9,117
5848,CBSE-10|CBSE-11|CBSE-8|CBSE-9,120
5850,CBSE-10|CBSE-11|CBSE-8|CBSE-9,117
5852,CBSE-10|CBSE-11|CBSE-8|CBSE-9,120
5853,CBSE-10|CBSE-11|CBSE-8|CBSE-9,117
5854,CBSE-10|CBSE-11|CBSE-8|CBSE-9,117
5855,CBSE-10|CBSE-11|CBSE-8|CBSE-9,116
5857,CBSE-10|CBSE-8|CBSE-9,107
5861,CBSE-10|CBSE-11|CBSE-8|CBSE-9,120
5864,CBSE-10|CBSE-8|CBSE-9,102
5865,CBSE-10|CBSE-11|CBSE-8|CBSE-9,116
5866,CBSE-10|CBSE-11|CBSE-8|CBSE-9,115
5873,CBSE-10|CBSE-11|CBSE-12|CBSE-9,86
5875,CBSE-11|CBSE-12,29
5880,CBSE-10|CBSE-11|CBSE-12|CBSE-9,88
5882,CBSE-10|CBSE-11|CBSE-12|CBSE-9,88
5884,CBSE-10|CBSE-11|CBSE-8|CBSE-9,117
5888,CBSE-11|CBSE-12,35
5892,CBSE-10|CBSE-7|CBSE-8|CBSE-9,111
5894,CBSE-11|CBSE-12,39
5895,CBSE-11|CBSE-12,30
5899,CBSE-10|CBSE-11|CBSE-8|CBSE-9,112
5901,CBSE-10|CBSE-11|CBSE-8|CBSE-9,108
5902,CBSE-11|CBSE-12,40
5904,CBSE-11|CBSE-12,35
5912,CBSE-10|CBSE-9,60
5913,CBSE-10|CBSE-11|CBSE-12|CBSE-9,86
5914,CBSE-10|CBSE-11|CBSE-8|CBSE-9,117
5915,CBSE-11|CBSE-12,29
5916,CBSE-10|CBSE-11|CBSE-8|CBSE-9,120
5918,CBSE-10|CBSE-11|CBSE-12|CBSE-9,85
5920,CBSE-10|CBSE-11|CBSE-8|CBSE-9,117
5921,CBSE-10|CBSE-8|CBSE-9,105
5923,CBSE-10|CBSE-9,60
5925,CBSE-10|CBSE-11|CBSE-8|CBSE-9,117
5930,CBSE-10|CBSE-8|CBSE-9,104
5937,CBSE-10|CBSE-11|CBSE-8|CBSE-9,117
5938,CBSE-11|CBSE-12,30
5940,CBSE-10|CBSE-11|CBSE-8|CBSE-9,117
5941,CBSE-10|CBSE-11|CBSE-8|CBSE-9,115
5942,CBSE-10|CBSE-11|CBSE-8|CBSE-9,117
5944,CBSE-11|CBSE-12,25
5946,CBSE-10|CBSE-11|CBSE-8|CBSE-9,116
5953,CBSE-10|CBSE-11|CBSE-12|CBSE-9,88
5955,CBSE-10|CBSE-11|CBSE-8|CBSE-9,117
5957,CBSE-11|CBSE-12,30
5958,CBSE-10|CBSE-11|CBSE-8|CBSE-9,117
5965,CBSE-11|CBSE-12,35
5968,CBSE-10|CBSE-11|CBSE-8|CBSE-9,117
5971,CBSE-10|CBSE-11|CBSE-8|CBSE-9,116
5972,CBSE-11|CBSE-12,40
5976,CBSE-10|CBSE-11|CBSE-8|CBSE-9,117
5978,CBSE-11|CBSE-12,30
5982,CBSE-11|CBSE-12,40
5983,CBSE-11|CBSE-12,40
5987,CBSE-10|CBSE-11|CBSE-8|CBSE-9,117
5988,CBSE-11|CBSE-12,35
5992,CBSE-10|CBSE-11|CBSE-8|CBSE-9,115
5993,CBSE-10|CBSE-11|CBSE-8|CBSE-9,117
5995,CBSE-10|CBSE-9,60
5997,CBSE-10|CBSE-8|CBSE-9,107
6000,CBSE-10|CBSE-11|CBSE-12|CBSE-9,82
6001,CBSE-10|CBSE-11|CBSE-8|CBSE-9,117
6002,CBSE-10|CBSE-11|CBSE-8|CBSE-9,117
6004,CBSE-11|CBSE-12,30
6007,CBSE-10|CBSE-11|CBSE-8|CBSE-9,114
6008,CBSE-10|CBSE-11|CBSE-12|CBSE-9,88
6010,CBSE-11|CBSE-12,34
6013,CBSE-11|CBSE-12,30
6016,CBSE-10|CBSE-11|CBSE-12|CBSE-9,76
6017,CBSE-11|CBSE-12,34
6018,CBSE-11|CBSE-12,35
6019,CBSE-10|CBSE-11|CBSE-8|CBSE-9,117
6024,CBSE-11|CBSE-12,37
6027,CBSE-11|CBSE-12,34
6028,CBSE-10|CBSE-11|CBSE-8|CBSE-9,117
6030,CBSE-10|CBSE-11|CBSE-12|CBSE-9,88
6033,CBSE-10|CBSE-11|CBSE-8|CBSE-9,116
6037,CBSE-10|CBSE-11|CBSE-8|CBSE-9,117
6039,CBSE-11|CBSE-12,40
6043,CBSE-10|CBSE-11|CBSE-8|CBSE-9,117
6044,CBSE-8,44
6048,CBSE-8,42
6049,CBSE-10|CBSE-8|CBSE-9,107
6050,CBSE-9,30
6052,CBSE-10|CBSE-11|CBSE-8|CBSE-9,117
6053,CBSE-11|CBSE-12,38
6055,CBSE-10|CBSE-11|CBSE-8|CBSE-9,117
6057,CBSE-10|CBSE-11|CBSE-8|CBSE-9,117
6058,CBSE-8,45
6059,CBSE-10|CBSE-11|CBSE-12|CBSE-9,85
6061,CBSE-10|CBSE-9,60
6062,CBSE-10|CBSE-11|CBSE-8|CBSE-9,117
6064,CBSE-10|CBSE-11|CBSE-8|CBSE-9,117
6066,CBSE-10|CBSE-8|CBSE-9,102
6067,CBSE-10|CBSE-8|CBSE-9,102
6070,CBSE-8,42
6071,CBSE-10|CBSE-9,60
6072,CBSE-11|CBSE-12,40
6075,CBSE-11|CBSE-12,30
6076,CBSE-10|CBSE-11|CBSE-8|CBSE-9,120
6077,CBSE-10|CBSE-9,57
6082,CBSE-10|CBSE-11|CBSE-8|CBSE-9,115
6084,CBSE-11|CBSE-12,25
6086,CBSE-11|CBSE-12,41
6089,CBSE-10|CBSE-11|CBSE-8|CBSE-9,117
6090,CBSE-11|CBSE-12,25
6091,CBSE-10|CBSE-11|CBSE-8|CBSE-9,112
6093,CBSE-10|CBSE-7|CBSE-8|CBSE-9,121
6094,CBSE-10|CBSE-11|CBSE-8|CBSE-9,117
6098,CBSE-11|CBSE-12,40
6100,CBSE-11,15
6103,CBSE-10|CBSE-11|CBSE-8|CBSE-9,116
6104,CBSE-10|CBSE-11|CBSE-8|CBSE-9,117
6105,CBSE-10|CBSE-11|CBSE-8|CBSE-9,120
6110,CBSE-10|CBSE-11|CBSE-12|CBSE-9,80
6114,CBSE-11|CBSE-12,39
6115,CBSE-8,42
6116,CBSE-10|CBSE-11|CBSE-12|CBSE-9,80
6118,CBSE-11|CBSE-12,36
6120,CBSE-10|CBSE-8|CBSE-9,107
6122,CBSE-10|CBSE-11|CBSE-8|CBSE-9,117
6124,CBSE-10|CBSE-11|CBSE-8|CBSE-9,117
6125,CBSE-10|CBSE-9,53
6126,CBSE-11|CBSE-12,30
6129,CBSE-10|CBSE-11|CBSE-8|CBSE-9,115
6131,CBSE-11|CBSE-12,40
6132,CBSE-10|CBSE-11|CBSE-12|CBSE-9,88
6133,CBSE-10|CBSE-11|CBSE-12|CBSE-9,84
6134,CBSE-10|CBSE-11|CBSE-12|CBSE-9,88
6135,CBSE-11|CBSE-12,30
6136,CBSE-10|CBSE-11|CBSE-8|CBSE-9,114
6143,CBSE-10|CBSE-11|CBSE-8|CBSE-9,116
6144,CBSE-10|CBSE-11|CBSE-8|CBSE-9,117
6151,CBSE-10|CBSE-11|CBSE-12|CBSE-9,88
6152,CBSE-11|CBSE-12,30
6153,CBSE-11|CBSE-12,41
6155,CBSE-11|CBSE-12,28
6156,CBSE-10|CBSE-11|CBSE-8|CBSE-9,117
6159,CBSE-10|CBSE-11|CBSE-8|CBSE-9,117
6161,CBSE-10|CBSE-8|CBSE-9,107
6170,CBSE-10|CBSE-11|CBSE-12|CBSE-9,83
6173,CBSE-10|CBSE-11|CBSE-12|CBSE-9,86
6174,CBSE-10|CBSE-8|CBSE-9,110
6175,CBSE-10|CBSE-11|CBSE-8|CBSE-9,117
6176,CBSE-10|CBSE-11|CBSE-8|CBSE-9,117
6178,CBSE-8,42
6181,CBSE-10|CBSE-11|CBSE-8|CBSE-9,117
6187,CBSE-10|CBSE-11|CBSE-8|CBSE-9,117
6201,CBSE-11|CBSE-12,39
6203,CBSE-10|CBSE-11|CBSE-8|CBSE-9,117
6208,CBSE-11|CBSE-12,30
6210,CBSE-11|CBSE-12,30
6211,CBSE-10|CBSE-9,59
6213,CBSE-10|CBSE-11|CBSE-12|CBSE-9,80
6214,CBSE-11|CBSE-12,30
6221,CBSE-10|CBSE-11|CBSE-8|CBSE-9,115
6223,CBSE-11|CBSE-12,35
6224,CBSE-10|CBSE-11|CBSE-8|CBSE-9,117
6227,CBSE-10|CBSE-11|CBSE-8|CBSE-9,107
6228,CBSE-11|CBSE-12,36
6231,CBSE-11|CBSE-12,24
6234,CBSE-11|CBSE-12,39
6237,CBSE-11|CBSE-12,39
6238,CBSE-10|CBSE-11|CBSE-8|CBSE-9,117
6244,CBSE-10|CBSE-11|CBSE-12|CBSE-9,87
6246,CBSE-11|CBSE-12,25
6250,CBSE-10|CBSE-11|CBSE-8|CBSE-9,117
6253,CBSE-10|CBSE-11|CBSE-8|CBSE-9,117
6254,CBSE-10|CBSE-8|CBSE-9,107
6257,CBSE-10|CBSE-11|CBSE-8|CBSE-9,117
6264,CBSE-10|CBSE-7|CBSE-8|CBSE-9,126
6265,CBSE-10|CBSE-7|CBSE-8|CBSE-9,122
6274,CBSE-11|CBSE-12,35
6279,CBSE-10|CBSE-11|CBSE-8|CBSE-9,116
6280,CBSE-10|CBSE-11|CBSE-8|CBSE-9,117
6281,CBSE-10|CBSE-11|CBSE-8|CBSE-9,117
6283,CBSE-11|CBSE-12,27
6286,CBSE-11|CBSE-12,37
6287,CBSE-10|CBSE-11|CBSE-8|CBSE-9,115
6291,CBSE-10|CBSE-7|CBSE-8|CBSE-9,124
6292,CBSE-10|CBSE-7|CBSE-8|CBSE-9,128
6294,CBSE-10|CBSE-7|CBSE-8|CBSE-9,128
6296,CBSE-10|CBSE-7|CBSE-8|CBSE-9,128
6297,CBSE-10|CBSE-7|CBSE-8|CBSE-9,124
6298,CBSE-10|CBSE-7|CBSE-8|CBSE-9,127
6300,CBSE-7,42
6302,CBSE-10|CBSE-7|CBSE-8|CBSE-9,127
6303,CBSE-10|CBSE-7|CBSE-8|CBSE-9,124
6304,CBSE-10|CBSE-7|CBSE-8|CBSE-9,124
6306,CBSE-10|CBSE-7|CBSE-8|CBSE-9,129
6308,CBSE-10|CBSE-7|CBSE-8|CBSE-9,127
6309,CBSE-10|CBSE-7|CBSE-8|CBSE-9,130
6311,CBSE-10|CBSE-7|CBSE-8|CBSE-9,126
6312,CBSE-10|CBSE-7|CBSE-8|CBSE-9,127
6313,CBSE-10|CBSE-7|CBSE-8|CBSE-9,124
6314,CBSE-10|CBSE-7|CBSE-8|CBSE-9,121
6315,CBSE-10|CBSE-7|CBSE-8|CBSE-9,131
6316,CBSE-10|CBSE-7|CBSE-8|CBSE-9,125
6317,CBSE-10|CBSE-7|CBSE-8|CBSE-9,127
6318,CBSE-10|CBSE-7|CBSE-8|CBSE-9,130
6319,CBSE-10|CBSE-7|CBSE-8|CBSE-9,129
6320,CBSE-10|CBSE-7|CBSE-8|CBSE-9,134
6321,CBSE-7|CBSE-8,84
6322,CBSE-10|CBSE-7|CBSE-8|CBSE-9,122
6323,CBSE-10|CBSE-7|CBSE-8|CBSE-9,127
6325,CBSE-10|CBSE-7|CBSE-8|CBSE-9,129
6327,CBSE-10|CBSE-7|CBSE-8|CBSE-9,124
6328,CBSE-10|CBSE-7|CBSE-8|CBSE-9,124
6329,CBSE-10|CBSE-7|CBSE-8|CBSE-9,130
6330,CBSE-10|CBSE-7|CBSE-8|CBSE-9,130
6331,CBSE-10|CBSE-7|CBSE-8|CBSE-9,124
6332,CBSE-10|CBSE-7|CBSE-8|CBSE-9,131
6333,CBSE-10|CBSE-7|CBSE-8|CBSE-9,128
6334,CBSE-10|CBSE-7|CBSE-8|CBSE-9,129
6335,CBSE-10|CBSE-7|CBSE-8|CBSE-9,127
6336,CBSE-10|CBSE-7|CBSE-8|CBSE-9,125
6337,CBSE-10|CBSE-7|CBSE-8|CBSE-9,127
6338,CBSE-10|CBSE-7|CBSE-8|CBSE-9,123
6339,CBSE-10|CBSE-7|CBSE-8|CBSE-9,126
6341,CBSE-10|CBSE-7|CBSE-8|CBSE-9,124
6342,CBSE-10|CBSE-7|CBSE-8|CBSE-9,124
6343,CBSE-10|CBSE-7|CBSE-8|CBSE-9,127
6344,CBSE-10|CBSE-7|CBSE-8|CBSE-9,129
6345,CBSE-10|CBSE-7|CBSE-8|CBSE-9,124
6346,CBSE-10|CBSE-7|CBSE-8|CBSE-9,123
6347,CBSE-10|CBSE-7|CBSE-8|CBSE-9,122
6348,CBSE-10|CBSE-7|CBSE-8|CBSE-9,128
6349,CBSE-7,42
6350,CBSE-10|CBSE-7|CBSE-8|CBSE-9,129
6352,CBSE-10|CBSE-7|CBSE-8|CBSE-9,123
6353,CBSE-10|CBSE-7|CBSE-8|CBSE-9,128
6356,CBSE-10|CBSE-7|CBSE-8|CBSE-9,128
6357,CBSE-10|CBSE-7|CBSE-8|CBSE-9,127
6358,CBSE-10|CBSE-7|CBSE-8|CBSE-9,125
6360,CBSE-10|CBSE-7|CBSE-8|CBSE-9,124
6362,CBSE-10|CBSE-7|CBSE-8|CBSE-9,127
6363,CBSE-10|CBSE-7|CBSE-8|CBSE-9,127
6364,CBSE-10|CBSE-7|CBSE-8|CBSE-9,124
6365,CBSE-10|CBSE-7|CBSE-8|CBSE-9,122
6366,CBSE-10|CBSE-7|CBSE-8|CBSE-9,124
6367,CBSE-10|CBSE-7|CBSE-8|CBSE-9,130
6369,CBSE-6|CBSE-7|CBSE-8|CBSE-9,125
6370,CBSE-10|CBSE-7|CBSE-8|CBSE-9,125
6371,CBSE-10|CBSE-7|CBSE-8|CBSE-9,125
6372,CBSE-7|CBSE-8|CBSE-9,98
6373,CBSE-10|CBSE-7|CBSE-8|CBSE-9,128
6374,CBSE-10|CBSE-7|CBSE-8|CBSE-9,124
6375,CBSE-10|CBSE-7|CBSE-8|CBSE-9,118
6377,CBSE-10|CBSE-7|CBSE-8|CBSE-9,121
6379,CBSE-10|CBSE-7|CBSE-8|CBSE-9,126
6381,CBSE-10|CBSE-7|CBSE-8|CBSE-9,128
6382,CBSE-7|CBSE-8,46
6384,CBSE-10|CBSE-7|CBSE-8|CBSE-9,127
6385,CBSE-10|CBSE-7|CBSE-8|CBSE-9,124
6387,CBSE-10|CBSE-7|CBSE-8|CBSE-9,127
6389,CBSE-10|CBSE-7|CBSE-8|CBSE-9,127
6392,CBSE-10|CBSE-7|CBSE-8|CBSE-9,129
6394,CBSE-10|CBSE-7|CBSE-8|CBSE-9,123
6395,CBSE-10|CBSE-7|CBSE-8|CBSE-9,132
6396,CBSE-10|CBSE-7|CBSE-8|CBSE-9,114
6397,CBSE-10|CBSE-7|CBSE-8|CBSE-9,126
6398,CBSE-10|CBSE-7|CBSE-8|CBSE-9,127
6399,CBSE-10|CBSE-7|CBSE-8|CBSE-9,127
6402,CBSE-10|CBSE-7|CBSE-8|CBSE-9,124
6403,CBSE-10|CBSE-7|CBSE-8|CBSE-9,128
6407,CBSE-10|CBSE-7|CBSE-8|CBSE-9,127
6409,CBSE-10|CBSE-7|CBSE-8|CBSE-9,125
6411,CBSE-10|CBSE-7|CBSE-8|CBSE-9,127
6412,CBSE-10|CBSE-7|CBSE-8|CBSE-9,126
6413,CBSE-10|CBSE-7|CBSE-8|CBSE-9,124
6414,CBSE-10|CBSE-7|CBSE-8|CBSE-9,130
6415,CBSE-10|CBSE-7|CBSE-8|CBSE-9,124
6416,CBSE-10|CBSE-7|CBSE-8|CBSE-9,119
6417,CBSE-10|CBSE-7|CBSE-8|CBSE-9,129
6418,CBSE-10|CBSE-7|CBSE-8|CBSE-9,128
6419,CBSE-10|CBSE-7|CBSE-8|CBSE-9,129
6420,CBSE-10|CBSE-7|CBSE-8|CBSE-9,125
6421,CBSE-10|CBSE-7|CBSE-8|CBSE-9,129
6422,CBSE-7|CBSE-8|CBSE-9,109
6423,CBSE-10|CBSE-7|CBSE-8|CBSE-9,125
6424,CBSE-10|CBSE-7|CBSE-8|CBSE-9,127
6426,CBSE-10|CBSE-7|CBSE-8|CBSE-9,131
6427,CBSE-10|CBSE-7|CBSE-8|CBSE-9,124
6429,CBSE-10|CBSE-7|CBSE-8|CBSE-9,128
6431,CBSE-6|CBSE-7|CBSE-8|CBSE-9,128
6432,CBSE-10|CBSE-7|CBSE-8|CBSE-9,127
6433,CBSE-10|CBSE-7|CBSE-8|CBSE-9,125
6434,CBSE-10|CBSE-7|CBSE-8|CBSE-9,128
6438,CBSE-10|CBSE-7|CBSE-8|CBSE-9,131
6439,CBSE-10|CBSE-7|CBSE-8|CBSE-9,132
6440,CBSE-10|CBSE-7|CBSE-8|CBSE-9,122
6441,CBSE-10|CBSE-7|CBSE-8|CBSE-9,124
6442,CBSE-10|CBSE-7|CBSE-8|CBSE-9,118
6444,CBSE-10|CBSE-7|CBSE-8|CBSE-9,134
6445,CBSE-10|CBSE-7|CBSE-8|CBSE-9,132
6446,CBSE-10|CBSE-7|CBSE-8|CBSE-9,130
6448,CBSE-10|CBSE-7|CBSE-8|CBSE-9,124
6449,CBSE-10|CBSE-7|CBSE-8|CBSE-9,128
6450,CBSE-10|CBSE-7|CBSE-8|CBSE-9,127
6451,CBSE-10|CBSE-7|CBSE-8|CBSE-9,128
6452,CBSE-6|CBSE-7|CBSE-8|CBSE-9,122
6453,CBSE-10|CBSE-7|CBSE-8|CBSE-9,127
6454,CBSE-10|CBSE-7|CBSE-8|CBSE-9,124
6455,CBSE-10|CBSE-7|CBSE-8|CBSE-9,124
6456,CBSE-10|CBSE-7|CBSE-8|CBSE-9,126
6457,CBSE-10|CBSE-7|CBSE-8|CBSE-9,128
6458,CBSE-10|CBSE-7|CBSE-8|CBSE-9,124
6459,CBSE-10|CBSE-7|CBSE-8|CBSE-9,128
6460,CBSE-10|CBSE-7|CBSE-8|CBSE-9,131
6461,CBSE-10|CBSE-7|CBSE-8|CBSE-9,128
6463,CBSE-7,42
6464,CBSE-10|CBSE-7|CBSE-8|CBSE-9,124
6465,CBSE-10|CBSE-7|CBSE-8|CBSE-9,128
6466,CBSE-10|CBSE-7|CBSE-8|CBSE-9,122
6467,CBSE-10|CBSE-7|CBSE-8|CBSE-9,125
6468,CBSE-10|CBSE-7|CBSE-8|CBSE-9,130
6469,CBSE-10|CBSE-7|CBSE-8|CBSE-9,126
6470,CBSE-10|CBSE-7|CBSE-8|CBSE-9,127
6471,CBSE-10|CBSE-7|CBSE-8|CBSE-9,124
6473,CBSE-10|CBSE-7|CBSE-8|CBSE-9,123
6474,CBSE-10|CBSE-7|CBSE-8|CBSE-9,126
6475,CBSE-10|CBSE-7|CBSE-8|CBSE-9,127
6476,CBSE-10|CBSE-7|CBSE-8|CBSE-9,128
6477,CBSE-10|CBSE-7|CBSE-8|CBSE-9,123
6478,CBSE-10|CBSE-7|CBSE-8|CBSE-9,125
6479,CBSE-10|CBSE-7|CBSE-8|CBSE-9,124
6481,CBSE-10|CBSE-7|CBSE-8|CBSE-9,124
6482,CBSE-7,42
6483,CBSE-10|CBSE-7|CBSE-8|CBSE-9,131
6485,CBSE-10|CBSE-7|CBSE-8|CBSE-9,122
6486,CBSE-10|CBSE-7|CBSE-8|CBSE-9,122
6487,CBSE-10|CBSE-7|CBSE-8|CBSE-9,125
6488,CBSE-10|CBSE-7|CBSE-8|CBSE-9,127
6491,CBSE-10|CBSE-7|CBSE-8|CBSE-9,128
6494,CBSE-10|CBSE-7|CBSE-8|CBSE-9,124
6495,CBSE-7|CBSE-8,88
6496,CBSE-10|CBSE-7|CBSE-8|CBSE-9,129
6497,CBSE-10|CBSE-7|CBSE-8|CBSE-9,130
6498,CBSE-10|CBSE-7|CBSE-8|CBSE-9,124
6501,CBSE-10|CBSE-7|CBSE-8|CBSE-9,125
6502,CBSE-10|CBSE-7|CBSE-8|CBSE-9,125
6503,CBSE-10|CBSE-7|CBSE-8|CBSE-9,127
6504,CBSE-10|CBSE-7|CBSE-8|CBSE-9,116
6505,CBSE-10|CBSE-7|CBSE-8|CBSE-9,123
6512,CBSE-10|CBSE-7|CBSE-8|CBSE-9,125
6513,CBSE-10|CBSE-7|CBSE-8|CBSE-9,121
6514,CBSE-10|CBSE-7|CBSE-8|CBSE-9,118
6517,CBSE-6|CBSE-7|CBSE-9,65
6518,CBSE-10|CBSE-7|CBSE-8|CBSE-9,128
6520,CBSE-10|CBSE-7|CBSE-8|CBSE-9,127
6521,CBSE-10|CBSE-7|CBSE-8|CBSE-9,128
6522,CBSE-10|CBSE-7|CBSE-8|CBSE-9,128
6523,CBSE-10|CBSE-7|CBSE-8|CBSE-9,129
6525,CBSE-10|CBSE-7|CBSE-8|CBSE-9,127
6528,CBSE-11|CBSE-12,35
6529,CBSE-6|CBSE-7|CBSE-8|CBSE-9,126
6533,CBSE-11|CBSE-12,28
6534,CBSE-10|CBSE-7|CBSE-8|CBSE-9,123
6535,CBSE-10|CBSE-7|CBSE-8|CBSE-9,125
6539,CBSE-10|CBSE-7|CBSE-8|CBSE-9,127
6540,CBSE-10|CBSE-9,60
6541,CBSE-11|CBSE-12,30
6548,CBSE-10|CBSE-7|CBSE-8|CBSE-9,131
6550,CBSE-6|CBSE-7|CBSE-8|CBSE-9,127
6552,CBSE-10|CBSE-7|CBSE-8|CBSE-9,128
6554,CBSE-10|CBSE-7|CBSE-8|CBSE-9,127
6556,CBSE-10|CBSE-7|CBSE-8|CBSE-9,126
6557,CBSE-10|CBSE-7|CBSE-8|CBSE-9,124
6558,CBSE-10|CBSE-7|CBSE-8|CBSE-9,124
6560,CBSE-11|CBSE-12,30
6561,CBSE-10|CBSE-7|CBSE-8|CBSE-9,127
6562,CBSE-11|CBSE-12,30
6564,CBSE-11|CBSE-12,37
6565,CBSE-10|CBSE-7|CBSE-8|CBSE-9,125
6566,CBSE-11|CBSE-12,30
6567,CBSE-10|CBSE-7|CBSE-8|CBSE-9,127
6568,CBSE-10|CBSE-7|CBSE-8|CBSE-9,126
6569,CBSE-10|CBSE-7|CBSE-8|CBSE-9,125
6570,CBSE-11|CBSE-12,30
6573,CBSE-10|CBSE-11|CBSE-12|CBSE-9,82
6575,CBSE-10|CBSE-11|CBSE-12|CBSE-9,86
6576,CBSE-10|CBSE-7|CBSE-8|CBSE-9,129
6577,CBSE-10|CBSE-7|CBSE-8|CBSE-9,125
6580,CBSE-10|CBSE-8|CBSE-9,107
6581,CBSE-10|CBSE-7|CBSE-8|CBSE-9,124
6583,CBSE-11|CBSE-12,34
6584,CBSE-11|CBSE-12,30
6585,CBSE-10|CBSE-8|CBSE-9,108
6586,CBSE-10|CBSE-7|CBSE-8|CBSE-9,127
6590,CBSE-10|CBSE-11|CBSE-12|CBSE-9,84
6591,CBSE-6|CBSE-7|CBSE-8|CBSE-9,128
6594,CBSE-11|CBSE-12,38
6595,CBSE-10|CBSE-9,59
6596,CBSE-11|CBSE-12,25
6597,CBSE-10|CBSE-11|CBSE-8|CBSE-9,116
6599,CBSE-11|CBSE-12,30
6600,CBSE-10|CBSE-11|CBSE-8|CBSE-9,114
6602,CBSE-11|CBSE-12,30
6606,CBSE-10|CBSE-7|CBSE-8|CBSE-9,127
6610,CBSE-10|CBSE-7|CBSE-8|CBSE-9,128
6612,CBSE-7,42
6615,CBSE-10|CBSE-7|CBSE-8|CBSE-9,118
6617,CBSE-10|CBSE-7|CBSE-8|CBSE-9,131
6620,CBSE-10|CBSE-9,58
6621,CBSE-11|CBSE-12,30
6622,CBSE-11|CBSE-12,37
6623,CBSE-10|CBSE-11|CBSE-12|CBSE-9,87
6626,CBSE-10|CBSE-11|CBSE-8|CBSE-9,116
6627,CBSE-10|CBSE-7|CBSE-8|CBSE-9,127
6629,CBSE-6|CBSE-7|CBSE-8|CBSE-9,128
6630,CBSE-11|CBSE-12,30
6631,CBSE-10|CBSE-7|CBSE-8|CBSE-9,124
6632,CBSE-8,42
6635,CBSE-11|CBSE-12,30
6637,CBSE-10|CBSE-7|CBSE-8|CBSE-9,129
6640,CBSE-10|CBSE-7|CBSE-8|CBSE-9,130
6641,CBSE-11|CBSE-12,30
6642,CBSE-11|CBSE-12,25
6645,CBSE-10|CBSE-7|CBSE-8|CBSE-9,124
6646,CBSE-11|CBSE-12,30
6648,CBSE-10|CBSE-7|CBSE-8|CBSE-9,130
6649,CBSE-10|CBSE-7|CBSE-8|CBSE-9,131
6650,CBSE-10|CBSE-11|CBSE-12|CBSE-9,86
6656,CBSE-10|CBSE-9,60
6657,CBSE-11|CBSE-12,28
6661,CBSE-7|CBSE-8|CBSE-9,113
6664,CBSE-10|CBSE-7|CBSE-8|CBSE-9,127
6666,CBSE-10|CBSE-11|CBSE-12|CBSE-9,86
6669,CBSE-11|CBSE-12,37
6670,CBSE-10|CBSE-8|CBSE-9,107
6672,CBSE-10|CBSE-7|CBSE-8|CBSE-9,126
6673,CBSE-10|CBSE-7|CBSE-8|CBSE-9,124
6674,CBSE-11|CBSE-12,39
6676,CBSE-11|CBSE-12,37
6678,CBSE-10|CBSE-7|CBSE-8|CBSE-9,132
6681,CBSE-11|CBSE-12,38
6682,CBSE-10|CBSE-7|CBSE-8|CBSE-9,128
6684,CBSE-11|CBSE-12,40
6686,CBSE-11|CBSE-12,30
6691,CBSE-11|CBSE-12,30
6694,CBSE-11|CBSE-12,39
6698,CBSE-11|CBSE-12,30
6699,CBSE-10|CBSE-7|CBSE-8|CBSE-9,127
6701,CBSE-10|CBSE-7|CBSE-8|CBSE-9,124
6702,CBSE-6|CBSE-7|CBSE-8|CBSE-9,127
6703,CBSE-10|CBSE-7|CBSE-8|CBSE-9,125
6707,CBSE-10|CBSE-11|CBSE-8|CBSE-9,117
6711,CBSE-11|CBSE-12,33
6714,CBSE-10|CBSE-7|CBSE-8|CBSE-9,127
6715,CBSE-10|CBSE-7|CBSE-8|CBSE-9,128
6715B,CBSE-7|CBSE-8,43
6716,CBSE-6|CBSE-7|CBSE-8|CBSE-9,128
6717,CBSE-11|CBSE-12,38
6719,CBSE-11|CBSE-12,30
6720,CBSE-10|CBSE-8|CBSE-9,107
6727,CBSE-10|CBSE-11|CBSE-8|CBSE-9,116
6730,CBSE-11|CBSE-12,29
6732,CBSE-10|CBSE-11|CBSE-8|CBSE-9,117
6736,CBSE-10|CBSE-7|CBSE-8|CBSE-9,121
6739,CBSE-10|CBSE-7|CBSE-8|CBSE-9,127
6742,CBSE-11|CBSE-12,30
6743,CBSE-10|CBSE-9,60
6745,CBSE-10|CBSE-7|CBSE-8|CBSE-9,125
6747,CBSE-10|CBSE-7|CBSE-8|CBSE-9,128
6748,CBSE-11|CBSE-12,40
6749,CBSE-10|CBSE-7|CBSE-8|CBSE-9,128
6750,CBSE-11|CBSE-12,39
6751,CBSE-10|CBSE-7|CBSE-8|CBSE-9,128
6752,CBSE-10|CBSE-11|CBSE-8|CBSE-9,117
6754,CBSE-11|CBSE-12,30
6755,CBSE-11|CBSE-12,30
6758,CBSE-10|CBSE-11|CBSE-12|CBSE-9,79
6764,CBSE-10|CBSE-7|CBSE-8|CBSE-9,128
6765,CBSE-11|CBSE-12,30
6770,CBSE-10|CBSE-7|CBSE-8|CBSE-9,130
6771,CBSE-11|CBSE-12,25
6774,CBSE-10|CBSE-7|CBSE-8|CBSE-9,128
6776,CBSE-10|CBSE-7|CBSE-8|CBSE-9,125
6777,CBSE-11|CBSE-12,31
6778,CBSE-11|CBSE-12,38
6781,CBSE-10|CBSE-9,60
6782,CBSE-11|CBSE-12,40
6783,CBSE-10|CBSE-7|CBSE-8|CBSE-9,127
6784,CBSE-11|CBSE-12,30
6785,CBSE-10|CBSE-9,55
6786,CBSE-11|CBSE-12,39
6787,CBSE-10|CBSE-7|CBSE-8|CBSE-9,127
6788,CBSE-11|CBSE-12,30
6790,CBSE-10|CBSE-11|CBSE-8|CBSE-9,117
6792,CBSE-11|CBSE-12,30
6793,CBSE-11|CBSE-12,30
6794,CBSE-8,42
6799,CBSE-10|CBSE-7|CBSE-8|CBSE-9,125
6801,CBSE-10|CBSE-7|CBSE-8|CBSE-9,127
6803,CBSE-10|CBSE-7|CBSE-8|CBSE-9,129
6808,CBSE-10|CBSE-7|CBSE-8|CBSE-9,125
6810,CBSE-6|CBSE-7|CBSE-8|CBSE-9,128
6812,CBSE-10|CBSE-7|CBSE-8|CBSE-9,127
6813,CBSE-11|CBSE-12,30
6814,CBSE-10|CBSE-7|CBSE-8|CBSE-9,129
6816,CBSE-10|CBSE-7|CBSE-8|CBSE-9,127
6820,CBSE-11|CBSE-12,35
6821,CBSE-10|CBSE-7|CBSE-8|CBSE-9,126
6822,CBSE-10|CBSE-11|CBSE-12|CBSE-9,83
6824,CBSE-10|CBSE-7|CBSE-8|CBSE-9,129
6825,CBSE-11|CBSE-12,40
6829,CBSE-10|CBSE-11|CBSE-8|CBSE-9,116
6830,CBSE-10|CBSE-11|CBSE-12|CBSE-9,85
6831,CBSE-10|CBSE-7|CBSE-8|CBSE-9,120
6833,CBSE-10|CBSE-7|CBSE-8|CBSE-9,128
6834,CBSE-10|CBSE-11|CBSE-12|CBSE-9,88
6835,CBSE-11|CBSE-12,30
6836,CBSE-10|CBSE-11|CBSE-12|CBSE-9,86
6841,CBSE-10|CBSE-7|CBSE-8|CBSE-9,131
6845,CBSE-10|CBSE-11|CBSE-8|CBSE-9,113
6846,CBSE-10|CBSE-7|CBSE-8|CBSE-9,131
6848,CBSE-10|CBSE-7|CBSE-8|CBSE-9,128
6851,CBSE-10|CBSE-11|CBSE-8|CBSE-9,117
6852,CBSE-10|CBSE-7|CBSE-8|CBSE-9,120
6859,CBSE-11|CBSE-12,30
6863,CBSE-11|CBSE-12,25
6865,CBSE-10|CBSE-11|CBSE-8|CBSE-9,117
6866,CBSE-10|CBSE-7|CBSE-8|CBSE-9,127
6875,CBSE-11|CBSE-12,41
6876,CBSE-11|CBSE-12,35
6879,CBSE-10|CBSE-11|CBSE-12|CBSE-9,85
6881,CBSE-10|CBSE-11|CBSE-8|CBSE-9,117
6884,CBSE-11|CBSE-12,31
6885,CBSE-11|CBSE-12,30
6890,CBSE-11|CBSE-12,30
6892,CBSE-11|CBSE-12,37
6894,CBSE-10|CBSE-7|CBSE-8|CBSE-9,126
6899,CBSE-10|CBSE-11|CBSE-8|CBSE-9,115
6900,CBSE-11|CBSE-12,30
6902,CBSE-10|CBSE-7|CBSE-8|CBSE-9,124
6904,CBSE-10|CBSE-7|CBSE-8|CBSE-9,131
6905,CBSE-10|CBSE-11|CBSE-12|CBSE-9,83
6906,CBSE-11|CBSE-12,37
6910,CBSE-11|CBSE-12,29
6915,CBSE-10|CBSE-11|CBSE-8|CBSE-9,113
6917,CBSE-10|CBSE-7|CBSE-8|CBSE-9,122
6918,CBSE-10|CBSE-7|CBSE-8|CBSE-9,123
6921,CBSE-10|CBSE-7|CBSE-8|CBSE-9,132
6923,CBSE-11|CBSE-12,30
6924,CBSE-10|CBSE-7|CBSE-8|CBSE-9,128
6926,CBSE-11|CBSE-12,30
6927,CBSE-11|CBSE-12,30
6930,CBSE-10|CBSE-7|CBSE-8|CBSE-9,120
6931,CBSE-11|CBSE-12,30
6932,CBSE-11|CBSE-12,25
6936,CBSE-10|CBSE-7|CBSE-8|CBSE-9,127
6940,CBSE-10|CBSE-7|CBSE-8|CBSE-9,124
6941,CBSE-11|CBSE-12,30
6946,CBSE-10|CBSE-11|CBSE-8|CBSE-9,112
6950,CBSE-11|CBSE-12,30
6953,CBSE-10|CBSE-7|CBSE-8|CBSE-9,127
6959,CBSE-10|CBSE-11|CBSE-12|CBSE-9,85
6963,CBSE-10|CBSE-11|CBSE-8|CBSE-9,117
6967,CBSE-10|CBSE-11|CBSE-8|CBSE-9,116
6969,CBSE-11,20
6971,CBSE-10|CBSE-7|CBSE-8|CBSE-9,123
6972,CBSE-7,41
6973,CBSE-7,42
6974,CBSE-10|CBSE-7|CBSE-8|CBSE-9,129
6975,CBSE-10|CBSE-7|CBSE-8|CBSE-9,130
7162,CBSE-10|CBSE-7|CBSE-8|CBSE-9,128
7163,CBSE-10|CBSE-7|CBSE-8|CBSE-9,124
7164,CBSE-10|CBSE-11|CBSE-8|CBSE-9,117
7165,CBSE-7,42
7166,CBSE-10|CBSE-7|CBSE-8|CBSE-9,128
7167,CBSE-6|CBSE-7|CBSE-8|CBSE-9,126
7169,CBSE-7,27
7173,CBSE-6|CBSE-7|CBSE-8|CBSE-9,119
7175,CBSE-7|CBSE-8,85
7438,CBSE-11|CBSE-12,34
7443,CBSE-11|CBSE-12,40
7454,CBSE-6|CBSE-7|CBSE-8|CBSE-9,132
7455,CBSE-6|CBSE-7|CBSE-8|CBSE-9,128
7461,CBSE-11|CBSE-12,25
7463,CBSE-6|CBSE-7|CBSE-8|CBSE-9,127
7478,CBSE-11|CBSE-12,39
7480,CBSE-10|CBSE-7|CBSE-8|CBSE-9,128
7481,CBSE-6|CBSE-7|CBSE-8|CBSE-9,127
7483,CBSE-6|CBSE-7|CBSE-8,112
7487,CBSE-10|CBSE-7|CBSE-8|CBSE-9,123
7488,CBSE-11|CBSE-12,30
7493,CBSE-10|CBSE-11|CBSE-8|CBSE-9,117
7497,CBSE-11|CBSE-12,30
7500,CBSE-11|CBSE-12,40
7507,CBSE-10|CBSE-7|CBSE-8|CBSE-9,124
7513,CBSE-11|CBSE-12,30
7521,CBSE-10|CBSE-7|CBSE-8|CBSE-9,123
7522,CBSE-11|CBSE-12,38
7529,CBSE-10|CBSE-11|CBSE-8|CBSE-9,116
7532,CBSE-11|CBSE-12,29
7533,CBSE-11|CBSE-12,35
7542,CBSE-10|CBSE-7|CBSE-8|CBSE-9,127
7547,CBSE-11|CBSE-12,29
7555,CBSE-11|CBSE-12,30
7557,CBSE-11|CBSE-12,39
7559,CBSE-11|CBSE-12,30
7563,CBSE-11|CBSE-12,41
7570,CBSE-10|CBSE-7|CBSE-8|CBSE-9,124
7578,CBSE-6|CBSE-7|CBSE-8|CBSE-9,128
7589,CBSE-11|CBSE-12,30
7591,CBSE-6|CBSE-7|CBSE-8|CBSE-9,132
7592,CBSE-11|CBSE-12,38
7600,CBSE-10|CBSE-7|CBSE-8|CBSE-9,124
7604,CBSE-11|CBSE-12,35
7607,CBSE-11|CBSE-12,30
7616,CBSE-6|CBSE-7|CBSE-8|CBSE-9,128
7633,CBSE-10|CBSE-11|CBSE-8|CBSE-9,117
7637,CBSE-10|CBSE-7|CBSE-8|CBSE-9,130
7638,CBSE-6|CBSE-7|CBSE-8|CBSE-9,132
7640,CBSE-11|CBSE-12,39
7653,CBSE-7,42
7657,CBSE-11|CBSE-12,40
7658,CBSE-11|CBSE-12,40
7678,CBSE-11|CBSE-12,30
7686,CBSE-6|CBSE-7,84
7687,CBSE-11|CBSE-12,39
7688,CBSE-10|CBSE-7|CBSE-8|CBSE-9,125
7692,CBSE-10|CBSE-7|CBSE-8|CBSE-9,116
7696,CBSE-11|CBSE-12,29
7697,CBSE-10|CBSE-7|CBSE-8|CBSE-9,123
7706,CBSE-11|CBSE-12,40
7708,CBSE-11|CBSE-12,40
7713,CBSE-10|CBSE-7|CBSE-8|CBSE-9,126
7718,CBSE-11|CBSE-12,38
7721,CBSE-10|CBSE-11|CBSE-12|CBSE-9,81
7728,CBSE-6|CBSE-7|CBSE-8|CBSE-9,128
7730,CBSE-11|CBSE-12,28
7740,CBSE-7|CBSE-8,84
7742,CBSE-6|CBSE-7|CBSE-8|CBSE-9,127
7743,CBSE-11|CBSE-12,39
7749,CBSE-6|CBSE-7|CBSE-8|CBSE-9,128
7750,CBSE-11|CBSE-12,30
7751,CBSE-10|CBSE-7|CBSE-8|CBSE-9,128
7878,CBSE-6|CBSE-7|CBSE-8|CBSE-9,113
7880,CBSE-6|CBSE-7|CBSE-8|CBSE-9,113
7922,CBSE-10|CBSE-11|CBSE-8|CBSE-9,117
7927,CBSE-11|CBSE-12,29
7931,CBSE-11|CBSE-12,37
7935,CBSE-7,42
7937,CBSE-11|CBSE-12,41
7945,CBSE-11|CBSE-12,30
7948,CBSE-11|CBSE-12,40
7949,CBSE-6,40
7957,CBSE-10|CBSE-11|CBSE-8|CBSE-9,115
7958,CBSE-11|CBSE-12,30
8002,CBSE-6|CBSE-7|CBSE-8|CBSE-9,128
8003,CBSE-6,36
8006,CBSE-6|CBSE-7|CBSE-8|CBSE-9,127
8007,CBSE-6|CBSE-7|CBSE-8,113
8008,CBSE-6|CBSE-7|CBSE-8|CBSE-9,128
8010,CBSE-5|CBSE-6,59
8014,CBSE-6|CBSE-7|CBSE-8|CBSE-9,126
8016,CBSE-6|CBSE-7|CBSE-8|CBSE-9,127
8018,CBSE-6|CBSE-7|CBSE-8|CBSE-9,127
8020,CBSE-6|CBSE-7|CBSE-8|CBSE-9,118
8021,CBSE-6|CBSE-7|CBSE-8|CBSE-9,121
8022,CBSE-6,42
8023,CBSE-6|CBSE-7|CBSE-8|CBSE-9,132
8024,CBSE-6,42
8025,CBSE-6|CBSE-7|CBSE-8|CBSE-9,128
8026,CBSE-6|CBSE-7|CBSE-8|CBSE-9,128
8027,CBSE-6|CBSE-7|CBSE-8|CBSE-9,121
8028,CBSE-6|CBSE-7|CBSE-8|CBSE-9,132
8029,CBSE-6|CBSE-7|CBSE-8|CBSE-9,127
8030,CBSE-6|CBSE-7|CBSE-8|CBSE-9,120
8032,CBSE-6|CBSE-7|CBSE-8|CBSE-9,133
8033,CBSE-6|CBSE-7|CBSE-8|CBSE-9,123
8034,CBSE-6|CBSE-7|CBSE-8|CBSE-9,128
8035,CBSE-6|CBSE-7|CBSE-8|CBSE-9,105
8038,CBSE-6|CBSE-7|CBSE-8|CBSE-9,127
8039,CBSE-6|CBSE-7|CBSE-8|CBSE-9,128
8040,CBSE-6|CBSE-7|CBSE-8|CBSE-9,127
8041,CBSE-6|CBSE-7|CBSE-8|CBSE-9,127
8042,CBSE-6|CBSE-7|CBSE-8|CBSE-9,128
8043,CBSE-6|CBSE-7,84
8044,CBSE-6|CBSE-7|CBSE-8|CBSE-9,127
8049,CBSE-6|CBSE-7|CBSE-8|CBSE-9,127
8050,CBSE-6|CBSE-7|CBSE-8|CBSE-9,128
8051,CBSE-6|CBSE-7|CBSE-8|CBSE-9,127
8052,CBSE-6,42
8054,CBSE-6|CBSE-7|CBSE-8,113
8055,CBSE-6,26
8057,CBSE-6|CBSE-7|CBSE-8|CBSE-9,127
8060,CBSE-6|CBSE-7|CBSE-8|CBSE-9,127
8061,CBSE-6|CBSE-7|CBSE-8|CBSE-9,127
8064,CBSE-6|CBSE-7|CBSE-8|CBSE-9,127
8065,CBSE-6|CBSE-7|CBSE-8|CBSE-9,128
8066,CBSE-6|CBSE-7|CBSE-8|CBSE-9,121
8067,CBSE-6|CBSE-7|CBSE-8|CBSE-9,127
8068,CBSE-6|CBSE-7|CBSE-8|CBSE-9,128
8069,CBSE-6|CBSE-7|CBSE-8|CBSE-9,128
8070,CBSE-6|CBSE-7|CBSE-8|CBSE-9,128
8072,CBSE-6|CBSE-7|CBSE-8|CBSE-9,127
8073,CBSE-6|CBSE-7|CBSE-8|CBSE-9,126
8074,CBSE-6|CBSE-7|CBSE-8|CBSE-9,115
8075,CBSE-6|CBSE-7|CBSE-8|CBSE-9,128
8076,CBSE-6|CBSE-7|CBSE-8|CBSE-9,126
8077,CBSE-6,21
8079,CBSE-6|CBSE-7|CBSE-8|CBSE-9,127
8080,CBSE-6|CBSE-7|CBSE-8|CBSE-9,127
8081,CBSE-6,42
8082,CBSE-6|CBSE-7|CBSE-8|CBSE-9,123
8083,CBSE-6|CBSE-7|CBSE-8|CBSE-9,132
8084,CBSE-5|CBSE-6|CBSE-7|CBSE-8,127
8085,CBSE-6|CBSE-7|CBSE-8|CBSE-9,125
8086,CBSE-6|CBSE-7|CBSE-8|CBSE-9,128
8087,CBSE-6|CBSE-7|CBSE-8|CBSE-9,121
8088,CBSE-6|CBSE-7|CBSE-8|CBSE-9,121
8089,CBSE-6|CBSE-7|CBSE-8|CBSE-9,128
8090,CBSE-6|CBSE-7|CBSE-8|CBSE-9,128
8092,CBSE-6|CBSE-7|CBSE-8|CBSE-9,128
8093,CBSE-6|CBSE-7|CBSE-8|CBSE-9,127
8094,CBSE-6|CBSE-7|CBSE-8|CBSE-9,127
8095,CBSE-6|CBSE-7|CBSE-8|CBSE-9,128
8098,CBSE-6|CBSE-7|CBSE-8|CBSE-9,123
8099,CBSE-6|CBSE-7|CBSE-8,112
8100,CBSE-6|CBSE-7|CBSE-8|CBSE-9,127
8103,CBSE-6|CBSE-7|CBSE-8|CBSE-9,127
8104,CBSE-6|CBSE-7|CBSE-8|CBSE-9,115
8106,CBSE-6|CBSE-7|CBSE-8|CBSE-9,127
8107,CBSE-6|CBSE-7|CBSE-8|CBSE-9,128
8108,CBSE-6|CBSE-7|CBSE-8|CBSE-9,127
8109,CBSE-6|CBSE-7|CBSE-8|CBSE-9,127
8110,CBSE-5|CBSE-6|CBSE-7|CBSE-8,129
8111,CBSE-6|CBSE-7|CBSE-8|CBSE-9,127
8112,CBSE-6|CBSE-7|CBSE-8|CBSE-9,116
8113,CBSE-6|CBSE-7|CBSE-8|CBSE-9,127
8114,CBSE-6|CBSE-7|CBSE-8|CBSE-9,127
8115,CBSE-6|CBSE-7|CBSE-8|CBSE-9,128
8118,CBSE-6|CBSE-7|CBSE-8|CBSE-9,124
8120,CBSE-6|CBSE-7|CBSE-8|CBSE-9,128
8121,CBSE-6|CBSE-7|CBSE-8|CBSE-9,127
8122,CBSE-6|CBSE-7|CBSE-8|CBSE-9,128
8123,CBSE-6|CBSE-7|CBSE-8|CBSE-9,132
8124,CBSE-6|CBSE-7|CBSE-8|CBSE-9,128
8125,CBSE-6|CBSE-7|CBSE-8|CBSE-9,121
8126,CBSE-6|CBSE-7|CBSE-8|CBSE-9,127
8127,CBSE-6|CBSE-7|CBSE-8,112
8128,CBSE-6|CBSE-7|CBSE-8|CBSE-9,126
8129,CBSE-6|CBSE-7|CBSE-8|CBSE-9,127
8130,CBSE-6|CBSE-7|CBSE-8|CBSE-9,128
8131,CBSE-6|CBSE-7|CBSE-8|CBSE-9,127
8132,CBSE-6|CBSE-7|CBSE-8|CBSE-9,121
8134,CBSE-6|CBSE-7|CBSE-8|CBSE-9,128
8136,CBSE-6|CBSE-7|CBSE-8|CBSE-9,123
8137,CBSE-6|CBSE-7|CBSE-8|CBSE-9,127
8140,CBSE-6|CBSE-7|CBSE-8|CBSE-9,127
8145,CBSE-6|CBSE-7|CBSE-8|CBSE-9,132
8146,CBSE-6|CBSE-7|CBSE-8|CBSE-9,128
8147,CBSE-6|CBSE-7|CBSE-8|CBSE-9,127
8148,CBSE-6|CBSE-7,84
8149,CBSE-6|CBSE-7|CBSE-8|CBSE-9,128
8150,CBSE-6|CBSE-7|CBSE-8|CBSE-9,122
8151,CBSE-6|CBSE-7|CBSE-8|CBSE-9,128
8152,CBSE-6|CBSE-7|CBSE-8|CBSE-9,127
8153,CBSE-6|CBSE-7|CBSE-8|CBSE-9,120
8154,CBSE-6|CBSE-7|CBSE-8|CBSE-9,127
8156,CBSE-6|CBSE-7|CBSE-8|CBSE-9,125
8157,CBSE-6|CBSE-7|CBSE-8|CBSE-9,127
8158,CBSE-6|CBSE-7|CBSE-8|CBSE-9,128
8159,CBSE-6|CBSE-7|CBSE-8|CBSE-9,127
8162,CBSE-6|CBSE-7|CBSE-8|CBSE-9,127
8163,CBSE-6|CBSE-7|CBSE-8,78
8166,CBSE-6|CBSE-7|CBSE-8|CBSE-9,127
8167,CBSE-6|CBSE-7|CBSE-8|CBSE-9,128
8169,CBSE-6|CBSE-7|CBSE-8|CBSE-9,127
8170,CBSE-6|CBSE-7|CBSE-8|CBSE-9,125
8172,CBSE-6|CBSE-7|CBSE-8|CBSE-9,127
8173,CBSE-6|CBSE-7|CBSE-8|CBSE-9,128
8175,CBSE-6|CBSE-7|CBSE-8,112
8177,CBSE-6|CBSE-7|CBSE-8|CBSE-9,128
8178,CBSE-6|CBSE-7|CBSE-8|CBSE-9,128
8179,CBSE-6|CBSE-7|CBSE-8|CBSE-9,121
8181,CBSE-6|CBSE-7|CBSE-8|CBSE-9,127
8182,CBSE-6,42
8183,CBSE-6|CBSE-7|CBSE-8|CBSE-9,127
8185,CBSE-6|CBSE-7|CBSE-8|CBSE-9,127
8186,CBSE-6|CBSE-7|CBSE-8|CBSE-9,127
8187,CBSE-6|CBSE-7|CBSE-8|CBSE-9,128
8188,CBSE-6|CBSE-7|CBSE-8,96
8189,CBSE-6|CBSE-7|CBSE-8|CBSE-9,125
8190,CBSE-6|CBSE-7|CBSE-8|CBSE-9,127
8191,CBSE-6|CBSE-7|CBSE-8|CBSE-9,127
8192,CBSE-6|CBSE-7|CBSE-8|CBSE-9,128
8193,CBSE-6|CBSE-7,84
8194,CBSE-6|CBSE-7|CBSE-8,113
8195,CBSE-6|CBSE-7,84
8196,CBSE-6|CBSE-7|CBSE-8,104
8197,CBSE-6|CBSE-7|CBSE-8|CBSE-9,128
8200,CBSE-6|CBSE-7|CBSE-8|CBSE-9,127
8202,CBSE-6|CBSE-7|CBSE-8|CBSE-9,127
8203,CBSE-6|CBSE-7|CBSE-8|CBSE-9,127
8204,CBSE-6|CBSE-7,84
8205,CBSE-6|CBSE-7|CBSE-8|CBSE-9,128
8207A,CBSE-6|CBSE-7|CBSE-8|CBSE-9,132
8208,CBSE-6|CBSE-7|CBSE-8|CBSE-9,128
8209,CBSE-6|CBSE-7|CBSE-8,112
8210,CBSE-6|CBSE-7|CBSE-8|CBSE-9,126
8211,CBSE-6|CBSE-7|CBSE-8|CBSE-9,126
8212,CBSE-6|CBSE-7|CBSE-8|CBSE-9,123
8213,CBSE-6|CBSE-7|CBSE-8|CBSE-9,127
8214,CBSE-6|CBSE-7|CBSE-8|CBSE-9,127
8215,CBSE-6|CBSE-7|CBSE-8|CBSE-9,124
8216,CBSE-6|CBSE-7|CBSE-8|CBSE-9,121
8219,CBSE-6|CBSE-7|CBSE-8|CBSE-9,128
8220,CBSE-6|CBSE-7|CBSE-8|CBSE-9,126
8221,CBSE-6|CBSE-7|CBSE-8|CBSE-9,120
8224,CBSE-6|CBSE-7|CBSE-8|CBSE-9,127
8227,CBSE-6|CBSE-7|CBSE-8|CBSE-9,128
8228,CBSE-6|CBSE-7|CBSE-8|CBSE-9,125
8229,CBSE-6|CBSE-7|CBSE-8|CBSE-9,127
8230,CBSE-6|CBSE-7|CBSE-8|CBSE-9,128
8231,CBSE-6|CBSE-7|CBSE-8|CBSE-9,132
8232,CBSE-6|CBSE-7|CBSE-8|CBSE-9,127
8233,CBSE-6|CBSE-7|CBSE-8|CBSE-9,128
8234,CBSE-6|CBSE-7|CBSE-8|CBSE-9,128
8236,CBSE-6|CBSE-7|CBSE-8|CBSE-9,128
8237,CBSE-6|CBSE-7,48
8240,CBSE-6|CBSE-7|CBSE-8|CBSE-9,126
8241,CBSE-6|CBSE-7|CBSE-8|CBSE-9,123
8242,CBSE-6|CBSE-7|CBSE-8|CBSE-9,127
8243,CBSE-6|CBSE-7|CBSE-8|CBSE-9,128
8244,CBSE-6|CBSE-7|CBSE-8|CBSE-9,127
8245,CBSE-6|CBSE-7|CBSE-8|CBSE-9,132
8249,CBSE-6|CBSE-7|CBSE-8|CBSE-9,120
8250,CBSE-6|CBSE-7|CBSE-8,112
8252,CBSE-6|CBSE-7|CBSE-8|CBSE-9,128
8254,CBSE-6|CBSE-7|CBSE-8,100
8255,CBSE-6|CBSE-7|CBSE-8|CBSE-9,127
8256,CBSE-6|CBSE-7|CBSE-8|CBSE-9,128
8258,CBSE-6|CBSE-7|CBSE-8|CBSE-9,132
8260,CBSE-6|CBSE-7|CBSE-8|CBSE-9,127
8262,CBSE-6|CBSE-7|CBSE-8|CBSE-9,128
8264,CBSE-6|CBSE-7|CBSE-8|CBSE-9,128
8265,CBSE-6|CBSE-7|CBSE-8|CBSE-9,127
8266,CBSE-6|CBSE-7|CBSE-8|CBSE-9,111
8267,CBSE-6|CBSE-7|CBSE-8|CBSE-9,119
8268,CBSE-6|CBSE-7|CBSE-8|CBSE-9,125
8270,CBSE-6|CBSE-7|CBSE-8|CBSE-9,128
8273,CBSE-6|CBSE-7|CBSE-8|CBSE-9,128
8274,CBSE-6|CBSE-7|CBSE-8|CBSE-9,127
8275,CBSE-6|CBSE-7|CBSE-8|CBSE-9,128
8276,CBSE-6|CBSE-7|CBSE-8|CBSE-9,128
8277,CBSE-6|CBSE-7|CBSE-8|CBSE-9,127
8278,CBSE-6|CBSE-7|CBSE-8|CBSE-9,115
8279,CBSE-6|CBSE-7|CBSE-8|CBSE-9,127
8280,CBSE-6|CBSE-7|CBSE-8|CBSE-9,127
8282,CBSE-6|CBSE-7|CBSE-8|CBSE-9,127
8283,CBSE-6|CBSE-7|CBSE-8|CBSE-9,90
8284,CBSE-6,42
8286,CBSE-6|CBSE-7|CBSE-8|CBSE-9,127
8287,CBSE-6|CBSE-7|CBSE-8|CBSE-9,127
8289,CBSE-6|CBSE-7|CBSE-8|CBSE-9,128
8290,CBSE-6|CBSE-7|CBSE-8|CBSE-9,127
8291,CBSE-6|CBSE-7|CBSE-8|CBSE-9,127
8292,CBSE-6|CBSE-7|CBSE-8|CBSE-9,128
8293,CBSE-6|CBSE-7|CBSE-8|CBSE-9,128
8294,CBSE-6|CBSE-7|CBSE-8|CBSE-9,127
8295,CBSE-6|CBSE-7|CBSE-8|CBSE-9,128
8296,CBSE-6|CBSE-7|CBSE-8|CBSE-9,128
8297,CBSE-6|CBSE-7|CBSE-8|CBSE-9,127
8300,CBSE-6|CBSE-7|CBSE-8|CBSE-9,127
8301,CBSE-6|CBSE-7|CBSE-8|CBSE-9,128
8302,CBSE-6|CBSE-7|CBSE-8|CBSE-9,127
8303,CBSE-6|CBSE-7|CBSE-8|CBSE-9,127
8304,CBSE-6|CBSE-7|CBSE-8|CBSE-9,128
8305,CBSE-6|CBSE-7|CBSE-8|CBSE-9,128
8306,CBSE-6|CBSE-7|CBSE-8|CBSE-9,120
8307,CBSE-6|CBSE-7|CBSE-8|CBSE-9,121
8308,CBSE-6|CBSE-7|CBSE-8|CBSE-9,123
8309,CBSE-6|CBSE-7|CBSE-8|CBSE-9,127
8310,CBSE-6|CBSE-7|CBSE-8|CBSE-9,128
8311,CBSE-6|CBSE-7|CBSE-8|CBSE-9,127
8312,CBSE-6|CBSE-7|CBSE-8|CBSE-9,127
8313,CBSE-6|CBSE-7|CBSE-8,105
8314,CBSE-6|CBSE-7|CBSE-8|CBSE-9,117
8316,CBSE-6|CBSE-7|CBSE-8|CBSE-9,127
8317,CBSE-6|CBSE-7|CBSE-8|CBSE-9,128
8321,CBSE-6|CBSE-7|CBSE-8|CBSE-9,128
8322,CBSE-5,18
8323,CBSE-6|CBSE-7|CBSE-8|CBSE-9,123
8324,CBSE-6|CBSE-7|CBSE-8|CBSE-9,128
8325,CBSE-6|CBSE-7|CBSE-8|CBSE-9,127
8326,CBSE-6|CBSE-7|CBSE-8|CBSE-9,132
8328,CBSE-6|CBSE-7|CBSE-8|CBSE-9,128
8331,CBSE-6|CBSE-7|CBSE-8|CBSE-9,128
8332,CBSE-6|CBSE-7|CBSE-8|CBSE-9,122
8333,CBSE-6|CBSE-7|CBSE-8|CBSE-9,132
8334,CBSE-6|CBSE-7|CBSE-8|CBSE-9,126
8335,CBSE-6|CBSE-7|CBSE-8|CBSE-9,128
8336,CBSE-6|CBSE-7|CBSE-8|CBSE-9,123
8339,CBSE-6|CBSE-7|CBSE-8|CBSE-9,127
8340,CBSE-6|CBSE-7|CBSE-8|CBSE-9,127
8341,CBSE-6|CBSE-7|CBSE-8|CBSE-9,127
8342,CBSE-6|CBSE-7|CBSE-8|CBSE-9,127
8344,CBSE-6|CBSE-7|CBSE-8|CBSE-9,127
8346,CBSE-6|CBSE-7|CBSE-8|CBSE-9,128
8348,CBSE-6,42
8349,CBSE-6|CBSE-7|CBSE-8|CBSE-9,128
8351,CBSE-6|CBSE-7|CBSE-8|CBSE-9,127
8354,CBSE-6|CBSE-7|CBSE-8|CBSE-9,127
8355,CBSE-6|CBSE-7|CBSE-8|CBSE-9,128
8356,CBSE-6|CBSE-7|CBSE-8|CBSE-9,127
8357,CBSE-6|CBSE-7|CBSE-8,152
8358,CBSE-6|CBSE-7|CBSE-8|CBSE-9,127
8359,CBSE-6|CBSE-7|CBSE-8|CBSE-9,127
8360,CBSE-6|CBSE-7|CBSE-8|CBSE-9,128
8361,CBSE-6|CBSE-7|CBSE-8|CBSE-9,128
8363,CBSE-6|CBSE-7|CBSE-8|CBSE-9,127
8364,CBSE-6|CBSE-7|CBSE-8|CBSE-9,127
8366,CBSE-6|CBSE-7|CBSE-8|CBSE-9,128
8367,CBSE-6|CBSE-7|CBSE-8|CBSE-9,127
8370,CBSE-6|CBSE-7|CBSE-8|CBSE-9,126
8371,CBSE-6|CBSE-7|CBSE-8|CBSE-9,128
8373,CBSE-6|CBSE-7|CBSE-8|CBSE-9,132
8377,CBSE-6|CBSE-7|CBSE-8|CBSE-9,132
8378,CBSE-6|CBSE-7|CBSE-8|CBSE-9,128
8381,CBSE-6|CBSE-7|CBSE-8|CBSE-9,127
8382,CBSE-6|CBSE-7|CBSE-8|CBSE-9,128
8386,CBSE-6|CBSE-7|CBSE-8|CBSE-9,128
8387,CBSE-6|CBSE-7|CBSE-8|CBSE-9,128
8388,CBSE-6|CBSE-7|CBSE-8|CBSE-9,128
8389,CBSE-6|CBSE-7|CBSE-8|CBSE-9,128
8390,CBSE-6|CBSE-7|CBSE-8|CBSE-9,125
8391,CBSE-6|CBSE-7|CBSE-8|CBSE-9,131
8392,CBSE-6|CBSE-7|CBSE-8|CBSE-9,128
8393,CBSE-6|CBSE-7|CBSE-8|CBSE-9,128
8394,CBSE-6|CBSE-7|CBSE-8|CBSE-9,127
8397,CBSE-6|CBSE-7|CBSE-8|CBSE-9,128
8399,CBSE-6|CBSE-7|CBSE-8|CBSE-9,126
8400,CBSE-6|CBSE-7|CBSE-8|CBSE-9,127
8406,CBSE-6|CBSE-7|CBSE-8|CBSE-9,127
8408,CBSE-6|CBSE-7|CBSE-8|CBSE-9,128
8411,CBSE-6|CBSE-7|CBSE-8|CBSE-9,128
8416,CBSE-6|CBSE-7|CBSE-8|CBSE-9,128
8417,CBSE-6|CBSE-7|CBSE-8|CBSE-9,132
8422,CBSE-6|CBSE-7|CBSE-8|CBSE-9,127
8424,CBSE-6|CBSE-7|CBSE-8|CBSE-9,128
8426,CBSE-6|CBSE-7|CBSE-8|CBSE-9,128
8427,CBSE-6|CBSE-7|CBSE-8|CBSE-9,128
8428,CBSE-6|CBSE-7|CBSE-8|CBSE-9,126
8429,CBSE-6|CBSE-7|CBSE-8|CBSE-9,122
8430,CBSE-6|CBSE-7|CBSE-8|CBSE-9,128
8431,CBSE-6|CBSE-7|CBSE-8,112
8432,CBSE-6|CBSE-7|CBSE-8|CBSE-9,127
8434,CBSE-6|CBSE-7|CBSE-8|CBSE-9,127
8436,CBSE-6|CBSE-7|CBSE-8|CBSE-9,118
8437,CBSE-6|CBSE-7|CBSE-8|CBSE-9,127
8439,CBSE-6|CBSE-7|CBSE-8|CBSE-9,124
8440,CBSE-6|CBSE-7|CBSE-8|CBSE-9,132
8441,CBSE-6|CBSE-7,84
8443,CBSE-6|CBSE-7|CBSE-8|CBSE-9,127
8445,CBSE-6|CBSE-7|CBSE-8|CBSE-9,128
8446,CBSE-6|CBSE-7|CBSE-8|CBSE-9,128
8447,CBSE-6|CBSE-7|CBSE-8|CBSE-9,127
8450,CBSE-6|CBSE-7|CBSE-8|CBSE-9,122
8453,CBSE-6,42
8454,CBSE-6|CBSE-7|CBSE-8|CBSE-9,127
8455,CBSE-6|CBSE-7|CBSE-8|CBSE-9,127
8456,CBSE-6|CBSE-7|CBSE-8|CBSE-9,128
8457,CBSE-6,39
8464,CBSE-10|CBSE-7|CBSE-8|CBSE-9,129
8477,CBSE-10|CBSE-7|CBSE-8|CBSE-9,127
8483,CBSE-10|CBSE-7|CBSE-8|CBSE-9,124
8498,CBSE-10|CBSE-7|CBSE-8|CBSE-9,124
8501,CBSE-10|CBSE-11|CBSE-8|CBSE-9,120
8504,CBSE-10|CBSE-11|CBSE-8|CBSE-9,117
8506,CBSE-10|CBSE-11|CBSE-8|CBSE-9,117
8507,CBSE-10|CBSE-11|CBSE-8|CBSE-9,116
8509,CBSE-10|CBSE-11|CBSE-8|CBSE-9,117
8510,CBSE-10|CBSE-11|CBSE-8|CBSE-9,115
8511,CBSE-10|CBSE-11|CBSE-8|CBSE-9,116
8512,CBSE-10|CBSE-11|CBSE-8|CBSE-9,117
8513,CBSE-10|CBSE-11|CBSE-8|CBSE-9,117
8514,CBSE-10|CBSE-11|CBSE-8|CBSE-9,117
8516,CBSE-10|CBSE-11|CBSE-8|CBSE-9,116
8519,CBSE-10|CBSE-11|CBSE-8|CBSE-9,117
8520,CBSE-10|CBSE-11|CBSE-8|CBSE-9,117
8521,CBSE-10|CBSE-11|CBSE-8|CBSE-9,116
8524,CBSE-10|CBSE-11|CBSE-8|CBSE-9,120
8525,CBSE-10|CBSE-8|CBSE-9,107
8526,CBSE-10|CBSE-11|CBSE-8|CBSE-9,116
8527,CBSE-10|CBSE-11|CBSE-8|CBSE-9,120
8529,CBSE-10|CBSE-11|CBSE-8|CBSE-9,117
8530,CBSE-10|CBSE-11|CBSE-8|CBSE-9,117
8533,CBSE-10|CBSE-11|CBSE-8|CBSE-9,117
8534,CBSE-10|CBSE-11|CBSE-8|CBSE-9,116
8535,CBSE-10|CBSE-11|CBSE-8|CBSE-9,117
8536,CBSE-10|CBSE-11|CBSE-8|CBSE-9,117
8537,CBSE-10|CBSE-11|CBSE-8|CBSE-9,109
8540,CBSE-10|CBSE-11|CBSE-8|CBSE-9,120
8541,CBSE-10|CBSE-11|CBSE-8|CBSE-9,112
8543,CBSE-10|CBSE-11|CBSE-8|CBSE-9,110
8544,CBSE-10|CBSE-11|CBSE-8|CBSE-9,112
8548,CBSE-10|CBSE-11|CBSE-12|CBSE-9,86
8549,CBSE-10|CBSE-11|CBSE-12|CBSE-9,83
8554,CBSE-10|CBSE-11|CBSE-8|CBSE-9,117
8556,CBSE-10|CBSE-11|CBSE-12|CBSE-9,74
8557,CBSE-10|CBSE-11|CBSE-12|CBSE-9,86
8558,CBSE-10|CBSE-11|CBSE-12|CBSE-9,80
8559,CBSE-10|CBSE-11|CBSE-12|CBSE-9,86
8560,CBSE-10|CBSE-11|CBSE-12|CBSE-9,81
8561,CBSE-10|CBSE-9,60
8563,CBSE-10|CBSE-11|CBSE-12|CBSE-9,88
8564,CBSE-10|CBSE-11|CBSE-12|CBSE-9,86
8565,CBSE-10|CBSE-9,60
8566,CBSE-10|CBSE-11|CBSE-12|CBSE-9,85
8568,CBSE-10|CBSE-11|CBSE-12|CBSE-9,87
8571,CBSE-10|CBSE-9,58
8572,CBSE-10|CBSE-11|CBSE-12|CBSE-9,85
8573,CBSE-10|CBSE-11|CBSE-12|CBSE-9,82
8574,CBSE-10|CBSE-11|CBSE-12|CBSE-9,83
8576,CBSE-10|CBSE-11|CBSE-12|CBSE-9,80
8577,CBSE-10|CBSE-11|CBSE-12|CBSE-9,83
8578,CBSE-10|CBSE-11|CBSE-12|CBSE-9,88
8579,CBSE-10|CBSE-11|CBSE-12|CBSE-9,85
8580,CBSE-10|CBSE-9,60
8582,CBSE-10|CBSE-9,60
8583,CBSE-10|CBSE-11|CBSE-12|CBSE-9,86
8585,CBSE-10|CBSE-9,60
8587,CBSE-10|CBSE-11|CBSE-12|CBSE-9,88
8588,CBSE-10|CBSE-9,60
8589,CBSE-10|CBSE-11|CBSE-12|CBSE-9,86
8590,CBSE-10|CBSE-11|CBSE-12|CBSE-9,87
8595,CBSE-11|CBSE-12,35
8596,CBSE-11|CBSE-12,35
8597,CBSE-11|CBSE-12,40
8598,CBSE-11|CBSE-12,34
8599,CBSE-11,20
8600,CBSE-11|CBSE-12,34
8638,CBSE-10|CBSE-7|CBSE-8|CBSE-9,131
8643,CBSE-10|CBSE-7|CBSE-8|CBSE-9,114
8647,CBSE-6|CBSE-7|CBSE-8|CBSE-9,127
8658,CBSE-10|CBSE-7|CBSE-8|CBSE-9,127
8662,CBSE-10|CBSE-7|CBSE-8|CBSE-9,130
8664,CBSE-10|CBSE-7|CBSE-8|CBSE-9,127
8667,CBSE-10|CBSE-7|CBSE-8|CBSE-9,124
8677,CBSE-10|CBSE-7|CBSE-8|CBSE-9,127
8678,CBSE-10|CBSE-7|CBSE-8|CBSE-9,125
8741,CBSE-10|CBSE-11|CBSE-8|CBSE-9,117
8934,CBSE-10|CBSE-7|CBSE-8|CBSE-9,126
8964,CBSE-6|CBSE-7|CBSE-8|CBSE-9,123
8990,CBSE-6|CBSE-7|CBSE-8|CBSE-9,128
8992,CBSE-10|CBSE-9,59
9002,CBSE-10|CBSE-11|CBSE-8|CBSE-9,120
9011,CBSE-5|CBSE-6|CBSE-7|CBSE-8,131
9015,CBSE-7,42
9016,CBSE-7,36
9018,CBSE-6|CBSE-7|CBSE-8|CBSE-9,127
9030,CBSE-5|CBSE-6|CBSE-7,89
9033,CBSE-5|CBSE-6,61
9034,CBSE-5|CBSE-6|CBSE-7|CBSE-8,130
9042,CBSE-5|CBSE-6|CBSE-7|CBSE-8,122
9044,CBSE-5|CBSE-6,60
9046,CBSE-5|CBSE-6|CBSE-7,65
9047,CBSE-5|CBSE-6|CBSE-7|CBSE-8,131
9048,CBSE-5|CBSE-6|CBSE-7|CBSE-8,135
9055,CBSE-10|CBSE-11|CBSE-8|CBSE-9,117
9056,CBSE-11|CBSE-12,30
9058,CBSE-5|CBSE-6|CBSE-7,82
9060,CBSE-10|CBSE-11|CBSE-8|CBSE-9,117
9061,CBSE-6|CBSE-7|CBSE-8|CBSE-9,127
9067,CBSE-6|CBSE-7|CBSE-8|CBSE-9,127
9069,CBSE-10|CBSE-11|CBSE-8|CBSE-9,121
9076,CBSE-10|CBSE-11|CBSE-12|CBSE-9,85
9077,CBSE-6|CBSE-7|CBSE-8|CBSE-9,127
9078,CBSE-10|CBSE-11|CBSE-8|CBSE-9,117
9079,CBSE-11|CBSE-12,38
9080,CBSE-11|CBSE-12,38
9081,CBSE-10|CBSE-11|CBSE-12|CBSE-9,86
9083,CBSE-6|CBSE-7|CBSE-8|CBSE-9,128
9085,CBSE-6|CBSE-7|CBSE-8|CBSE-9,127
9088,CBSE-5|CBSE-6,48
9090,CBSE-10|CBSE-7|CBSE-8|CBSE-9,124
9091,CBSE-11|CBSE-12,38
9093,CBSE-10|CBSE-7|CBSE-8|CBSE-9,122
9095,CBSE-6|CBSE-7|CBSE-8,112
9096,CBSE-5|CBSE-6|CBSE-7,83
9102,CBSE-10|CBSE-7|CBSE-8|CBSE-9,127
9104,CBSE-10|CBSE-7|CBSE-8|CBSE-9,123
9106,CBSE-10|CBSE-11|CBSE-12|CBSE-9,84
9109,CBSE-10|CBSE-11|CBSE-8|CBSE-9,117
9111,CBSE-10|CBSE-11|CBSE-12|CBSE-9,88
9114,CBSE-11|CBSE-12,35
9117,CBSE-11|CBSE-12,32
9120,CBSE-5|CBSE-6|CBSE-7|CBSE-8,131
9121,CBSE-10|CBSE-7|CBSE-8|CBSE-9,129
9123,CBSE-11,20
9124,CBSE-6|CBSE-7|CBSE-8|CBSE-9,127
9125,CBSE-6|CBSE-7|CBSE-8|CBSE-9,128
9126,CBSE-10|CBSE-11|CBSE-12|CBSE-9,86
9128,CBSE-10|CBSE-11|CBSE-12|CBSE-9,85
9129,CBSE-10|CBSE-7|CBSE-8|CBSE-9,127
9131,CBSE-10|CBSE-11|CBSE-12|CBSE-9,77
9132,CBSE-11|CBSE-12,37
9133,CBSE-5|CBSE-6|CBSE-7|CBSE-8,131
9135,CBSE-11|CBSE-12,30
9137,CBSE-6|CBSE-7|CBSE-8|CBSE-9,128
9138,CBSE-10|CBSE-11|CBSE-12|CBSE-9,85
9143,CBSE-6|CBSE-7|CBSE-8|CBSE-9,120
9145,CBSE-11|CBSE-12,38
9147,CBSE-6|CBSE-7|CBSE-8|CBSE-9,128
9148,CBSE-11,15
9150,CBSE-11|CBSE-12,39
9151,CBSE-10|CBSE-7|CBSE-8|CBSE-9,124
9152,CBSE-11|CBSE-12,30
9153,CBSE-6|CBSE-7|CBSE-8,113
9154,CBSE-11|CBSE-12,31
9155,CBSE-6|CBSE-7|CBSE-8|CBSE-9,128
9156,CBSE-10|CBSE-7|CBSE-8|CBSE-9,124
9158,CBSE-10|CBSE-7|CBSE-8|CBSE-9,131
9160,CBSE-6|CBSE-7|CBSE-8|CBSE-9,127
9163,CBSE-10|CBSE-9,42
9167,CBSE-11|CBSE-12,30
9168,CBSE-11|CBSE-12,30
9174,CBSE-10|CBSE-11|CBSE-12|CBSE-9,85
9177,CBSE-10|CBSE-9,60
9182,CBSE-6|CBSE-7|CBSE-8|CBSE-9,128
9183,CBSE-10|CBSE-11|CBSE-8|CBSE-9,117
9184,CBSE-10|CBSE-7|CBSE-8|CBSE-9,127
9185,CBSE-10|CBSE-11|CBSE-12|CBSE-9,87
9186,CBSE-9,30
9187,CBSE-11|CBSE-12,35
9188,CBSE-5|CBSE-6|CBSE-7|CBSE-8,131
9189,CBSE-10|CBSE-8|CBSE-9,107
9191,CBSE-10|CBSE-11|CBSE-8|CBSE-9,116
9192,CBSE-11|CBSE-12,30
9193,CBSE-10|CBSE-11|CBSE-12|CBSE-9,78
9195,CBSE-6|CBSE-7|CBSE-8|CBSE-9,127
9196,CBSE-10|CBSE-7|CBSE-8|CBSE-9,125
9200,CBSE-5|CBSE-6|CBSE-7|CBSE-8,131
9201,CBSE-11|CBSE-12,30
9204,CBSE-10|CBSE-9,60
9205,CBSE-5|CBSE-6|CBSE-7|CBSE-8,131
9209,CBSE-10|CBSE-7|CBSE-8|CBSE-9,120
9212,CBSE-5|CBSE-6|CBSE-7|CBSE-8,131
9218,CBSE-6|CBSE-7|CBSE-8|CBSE-9,121
9222,CBSE-10|CBSE-11|CBSE-8|CBSE-9,117
9228,CBSE-11|CBSE-12,40
9230,CBSE-11|CBSE-12,30
9238,CBSE-10|CBSE-7|CBSE-8|CBSE-9,125
9240,CBSE-11|CBSE-12,29
9241,CBSE-11|CBSE-12,30
9252,CBSE-11|CBSE-12,30
9255,CBSE-11|CBSE-12,40
9262,CBSE-6|CBSE-7|CBSE-8|CBSE-9,127
9263,CBSE-10|CBSE-11|CBSE-8|CBSE-9,117
9264,CBSE-6|CBSE-7|CBSE-8|CBSE-9,127
9265,CBSE-10|CBSE-11|CBSE-8|CBSE-9,117
9267,CBSE-5|CBSE-6|CBSE-7|CBSE-8,113
9269,CBSE-5,19
9273,CBSE-10|CBSE-11|CBSE-8|CBSE-9,120
9275,CBSE-11|CBSE-12,41
9276,CBSE-6|CBSE-7|CBSE-8|CBSE-9,127
9280,CBSE-5|CBSE-6|CBSE-7|CBSE-8,128
9281,CBSE-5,19
9283,CBSE-5,19
9284,CBSE-5|CBSE-6|CBSE-8,78
9287,CBSE-10|CBSE-7|CBSE-8|CBSE-9,128
9289,CBSE-5|CBSE-6,61
9290,CBSE-5|CBSE-6|CBSE-7|CBSE-8,130
9306,CBSE-5|CBSE-6|CBSE-7|CBSE-8,131
9311,CBSE-5|CBSE-6|CBSE-7|CBSE-8,127
9312,CBSE-6|CBSE-7|CBSE-8|CBSE-9,123
9313,CBSE-5|CBSE-6|CBSE-7|CBSE-8,123
9314,CBSE-5|CBSE-6|CBSE-7|CBSE-8,131
9320,CBSE-5,19
9325,CBSE-10|CBSE-11|CBSE-8|CBSE-9,120
9328,CBSE-5|CBSE-6|CBSE-7|CBSE-8,131
9330,CBSE-5|CBSE-6|CBSE-7|CBSE-8,131
9331,CBSE-5|CBSE-6|CBSE-7|CBSE-8,130
9332,CBSE-5|CBSE-6|CBSE-7|CBSE-8,85
9333,CBSE-5|CBSE-6|CBSE-7|CBSE-8,131
9334,CBSE-5|CBSE-6|CBSE-7,93
9336,CBSE-5|CBSE-6|CBSE-7|CBSE-8,131
9338,CBSE-5|CBSE-6|CBSE-7|CBSE-8,130
9339,CBSE-5|CBSE-6|CBSE-7,93
9361,CBSE-5|CBSE-6|CBSE-7|CBSE-8,131
9365,CBSE-10|CBSE-7|CBSE-8|CBSE-9,118
9375,CBSE-5|CBSE-6,61
9376,CBSE-5|CBSE-6|CBSE-7|CBSE-8,128
9395,CBSE-5|CBSE-6|CBSE-7|CBSE-8,127
9396,CBSE-5|CBSE-6,61
9397,CBSE-7,42
9400,CBSE-5|CBSE-6|CBSE-7|CBSE-8,131
9405,CBSE-5|CBSE-6|CBSE-7|CBSE-8,131
9410,CBSE-5|CBSE-6|CBSE-7,89
9414,CBSE-5|CBSE-6|CBSE-7,89
9415,CBSE-5|CBSE-6,54
9418,CBSE-5|CBSE-6|CBSE-7,87
9424,CBSE-5|CBSE-6|CBSE-7|CBSE-8,131
9428,CBSE-5|CBSE-6|CBSE-7,82
9433,CBSE-5,19
9434,CBSE-5|CBSE-6|CBSE-7|CBSE-8,131
9435,CBSE-5|CBSE-6|CBSE-7,89
9444,CBSE-10|CBSE-7|CBSE-8|CBSE-9,123
9445,CBSE-5|CBSE-6|CBSE-7|CBSE-8,131
9448,CBSE-5|CBSE-6|CBSE-7|CBSE-8,130
9456,CBSE-5|CBSE-6|CBSE-7|CBSE-8,122
9460,CBSE-4,17
9461,CBSE-5|CBSE-6|CBSE-7,88
9465,CBSE-5|CBSE-6,61
9467,CBSE-5|CBSE-6,61
9469,CBSE-5|CBSE-6|CBSE-7|CBSE-8,124
9473,CBSE-5|CBSE-6|CBSE-7|CBSE-8,131
9475,CBSE-5|CBSE-6|CBSE-7,89
9476,CBSE-5|CBSE-6|CBSE-7|CBSE-8,130
9479,CBSE-5|CBSE-6|CBSE-7|CBSE-8,134
9482,CBSE-5|CBSE-6|CBSE-7|CBSE-8,131
9483,CBSE-4|CBSE-5|CBSE-6|CBSE-7,106
9484,CBSE-5|CBSE-6|CBSE-7|CBSE-8,131
9487,CBSE-5|CBSE-6|CBSE-7|CBSE-8,130
9490,CBSE-5|CBSE-6|CBSE-7|CBSE-8,131
9491,CBSE-5|CBSE-6|CBSE-7|CBSE-8,117
9492,CBSE-4|CBSE-5|CBSE-6|CBSE-7,88
9503,CBSE-5|CBSE-6,59
9508,CBSE-11|CBSE-12,37
9512,CBSE-5|CBSE-6|CBSE-7|CBSE-8,128
9515,CBSE-5|CBSE-6|CBSE-7|CBSE-8,130
9518,CBSE-5,19
9519,CBSE-5,19
9520,CBSE-5|CBSE-6|CBSE-7|CBSE-8,115
9521,CBSE-5|CBSE-6|CBSE-7|CBSE-8,130
9522,CBSE-5|CBSE-6|CBSE-7|CBSE-8,131
9527,CBSE-5|CBSE-6|CBSE-7|CBSE-8,135
9538,CBSE-5|CBSE-6,61
9541,CBSE-5|CBSE-6|CBSE-7|CBSE-8,124
9542,CBSE-5|CBSE-6|CBSE-7|CBSE-8,131
9543,CBSE-5|CBSE-6|CBSE-7|CBSE-8,124
9545,CBSE-5|CBSE-6|CBSE-7|CBSE-8,127
9546,CBSE-5|CBSE-6|CBSE-7|CBSE-8,131
9547,CBSE-10|CBSE-11|CBSE-8|CBSE-9,115
9549,CBSE-5|CBSE-6|CBSE-7,89
9559,CBSE-5|CBSE-6|CBSE-7|CBSE-8,124
9560,CBSE-5|CBSE-6|CBSE-7|CBSE-8,124
9561,CBSE-5,19
9563,CBSE-5|CBSE-6|CBSE-7|CBSE-8,131
9565,CBSE-5|CBSE-6|CBSE-7|CBSE-8,131
9569,CBSE-5,19
9571,CBSE-5|CBSE-6|CBSE-7,75
9572,CBSE-5|CBSE-6|CBSE-7|CBSE-8,119
9577,CBSE-5|CBSE-6,61
9581,CBSE-5,19
9584,CBSE-5|CBSE-6,59
9586,CBSE-5|CBSE-6|CBSE-7|CBSE-8,131
9590,CBSE-5|CBSE-6|CBSE-7|CBSE-8,114
9591,CBSE-5|CBSE-6|CBSE-7|CBSE-8,131
9598,CBSE-5|CBSE-6|CBSE-7|CBSE-8,131
9599,CBSE-5|CBSE-6|CBSE-7|CBSE-8,131
9600,CBSE-5,19
9601,CBSE-5|CBSE-6,61
9603,CBSE-5|CBSE-6|CBSE-7,89
9604,CBSE-5,19
9609,CBSE-5|CBSE-6|CBSE-7|CBSE-8,131
9611,CBSE-5|CBSE-6,61
9614,CBSE-5,19
9615,CBSE-5|CBSE-6|CBSE-7|CBSE-8,124
9616,CBSE-5|CBSE-6|CBSE-7|CBSE-8,110
9617,CBSE-5|CBSE-6|CBSE-7|CBSE-8,112
9621,CBSE-5,19
9624,CBSE-5|CBSE-6|CBSE-7|CBSE-8,105
9626,CBSE-5|CBSE-6|CBSE-7|CBSE-8,131
9628,CBSE-10|CBSE-7|CBSE-8|CBSE-9,127
9630,CBSE-11|CBSE-12,30
9632,CBSE-5|CBSE-6|CBSE-7|CBSE-8,110
9640,CBSE-5|CBSE-6|CBSE-7|CBSE-8,88
9642,CBSE-7|CBSE-8,85
9645,CBSE-5|CBSE-6|CBSE-7|CBSE-8,116
9646,CBSE-5|CBSE-6|CBSE-7|CBSE-8,113
9653,CBSE-5|CBSE-6|CBSE-7|CBSE-8,92
9654,CBSE-5|CBSE-6|CBSE-7|CBSE-8,115
9657,CBSE-10|CBSE-7|CBSE-8|CBSE-9,127
9661,CBSE-5|CBSE-6|CBSE-7|CBSE-8,131
9662,CBSE-5,19
9663,CBSE-5|CBSE-6|CBSE-7|CBSE-8,131
9666,CBSE-5|CBSE-6|CBSE-7|CBSE-8,131
9667,CBSE-5|CBSE-6|CBSE-7|CBSE-8,131
9668,CBSE-5|CBSE-6|CBSE-7,82
9669,CBSE-11|CBSE-12,25
9670,CBSE-5|CBSE-6|CBSE-7|CBSE-8,131
9671,CBSE-8,42
9672,CBSE-10|CBSE-11|CBSE-8|CBSE-9,117
9678,CBSE-4|CBSE-5,36
9683,CBSE-3|CBSE-4|CBSE-5,38
9685,CBSE-10|CBSE-8|CBSE-9,107
9690,CBSE-4,17
9699,CBSE-5|CBSE-6|CBSE-7|CBSE-8,116
9700,CBSE-11|CBSE-12,33
9704,CBSE-3|CBSE-4|CBSE-5|CBSE-6|CBSE-7,108
9706,CBSE-2|CBSE-4|CBSE-5|CBSE-6|CBSE-7|CBSE-8,94
9716,CBSE-10|CBSE-7|CBSE-8|CBSE-9,128
9722,CBSE-2|CBSE-4|CBSE-5|CBSE-6|CBSE-7,108
9724,CBSE-2|CBSE-4|CBSE-5|CBSE-6|CBSE-7,105
9727,CBSE-10|CBSE-11|CBSE-12|CBSE-9,86
9732,CBSE-10|CBSE-11|CBSE-12|CBSE-9,86
9733,CBSE-11|CBSE-12,39
9734,CBSE-10|CBSE-11|CBSE-8|CBSE-9,117
9737,CBSE-2|CBSE-4|CBSE-5|CBSE-6|CBSE-7,108
9738,CBSE-4|CBSE-5,18
9739,CBSE-4|CBSE-5,36
9742,CBSE-4|CBSE-5|CBSE-6|CBSE-7,106
9743,CBSE-4|CBSE-5,36
9750,CBSE-10|CBSE-7|CBSE-8|CBSE-9,127
9753,CBSE-4|CBSE-5|CBSE-6|CBSE-7,106
9756,CBSE-4|CBSE-5|CBSE-6|CBSE-7,104
9758,CBSE-11|CBSE-12,30
9760,CBSE-11|CBSE-12,36
9761,CBSE-4|CBSE-5|CBSE-6|CBSE-7,105
9762,CBSE-4|CBSE-5,33
9764,CBSE-4|CBSE-5|CBSE-6|CBSE-7,103
9765,CBSE-4|CBSE-5|CBSE-6|CBSE-7,106
9767,CBSE-4|CBSE-5|CBSE-6|CBSE-7,108
9771,CBSE-2|CBSE-4|CBSE-5|CBSE-6|CBSE-7|CBSE-8,110
9776,CBSE-10|CBSE-9,56
9779,CBSE-11|CBSE-12,30
9784,CBSE-4,17
9785,CBSE-11,19
9786,CBSE-10|CBSE-9,60
9791,CBSE-10|CBSE-11|CBSE-8|CBSE-9,120
9794,CBSE-4|CBSE-5|CBSE-6|CBSE-7,56
9798,CBSE-4|CBSE-5|CBSE-6|CBSE-7,107
9799,CBSE-6|CBSE-7|CBSE-8|CBSE-9,128
9803,CBSE-10|CBSE-11|CBSE-8|CBSE-9,117
9805,CBSE-10|CBSE-11|CBSE-12|CBSE-9,71
9806,CBSE-4|CBSE-5|CBSE-6|CBSE-7,106
9814,CBSE-10|CBSE-11|CBSE-12|CBSE-9,88
9815,CBSE-6|CBSE-7|CBSE-8|CBSE-9,118
9816,CBSE-10|CBSE-11|CBSE-12|CBSE-9,87
9819,CBSE-10|CBSE-11|CBSE-8|CBSE-9,116
9824,CBSE-5|CBSE-6,61
9825,CBSE-5|CBSE-6|CBSE-7,82
9826,CBSE-11|CBSE-12,30
9828,CBSE-6|CBSE-7|CBSE-8|CBSE-9,127
9837,CBSE-11|CBSE-12,30
9841,CBSE-10|CBSE-11|CBSE-12|CBSE-9,85
9842,CBSE-10|CBSE-7|CBSE-8|CBSE-9,128
9846,CBSE-4|CBSE-5|CBSE-6|CBSE-7,108
9847,CBSE-10|CBSE-11|CBSE-12|CBSE-9,86
9850,CBSE-11|CBSE-12,30
9853,CBSE-4|CBSE-5,36
9856,CBSE-10|CBSE-7|CBSE-8|CBSE-9,130
9858,CBSE-2|CBSE-4|CBSE-5|CBSE-6|CBSE-7,108
9859,CBSE-2|CBSE-4|CBSE-5|CBSE-6|CBSE-7,108
9866,CBSE-2|CBSE-4|CBSE-5|CBSE-6|CBSE-7|CBSE-8,110
9867,CBSE-4|CBSE-5|CBSE-6|CBSE-7,106
9873,CBSE-4|CBSE-5|CBSE-6|CBSE-7,106
9876,CBSE-3|CBSE-4|CBSE-5|CBSE-6|CBSE-7,68
9877,CBSE-3|CBSE-4|CBSE-5|CBSE-6|CBSE-7,100
9881,CBSE-4,17
9883,CBSE-6,42
9884,CBSE-10|CBSE-11|CBSE-12|CBSE-9,83
9885,CBSE-10|CBSE-7|CBSE-8|CBSE-9,128
9886,CBSE-10|CBSE-11|CBSE-8|CBSE-9,117
9887,CBSE-3|CBSE-4|CBSE-5|CBSE-6|CBSE-7,110
9888,CBSE-10|CBSE-11|CBSE-8|CBSE-9,117
9889,CBSE-6|CBSE-7|CBSE-8|CBSE-9,123
9890,CBSE-6|CBSE-7|CBSE-8|CBSE-9,128
9891,CBSE-10|CBSE-11|CBSE-12|CBSE-9,84
9892,CBSE-11|CBSE-12,32
9897,CBSE-10|CBSE-7|CBSE-8|CBSE-9,128
9898,CBSE-11|CBSE-12,30
9907,CBSE-10|CBSE-11|CBSE-8|CBSE-9,117
9912,CBSE-10|CBSE-11|CBSE-8|CBSE-9,117
9914,CBSE-10|CBSE-11|CBSE-12|CBSE-9,85
9915,CBSE-4|CBSE-5|CBSE-6|CBSE-7,88
9916,CBSE-6|CBSE-7|CBSE-8|CBSE-9,128
9918,CBSE-10|CBSE-11|CBSE-8|CBSE-9,112
9926,CBSE-3|CBSE-4|CBSE-5,38
9927,CBSE-10|CBSE-9,60
9928,CBSE-10|CBSE-11|CBSE-12|CBSE-9,82
9929,CBSE-6|CBSE-7|CBSE-8|CBSE-9,128
9930,CBSE-4,17
9939,CBSE-5|CBSE-6|CBSE-7|CBSE-8,131
9940,CBSE-11|CBSE-12,25
9945,CBSE-4|CBSE-5|CBSE-6|CBSE-7,106
9956,CBSE-10|CBSE-11|CBSE-8|CBSE-9,117
9957,CBSE-10|CBSE-7|CBSE-8|CBSE-9,127
9958,CBSE-2|CBSE-4|CBSE-5|CBSE-6|CBSE-7|CBSE-8,96
9961,CBSE-4|CBSE-5|CBSE-6|CBSE-7,106
9967,CBSE-6|CBSE-7|CBSE-8|CBSE-9,128
9968,CBSE-4|CBSE-5|CBSE-6|CBSE-7,93
9971,CBSE-6|CBSE-7|CBSE-8,111
9972,CBSE-4|CBSE-5|CBSE-6,64
9975,CBSE-10|CBSE-7|CBSE-8|CBSE-9,127
9978,CBSE-6|CBSE-7|CBSE-8|CBSE-9,128
9979,CBSE-10|CBSE-11|CBSE-12|CBSE-9,88
9980,CBSE-3|CBSE-4,19
9982,CBSE-10|CBSE-11|CBSE-8|CBSE-9,117
9985,CBSE-10|CBSE-11|CBSE-8|CBSE-9,117
9987,CBSE-10|CBSE-7|CBSE-8|CBSE-9,121
9988,CBSE-4|CBSE-5,36
9989,CBSE-4|CBSE-5,36
9991,CBSE-9,30
9992,CBSE-11|CBSE-12,40
9993,CBSE-5,19
