invoice_id,student_ref,student_name,class_name,section,fee_type,fee_plan,amount_due,concession_amount,net_amount,amount_paid,outstanding_amount,fee_due_date,payment_date,payment_method,payment_status,days_overdue,reminder_count,scholarship_type,risk_band,expected_collectable_amount,collector_name,department
INV-2025-001-Q1,SVIS-2025-001,"Vihaan Singh",CBSE-3,A,"Tuition Fee","Term 1 Fee",20000,0,20000,20000,0,2025-06-15,2025-06-10,"Demand Draft",Paid,0,0,Unclassified,Low,0,"Rohan Verma","Finance & Accounts"
INV-2025-001-Q2,SVIS-2025-001,"Vihaan Singh",CBSE-3,A,"Tuition Fee","Term 2 Fee",20000,0,20000,20000,0,2025-09-15,2025-09-12,"Net Banking",Paid,0,0,Unclassified,Low,0,"Rohan Verma","Finance & Accounts"
INV-2025-001-Q3,SVIS-2025-001,"Vihaan Singh",CBSE-3,A,"Tuition Fee","Term 3 Fee",20000,0,20000,20000,0,2025-12-15,2025-12-10,"Credit Card",Paid,0,0,Unclassified,Low,0,"Rohan Verma","Finance & Accounts"
INV-2025-001-Q4,SVIS-2025-001,"Vihaan Singh",CBSE-3,A,"Lab & Technology Fee","Annual Lab & Activity Fee",8000,0,8000,8000,0,2026-02-15,2026-02-08,UPI,Paid,0,0,Unclassified,Low,0,"Rohan Verma","Finance & Accounts"
INV-2025-002-Q1,SVIS-2025-002,"Reyansh Mehta",CBSE-3,B,"Tuition Fee","Term 1 Fee",20000,0,20000,20000,0,2025-06-15,2025-06-10,"Credit Card",Paid,0,0,Unclassified,Low,0,"Rohan Verma","Finance & Accounts"
INV-2025-002-Q2,SVIS-2025-002,"Reyansh Mehta",CBSE-3,B,"Tuition Fee","Term 2 Fee",20000,0,20000,20000,0,2025-09-15,2025-09-12,"Credit Card",Paid,0,0,Unclassified,Low,0,"Rohan Verma","Finance & Accounts"
INV-2025-002-Q3,SVIS-2025-002,"Reyansh Mehta",CBSE-3,B,"Tuition Fee","Term 3 Fee",20000,0,20000,20000,0,2025-12-15,2025-12-10,"Demand Draft",Paid,0,0,Unclassified,Low,0,"Rohan Verma","Finance & Accounts"
INV-2025-002-Q4,SVIS-2025-002,"Reyansh Mehta",CBSE-3,B,"Lab & Technology Fee","Annual Lab & Activity Fee",8000,0,8000,8000,0,2026-02-15,2026-02-08,Cheque,Paid,0,0,Unclassified,Low,0,"Rohan Verma","Finance & Accounts"
INV-2025-003-Q1,SVIS-2025-003,"Ishaan Verma",CBSE-3,A,"Tuition Fee","Term 1 Fee",20000,0,20000,20000,0,2025-06-15,2025-06-10,"Demand Draft",Paid,0,0,Unclassified,Low,0,"Rohan Verma","Finance & Accounts"
INV-2025-003-Q2,SVIS-2025-003,"Ishaan Verma",CBSE-3,A,"Tuition Fee","Term 2 Fee",20000,0,20000,20000,0,2025-09-15,2025-09-12,"Credit Card",Paid,0,0,Unclassified,Low,0,"Rohan Verma","Finance & Accounts"
INV-2025-003-Q3,SVIS-2025-003,"Ishaan Verma",CBSE-3,A,"Tuition Fee","Term 3 Fee",20000,0,20000,20000,0,2025-12-15,2025-12-10,"Demand Draft",Paid,0,0,Unclassified,Low,0,"Rohan Verma","Finance & Accounts"
INV-2025-003-Q4,SVIS-2025-003,"Ishaan Verma",CBSE-3,A,"Lab & Technology Fee","Annual Lab & Activity Fee",8000,0,8000,8000,0,2026-02-15,2026-02-08,"Net Banking",Paid,0,0,Unclassified,Low,0,"Rohan Verma","Finance & Accounts"
INV-2025-004-Q1,SVIS-2025-004,"Advik Deshmukh",CBSE-3,B,"Tuition Fee","Term 1 Fee",20000,0,20000,20000,0,2025-06-15,2025-06-10,Cheque,Paid,0,0,Unclassified,Low,0,"Rohan Verma","Finance & Accounts"
INV-2025-004-Q2,SVIS-2025-004,"Advik Deshmukh",CBSE-3,B,"Tuition Fee","Term 2 Fee",20000,0,20000,20000,0,2025-09-15,2025-09-12,Cheque,Paid,0,0,Unclassified,Low,0,"Rohan Verma","Finance & Accounts"
INV-2025-004-Q3,SVIS-2025-004,"Advik Deshmukh",CBSE-3,B,"Tuition Fee","Term 3 Fee",20000,0,20000,20000,0,2025-12-15,2025-12-10,"Net Banking",Paid,0,0,Unclassified,Low,0,"Rohan Verma","Finance & Accounts"
INV-2025-004-Q4,SVIS-2025-004,"Advik Deshmukh",CBSE-3,B,"Lab & Technology Fee","Annual Lab & Activity Fee",8000,0,8000,8000,0,2026-02-15,2026-02-08,"Net Banking",Paid,0,0,Unclassified,Low,0,"Rohan Verma","Finance & Accounts"
INV-2025-005-Q1,SVIS-2025-005,"Ananya Shah",CBSE-3,A,"Tuition Fee","Term 1 Fee",20000,0,20000,20000,0,2025-06-15,2025-06-10,"Credit Card",Paid,0,0,Unclassified,Low,0,"Rohan Verma","Finance & Accounts"
INV-2025-005-Q2,SVIS-2025-005,"Ananya Shah",CBSE-3,A,"Tuition Fee","Term 2 Fee",20000,0,20000,20000,0,2025-09-15,2025-09-12,"Net Banking",Paid,0,0,Unclassified,Low,0,"Rohan Verma","Finance & Accounts"
INV-2025-005-Q3,SVIS-2025-005,"Ananya Shah",CBSE-3,A,"Tuition Fee","Term 3 Fee",20000,0,20000,20000,0,2025-12-15,2025-12-10,"Net Banking",Paid,0,0,Unclassified,Low,0,"Rohan Verma","Finance & Accounts"
INV-2025-005-Q4,SVIS-2025-005,"Ananya Shah",CBSE-3,A,"Lab & Technology Fee","Annual Lab & Activity Fee",8000,0,8000,8000,0,2026-02-15,2026-02-08,"Net Banking",Paid,0,0,Unclassified,Low,0,"Rohan Verma","Finance & Accounts"
INV-2025-006-Q1,SVIS-2025-006,"Aadhya Patel",CBSE-3,B,"Tuition Fee","Term 1 Fee",20000,0,20000,20000,0,2025-06-15,2025-06-10,"Demand Draft",Paid,0,0,Unclassified,Low,0,"Rohan Verma","Finance & Accounts"
INV-2025-006-Q2,SVIS-2025-006,"Aadhya Patel",CBSE-3,B,"Tuition Fee","Term 2 Fee",20000,0,20000,20000,0,2025-09-15,2025-09-12,UPI,Paid,0,0,Unclassified,Low,0,"Rohan Verma","Finance & Accounts"
INV-2025-006-Q3,SVIS-2025-006,"Aadhya Patel",CBSE-3,B,"Tuition Fee","Term 3 Fee",20000,0,20000,20000,0,2025-12-15,2025-12-10,"Net Banking",Paid,0,0,Unclassified,Low,0,"Rohan Verma","Finance & Accounts"
INV-2025-006-Q4,SVIS-2025-006,"Aadhya Patel",CBSE-3,B,"Lab & Technology Fee","Annual Lab & Activity Fee",8000,0,8000,8000,0,2026-02-15,2026-02-08,"Demand Draft",Paid,0,0,Unclassified,Low,0,"Rohan Verma","Finance & Accounts"
INV-2025-007-Q1,SVIS-2025-007,"Saanvi Kulkarni",CBSE-3,A,"Tuition Fee","Term 1 Fee",20000,0,20000,20000,0,2025-06-15,2025-06-10,"Credit Card",Paid,0,0,Unclassified,Low,0,"Rohan Verma","Finance & Accounts"
INV-2025-007-Q2,SVIS-2025-007,"Saanvi Kulkarni",CBSE-3,A,"Tuition Fee","Term 2 Fee",20000,0,20000,20000,0,2025-09-15,2025-09-12,"Net Banking",Paid,0,0,Unclassified,Low,0,"Rohan Verma","Finance & Accounts"
INV-2025-007-Q3,SVIS-2025-007,"Saanvi Kulkarni",CBSE-3,A,"Tuition Fee","Term 3 Fee",20000,0,20000,20000,0,2025-12-15,2025-12-10,"Net Banking",Paid,0,0,Unclassified,Low,0,"Rohan Verma","Finance & Accounts"
INV-2025-007-Q4,SVIS-2025-007,"Saanvi Kulkarni",CBSE-3,A,"Lab & Technology Fee","Annual Lab & Activity Fee",8000,0,8000,8000,0,2026-02-15,2026-02-08,"Demand Draft",Paid,0,0,Unclassified,Low,0,"Rohan Verma","Finance & Accounts"
INV-2025-008-Q1,SVIS-2025-008,"Ira Mukherjee",CBSE-3,B,"Tuition Fee","Term 1 Fee",20000,0,20000,20000,0,2025-06-15,2025-06-10,Cheque,Paid,0,0,Unclassified,Low,0,"Rohan Verma","Finance & Accounts"
INV-2025-008-Q2,SVIS-2025-008,"Ira Mukherjee",CBSE-3,B,"Tuition Fee","Term 2 Fee",20000,0,20000,20000,0,2025-09-15,2025-09-12,UPI,Paid,0,0,Unclassified,Low,0,"Rohan Verma","Finance & Accounts"
INV-2025-008-Q3,SVIS-2025-008,"Ira Mukherjee",CBSE-3,B,"Tuition Fee","Term 3 Fee",20000,0,20000,20000,0,2025-12-15,2025-12-10,"Demand Draft",Paid,0,0,Unclassified,Low,0,"Rohan Verma","Finance & Accounts"
INV-2025-008-Q4,SVIS-2025-008,"Ira Mukherjee",CBSE-3,B,"Lab & Technology Fee","Annual Lab & Activity Fee",8000,0,8000,8000,0,2026-02-15,2026-02-08,Cheque,Paid,0,0,Unclassified,Low,0,"Rohan Verma","Finance & Accounts"
INV-2025-009-Q1,SVIS-2025-009,"Kavya Reddy",CBSE-3,A,"Tuition Fee","Term 1 Fee",20000,0,20000,20000,0,2025-06-15,2025-06-10,Cheque,Paid,0,0,Unclassified,Low,0,"Rohan Verma","Finance & Accounts"
INV-2025-009-Q2,SVIS-2025-009,"Kavya Reddy",CBSE-3,A,"Tuition Fee","Term 2 Fee",20000,0,20000,20000,0,2025-09-15,2025-09-12,"Net Banking",Paid,0,0,Unclassified,Low,0,"Rohan Verma","Finance & Accounts"
INV-2025-009-Q3,SVIS-2025-009,"Kavya Reddy",CBSE-3,A,"Tuition Fee","Term 3 Fee",20000,0,20000,20000,0,2025-12-15,2025-12-10,"Demand Draft",Paid,0,0,Unclassified,Low,0,"Rohan Verma","Finance & Accounts"
INV-2025-009-Q4,SVIS-2025-009,"Kavya Reddy",CBSE-3,A,"Lab & Technology Fee","Annual Lab & Activity Fee",8000,0,8000,8000,0,2026-02-15,2026-02-08,Cheque,Paid,0,0,Unclassified,Low,0,"Rohan Verma","Finance & Accounts"
INV-2025-010-Q1,SVIS-2025-010,"Aarav Joshi",CBSE-3,B,"Tuition Fee","Term 1 Fee",20000,0,20000,20000,0,2025-06-15,2025-06-10,"Credit Card",Paid,0,0,Unclassified,Low,0,"Rohan Verma","Finance & Accounts"
INV-2025-010-Q2,SVIS-2025-010,"Aarav Joshi",CBSE-3,B,"Tuition Fee","Term 2 Fee",20000,0,20000,20000,0,2025-09-15,2025-09-12,UPI,Paid,0,0,Unclassified,Low,0,"Rohan Verma","Finance & Accounts"
INV-2025-010-Q3,SVIS-2025-010,"Aarav Joshi",CBSE-3,B,"Tuition Fee","Term 3 Fee",20000,0,20000,20000,0,2025-12-15,2025-12-10,"Net Banking",Paid,0,0,Unclassified,Low,0,"Rohan Verma","Finance & Accounts"
INV-2025-010-Q4,SVIS-2025-010,"Aarav Joshi",CBSE-3,B,"Lab & Technology Fee","Annual Lab & Activity Fee",8000,0,8000,8000,0,2026-02-15,2026-02-08,"Credit Card",Paid,0,0,Unclassified,Low,0,"Rohan Verma","Finance & Accounts"
INV-2025-011-Q1,SVIS-2025-011,"Vihaan Banerjee",CBSE-3,A,"Tuition Fee","Term 1 Fee",20000,0,20000,20000,0,2025-06-15,2025-06-10,Cheque,Paid,0,0,Unclassified,Low,0,"Rohan Verma","Finance & Accounts"
INV-2025-011-Q2,SVIS-2025-011,"Vihaan Banerjee",CBSE-3,A,"Tuition Fee","Term 2 Fee",20000,0,20000,20000,0,2025-09-15,2025-09-12,UPI,Paid,0,0,Unclassified,Low,0,"Rohan Verma","Finance & Accounts"
INV-2025-011-Q3,SVIS-2025-011,"Vihaan Banerjee",CBSE-3,A,"Tuition Fee","Term 3 Fee",20000,0,20000,10000,10000,2025-12-15,2025-12-10,UPI,Partial,20,1,Unclassified,Medium,10000,"Rohan Verma","Finance & Accounts"
INV-2025-011-Q4,SVIS-2025-011,"Vihaan Banerjee",CBSE-3,A,"Lab & Technology Fee","Annual Lab & Activity Fee",8000,0,8000,4000,4000,2026-02-15,2026-02-08,"Net Banking",Partial,20,1,Unclassified,Medium,4000,"Rohan Verma","Finance & Accounts"
INV-2025-012-Q1,SVIS-2025-012,"Reyansh Nair",CBSE-3,B,"Tuition Fee","Term 1 Fee",20000,5000,15000,15000,0,2025-06-15,2025-06-10,"Net Banking",Paid,0,0,"Merit Scholarship 25%",Low,0,"Rohan Verma","Finance & Accounts"
INV-2025-012-Q2,SVIS-2025-012,"Reyansh Nair",CBSE-3,B,"Tuition Fee","Term 2 Fee",20000,5000,15000,15000,0,2025-09-15,2025-09-12,Cheque,Paid,0,0,"Merit Scholarship 25%",Low,0,"Rohan Verma","Finance & Accounts"
INV-2025-012-Q3,SVIS-2025-012,"Reyansh Nair",CBSE-3,B,"Tuition Fee","Term 3 Fee",20000,5000,15000,15000,0,2025-12-15,2025-12-10,"Credit Card",Paid,0,0,"Merit Scholarship 25%",Low,0,"Rohan Verma","Finance & Accounts"
INV-2025-012-Q4,SVIS-2025-012,"Reyansh Nair",CBSE-3,B,"Lab & Technology Fee","Annual Lab & Activity Fee",8000,2000,6000,6000,0,2026-02-15,2026-02-08,Cheque,Paid,0,0,"Merit Scholarship 25%",Low,0,"Rohan Verma","Finance & Accounts"
INV-2025-013-Q1,SVIS-2025-013,"Ishaan Bhat",CBSE-3,A,"Tuition Fee","Term 1 Fee",20000,0,20000,20000,0,2025-06-15,2025-06-10,"Credit Card",Paid,0,0,Unclassified,Low,0,"Rohan Verma","Finance & Accounts"
INV-2025-013-Q2,SVIS-2025-013,"Ishaan Bhat",CBSE-3,A,"Tuition Fee","Term 2 Fee",20000,0,20000,20000,0,2025-09-15,2025-09-12,"Net Banking",Paid,0,0,Unclassified,Low,0,"Rohan Verma","Finance & Accounts"
INV-2025-013-Q3,SVIS-2025-013,"Ishaan Bhat",CBSE-3,A,"Tuition Fee","Term 3 Fee",20000,0,20000,20000,0,2025-12-15,2025-12-10,"Credit Card",Paid,0,0,Unclassified,Low,0,"Rohan Verma","Finance & Accounts"
INV-2025-013-Q4,SVIS-2025-013,"Ishaan Bhat",CBSE-3,A,"Lab & Technology Fee","Annual Lab & Activity Fee",8000,0,8000,8000,0,2026-02-15,2026-02-08,"Credit Card",Paid,0,0,Unclassified,Low,0,"Rohan Verma","Finance & Accounts"
INV-2025-014-Q1,SVIS-2025-014,"Advik Ghosh",CBSE-3,B,"Tuition Fee","Term 1 Fee",20000,0,20000,20000,0,2025-06-15,2025-06-10,Cheque,Paid,0,0,Unclassified,Low,0,"Rohan Verma","Finance & Accounts"
INV-2025-014-Q2,SVIS-2025-014,"Advik Ghosh",CBSE-3,B,"Tuition Fee","Term 2 Fee",20000,0,20000,20000,0,2025-09-15,2025-09-12,"Net Banking",Paid,0,0,Unclassified,Low,0,"Rohan Verma","Finance & Accounts"
INV-2025-014-Q3,SVIS-2025-014,"Advik Ghosh",CBSE-3,B,"Tuition Fee","Term 3 Fee",20000,0,20000,20000,0,2025-12-15,2025-12-10,Cheque,Paid,0,0,Unclassified,Low,0,"Rohan Verma","Finance & Accounts"
INV-2025-014-Q4,SVIS-2025-014,"Advik Ghosh",CBSE-3,B,"Lab & Technology Fee","Annual Lab & Activity Fee",8000,0,8000,8000,0,2026-02-15,2026-02-08,Cheque,Paid,0,0,Unclassified,Low,0,"Rohan Verma","Finance & Accounts"
INV-2025-015-Q1,SVIS-2025-015,"Ananya Iyer",CBSE-3,A,"Tuition Fee","Term 1 Fee",20000,2000,18000,18000,0,2025-06-15,2025-06-10,UPI,Paid,0,0,"Sibling Concession 10%",Low,0,"Rohan Verma","Finance & Accounts"
INV-2025-015-Q2,SVIS-2025-015,"Ananya Iyer",CBSE-3,A,"Tuition Fee","Term 2 Fee",20000,2000,18000,18000,0,2025-09-15,2025-09-12,Cheque,Paid,0,0,"Sibling Concession 10%",Low,0,"Rohan Verma","Finance & Accounts"
INV-2025-015-Q3,SVIS-2025-015,"Ananya Iyer",CBSE-3,A,"Tuition Fee","Term 3 Fee",20000,2000,18000,18000,0,2025-12-15,2025-12-10,Cheque,Paid,0,0,"Sibling Concession 10%",Low,0,"Rohan Verma","Finance & Accounts"
INV-2025-015-Q4,SVIS-2025-015,"Ananya Iyer",CBSE-3,A,"Lab & Technology Fee","Annual Lab & Activity Fee",8000,800,7200,7200,0,2026-02-15,2026-02-08,Cheque,Paid,0,0,"Sibling Concession 10%",Low,0,"Rohan Verma","Finance & Accounts"
INV-2025-016-Q1,SVIS-2025-016,"Aadhya Rao",CBSE-4,A,"Tuition Fee","Term 1 Fee",35000,0,35000,35000,0,2025-06-15,2025-06-10,"Net Banking",Paid,0,0,Unclassified,Low,0,"Rohan Verma","Finance & Accounts"
INV-2025-016-Q2,SVIS-2025-016,"Aadhya Rao",CBSE-4,A,"Tuition Fee","Term 2 Fee",35000,0,35000,35000,0,2025-09-15,2025-09-12,"Net Banking",Paid,0,0,Unclassified,Low,0,"Rohan Verma","Finance & Accounts"
INV-2025-016-Q3,SVIS-2025-016,"Aadhya Rao",CBSE-4,A,"Tuition Fee","Term 3 Fee",35000,0,35000,0,35000,2025-12-15,,,Overdue,75,3,Unclassified,High,29750,"Rohan Verma","Finance & Accounts"
INV-2025-016-Q4,SVIS-2025-016,"Aadhya Rao",CBSE-4,A,"Lab & Technology Fee","Annual Lab & Activity Fee",8000,0,8000,8000,0,2026-02-15,2026-02-08,Cheque,Paid,0,0,Unclassified,Low,0,"Rohan Verma","Finance & Accounts"
INV-2025-017-Q1,SVIS-2025-017,"Saanvi Chatterjee",CBSE-4,B,"Tuition Fee","Term 1 Fee",35000,0,35000,35000,0,2025-06-15,2025-06-10,"Credit Card",Paid,0,0,Unclassified,Low,0,"Rohan Verma","Finance & Accounts"
INV-2025-017-Q2,SVIS-2025-017,"Saanvi Chatterjee",CBSE-4,B,"Tuition Fee","Term 2 Fee",35000,0,35000,35000,0,2025-09-15,2025-09-12,UPI,Paid,0,0,Unclassified,Low,0,"Rohan Verma","Finance & Accounts"
INV-2025-017-Q3,SVIS-2025-017,"Saanvi Chatterjee",CBSE-4,B,"Tuition Fee","Term 3 Fee",35000,0,35000,35000,0,2025-12-15,2025-12-10,UPI,Paid,0,0,Unclassified,Low,0,"Rohan Verma","Finance & Accounts"
INV-2025-017-Q4,SVIS-2025-017,"Saanvi Chatterjee",CBSE-4,B,"Lab & Technology Fee","Annual Lab & Activity Fee",8000,0,8000,8000,0,2026-02-15,2026-02-08,"Demand Draft",Paid,0,0,Unclassified,Low,0,"Rohan Verma","Finance & Accounts"
INV-2025-018-Q1,SVIS-2025-018,"Ira Gupta",CBSE-4,A,"Tuition Fee","Term 1 Fee",35000,0,35000,35000,0,2025-06-15,2025-06-10,UPI,Paid,0,0,Unclassified,Low,0,"Rohan Verma","Finance & Accounts"
INV-2025-018-Q2,SVIS-2025-018,"Ira Gupta",CBSE-4,A,"Tuition Fee","Term 2 Fee",35000,0,35000,35000,0,2025-09-15,2025-09-12,"Demand Draft",Paid,0,0,Unclassified,Low,0,"Rohan Verma","Finance & Accounts"
INV-2025-018-Q3,SVIS-2025-018,"Ira Gupta",CBSE-4,A,"Tuition Fee","Term 3 Fee",35000,0,35000,35000,0,2025-12-15,2025-12-10,Cheque,Paid,0,0,Unclassified,Low,0,"Rohan Verma","Finance & Accounts"
INV-2025-018-Q4,SVIS-2025-018,"Ira Gupta",CBSE-4,A,"Lab & Technology Fee","Annual Lab & Activity Fee",8000,0,8000,8000,0,2026-02-15,2026-02-08,"Demand Draft",Paid,0,0,Unclassified,Low,0,"Rohan Verma","Finance & Accounts"
INV-2025-019-Q1,SVIS-2025-019,"Kavya Choudhury",CBSE-4,B,"Tuition Fee","Term 1 Fee",35000,0,35000,35000,0,2025-06-15,2025-06-10,Cheque,Paid,0,0,Unclassified,Low,0,"Rohan Verma","Finance & Accounts"
INV-2025-019-Q2,SVIS-2025-019,"Kavya Choudhury",CBSE-4,B,"Tuition Fee","Term 2 Fee",35000,0,35000,35000,0,2025-09-15,2025-09-12,UPI,Paid,0,0,Unclassified,Low,0,"Rohan Verma","Finance & Accounts"
INV-2025-019-Q3,SVIS-2025-019,"Kavya Choudhury",CBSE-4,B,"Tuition Fee","Term 3 Fee",35000,0,35000,35000,0,2025-12-15,2025-12-10,Cheque,Paid,0,0,Unclassified,Low,0,"Rohan Verma","Finance & Accounts"
INV-2025-019-Q4,SVIS-2025-019,"Kavya Choudhury",CBSE-4,B,"Lab & Technology Fee","Annual Lab & Activity Fee",8000,0,8000,8000,0,2026-02-15,2026-02-08,Cheque,Paid,0,0,Unclassified,Low,0,"Rohan Verma","Finance & Accounts"
INV-2025-020-Q1,SVIS-2025-020,"Aarav Sharma",CBSE-4,A,"Tuition Fee","Term 1 Fee",35000,0,35000,35000,0,2025-06-15,2025-06-10,UPI,Paid,0,0,Unclassified,Low,0,"Rohan Verma","Finance & Accounts"
INV-2025-020-Q2,SVIS-2025-020,"Aarav Sharma",CBSE-4,A,"Tuition Fee","Term 2 Fee",35000,0,35000,35000,0,2025-09-15,2025-09-12,"Net Banking",Paid,0,0,Unclassified,Low,0,"Rohan Verma","Finance & Accounts"
INV-2025-020-Q3,SVIS-2025-020,"Aarav Sharma",CBSE-4,A,"Tuition Fee","Term 3 Fee",35000,0,35000,35000,0,2025-12-15,2025-12-10,"Demand Draft",Paid,0,0,Unclassified,Low,0,"Rohan Verma","Finance & Accounts"
INV-2025-020-Q4,SVIS-2025-020,"Aarav Sharma",CBSE-4,A,"Lab & Technology Fee","Annual Lab & Activity Fee",8000,0,8000,8000,0,2026-02-15,2026-02-08,UPI,Paid,0,0,Unclassified,Low,0,"Rohan Verma","Finance & Accounts"
INV-2025-021-Q1,SVIS-2025-021,"Vihaan Singh",CBSE-4,B,"Tuition Fee","Term 1 Fee",35000,0,35000,35000,0,2025-06-15,2025-06-10,"Net Banking",Paid,0,0,Unclassified,Low,0,"Rohan Verma","Finance & Accounts"
INV-2025-021-Q2,SVIS-2025-021,"Vihaan Singh",CBSE-4,B,"Tuition Fee","Term 2 Fee",35000,0,35000,35000,0,2025-09-15,2025-09-12,"Credit Card",Paid,0,0,Unclassified,Low,0,"Rohan Verma","Finance & Accounts"
INV-2025-021-Q3,SVIS-2025-021,"Vihaan Singh",CBSE-4,B,"Tuition Fee","Term 3 Fee",35000,0,35000,35000,0,2025-12-15,2025-12-10,"Net Banking",Paid,0,0,Unclassified,Low,0,"Rohan Verma","Finance & Accounts"
INV-2025-021-Q4,SVIS-2025-021,"Vihaan Singh",CBSE-4,B,"Lab & Technology Fee","Annual Lab & Activity Fee",8000,0,8000,8000,0,2026-02-15,2026-02-08,UPI,Paid,0,0,Unclassified,Low,0,"Rohan Verma","Finance & Accounts"
INV-2025-022-Q1,SVIS-2025-022,"Reyansh Mehta",CBSE-4,A,"Tuition Fee","Term 1 Fee",35000,0,35000,35000,0,2025-06-15,2025-06-10,Cheque,Paid,0,0,Unclassified,Low,0,"Rohan Verma","Finance & Accounts"
INV-2025-022-Q2,SVIS-2025-022,"Reyansh Mehta",CBSE-4,A,"Tuition Fee","Term 2 Fee",35000,0,35000,35000,0,2025-09-15,2025-09-12,"Net Banking",Paid,0,0,Unclassified,Low,0,"Rohan Verma","Finance & Accounts"
INV-2025-022-Q3,SVIS-2025-022,"Reyansh Mehta",CBSE-4,A,"Tuition Fee","Term 3 Fee",35000,0,35000,17500,17500,2025-12-15,2025-12-10,"Credit Card",Partial,20,1,Unclassified,Medium,17500,"Rohan Verma","Finance & Accounts"
INV-2025-022-Q4,SVIS-2025-022,"Reyansh Mehta",CBSE-4,A,"Lab & Technology Fee","Annual Lab & Activity Fee",8000,0,8000,4000,4000,2026-02-15,2026-02-08,Cheque,Partial,20,1,Unclassified,Medium,4000,"Rohan Verma","Finance & Accounts"
INV-2025-023-Q1,SVIS-2025-023,"Ishaan Verma",CBSE-4,B,"Tuition Fee","Term 1 Fee",35000,0,35000,35000,0,2025-06-15,2025-06-10,UPI,Paid,0,0,Unclassified,Low,0,"Rohan Verma","Finance & Accounts"
INV-2025-023-Q2,SVIS-2025-023,"Ishaan Verma",CBSE-4,B,"Tuition Fee","Term 2 Fee",35000,0,35000,35000,0,2025-09-15,2025-09-12,"Demand Draft",Paid,0,0,Unclassified,Low,0,"Rohan Verma","Finance & Accounts"
INV-2025-023-Q3,SVIS-2025-023,"Ishaan Verma",CBSE-4,B,"Tuition Fee","Term 3 Fee",35000,0,35000,35000,0,2025-12-15,2025-12-10,"Demand Draft",Paid,0,0,Unclassified,Low,0,"Rohan Verma","Finance & Accounts"
INV-2025-023-Q4,SVIS-2025-023,"Ishaan Verma",CBSE-4,B,"Lab & Technology Fee","Annual Lab & Activity Fee",8000,0,8000,8000,0,2026-02-15,2026-02-08,"Credit Card",Paid,0,0,Unclassified,Low,0,"Rohan Verma","Finance & Accounts"
INV-2025-024-Q1,SVIS-2025-024,"Advik Deshmukh",CBSE-4,A,"Tuition Fee","Term 1 Fee",35000,8750,26250,26250,0,2025-06-15,2025-06-10,UPI,Paid,0,0,"Merit Scholarship 25%",Low,0,"Rohan Verma","Finance & Accounts"
INV-2025-024-Q2,SVIS-2025-024,"Advik Deshmukh",CBSE-4,A,"Tuition Fee","Term 2 Fee",35000,8750,26250,26250,0,2025-09-15,2025-09-12,"Credit Card",Paid,0,0,"Merit Scholarship 25%",Low,0,"Rohan Verma","Finance & Accounts"
INV-2025-024-Q3,SVIS-2025-024,"Advik Deshmukh",CBSE-4,A,"Tuition Fee","Term 3 Fee",35000,8750,26250,26250,0,2025-12-15,2025-12-10,"Net Banking",Paid,0,0,"Merit Scholarship 25%",Low,0,"Rohan Verma","Finance & Accounts"
INV-2025-024-Q4,SVIS-2025-024,"Advik Deshmukh",CBSE-4,A,"Lab & Technology Fee","Annual Lab & Activity Fee",8000,2000,6000,6000,0,2026-02-15,2026-02-08,"Demand Draft",Paid,0,0,"Merit Scholarship 25%",Low,0,"Rohan Verma","Finance & Accounts"
INV-2025-025-Q1,SVIS-2025-025,"Ananya Shah",CBSE-4,B,"Tuition Fee","Term 1 Fee",35000,0,35000,35000,0,2025-06-15,2025-06-10,"Credit Card",Paid,0,0,Unclassified,Low,0,"Rohan Verma","Finance & Accounts"
INV-2025-025-Q2,SVIS-2025-025,"Ananya Shah",CBSE-4,B,"Tuition Fee","Term 2 Fee",35000,0,35000,35000,0,2025-09-15,2025-09-12,UPI,Paid,0,0,Unclassified,Low,0,"Rohan Verma","Finance & Accounts"
INV-2025-025-Q3,SVIS-2025-025,"Ananya Shah",CBSE-4,B,"Tuition Fee","Term 3 Fee",35000,0,35000,35000,0,2025-12-15,2025-12-10,"Demand Draft",Paid,0,0,Unclassified,Low,0,"Rohan Verma","Finance & Accounts"
INV-2025-025-Q4,SVIS-2025-025,"Ananya Shah",CBSE-4,B,"Lab & Technology Fee","Annual Lab & Activity Fee",8000,0,8000,8000,0,2026-02-15,2026-02-08,"Demand Draft",Paid,0,0,Unclassified,Low,0,"Rohan Verma","Finance & Accounts"
INV-2025-026-Q1,SVIS-2025-026,"Aadhya Patel",CBSE-4,A,"Tuition Fee","Term 1 Fee",35000,0,35000,35000,0,2025-06-15,2025-06-10,"Demand Draft",Paid,0,0,Unclassified,Low,0,"Rohan Verma","Finance & Accounts"
INV-2025-026-Q2,SVIS-2025-026,"Aadhya Patel",CBSE-4,A,"Tuition Fee","Term 2 Fee",35000,0,35000,35000,0,2025-09-15,2025-09-12,"Net Banking",Paid,0,0,Unclassified,Low,0,"Rohan Verma","Finance & Accounts"
INV-2025-026-Q3,SVIS-2025-026,"Aadhya Patel",CBSE-4,A,"Tuition Fee","Term 3 Fee",35000,0,35000,35000,0,2025-12-15,2025-12-10,Cheque,Paid,0,0,Unclassified,Low,0,"Rohan Verma","Finance & Accounts"
INV-2025-026-Q4,SVIS-2025-026,"Aadhya Patel",CBSE-4,A,"Lab & Technology Fee","Annual Lab & Activity Fee",8000,0,8000,8000,0,2026-02-15,2026-02-08,Cheque,Paid,0,0,Unclassified,Low,0,"Rohan Verma","Finance & Accounts"
INV-2025-027-Q1,SVIS-2025-027,"Saanvi Kulkarni",CBSE-4,B,"Tuition Fee","Term 1 Fee",35000,0,35000,35000,0,2025-06-15,2025-06-10,"Net Banking",Paid,0,0,Unclassified,Low,0,"Rohan Verma","Finance & Accounts"
INV-2025-027-Q2,SVIS-2025-027,"Saanvi Kulkarni",CBSE-4,B,"Tuition Fee","Term 2 Fee",35000,0,35000,35000,0,2025-09-15,2025-09-12,UPI,Paid,0,0,Unclassified,Low,0,"Rohan Verma","Finance & Accounts"
INV-2025-027-Q3,SVIS-2025-027,"Saanvi Kulkarni",CBSE-4,B,"Tuition Fee","Term 3 Fee",35000,0,35000,35000,0,2025-12-15,2025-12-10,UPI,Paid,0,0,Unclassified,Low,0,"Rohan Verma","Finance & Accounts"
INV-2025-027-Q4,SVIS-2025-027,"Saanvi Kulkarni",CBSE-4,B,"Lab & Technology Fee","Annual Lab & Activity Fee",8000,0,8000,8000,0,2026-02-15,2026-02-08,Cheque,Paid,0,0,Unclassified,Low,0,"Rohan Verma","Finance & Accounts"
INV-2025-028-Q1,SVIS-2025-028,"Ira Mukherjee",CBSE-4,A,"Tuition Fee","Term 1 Fee",35000,0,35000,35000,0,2025-06-15,2025-06-10,UPI,Paid,0,0,Unclassified,Low,0,"Rohan Verma","Finance & Accounts"
INV-2025-028-Q2,SVIS-2025-028,"Ira Mukherjee",CBSE-4,A,"Tuition Fee","Term 2 Fee",35000,0,35000,35000,0,2025-09-15,2025-09-12,UPI,Paid,0,0,Unclassified,Low,0,"Rohan Verma","Finance & Accounts"
INV-2025-028-Q3,SVIS-2025-028,"Ira Mukherjee",CBSE-4,A,"Tuition Fee","Term 3 Fee",35000,0,35000,35000,0,2025-12-15,2025-12-10,UPI,Paid,0,0,Unclassified,Low,0,"Rohan Verma","Finance & Accounts"
INV-2025-028-Q4,SVIS-2025-028,"Ira Mukherjee",CBSE-4,A,"Lab & Technology Fee","Annual Lab & Activity Fee",8000,0,8000,8000,0,2026-02-15,2026-02-08,"Credit Card",Paid,0,0,Unclassified,Low,0,"Rohan Verma","Finance & Accounts"
INV-2025-029-Q1,SVIS-2025-029,"Kavya Reddy",CBSE-4,B,"Tuition Fee","Term 1 Fee",35000,0,35000,35000,0,2025-06-15,2025-06-10,"Demand Draft",Paid,0,0,Unclassified,Low,0,"Rohan Verma","Finance & Accounts"
INV-2025-029-Q2,SVIS-2025-029,"Kavya Reddy",CBSE-4,B,"Tuition Fee","Term 2 Fee",35000,0,35000,35000,0,2025-09-15,2025-09-12,Cheque,Paid,0,0,Unclassified,Low,0,"Rohan Verma","Finance & Accounts"
INV-2025-029-Q3,SVIS-2025-029,"Kavya Reddy",CBSE-4,B,"Tuition Fee","Term 3 Fee",35000,0,35000,35000,0,2025-12-15,2025-12-10,UPI,Paid,0,0,Unclassified,Low,0,"Rohan Verma","Finance & Accounts"
INV-2025-029-Q4,SVIS-2025-029,"Kavya Reddy",CBSE-4,B,"Lab & Technology Fee","Annual Lab & Activity Fee",8000,0,8000,8000,0,2026-02-15,2026-02-08,Cheque,Paid,0,0,Unclassified,Low,0,"Rohan Verma","Finance & Accounts"
INV-2025-030-Q1,SVIS-2025-030,"Aarav Joshi",CBSE-4,A,"Tuition Fee","Term 1 Fee",35000,3500,31500,31500,0,2025-06-15,2025-06-10,"Credit Card",Paid,0,0,"Sibling Concession 10%",Low,0,"Rohan Verma","Finance & Accounts"
INV-2025-030-Q2,SVIS-2025-030,"Aarav Joshi",CBSE-4,A,"Tuition Fee","Term 2 Fee",35000,3500,31500,31500,0,2025-09-15,2025-09-12,Cheque,Paid,0,0,"Sibling Concession 10%",Low,0,"Rohan Verma","Finance & Accounts"
INV-2025-030-Q3,SVIS-2025-030,"Aarav Joshi",CBSE-4,A,"Tuition Fee","Term 3 Fee",35000,3500,31500,31500,0,2025-12-15,2025-12-10,"Credit Card",Paid,0,0,"Sibling Concession 10%",Low,0,"Rohan Verma","Finance & Accounts"
INV-2025-030-Q4,SVIS-2025-030,"Aarav Joshi",CBSE-4,A,"Lab & Technology Fee","Annual Lab & Activity Fee",8000,800,7200,7200,0,2026-02-15,2026-02-08,Cheque,Paid,0,0,"Sibling Concession 10%",Low,0,"Rohan Verma","Finance & Accounts"
INV-2025-031-Q1,SVIS-2025-031,"Vihaan Banerjee",CBSE-5,A,"Tuition Fee","Term 1 Fee",20000,0,20000,20000,0,2025-06-15,2025-06-10,Cheque,Paid,0,0,Unclassified,Low,0,"Rohan Verma","Finance & Accounts"
INV-2025-031-Q2,SVIS-2025-031,"Vihaan Banerjee",CBSE-5,A,"Tuition Fee","Term 2 Fee",20000,0,20000,20000,0,2025-09-15,2025-09-12,"Net Banking",Paid,0,0,Unclassified,Low,0,"Rohan Verma","Finance & Accounts"
INV-2025-031-Q3,SVIS-2025-031,"Vihaan Banerjee",CBSE-5,A,"Tuition Fee","Term 3 Fee",20000,0,20000,20000,0,2025-12-15,2025-12-10,"Net Banking",Paid,0,0,Unclassified,Low,0,"Rohan Verma","Finance & Accounts"
INV-2025-031-Q4,SVIS-2025-031,"Vihaan Banerjee",CBSE-5,A,"Lab & Technology Fee","Annual Lab & Activity Fee",8000,0,8000,8000,0,2026-02-15,2026-02-08,"Credit Card",Paid,0,0,Unclassified,Low,0,"Rohan Verma","Finance & Accounts"
INV-2025-032-Q1,SVIS-2025-032,"Reyansh Nair",CBSE-5,B,"Tuition Fee","Term 1 Fee",20000,0,20000,20000,0,2025-06-15,2025-06-10,"Demand Draft",Paid,0,0,Unclassified,Low,0,"Rohan Verma","Finance & Accounts"
INV-2025-032-Q2,SVIS-2025-032,"Reyansh Nair",CBSE-5,B,"Tuition Fee","Term 2 Fee",20000,0,20000,20000,0,2025-09-15,2025-09-12,Cheque,Paid,0,0,Unclassified,Low,0,"Rohan Verma","Finance & Accounts"
INV-2025-032-Q3,SVIS-2025-032,"Reyansh Nair",CBSE-5,B,"Tuition Fee","Term 3 Fee",20000,0,20000,0,20000,2025-12-15,,,Overdue,75,3,Unclassified,High,17000,"Rohan Verma","Finance & Accounts"
INV-2025-032-Q4,SVIS-2025-032,"Reyansh Nair",CBSE-5,B,"Lab & Technology Fee","Annual Lab & Activity Fee",8000,0,8000,8000,0,2026-02-15,2026-02-08,"Net Banking",Paid,0,0,Unclassified,Low,0,"Rohan Verma","Finance & Accounts"
INV-2025-033-Q1,SVIS-2025-033,"Ishaan Bhat",CBSE-5,A,"Tuition Fee","Term 1 Fee",20000,0,20000,20000,0,2025-06-15,2025-06-10,"Credit Card",Paid,0,0,Unclassified,Low,0,"Rohan Verma","Finance & Accounts"
INV-2025-033-Q2,SVIS-2025-033,"Ishaan Bhat",CBSE-5,A,"Tuition Fee","Term 2 Fee",20000,0,20000,20000,0,2025-09-15,2025-09-12,Cheque,Paid,0,0,Unclassified,Low,0,"Rohan Verma","Finance & Accounts"
INV-2025-033-Q3,SVIS-2025-033,"Ishaan Bhat",CBSE-5,A,"Tuition Fee","Term 3 Fee",20000,0,20000,10000,10000,2025-12-15,2025-12-10,Cheque,Partial,20,1,Unclassified,Medium,10000,"Rohan Verma","Finance & Accounts"
INV-2025-033-Q4,SVIS-2025-033,"Ishaan Bhat",CBSE-5,A,"Lab & Technology Fee","Annual Lab & Activity Fee",8000,0,8000,4000,4000,2026-02-15,2026-02-08,"Demand Draft",Partial,20,1,Unclassified,Medium,4000,"Rohan Verma","Finance & Accounts"
INV-2025-034-Q1,SVIS-2025-034,"Advik Ghosh",CBSE-5,B,"Tuition Fee","Term 1 Fee",20000,0,20000,20000,0,2025-06-15,2025-06-10,Cheque,Paid,0,0,Unclassified,Low,0,"Rohan Verma","Finance & Accounts"
INV-2025-034-Q2,SVIS-2025-034,"Advik Ghosh",CBSE-5,B,"Tuition Fee","Term 2 Fee",20000,0,20000,20000,0,2025-09-15,2025-09-12,"Demand Draft",Paid,0,0,Unclassified,Low,0,"Rohan Verma","Finance & Accounts"
INV-2025-034-Q3,SVIS-2025-034,"Advik Ghosh",CBSE-5,B,"Tuition Fee","Term 3 Fee",20000,0,20000,20000,0,2025-12-15,2025-12-10,UPI,Paid,0,0,Unclassified,Low,0,"Rohan Verma","Finance & Accounts"
INV-2025-034-Q4,SVIS-2025-034,"Advik Ghosh",CBSE-5,B,"Lab & Technology Fee","Annual Lab & Activity Fee",8000,0,8000,8000,0,2026-02-15,2026-02-08,"Net Banking",Paid,0,0,Unclassified,Low,0,"Rohan Verma","Finance & Accounts"
INV-2025-035-Q1,SVIS-2025-035,"Ananya Iyer",CBSE-5,A,"Tuition Fee","Term 1 Fee",20000,0,20000,20000,0,2025-06-15,2025-06-10,"Net Banking",Paid,0,0,Unclassified,Low,0,"Rohan Verma","Finance & Accounts"
INV-2025-035-Q2,SVIS-2025-035,"Ananya Iyer",CBSE-5,A,"Tuition Fee","Term 2 Fee",20000,0,20000,20000,0,2025-09-15,2025-09-12,"Credit Card",Paid,0,0,Unclassified,Low,0,"Rohan Verma","Finance & Accounts"
INV-2025-035-Q3,SVIS-2025-035,"Ananya Iyer",CBSE-5,A,"Tuition Fee","Term 3 Fee",20000,0,20000,20000,0,2025-12-15,2025-12-10,Cheque,Paid,0,0,Unclassified,Low,0,"Rohan Verma","Finance & Accounts"
INV-2025-035-Q4,SVIS-2025-035,"Ananya Iyer",CBSE-5,A,"Lab & Technology Fee","Annual Lab & Activity Fee",8000,0,8000,8000,0,2026-02-15,2026-02-08,"Credit Card",Paid,0,0,Unclassified,Low,0,"Rohan Verma","Finance & Accounts"
INV-2025-036-Q1,SVIS-2025-036,"Aadhya Rao",CBSE-5,B,"Tuition Fee","Term 1 Fee",20000,5000,15000,15000,0,2025-06-15,2025-06-10,"Demand Draft",Paid,0,0,"Merit Scholarship 25%",Low,0,"Rohan Verma","Finance & Accounts"
INV-2025-036-Q2,SVIS-2025-036,"Aadhya Rao",CBSE-5,B,"Tuition Fee","Term 2 Fee",20000,5000,15000,15000,0,2025-09-15,2025-09-12,UPI,Paid,0,0,"Merit Scholarship 25%",Low,0,"Rohan Verma","Finance & Accounts"
INV-2025-036-Q3,SVIS-2025-036,"Aadhya Rao",CBSE-5,B,"Tuition Fee","Term 3 Fee",20000,5000,15000,15000,0,2025-12-15,2025-12-10,"Demand Draft",Paid,0,0,"Merit Scholarship 25%",Low,0,"Rohan Verma","Finance & Accounts"
INV-2025-036-Q4,SVIS-2025-036,"Aadhya Rao",CBSE-5,B,"Lab & Technology Fee","Annual Lab & Activity Fee",8000,2000,6000,6000,0,2026-02-15,2026-02-08,Cheque,Paid,0,0,"Merit Scholarship 25%",Low,0,"Rohan Verma","Finance & Accounts"
INV-2025-037-Q1,SVIS-2025-037,"Saanvi Chatterjee",CBSE-5,A,"Tuition Fee","Term 1 Fee",20000,0,20000,20000,0,2025-06-15,2025-06-10,"Credit Card",Paid,0,0,Unclassified,Low,0,"Rohan Verma","Finance & Accounts"
INV-2025-037-Q2,SVIS-2025-037,"Saanvi Chatterjee",CBSE-5,A,"Tuition Fee","Term 2 Fee",20000,0,20000,20000,0,2025-09-15,2025-09-12,UPI,Paid,0,0,Unclassified,Low,0,"Rohan Verma","Finance & Accounts"
INV-2025-037-Q3,SVIS-2025-037,"Saanvi Chatterjee",CBSE-5,A,"Tuition Fee","Term 3 Fee",20000,0,20000,20000,0,2025-12-15,2025-12-10,"Net Banking",Paid,0,0,Unclassified,Low,0,"Rohan Verma","Finance & Accounts"
INV-2025-037-Q4,SVIS-2025-037,"Saanvi Chatterjee",CBSE-5,A,"Lab & Technology Fee","Annual Lab & Activity Fee",8000,0,8000,8000,0,2026-02-15,2026-02-08,Cheque,Paid,0,0,Unclassified,Low,0,"Rohan Verma","Finance & Accounts"
INV-2025-038-Q1,SVIS-2025-038,"Ira Gupta",CBSE-5,B,"Tuition Fee","Term 1 Fee",20000,0,20000,20000,0,2025-06-15,2025-06-10,Cheque,Paid,0,0,Unclassified,Low,0,"Rohan Verma","Finance & Accounts"
INV-2025-038-Q2,SVIS-2025-038,"Ira Gupta",CBSE-5,B,"Tuition Fee","Term 2 Fee",20000,0,20000,20000,0,2025-09-15,2025-09-12,"Credit Card",Paid,0,0,Unclassified,Low,0,"Rohan Verma","Finance & Accounts"
INV-2025-038-Q3,SVIS-2025-038,"Ira Gupta",CBSE-5,B,"Tuition Fee","Term 3 Fee",20000,0,20000,20000,0,2025-12-15,2025-12-10,UPI,Paid,0,0,Unclassified,Low,0,"Rohan Verma","Finance & Accounts"
INV-2025-038-Q4,SVIS-2025-038,"Ira Gupta",CBSE-5,B,"Lab & Technology Fee","Annual Lab & Activity Fee",8000,0,8000,8000,0,2026-02-15,2026-02-08,"Demand Draft",Paid,0,0,Unclassified,Low,0,"Rohan Verma","Finance & Accounts"
INV-2025-039-Q1,SVIS-2025-039,"Kavya Choudhury",CBSE-5,A,"Tuition Fee","Term 1 Fee",20000,0,20000,20000,0,2025-06-15,2025-06-10,"Demand Draft",Paid,0,0,Unclassified,Low,0,"Rohan Verma","Finance & Accounts"
INV-2025-039-Q2,SVIS-2025-039,"Kavya Choudhury",CBSE-5,A,"Tuition Fee","Term 2 Fee",20000,0,20000,20000,0,2025-09-15,2025-09-12,UPI,Paid,0,0,Unclassified,Low,0,"Rohan Verma","Finance & Accounts"
INV-2025-039-Q3,SVIS-2025-039,"Kavya Choudhury",CBSE-5,A,"Tuition Fee","Term 3 Fee",20000,0,20000,20000,0,2025-12-15,2025-12-10,"Demand Draft",Paid,0,0,Unclassified,Low,0,"Rohan Verma","Finance & Accounts"
INV-2025-039-Q4,SVIS-2025-039,"Kavya Choudhury",CBSE-5,A,"Lab & Technology Fee","Annual Lab & Activity Fee",8000,0,8000,8000,0,2026-02-15,2026-02-08,"Net Banking",Paid,0,0,Unclassified,Low,0,"Rohan Verma","Finance & Accounts"
INV-2025-040-Q1,SVIS-2025-040,"Aarav Sharma",CBSE-5,B,"Tuition Fee","Term 1 Fee",20000,0,20000,20000,0,2025-06-15,2025-06-10,"Credit Card",Paid,0,0,Unclassified,Low,0,"Rohan Verma","Finance & Accounts"
INV-2025-040-Q2,SVIS-2025-040,"Aarav Sharma",CBSE-5,B,"Tuition Fee","Term 2 Fee",20000,0,20000,20000,0,2025-09-15,2025-09-12,"Demand Draft",Paid,0,0,Unclassified,Low,0,"Rohan Verma","Finance & Accounts"
INV-2025-040-Q3,SVIS-2025-040,"Aarav Sharma",CBSE-5,B,"Tuition Fee","Term 3 Fee",20000,0,20000,20000,0,2025-12-15,2025-12-10,"Demand Draft",Paid,0,0,Unclassified,Low,0,"Rohan Verma","Finance & Accounts"
INV-2025-040-Q4,SVIS-2025-040,"Aarav Sharma",CBSE-5,B,"Lab & Technology Fee","Annual Lab & Activity Fee",8000,0,8000,8000,0,2026-02-15,2026-02-08,"Net Banking",Paid,0,0,Unclassified,Low,0,"Rohan Verma","Finance & Accounts"
INV-2025-041-Q1,SVIS-2025-041,"Vihaan Singh",CBSE-5,A,"Tuition Fee","Term 1 Fee",20000,0,20000,20000,0,2025-06-15,2025-06-10,"Net Banking",Paid,0,0,Unclassified,Low,0,"Rohan Verma","Finance & Accounts"
INV-2025-041-Q2,SVIS-2025-041,"Vihaan Singh",CBSE-5,A,"Tuition Fee","Term 2 Fee",20000,0,20000,20000,0,2025-09-15,2025-09-12,UPI,Paid,0,0,Unclassified,Low,0,"Rohan Verma","Finance & Accounts"
INV-2025-041-Q3,SVIS-2025-041,"Vihaan Singh",CBSE-5,A,"Tuition Fee","Term 3 Fee",20000,0,20000,20000,0,2025-12-15,2025-12-10,"Demand Draft",Paid,0,0,Unclassified,Low,0,"Rohan Verma","Finance & Accounts"
INV-2025-041-Q4,SVIS-2025-041,"Vihaan Singh",CBSE-5,A,"Lab & Technology Fee","Annual Lab & Activity Fee",8000,0,8000,8000,0,2026-02-15,2026-02-08,UPI,Paid,0,0,Unclassified,Low,0,"Rohan Verma","Finance & Accounts"
INV-2025-042-Q1,SVIS-2025-042,"Reyansh Mehta",CBSE-5,B,"Tuition Fee","Term 1 Fee",20000,0,20000,20000,0,2025-06-15,2025-06-10,"Net Banking",Paid,0,0,Unclassified,Low,0,"Rohan Verma","Finance & Accounts"
INV-2025-042-Q2,SVIS-2025-042,"Reyansh Mehta",CBSE-5,B,"Tuition Fee","Term 2 Fee",20000,0,20000,20000,0,2025-09-15,2025-09-12,"Credit Card",Paid,0,0,Unclassified,Low,0,"Rohan Verma","Finance & Accounts"
INV-2025-042-Q3,SVIS-2025-042,"Reyansh Mehta",CBSE-5,B,"Tuition Fee","Term 3 Fee",20000,0,20000,20000,0,2025-12-15,2025-12-10,UPI,Paid,0,0,Unclassified,Low,0,"Rohan Verma","Finance & Accounts"
INV-2025-042-Q4,SVIS-2025-042,"Reyansh Mehta",CBSE-5,B,"Lab & Technology Fee","Annual Lab & Activity Fee",8000,0,8000,8000,0,2026-02-15,2026-02-08,UPI,Paid,0,0,Unclassified,Low,0,"Rohan Verma","Finance & Accounts"
INV-2025-043-Q1,SVIS-2025-043,"Ishaan Verma",CBSE-5,A,"Tuition Fee","Term 1 Fee",20000,0,20000,20000,0,2025-06-15,2025-06-10,UPI,Paid,0,0,Unclassified,Low,0,"Rohan Verma","Finance & Accounts"
INV-2025-043-Q2,SVIS-2025-043,"Ishaan Verma",CBSE-5,A,"Tuition Fee","Term 2 Fee",20000,0,20000,20000,0,2025-09-15,2025-09-12,"Net Banking",Paid,0,0,Unclassified,Low,0,"Rohan Verma","Finance & Accounts"
INV-2025-043-Q3,SVIS-2025-043,"Ishaan Verma",CBSE-5,A,"Tuition Fee","Term 3 Fee",20000,0,20000,20000,0,2025-12-15,2025-12-10,"Net Banking",Paid,0,0,Unclassified,Low,0,"Rohan Verma","Finance & Accounts"
INV-2025-043-Q4,SVIS-2025-043,"Ishaan Verma",CBSE-5,A,"Lab & Technology Fee","Annual Lab & Activity Fee",8000,0,8000,8000,0,2026-02-15,2026-02-08,"Demand Draft",Paid,0,0,Unclassified,Low,0,"Rohan Verma","Finance & Accounts"
INV-2025-044-Q1,SVIS-2025-044,"Advik Deshmukh",CBSE-5,B,"Tuition Fee","Term 1 Fee",20000,0,20000,20000,0,2025-06-15,2025-06-10,"Demand Draft",Paid,0,0,Unclassified,Low,0,"Rohan Verma","Finance & Accounts"
INV-2025-044-Q2,SVIS-2025-044,"Advik Deshmukh",CBSE-5,B,"Tuition Fee","Term 2 Fee",20000,0,20000,20000,0,2025-09-15,2025-09-12,"Net Banking",Paid,0,0,Unclassified,Low,0,"Rohan Verma","Finance & Accounts"
INV-2025-044-Q3,SVIS-2025-044,"Advik Deshmukh",CBSE-5,B,"Tuition Fee","Term 3 Fee",20000,0,20000,10000,10000,2025-12-15,2025-12-10,Cheque,Partial,20,1,Unclassified,Medium,10000,"Rohan Verma","Finance & Accounts"
INV-2025-044-Q4,SVIS-2025-044,"Advik Deshmukh",CBSE-5,B,"Lab & Technology Fee","Annual Lab & Activity Fee",8000,0,8000,4000,4000,2026-02-15,2026-02-08,"Demand Draft",Partial,20,1,Unclassified,Medium,4000,"Rohan Verma","Finance & Accounts"
INV-2025-045-Q1,SVIS-2025-045,"Ananya Shah",CBSE-5,A,"Tuition Fee","Term 1 Fee",20000,2000,18000,18000,0,2025-06-15,2025-06-10,"Demand Draft",Paid,0,0,"Sibling Concession 10%",Low,0,"Rohan Verma","Finance & Accounts"
INV-2025-045-Q2,SVIS-2025-045,"Ananya Shah",CBSE-5,A,"Tuition Fee","Term 2 Fee",20000,2000,18000,18000,0,2025-09-15,2025-09-12,"Credit Card",Paid,0,0,"Sibling Concession 10%",Low,0,"Rohan Verma","Finance & Accounts"
INV-2025-045-Q3,SVIS-2025-045,"Ananya Shah",CBSE-5,A,"Tuition Fee","Term 3 Fee",20000,2000,18000,18000,0,2025-12-15,2025-12-10,"Credit Card",Paid,0,0,"Sibling Concession 10%",Low,0,"Rohan Verma","Finance & Accounts"
INV-2025-045-Q4,SVIS-2025-045,"Ananya Shah",CBSE-5,A,"Lab & Technology Fee","Annual Lab & Activity Fee",8000,800,7200,7200,0,2026-02-15,2026-02-08,UPI,Paid,0,0,"Sibling Concession 10%",Low,0,"Rohan Verma","Finance & Accounts"
INV-2025-046-Q1,SVIS-2025-046,"Aadhya Patel",CBSE-6,A,"Tuition Fee","Term 1 Fee",35000,0,35000,35000,0,2025-06-15,2025-06-10,UPI,Paid,0,0,Unclassified,Low,0,"Rohan Verma","Finance & Accounts"
INV-2025-046-Q2,SVIS-2025-046,"Aadhya Patel",CBSE-6,A,"Tuition Fee","Term 2 Fee",35000,0,35000,35000,0,2025-09-15,2025-09-12,"Demand Draft",Paid,0,0,Unclassified,Low,0,"Rohan Verma","Finance & Accounts"
INV-2025-046-Q3,SVIS-2025-046,"Aadhya Patel",CBSE-6,A,"Tuition Fee","Term 3 Fee",35000,0,35000,35000,0,2025-12-15,2025-12-10,Cheque,Paid,0,0,Unclassified,Low,0,"Rohan Verma","Finance & Accounts"
INV-2025-046-Q4,SVIS-2025-046,"Aadhya Patel",CBSE-6,A,"Lab & Technology Fee","Annual Lab & Activity Fee",8000,0,8000,8000,0,2026-02-15,2026-02-08,"Demand Draft",Paid,0,0,Unclassified,Low,0,"Rohan Verma","Finance & Accounts"
INV-2025-047-Q1,SVIS-2025-047,"Saanvi Kulkarni",CBSE-6,B,"Tuition Fee","Term 1 Fee",35000,0,35000,35000,0,2025-06-15,2025-06-10,"Demand Draft",Paid,0,0,Unclassified,Low,0,"Rohan Verma","Finance & Accounts"
INV-2025-047-Q2,SVIS-2025-047,"Saanvi Kulkarni",CBSE-6,B,"Tuition Fee","Term 2 Fee",35000,0,35000,35000,0,2025-09-15,2025-09-12,"Credit Card",Paid,0,0,Unclassified,Low,0,"Rohan Verma","Finance & Accounts"
INV-2025-047-Q3,SVIS-2025-047,"Saanvi Kulkarni",CBSE-6,B,"Tuition Fee","Term 3 Fee",35000,0,35000,35000,0,2025-12-15,2025-12-10,"Credit Card",Paid,0,0,Unclassified,Low,0,"Rohan Verma","Finance & Accounts"
INV-2025-047-Q4,SVIS-2025-047,"Saanvi Kulkarni",CBSE-6,B,"Lab & Technology Fee","Annual Lab & Activity Fee",8000,0,8000,8000,0,2026-02-15,2026-02-08,"Net Banking",Paid,0,0,Unclassified,Low,0,"Rohan Verma","Finance & Accounts"
INV-2025-048-Q1,SVIS-2025-048,"Ira Mukherjee",CBSE-6,A,"Tuition Fee","Term 1 Fee",35000,8750,26250,26250,0,2025-06-15,2025-06-10,"Credit Card",Paid,0,0,"Merit Scholarship 25%",Low,0,"Rohan Verma","Finance & Accounts"
INV-2025-048-Q2,SVIS-2025-048,"Ira Mukherjee",CBSE-6,A,"Tuition Fee","Term 2 Fee",35000,8750,26250,26250,0,2025-09-15,2025-09-12,"Demand Draft",Paid,0,0,"Merit Scholarship 25%",Low,0,"Rohan Verma","Finance & Accounts"
INV-2025-048-Q3,SVIS-2025-048,"Ira Mukherjee",CBSE-6,A,"Tuition Fee","Term 3 Fee",35000,8750,26250,0,26250,2025-12-15,,,Overdue,75,3,"Merit Scholarship 25%",High,22312.5,"Rohan Verma","Finance & Accounts"
INV-2025-048-Q4,SVIS-2025-048,"Ira Mukherjee",CBSE-6,A,"Lab & Technology Fee","Annual Lab & Activity Fee",8000,2000,6000,6000,0,2026-02-15,2026-02-08,"Demand Draft",Paid,0,0,"Merit Scholarship 25%",Low,0,"Rohan Verma","Finance & Accounts"
INV-2025-049-Q1,SVIS-2025-049,"Kavya Reddy",CBSE-6,B,"Tuition Fee","Term 1 Fee",35000,0,35000,35000,0,2025-06-15,2025-06-10,"Net Banking",Paid,0,0,Unclassified,Low,0,"Rohan Verma","Finance & Accounts"
INV-2025-049-Q2,SVIS-2025-049,"Kavya Reddy",CBSE-6,B,"Tuition Fee","Term 2 Fee",35000,0,35000,35000,0,2025-09-15,2025-09-12,"Net Banking",Paid,0,0,Unclassified,Low,0,"Rohan Verma","Finance & Accounts"
INV-2025-049-Q3,SVIS-2025-049,"Kavya Reddy",CBSE-6,B,"Tuition Fee","Term 3 Fee",35000,0,35000,35000,0,2025-12-15,2025-12-10,"Demand Draft",Paid,0,0,Unclassified,Low,0,"Rohan Verma","Finance & Accounts"
INV-2025-049-Q4,SVIS-2025-049,"Kavya Reddy",CBSE-6,B,"Lab & Technology Fee","Annual Lab & Activity Fee",8000,0,8000,8000,0,2026-02-15,2026-02-08,UPI,Paid,0,0,Unclassified,Low,0,"Rohan Verma","Finance & Accounts"
INV-2025-050-Q1,SVIS-2025-050,"Aarav Joshi",CBSE-6,A,"Tuition Fee","Term 1 Fee",35000,0,35000,35000,0,2025-06-15,2025-06-10,UPI,Paid,0,0,Unclassified,Low,0,"Rohan Verma","Finance & Accounts"
INV-2025-050-Q2,SVIS-2025-050,"Aarav Joshi",CBSE-6,A,"Tuition Fee","Term 2 Fee",35000,0,35000,35000,0,2025-09-15,2025-09-12,UPI,Paid,0,0,Unclassified,Low,0,"Rohan Verma","Finance & Accounts"
INV-2025-050-Q3,SVIS-2025-050,"Aarav Joshi",CBSE-6,A,"Tuition Fee","Term 3 Fee",35000,0,35000,35000,0,2025-12-15,2025-12-10,Cheque,Paid,0,0,Unclassified,Low,0,"Rohan Verma","Finance & Accounts"
INV-2025-050-Q4,SVIS-2025-050,"Aarav Joshi",CBSE-6,A,"Lab & Technology Fee","Annual Lab & Activity Fee",8000,0,8000,8000,0,2026-02-15,2026-02-08,"Credit Card",Paid,0,0,Unclassified,Low,0,"Rohan Verma","Finance & Accounts"
INV-2025-051-Q1,SVIS-2025-051,"Vihaan Banerjee",CBSE-6,B,"Tuition Fee","Term 1 Fee",35000,0,35000,35000,0,2025-06-15,2025-06-10,Cheque,Paid,0,0,Unclassified,Low,0,"Rohan Verma","Finance & Accounts"
INV-2025-051-Q2,SVIS-2025-051,"Vihaan Banerjee",CBSE-6,B,"Tuition Fee","Term 2 Fee",35000,0,35000,35000,0,2025-09-15,2025-09-12,UPI,Paid,0,0,Unclassified,Low,0,"Rohan Verma","Finance & Accounts"
INV-2025-051-Q3,SVIS-2025-051,"Vihaan Banerjee",CBSE-6,B,"Tuition Fee","Term 3 Fee",35000,0,35000,35000,0,2025-12-15,2025-12-10,"Net Banking",Paid,0,0,Unclassified,Low,0,"Rohan Verma","Finance & Accounts"
INV-2025-051-Q4,SVIS-2025-051,"Vihaan Banerjee",CBSE-6,B,"Lab & Technology Fee","Annual Lab & Activity Fee",8000,0,8000,8000,0,2026-02-15,2026-02-08,Cheque,Paid,0,0,Unclassified,Low,0,"Rohan Verma","Finance & Accounts"
INV-2025-052-Q1,SVIS-2025-052,"Reyansh Nair",CBSE-6,A,"Tuition Fee","Term 1 Fee",35000,0,35000,35000,0,2025-06-15,2025-06-10,"Demand Draft",Paid,0,0,Unclassified,Low,0,"Rohan Verma","Finance & Accounts"
INV-2025-052-Q2,SVIS-2025-052,"Reyansh Nair",CBSE-6,A,"Tuition Fee","Term 2 Fee",35000,0,35000,35000,0,2025-09-15,2025-09-12,"Credit Card",Paid,0,0,Unclassified,Low,0,"Rohan Verma","Finance & Accounts"
INV-2025-052-Q3,SVIS-2025-052,"Reyansh Nair",CBSE-6,A,"Tuition Fee","Term 3 Fee",35000,0,35000,35000,0,2025-12-15,2025-12-10,"Demand Draft",Paid,0,0,Unclassified,Low,0,"Rohan Verma","Finance & Accounts"
INV-2025-052-Q4,SVIS-2025-052,"Reyansh Nair",CBSE-6,A,"Lab & Technology Fee","Annual Lab & Activity Fee",8000,0,8000,8000,0,2026-02-15,2026-02-08,"Net Banking",Paid,0,0,Unclassified,Low,0,"Rohan Verma","Finance & Accounts"
INV-2025-053-Q1,SVIS-2025-053,"Ishaan Bhat",CBSE-6,B,"Tuition Fee","Term 1 Fee",35000,0,35000,35000,0,2025-06-15,2025-06-10,"Credit Card",Paid,0,0,Unclassified,Low,0,"Rohan Verma","Finance & Accounts"
INV-2025-053-Q2,SVIS-2025-053,"Ishaan Bhat",CBSE-6,B,"Tuition Fee","Term 2 Fee",35000,0,35000,35000,0,2025-09-15,2025-09-12,"Net Banking",Paid,0,0,Unclassified,Low,0,"Rohan Verma","Finance & Accounts"
INV-2025-053-Q3,SVIS-2025-053,"Ishaan Bhat",CBSE-6,B,"Tuition Fee","Term 3 Fee",35000,0,35000,35000,0,2025-12-15,2025-12-10,Cheque,Paid,0,0,Unclassified,Low,0,"Rohan Verma","Finance & Accounts"
INV-2025-053-Q4,SVIS-2025-053,"Ishaan Bhat",CBSE-6,B,"Lab & Technology Fee","Annual Lab & Activity Fee",8000,0,8000,8000,0,2026-02-15,2026-02-08,"Net Banking",Paid,0,0,Unclassified,Low,0,"Rohan Verma","Finance & Accounts"
INV-2025-054-Q1,SVIS-2025-054,"Advik Ghosh",CBSE-6,A,"Tuition Fee","Term 1 Fee",35000,0,35000,35000,0,2025-06-15,2025-06-10,Cheque,Paid,0,0,Unclassified,Low,0,"Rohan Verma","Finance & Accounts"
INV-2025-054-Q2,SVIS-2025-054,"Advik Ghosh",CBSE-6,A,"Tuition Fee","Term 2 Fee",35000,0,35000,35000,0,2025-09-15,2025-09-12,"Net Banking",Paid,0,0,Unclassified,Low,0,"Rohan Verma","Finance & Accounts"
INV-2025-054-Q3,SVIS-2025-054,"Advik Ghosh",CBSE-6,A,"Tuition Fee","Term 3 Fee",35000,0,35000,35000,0,2025-12-15,2025-12-10,Cheque,Paid,0,0,Unclassified,Low,0,"Rohan Verma","Finance & Accounts"
INV-2025-054-Q4,SVIS-2025-054,"Advik Ghosh",CBSE-6,A,"Lab & Technology Fee","Annual Lab & Activity Fee",8000,0,8000,8000,0,2026-02-15,2026-02-08,"Credit Card",Paid,0,0,Unclassified,Low,0,"Rohan Verma","Finance & Accounts"
INV-2025-055-Q1,SVIS-2025-055,"Ananya Iyer",CBSE-6,B,"Tuition Fee","Term 1 Fee",35000,0,35000,35000,0,2025-06-15,2025-06-10,UPI,Paid,0,0,Unclassified,Low,0,"Rohan Verma","Finance & Accounts"
INV-2025-055-Q2,SVIS-2025-055,"Ananya Iyer",CBSE-6,B,"Tuition Fee","Term 2 Fee",35000,0,35000,35000,0,2025-09-15,2025-09-12,"Credit Card",Paid,0,0,Unclassified,Low,0,"Rohan Verma","Finance & Accounts"
INV-2025-055-Q3,SVIS-2025-055,"Ananya Iyer",CBSE-6,B,"Tuition Fee","Term 3 Fee",35000,0,35000,17500,17500,2025-12-15,2025-12-10,"Net Banking",Partial,20,1,Unclassified,Medium,17500,"Rohan Verma","Finance & Accounts"
INV-2025-055-Q4,SVIS-2025-055,"Ananya Iyer",CBSE-6,B,"Lab & Technology Fee","Annual Lab & Activity Fee",8000,0,8000,4000,4000,2026-02-15,2026-02-08,"Demand Draft",Partial,20,1,Unclassified,Medium,4000,"Rohan Verma","Finance & Accounts"
INV-2025-056-Q1,SVIS-2025-056,"Aadhya Rao",CBSE-6,A,"Tuition Fee","Term 1 Fee",35000,0,35000,35000,0,2025-06-15,2025-06-10,"Net Banking",Paid,0,0,Unclassified,Low,0,"Rohan Verma","Finance & Accounts"
INV-2025-056-Q2,SVIS-2025-056,"Aadhya Rao",CBSE-6,A,"Tuition Fee","Term 2 Fee",35000,0,35000,35000,0,2025-09-15,2025-09-12,"Net Banking",Paid,0,0,Unclassified,Low,0,"Rohan Verma","Finance & Accounts"
INV-2025-056-Q3,SVIS-2025-056,"Aadhya Rao",CBSE-6,A,"Tuition Fee","Term 3 Fee",35000,0,35000,35000,0,2025-12-15,2025-12-10,"Net Banking",Paid,0,0,Unclassified,Low,0,"Rohan Verma","Finance & Accounts"
INV-2025-056-Q4,SVIS-2025-056,"Aadhya Rao",CBSE-6,A,"Lab & Technology Fee","Annual Lab & Activity Fee",8000,0,8000,8000,0,2026-02-15,2026-02-08,"Demand Draft",Paid,0,0,Unclassified,Low,0,"Rohan Verma","Finance & Accounts"
INV-2025-057-Q1,SVIS-2025-057,"Saanvi Chatterjee",CBSE-6,B,"Tuition Fee","Term 1 Fee",35000,0,35000,35000,0,2025-06-15,2025-06-10,Cheque,Paid,0,0,Unclassified,Low,0,"Rohan Verma","Finance & Accounts"
INV-2025-057-Q2,SVIS-2025-057,"Saanvi Chatterjee",CBSE-6,B,"Tuition Fee","Term 2 Fee",35000,0,35000,35000,0,2025-09-15,2025-09-12,"Demand Draft",Paid,0,0,Unclassified,Low,0,"Rohan Verma","Finance & Accounts"
INV-2025-057-Q3,SVIS-2025-057,"Saanvi Chatterjee",CBSE-6,B,"Tuition Fee","Term 3 Fee",35000,0,35000,35000,0,2025-12-15,2025-12-10,Cheque,Paid,0,0,Unclassified,Low,0,"Rohan Verma","Finance & Accounts"
INV-2025-057-Q4,SVIS-2025-057,"Saanvi Chatterjee",CBSE-6,B,"Lab & Technology Fee","Annual Lab & Activity Fee",8000,0,8000,8000,0,2026-02-15,2026-02-08,"Credit Card",Paid,0,0,Unclassified,Low,0,"Rohan Verma","Finance & Accounts"
INV-2025-058-Q1,SVIS-2025-058,"Ira Gupta",CBSE-6,A,"Tuition Fee","Term 1 Fee",35000,0,35000,35000,0,2025-06-15,2025-06-10,"Demand Draft",Paid,0,0,Unclassified,Low,0,"Rohan Verma","Finance & Accounts"
INV-2025-058-Q2,SVIS-2025-058,"Ira Gupta",CBSE-6,A,"Tuition Fee","Term 2 Fee",35000,0,35000,35000,0,2025-09-15,2025-09-12,UPI,Paid,0,0,Unclassified,Low,0,"Rohan Verma","Finance & Accounts"
INV-2025-058-Q3,SVIS-2025-058,"Ira Gupta",CBSE-6,A,"Tuition Fee","Term 3 Fee",35000,0,35000,35000,0,2025-12-15,2025-12-10,UPI,Paid,0,0,Unclassified,Low,0,"Rohan Verma","Finance & Accounts"
INV-2025-058-Q4,SVIS-2025-058,"Ira Gupta",CBSE-6,A,"Lab & Technology Fee","Annual Lab & Activity Fee",8000,0,8000,8000,0,2026-02-15,2026-02-08,UPI,Paid,0,0,Unclassified,Low,0,"Rohan Verma","Finance & Accounts"
INV-2025-059-Q1,SVIS-2025-059,"Kavya Choudhury",CBSE-6,B,"Tuition Fee","Term 1 Fee",35000,0,35000,35000,0,2025-06-15,2025-06-10,"Demand Draft",Paid,0,0,Unclassified,Low,0,"Rohan Verma","Finance & Accounts"
INV-2025-059-Q2,SVIS-2025-059,"Kavya Choudhury",CBSE-6,B,"Tuition Fee","Term 2 Fee",35000,0,35000,35000,0,2025-09-15,2025-09-12,"Credit Card",Paid,0,0,Unclassified,Low,0,"Rohan Verma","Finance & Accounts"
INV-2025-059-Q3,SVIS-2025-059,"Kavya Choudhury",CBSE-6,B,"Tuition Fee","Term 3 Fee",35000,0,35000,35000,0,2025-12-15,2025-12-10,"Net Banking",Paid,0,0,Unclassified,Low,0,"Rohan Verma","Finance & Accounts"
INV-2025-059-Q4,SVIS-2025-059,"Kavya Choudhury",CBSE-6,B,"Lab & Technology Fee","Annual Lab & Activity Fee",8000,0,8000,8000,0,2026-02-15,2026-02-08,"Credit Card",Paid,0,0,Unclassified,Low,0,"Rohan Verma","Finance & Accounts"
INV-2025-060-Q1,SVIS-2025-060,"Aarav Sharma",CBSE-6,A,"Tuition Fee","Term 1 Fee",35000,8750,26250,26250,0,2025-06-15,2025-06-10,"Net Banking",Paid,0,0,"Merit Scholarship 25%",Low,0,"Rohan Verma","Finance & Accounts"
INV-2025-060-Q2,SVIS-2025-060,"Aarav Sharma",CBSE-6,A,"Tuition Fee","Term 2 Fee",35000,8750,26250,26250,0,2025-09-15,2025-09-12,"Credit Card",Paid,0,0,"Merit Scholarship 25%",Low,0,"Rohan Verma","Finance & Accounts"
INV-2025-060-Q3,SVIS-2025-060,"Aarav Sharma",CBSE-6,A,"Tuition Fee","Term 3 Fee",35000,8750,26250,26250,0,2025-12-15,2025-12-10,"Net Banking",Paid,0,0,"Merit Scholarship 25%",Low,0,"Rohan Verma","Finance & Accounts"
INV-2025-060-Q4,SVIS-2025-060,"Aarav Sharma",CBSE-6,A,"Lab & Technology Fee","Annual Lab & Activity Fee",8000,2000,6000,6000,0,2026-02-15,2026-02-08,Cheque,Paid,0,0,"Merit Scholarship 25%",Low,0,"Rohan Verma","Finance & Accounts"
INV-2025-061-Q1,SVIS-2025-061,"Vihaan Singh",CBSE-7,A,"Tuition Fee","Term 1 Fee",25000,0,25000,25000,0,2025-06-15,2025-06-10,UPI,Paid,0,0,Unclassified,Low,0,"Rohan Verma","Finance & Accounts"
INV-2025-061-Q2,SVIS-2025-061,"Vihaan Singh",CBSE-7,A,"Tuition Fee","Term 2 Fee",25000,0,25000,25000,0,2025-09-15,2025-09-12,"Demand Draft",Paid,0,0,Unclassified,Low,0,"Rohan Verma","Finance & Accounts"
INV-2025-061-Q3,SVIS-2025-061,"Vihaan Singh",CBSE-7,A,"Tuition Fee","Term 3 Fee",25000,0,25000,25000,0,2025-12-15,2025-12-10,"Demand Draft",Paid,0,0,Unclassified,Low,0,"Rohan Verma","Finance & Accounts"
INV-2025-061-Q4,SVIS-2025-061,"Vihaan Singh",CBSE-7,A,"Lab & Technology Fee","Annual Lab & Activity Fee",8000,0,8000,8000,0,2026-02-15,2026-02-08,"Credit Card",Paid,0,0,Unclassified,Low,0,"Rohan Verma","Finance & Accounts"
INV-2025-062-Q1,SVIS-2025-062,"Reyansh Mehta",CBSE-7,B,"Tuition Fee","Term 1 Fee",25000,0,25000,25000,0,2025-06-15,2025-06-10,"Net Banking",Paid,0,0,Unclassified,Low,0,"Rohan Verma","Finance & Accounts"
INV-2025-062-Q2,SVIS-2025-062,"Reyansh Mehta",CBSE-7,B,"Tuition Fee","Term 2 Fee",25000,0,25000,25000,0,2025-09-15,2025-09-12,"Demand Draft",Paid,0,0,Unclassified,Low,0,"Rohan Verma","Finance & Accounts"
INV-2025-062-Q3,SVIS-2025-062,"Reyansh Mehta",CBSE-7,B,"Tuition Fee","Term 3 Fee",25000,0,25000,25000,0,2025-12-15,2025-12-10,"Net Banking",Paid,0,0,Unclassified,Low,0,"Rohan Verma","Finance & Accounts"
INV-2025-062-Q4,SVIS-2025-062,"Reyansh Mehta",CBSE-7,B,"Lab & Technology Fee","Annual Lab & Activity Fee",8000,0,8000,8000,0,2026-02-15,2026-02-08,"Credit Card",Paid,0,0,Unclassified,Low,0,"Rohan Verma","Finance & Accounts"
INV-2025-063-Q1,SVIS-2025-063,"Ishaan Verma",CBSE-7,A,"Tuition Fee","Term 1 Fee",25000,0,25000,25000,0,2025-06-15,2025-06-10,"Net Banking",Paid,0,0,Unclassified,Low,0,"Rohan Verma","Finance & Accounts"
INV-2025-063-Q2,SVIS-2025-063,"Ishaan Verma",CBSE-7,A,"Tuition Fee","Term 2 Fee",25000,0,25000,25000,0,2025-09-15,2025-09-12,"Demand Draft",Paid,0,0,Unclassified,Low,0,"Rohan Verma","Finance & Accounts"
INV-2025-063-Q3,SVIS-2025-063,"Ishaan Verma",CBSE-7,A,"Tuition Fee","Term 3 Fee",25000,0,25000,25000,0,2025-12-15,2025-12-10,"Demand Draft",Paid,0,0,Unclassified,Low,0,"Rohan Verma","Finance & Accounts"
INV-2025-063-Q4,SVIS-2025-063,"Ishaan Verma",CBSE-7,A,"Lab & Technology Fee","Annual Lab & Activity Fee",8000,0,8000,8000,0,2026-02-15,2026-02-08,"Demand Draft",Paid,0,0,Unclassified,Low,0,"Rohan Verma","Finance & Accounts"
INV-2025-064-Q1,SVIS-2025-064,"Advik Deshmukh",CBSE-7,B,"Tuition Fee","Term 1 Fee",25000,0,25000,25000,0,2025-06-15,2025-06-10,UPI,Paid,0,0,Unclassified,Low,0,"Rohan Verma","Finance & Accounts"
INV-2025-064-Q2,SVIS-2025-064,"Advik Deshmukh",CBSE-7,B,"Tuition Fee","Term 2 Fee",25000,0,25000,25000,0,2025-09-15,2025-09-12,Cheque,Paid,0,0,Unclassified,Low,0,"Rohan Verma","Finance & Accounts"
INV-2025-064-Q3,SVIS-2025-064,"Advik Deshmukh",CBSE-7,B,"Tuition Fee","Term 3 Fee",25000,0,25000,0,25000,2025-12-15,,,Overdue,75,3,Unclassified,High,21250,"Rohan Verma","Finance & Accounts"
INV-2025-064-Q4,SVIS-2025-064,"Advik Deshmukh",CBSE-7,B,"Lab & Technology Fee","Annual Lab & Activity Fee",8000,0,8000,8000,0,2026-02-15,2026-02-08,Cheque,Paid,0,0,Unclassified,Low,0,"Rohan Verma","Finance & Accounts"
INV-2025-065-Q1,SVIS-2025-065,"Ananya Shah",CBSE-7,A,"Tuition Fee","Term 1 Fee",25000,0,25000,25000,0,2025-06-15,2025-06-10,"Demand Draft",Paid,0,0,Unclassified,Low,0,"Rohan Verma","Finance & Accounts"
INV-2025-065-Q2,SVIS-2025-065,"Ananya Shah",CBSE-7,A,"Tuition Fee","Term 2 Fee",25000,0,25000,25000,0,2025-09-15,2025-09-12,"Credit Card",Paid,0,0,Unclassified,Low,0,"Rohan Verma","Finance & Accounts"
INV-2025-065-Q3,SVIS-2025-065,"Ananya Shah",CBSE-7,A,"Tuition Fee","Term 3 Fee",25000,0,25000,25000,0,2025-12-15,2025-12-10,"Demand Draft",Paid,0,0,Unclassified,Low,0,"Rohan Verma","Finance & Accounts"
INV-2025-065-Q4,SVIS-2025-065,"Ananya Shah",CBSE-7,A,"Lab & Technology Fee","Annual Lab & Activity Fee",8000,0,8000,8000,0,2026-02-15,2026-02-08,Cheque,Paid,0,0,Unclassified,Low,0,"Rohan Verma","Finance & Accounts"
INV-2025-066-Q1,SVIS-2025-066,"Aadhya Patel",CBSE-7,B,"Tuition Fee","Term 1 Fee",25000,0,25000,25000,0,2025-06-15,2025-06-10,"Net Banking",Paid,0,0,Unclassified,Low,0,"Rohan Verma","Finance & Accounts"
INV-2025-066-Q2,SVIS-2025-066,"Aadhya Patel",CBSE-7,B,"Tuition Fee","Term 2 Fee",25000,0,25000,25000,0,2025-09-15,2025-09-12,UPI,Paid,0,0,Unclassified,Low,0,"Rohan Verma","Finance & Accounts"
INV-2025-066-Q3,SVIS-2025-066,"Aadhya Patel",CBSE-7,B,"Tuition Fee","Term 3 Fee",25000,0,25000,12500,12500,2025-12-15,2025-12-10,UPI,Partial,20,1,Unclassified,Medium,12500,"Rohan Verma","Finance & Accounts"
INV-2025-066-Q4,SVIS-2025-066,"Aadhya Patel",CBSE-7,B,"Lab & Technology Fee","Annual Lab & Activity Fee",8000,0,8000,4000,4000,2026-02-15,2026-02-08,"Credit Card",Partial,20,1,Unclassified,Medium,4000,"Rohan Verma","Finance & Accounts"
INV-2025-067-Q1,SVIS-2025-067,"Saanvi Kulkarni",CBSE-7,A,"Tuition Fee","Term 1 Fee",25000,0,25000,25000,0,2025-06-15,2025-06-10,"Net Banking",Paid,0,0,Unclassified,Low,0,"Rohan Verma","Finance & Accounts"
INV-2025-067-Q2,SVIS-2025-067,"Saanvi Kulkarni",CBSE-7,A,"Tuition Fee","Term 2 Fee",25000,0,25000,25000,0,2025-09-15,2025-09-12,UPI,Paid,0,0,Unclassified,Low,0,"Rohan Verma","Finance & Accounts"
INV-2025-067-Q3,SVIS-2025-067,"Saanvi Kulkarni",CBSE-7,A,"Tuition Fee","Term 3 Fee",25000,0,25000,25000,0,2025-12-15,2025-12-10,"Credit Card",Paid,0,0,Unclassified,Low,0,"Rohan Verma","Finance & Accounts"
INV-2025-067-Q4,SVIS-2025-067,"Saanvi Kulkarni",CBSE-7,A,"Lab & Technology Fee","Annual Lab & Activity Fee",8000,0,8000,8000,0,2026-02-15,2026-02-08,"Credit Card",Paid,0,0,Unclassified,Low,0,"Rohan Verma","Finance & Accounts"
INV-2025-068-Q1,SVIS-2025-068,"Ira Mukherjee",CBSE-7,B,"Tuition Fee","Term 1 Fee",25000,0,25000,25000,0,2025-06-15,2025-06-10,Cheque,Paid,0,0,Unclassified,Low,0,"Rohan Verma","Finance & Accounts"
INV-2025-068-Q2,SVIS-2025-068,"Ira Mukherjee",CBSE-7,B,"Tuition Fee","Term 2 Fee",25000,0,25000,25000,0,2025-09-15,2025-09-12,"Credit Card",Paid,0,0,Unclassified,Low,0,"Rohan Verma","Finance & Accounts"
INV-2025-068-Q3,SVIS-2025-068,"Ira Mukherjee",CBSE-7,B,"Tuition Fee","Term 3 Fee",25000,0,25000,25000,0,2025-12-15,2025-12-10,"Demand Draft",Paid,0,0,Unclassified,Low,0,"Rohan Verma","Finance & Accounts"
INV-2025-068-Q4,SVIS-2025-068,"Ira Mukherjee",CBSE-7,B,"Lab & Technology Fee","Annual Lab & Activity Fee",8000,0,8000,8000,0,2026-02-15,2026-02-08,"Credit Card",Paid,0,0,Unclassified,Low,0,"Rohan Verma","Finance & Accounts"
INV-2025-069-Q1,SVIS-2025-069,"Kavya Reddy",CBSE-7,A,"Tuition Fee","Term 1 Fee",25000,0,25000,25000,0,2025-06-15,2025-06-10,"Demand Draft",Paid,0,0,Unclassified,Low,0,"Rohan Verma","Finance & Accounts"
INV-2025-069-Q2,SVIS-2025-069,"Kavya Reddy",CBSE-7,A,"Tuition Fee","Term 2 Fee",25000,0,25000,25000,0,2025-09-15,2025-09-12,"Net Banking",Paid,0,0,Unclassified,Low,0,"Rohan Verma","Finance & Accounts"
INV-2025-069-Q3,SVIS-2025-069,"Kavya Reddy",CBSE-7,A,"Tuition Fee","Term 3 Fee",25000,0,25000,25000,0,2025-12-15,2025-12-10,"Demand Draft",Paid,0,0,Unclassified,Low,0,"Rohan Verma","Finance & Accounts"
INV-2025-069-Q4,SVIS-2025-069,"Kavya Reddy",CBSE-7,A,"Lab & Technology Fee","Annual Lab & Activity Fee",8000,0,8000,8000,0,2026-02-15,2026-02-08,UPI,Paid,0,0,Unclassified,Low,0,"Rohan Verma","Finance & Accounts"
INV-2025-070-Q1,SVIS-2025-070,"Aarav Joshi",CBSE-7,B,"Tuition Fee","Term 1 Fee",25000,0,25000,25000,0,2025-06-15,2025-06-10,Cheque,Paid,0,0,Unclassified,Low,0,"Rohan Verma","Finance & Accounts"
INV-2025-070-Q2,SVIS-2025-070,"Aarav Joshi",CBSE-7,B,"Tuition Fee","Term 2 Fee",25000,0,25000,25000,0,2025-09-15,2025-09-12,"Credit Card",Paid,0,0,Unclassified,Low,0,"Rohan Verma","Finance & Accounts"
INV-2025-070-Q3,SVIS-2025-070,"Aarav Joshi",CBSE-7,B,"Tuition Fee","Term 3 Fee",25000,0,25000,25000,0,2025-12-15,2025-12-10,"Net Banking",Paid,0,0,Unclassified,Low,0,"Rohan Verma","Finance & Accounts"
INV-2025-070-Q4,SVIS-2025-070,"Aarav Joshi",CBSE-7,B,"Lab & Technology Fee","Annual Lab & Activity Fee",8000,0,8000,8000,0,2026-02-15,2026-02-08,"Net Banking",Paid,0,0,Unclassified,Low,0,"Rohan Verma","Finance & Accounts"
INV-2025-071-Q1,SVIS-2025-071,"Vihaan Banerjee",CBSE-7,A,"Tuition Fee","Term 1 Fee",25000,0,25000,25000,0,2025-06-15,2025-06-10,"Demand Draft",Paid,0,0,Unclassified,Low,0,"Rohan Verma","Finance & Accounts"
INV-2025-071-Q2,SVIS-2025-071,"Vihaan Banerjee",CBSE-7,A,"Tuition Fee","Term 2 Fee",25000,0,25000,25000,0,2025-09-15,2025-09-12,"Net Banking",Paid,0,0,Unclassified,Low,0,"Rohan Verma","Finance & Accounts"
INV-2025-071-Q3,SVIS-2025-071,"Vihaan Banerjee",CBSE-7,A,"Tuition Fee","Term 3 Fee",25000,0,25000,25000,0,2025-12-15,2025-12-10,"Net Banking",Paid,0,0,Unclassified,Low,0,"Rohan Verma","Finance & Accounts"
INV-2025-071-Q4,SVIS-2025-071,"Vihaan Banerjee",CBSE-7,A,"Lab & Technology Fee","Annual Lab & Activity Fee",8000,0,8000,8000,0,2026-02-15,2026-02-08,"Credit Card",Paid,0,0,Unclassified,Low,0,"Rohan Verma","Finance & Accounts"
INV-2025-072-Q1,SVIS-2025-072,"Reyansh Nair",CBSE-7,B,"Tuition Fee","Term 1 Fee",25000,6250,18750,18750,0,2025-06-15,2025-06-10,Cheque,Paid,0,0,"Merit Scholarship 25%",Low,0,"Rohan Verma","Finance & Accounts"
INV-2025-072-Q2,SVIS-2025-072,"Reyansh Nair",CBSE-7,B,"Tuition Fee","Term 2 Fee",25000,6250,18750,18750,0,2025-09-15,2025-09-12,"Demand Draft",Paid,0,0,"Merit Scholarship 25%",Low,0,"Rohan Verma","Finance & Accounts"
INV-2025-072-Q3,SVIS-2025-072,"Reyansh Nair",CBSE-7,B,"Tuition Fee","Term 3 Fee",25000,6250,18750,18750,0,2025-12-15,2025-12-10,"Net Banking",Paid,0,0,"Merit Scholarship 25%",Low,0,"Rohan Verma","Finance & Accounts"
INV-2025-072-Q4,SVIS-2025-072,"Reyansh Nair",CBSE-7,B,"Lab & Technology Fee","Annual Lab & Activity Fee",8000,2000,6000,6000,0,2026-02-15,2026-02-08,"Demand Draft",Paid,0,0,"Merit Scholarship 25%",Low,0,"Rohan Verma","Finance & Accounts"
INV-2025-073-Q1,SVIS-2025-073,"Ishaan Bhat",CBSE-7,A,"Tuition Fee","Term 1 Fee",25000,0,25000,25000,0,2025-06-15,2025-06-10,UPI,Paid,0,0,Unclassified,Low,0,"Rohan Verma","Finance & Accounts"
INV-2025-073-Q2,SVIS-2025-073,"Ishaan Bhat",CBSE-7,A,"Tuition Fee","Term 2 Fee",25000,0,25000,25000,0,2025-09-15,2025-09-12,UPI,Paid,0,0,Unclassified,Low,0,"Rohan Verma","Finance & Accounts"
INV-2025-073-Q3,SVIS-2025-073,"Ishaan Bhat",CBSE-7,A,"Tuition Fee","Term 3 Fee",25000,0,25000,25000,0,2025-12-15,2025-12-10,"Net Banking",Paid,0,0,Unclassified,Low,0,"Rohan Verma","Finance & Accounts"
INV-2025-073-Q4,SVIS-2025-073,"Ishaan Bhat",CBSE-7,A,"Lab & Technology Fee","Annual Lab & Activity Fee",8000,0,8000,8000,0,2026-02-15,2026-02-08,"Demand Draft",Paid,0,0,Unclassified,Low,0,"Rohan Verma","Finance & Accounts"
INV-2025-074-Q1,SVIS-2025-074,"Advik Ghosh",CBSE-7,B,"Tuition Fee","Term 1 Fee",25000,0,25000,25000,0,2025-06-15,2025-06-10,Cheque,Paid,0,0,Unclassified,Low,0,"Rohan Verma","Finance & Accounts"
INV-2025-074-Q2,SVIS-2025-074,"Advik Ghosh",CBSE-7,B,"Tuition Fee","Term 2 Fee",25000,0,25000,25000,0,2025-09-15,2025-09-12,UPI,Paid,0,0,Unclassified,Low,0,"Rohan Verma","Finance & Accounts"
INV-2025-074-Q3,SVIS-2025-074,"Advik Ghosh",CBSE-7,B,"Tuition Fee","Term 3 Fee",25000,0,25000,25000,0,2025-12-15,2025-12-10,"Demand Draft",Paid,0,0,Unclassified,Low,0,"Rohan Verma","Finance & Accounts"
INV-2025-074-Q4,SVIS-2025-074,"Advik Ghosh",CBSE-7,B,"Lab & Technology Fee","Annual Lab & Activity Fee",8000,0,8000,8000,0,2026-02-15,2026-02-08,UPI,Paid,0,0,Unclassified,Low,0,"Rohan Verma","Finance & Accounts"
INV-2025-075-Q1,SVIS-2025-075,"Ananya Iyer",CBSE-7,A,"Tuition Fee","Term 1 Fee",25000,2500,22500,22500,0,2025-06-15,2025-06-10,UPI,Paid,0,0,"Sibling Concession 10%",Low,0,"Rohan Verma","Finance & Accounts"
INV-2025-075-Q2,SVIS-2025-075,"Ananya Iyer",CBSE-7,A,"Tuition Fee","Term 2 Fee",25000,2500,22500,22500,0,2025-09-15,2025-09-12,"Demand Draft",Paid,0,0,"Sibling Concession 10%",Low,0,"Rohan Verma","Finance & Accounts"
INV-2025-075-Q3,SVIS-2025-075,"Ananya Iyer",CBSE-7,A,"Tuition Fee","Term 3 Fee",25000,2500,22500,22500,0,2025-12-15,2025-12-10,Cheque,Paid,0,0,"Sibling Concession 10%",Low,0,"Rohan Verma","Finance & Accounts"
INV-2025-075-Q4,SVIS-2025-075,"Ananya Iyer",CBSE-7,A,"Lab & Technology Fee","Annual Lab & Activity Fee",8000,800,7200,7200,0,2026-02-15,2026-02-08,"Demand Draft",Paid,0,0,"Sibling Concession 10%",Low,0,"Rohan Verma","Finance & Accounts"
INV-2025-076-Q1,SVIS-2025-076,"Aadhya Rao",CBSE-8,A,"Tuition Fee","Term 1 Fee",25000,0,25000,25000,0,2025-06-15,2025-06-10,"Credit Card",Paid,0,0,Unclassified,Low,0,"Rohan Verma","Finance & Accounts"
INV-2025-076-Q2,SVIS-2025-076,"Aadhya Rao",CBSE-8,A,"Tuition Fee","Term 2 Fee",25000,0,25000,25000,0,2025-09-15,2025-09-12,"Demand Draft",Paid,0,0,Unclassified,Low,0,"Rohan Verma","Finance & Accounts"
INV-2025-076-Q3,SVIS-2025-076,"Aadhya Rao",CBSE-8,A,"Tuition Fee","Term 3 Fee",25000,0,25000,25000,0,2025-12-15,2025-12-10,"Net Banking",Paid,0,0,Unclassified,Low,0,"Rohan Verma","Finance & Accounts"
INV-2025-076-Q4,SVIS-2025-076,"Aadhya Rao",CBSE-8,A,"Lab & Technology Fee","Annual Lab & Activity Fee",8000,0,8000,8000,0,2026-02-15,2026-02-08,"Net Banking",Paid,0,0,Unclassified,Low,0,"Rohan Verma","Finance & Accounts"
INV-2025-077-Q1,SVIS-2025-077,"Saanvi Chatterjee",CBSE-8,B,"Tuition Fee","Term 1 Fee",25000,0,25000,25000,0,2025-06-15,2025-06-10,"Demand Draft",Paid,0,0,Unclassified,Low,0,"Rohan Verma","Finance & Accounts"
INV-2025-077-Q2,SVIS-2025-077,"Saanvi Chatterjee",CBSE-8,B,"Tuition Fee","Term 2 Fee",25000,0,25000,25000,0,2025-09-15,2025-09-12,"Demand Draft",Paid,0,0,Unclassified,Low,0,"Rohan Verma","Finance & Accounts"
INV-2025-077-Q3,SVIS-2025-077,"Saanvi Chatterjee",CBSE-8,B,"Tuition Fee","Term 3 Fee",25000,0,25000,12500,12500,2025-12-15,2025-12-10,"Demand Draft",Partial,20,1,Unclassified,Medium,12500,"Rohan Verma","Finance & Accounts"
INV-2025-077-Q4,SVIS-2025-077,"Saanvi Chatterjee",CBSE-8,B,"Lab & Technology Fee","Annual Lab & Activity Fee",8000,0,8000,4000,4000,2026-02-15,2026-02-08,UPI,Partial,20,1,Unclassified,Medium,4000,"Rohan Verma","Finance & Accounts"
INV-2025-078-Q1,SVIS-2025-078,"Ira Gupta",CBSE-8,A,"Tuition Fee","Term 1 Fee",25000,0,25000,25000,0,2025-06-15,2025-06-10,"Credit Card",Paid,0,0,Unclassified,Low,0,"Rohan Verma","Finance & Accounts"
INV-2025-078-Q2,SVIS-2025-078,"Ira Gupta",CBSE-8,A,"Tuition Fee","Term 2 Fee",25000,0,25000,25000,0,2025-09-15,2025-09-12,"Demand Draft",Paid,0,0,Unclassified,Low,0,"Rohan Verma","Finance & Accounts"
INV-2025-078-Q3,SVIS-2025-078,"Ira Gupta",CBSE-8,A,"Tuition Fee","Term 3 Fee",25000,0,25000,25000,0,2025-12-15,2025-12-10,"Demand Draft",Paid,0,0,Unclassified,Low,0,"Rohan Verma","Finance & Accounts"
INV-2025-078-Q4,SVIS-2025-078,"Ira Gupta",CBSE-8,A,"Lab & Technology Fee","Annual Lab & Activity Fee",8000,0,8000,8000,0,2026-02-15,2026-02-08,Cheque,Paid,0,0,Unclassified,Low,0,"Rohan Verma","Finance & Accounts"
INV-2025-079-Q1,SVIS-2025-079,"Kavya Choudhury",CBSE-8,B,"Tuition Fee","Term 1 Fee",25000,0,25000,25000,0,2025-06-15,2025-06-10,"Net Banking",Paid,0,0,Unclassified,Low,0,"Rohan Verma","Finance & Accounts"
INV-2025-079-Q2,SVIS-2025-079,"Kavya Choudhury",CBSE-8,B,"Tuition Fee","Term 2 Fee",25000,0,25000,25000,0,2025-09-15,2025-09-12,"Credit Card",Paid,0,0,Unclassified,Low,0,"Rohan Verma","Finance & Accounts"
INV-2025-079-Q3,SVIS-2025-079,"Kavya Choudhury",CBSE-8,B,"Tuition Fee","Term 3 Fee",25000,0,25000,25000,0,2025-12-15,2025-12-10,"Demand Draft",Paid,0,0,Unclassified,Low,0,"Rohan Verma","Finance & Accounts"
INV-2025-079-Q4,SVIS-2025-079,"Kavya Choudhury",CBSE-8,B,"Lab & Technology Fee","Annual Lab & Activity Fee",8000,0,8000,8000,0,2026-02-15,2026-02-08,"Net Banking",Paid,0,0,Unclassified,Low,0,"Rohan Verma","Finance & Accounts"
INV-2025-080-Q1,SVIS-2025-080,"Aarav Sharma",CBSE-8,A,"Tuition Fee","Term 1 Fee",25000,0,25000,25000,0,2025-06-15,2025-06-10,UPI,Paid,0,0,Unclassified,Low,0,"Rohan Verma","Finance & Accounts"
INV-2025-080-Q2,SVIS-2025-080,"Aarav Sharma",CBSE-8,A,"Tuition Fee","Term 2 Fee",25000,0,25000,25000,0,2025-09-15,2025-09-12,UPI,Paid,0,0,Unclassified,Low,0,"Rohan Verma","Finance & Accounts"
INV-2025-080-Q3,SVIS-2025-080,"Aarav Sharma",CBSE-8,A,"Tuition Fee","Term 3 Fee",25000,0,25000,0,25000,2025-12-15,,,Overdue,75,3,Unclassified,High,21250,"Rohan Verma","Finance & Accounts"
INV-2025-080-Q4,SVIS-2025-080,"Aarav Sharma",CBSE-8,A,"Lab & Technology Fee","Annual Lab & Activity Fee",8000,0,8000,8000,0,2026-02-15,2026-02-08,"Demand Draft",Paid,0,0,Unclassified,Low,0,"Rohan Verma","Finance & Accounts"
INV-2025-081-Q1,SVIS-2025-081,"Vihaan Singh",CBSE-8,B,"Tuition Fee","Term 1 Fee",25000,0,25000,25000,0,2025-06-15,2025-06-10,"Credit Card",Paid,0,0,Unclassified,Low,0,"Rohan Verma","Finance & Accounts"
INV-2025-081-Q2,SVIS-2025-081,"Vihaan Singh",CBSE-8,B,"Tuition Fee","Term 2 Fee",25000,0,25000,25000,0,2025-09-15,2025-09-12,"Credit Card",Paid,0,0,Unclassified,Low,0,"Rohan Verma","Finance & Accounts"
INV-2025-081-Q3,SVIS-2025-081,"Vihaan Singh",CBSE-8,B,"Tuition Fee","Term 3 Fee",25000,0,25000,25000,0,2025-12-15,2025-12-10,"Net Banking",Paid,0,0,Unclassified,Low,0,"Rohan Verma","Finance & Accounts"
INV-2025-081-Q4,SVIS-2025-081,"Vihaan Singh",CBSE-8,B,"Lab & Technology Fee","Annual Lab & Activity Fee",8000,0,8000,8000,0,2026-02-15,2026-02-08,"Net Banking",Paid,0,0,Unclassified,Low,0,"Rohan Verma","Finance & Accounts"
INV-2025-082-Q1,SVIS-2025-082,"Reyansh Mehta",CBSE-8,A,"Tuition Fee","Term 1 Fee",25000,0,25000,25000,0,2025-06-15,2025-06-10,UPI,Paid,0,0,Unclassified,Low,0,"Rohan Verma","Finance & Accounts"
INV-2025-082-Q2,SVIS-2025-082,"Reyansh Mehta",CBSE-8,A,"Tuition Fee","Term 2 Fee",25000,0,25000,25000,0,2025-09-15,2025-09-12,Cheque,Paid,0,0,Unclassified,Low,0,"Rohan Verma","Finance & Accounts"
INV-2025-082-Q3,SVIS-2025-082,"Reyansh Mehta",CBSE-8,A,"Tuition Fee","Term 3 Fee",25000,0,25000,25000,0,2025-12-15,2025-12-10,"Demand Draft",Paid,0,0,Unclassified,Low,0,"Rohan Verma","Finance & Accounts"
INV-2025-082-Q4,SVIS-2025-082,"Reyansh Mehta",CBSE-8,A,"Lab & Technology Fee","Annual Lab & Activity Fee",8000,0,8000,8000,0,2026-02-15,2026-02-08,"Net Banking",Paid,0,0,Unclassified,Low,0,"Rohan Verma","Finance & Accounts"
INV-2025-083-Q1,SVIS-2025-083,"Ishaan Verma",CBSE-8,B,"Tuition Fee","Term 1 Fee",25000,0,25000,25000,0,2025-06-15,2025-06-10,UPI,Paid,0,0,Unclassified,Low,0,"Rohan Verma","Finance & Accounts"
INV-2025-083-Q2,SVIS-2025-083,"Ishaan Verma",CBSE-8,B,"Tuition Fee","Term 2 Fee",25000,0,25000,25000,0,2025-09-15,2025-09-12,Cheque,Paid,0,0,Unclassified,Low,0,"Rohan Verma","Finance & Accounts"
INV-2025-083-Q3,SVIS-2025-083,"Ishaan Verma",CBSE-8,B,"Tuition Fee","Term 3 Fee",25000,0,25000,25000,0,2025-12-15,2025-12-10,Cheque,Paid,0,0,Unclassified,Low,0,"Rohan Verma","Finance & Accounts"
INV-2025-083-Q4,SVIS-2025-083,"Ishaan Verma",CBSE-8,B,"Lab & Technology Fee","Annual Lab & Activity Fee",8000,0,8000,8000,0,2026-02-15,2026-02-08,"Net Banking",Paid,0,0,Unclassified,Low,0,"Rohan Verma","Finance & Accounts"
INV-2025-084-Q1,SVIS-2025-084,"Advik Deshmukh",CBSE-8,A,"Tuition Fee","Term 1 Fee",25000,6250,18750,18750,0,2025-06-15,2025-06-10,"Credit Card",Paid,0,0,"Merit Scholarship 25%",Low,0,"Rohan Verma","Finance & Accounts"
INV-2025-084-Q2,SVIS-2025-084,"Advik Deshmukh",CBSE-8,A,"Tuition Fee","Term 2 Fee",25000,6250,18750,18750,0,2025-09-15,2025-09-12,UPI,Paid,0,0,"Merit Scholarship 25%",Low,0,"Rohan Verma","Finance & Accounts"
INV-2025-084-Q3,SVIS-2025-084,"Advik Deshmukh",CBSE-8,A,"Tuition Fee","Term 3 Fee",25000,6250,18750,18750,0,2025-12-15,2025-12-10,Cheque,Paid,0,0,"Merit Scholarship 25%",Low,0,"Rohan Verma","Finance & Accounts"
INV-2025-084-Q4,SVIS-2025-084,"Advik Deshmukh",CBSE-8,A,"Lab & Technology Fee","Annual Lab & Activity Fee",8000,2000,6000,6000,0,2026-02-15,2026-02-08,UPI,Paid,0,0,"Merit Scholarship 25%",Low,0,"Rohan Verma","Finance & Accounts"
INV-2025-085-Q1,SVIS-2025-085,"Ananya Shah",CBSE-8,B,"Tuition Fee","Term 1 Fee",25000,0,25000,25000,0,2025-06-15,2025-06-10,"Demand Draft",Paid,0,0,Unclassified,Low,0,"Rohan Verma","Finance & Accounts"
INV-2025-085-Q2,SVIS-2025-085,"Ananya Shah",CBSE-8,B,"Tuition Fee","Term 2 Fee",25000,0,25000,25000,0,2025-09-15,2025-09-12,"Credit Card",Paid,0,0,Unclassified,Low,0,"Rohan Verma","Finance & Accounts"
INV-2025-085-Q3,SVIS-2025-085,"Ananya Shah",CBSE-8,B,"Tuition Fee","Term 3 Fee",25000,0,25000,25000,0,2025-12-15,2025-12-10,UPI,Paid,0,0,Unclassified,Low,0,"Rohan Verma","Finance & Accounts"
INV-2025-085-Q4,SVIS-2025-085,"Ananya Shah",CBSE-8,B,"Lab & Technology Fee","Annual Lab & Activity Fee",8000,0,8000,8000,0,2026-02-15,2026-02-08,"Demand Draft",Paid,0,0,Unclassified,Low,0,"Rohan Verma","Finance & Accounts"
INV-2025-086-Q1,SVIS-2025-086,"Aadhya Patel",CBSE-8,A,"Tuition Fee","Term 1 Fee",25000,0,25000,25000,0,2025-06-15,2025-06-10,Cheque,Paid,0,0,Unclassified,Low,0,"Rohan Verma","Finance & Accounts"
INV-2025-086-Q2,SVIS-2025-086,"Aadhya Patel",CBSE-8,A,"Tuition Fee","Term 2 Fee",25000,0,25000,25000,0,2025-09-15,2025-09-12,"Net Banking",Paid,0,0,Unclassified,Low,0,"Rohan Verma","Finance & Accounts"
INV-2025-086-Q3,SVIS-2025-086,"Aadhya Patel",CBSE-8,A,"Tuition Fee","Term 3 Fee",25000,0,25000,25000,0,2025-12-15,2025-12-10,"Net Banking",Paid,0,0,Unclassified,Low,0,"Rohan Verma","Finance & Accounts"
INV-2025-086-Q4,SVIS-2025-086,"Aadhya Patel",CBSE-8,A,"Lab & Technology Fee","Annual Lab & Activity Fee",8000,0,8000,8000,0,2026-02-15,2026-02-08,UPI,Paid,0,0,Unclassified,Low,0,"Rohan Verma","Finance & Accounts"
INV-2025-087-Q1,SVIS-2025-087,"Saanvi Kulkarni",CBSE-8,B,"Tuition Fee","Term 1 Fee",25000,0,25000,25000,0,2025-06-15,2025-06-10,Cheque,Paid,0,0,Unclassified,Low,0,"Rohan Verma","Finance & Accounts"
INV-2025-087-Q2,SVIS-2025-087,"Saanvi Kulkarni",CBSE-8,B,"Tuition Fee","Term 2 Fee",25000,0,25000,25000,0,2025-09-15,2025-09-12,Cheque,Paid,0,0,Unclassified,Low,0,"Rohan Verma","Finance & Accounts"
INV-2025-087-Q3,SVIS-2025-087,"Saanvi Kulkarni",CBSE-8,B,"Tuition Fee","Term 3 Fee",25000,0,25000,25000,0,2025-12-15,2025-12-10,"Net Banking",Paid,0,0,Unclassified,Low,0,"Rohan Verma","Finance & Accounts"
INV-2025-087-Q4,SVIS-2025-087,"Saanvi Kulkarni",CBSE-8,B,"Lab & Technology Fee","Annual Lab & Activity Fee",8000,0,8000,8000,0,2026-02-15,2026-02-08,UPI,Paid,0,0,Unclassified,Low,0,"Rohan Verma","Finance & Accounts"
INV-2025-088-Q1,SVIS-2025-088,"Ira Mukherjee",CBSE-8,A,"Tuition Fee","Term 1 Fee",25000,0,25000,25000,0,2025-06-15,2025-06-10,UPI,Paid,0,0,Unclassified,Low,0,"Rohan Verma","Finance & Accounts"
INV-2025-088-Q2,SVIS-2025-088,"Ira Mukherjee",CBSE-8,A,"Tuition Fee","Term 2 Fee",25000,0,25000,25000,0,2025-09-15,2025-09-12,"Demand Draft",Paid,0,0,Unclassified,Low,0,"Rohan Verma","Finance & Accounts"
INV-2025-088-Q3,SVIS-2025-088,"Ira Mukherjee",CBSE-8,A,"Tuition Fee","Term 3 Fee",25000,0,25000,12500,12500,2025-12-15,2025-12-10,UPI,Partial,20,1,Unclassified,Medium,12500,"Rohan Verma","Finance & Accounts"
INV-2025-088-Q4,SVIS-2025-088,"Ira Mukherjee",CBSE-8,A,"Lab & Technology Fee","Annual Lab & Activity Fee",8000,0,8000,4000,4000,2026-02-15,2026-02-08,"Demand Draft",Partial,20,1,Unclassified,Medium,4000,"Rohan Verma","Finance & Accounts"
INV-2025-089-Q1,SVIS-2025-089,"Kavya Reddy",CBSE-8,B,"Tuition Fee","Term 1 Fee",25000,0,25000,25000,0,2025-06-15,2025-06-10,UPI,Paid,0,0,Unclassified,Low,0,"Rohan Verma","Finance & Accounts"
INV-2025-089-Q2,SVIS-2025-089,"Kavya Reddy",CBSE-8,B,"Tuition Fee","Term 2 Fee",25000,0,25000,25000,0,2025-09-15,2025-09-12,"Demand Draft",Paid,0,0,Unclassified,Low,0,"Rohan Verma","Finance & Accounts"
INV-2025-089-Q3,SVIS-2025-089,"Kavya Reddy",CBSE-8,B,"Tuition Fee","Term 3 Fee",25000,0,25000,25000,0,2025-12-15,2025-12-10,"Credit Card",Paid,0,0,Unclassified,Low,0,"Rohan Verma","Finance & Accounts"
INV-2025-089-Q4,SVIS-2025-089,"Kavya Reddy",CBSE-8,B,"Lab & Technology Fee","Annual Lab & Activity Fee",8000,0,8000,8000,0,2026-02-15,2026-02-08,UPI,Paid,0,0,Unclassified,Low,0,"Rohan Verma","Finance & Accounts"
INV-2025-090-Q1,SVIS-2025-090,"Aarav Joshi",CBSE-8,A,"Tuition Fee","Term 1 Fee",25000,2500,22500,22500,0,2025-06-15,2025-06-10,Cheque,Paid,0,0,"Sibling Concession 10%",Low,0,"Rohan Verma","Finance & Accounts"
INV-2025-090-Q2,SVIS-2025-090,"Aarav Joshi",CBSE-8,A,"Tuition Fee","Term 2 Fee",25000,2500,22500,22500,0,2025-09-15,2025-09-12,"Net Banking",Paid,0,0,"Sibling Concession 10%",Low,0,"Rohan Verma","Finance & Accounts"
INV-2025-090-Q3,SVIS-2025-090,"Aarav Joshi",CBSE-8,A,"Tuition Fee","Term 3 Fee",25000,2500,22500,22500,0,2025-12-15,2025-12-10,"Credit Card",Paid,0,0,"Sibling Concession 10%",Low,0,"Rohan Verma","Finance & Accounts"
INV-2025-090-Q4,SVIS-2025-090,"Aarav Joshi",CBSE-8,A,"Lab & Technology Fee","Annual Lab & Activity Fee",8000,800,7200,7200,0,2026-02-15,2026-02-08,Cheque,Paid,0,0,"Sibling Concession 10%",Low,0,"Rohan Verma","Finance & Accounts"
INV-2025-091-Q1,SVIS-2025-091,"Vihaan Banerjee",CBSE-9,A,"Tuition Fee","Term 1 Fee",30000,0,30000,30000,0,2025-06-15,2025-06-10,"Credit Card",Paid,0,0,Unclassified,Low,0,"Rohan Verma","Finance & Accounts"
INV-2025-091-Q2,SVIS-2025-091,"Vihaan Banerjee",CBSE-9,A,"Tuition Fee","Term 2 Fee",30000,0,30000,30000,0,2025-09-15,2025-09-12,"Credit Card",Paid,0,0,Unclassified,Low,0,"Rohan Verma","Finance & Accounts"
INV-2025-091-Q3,SVIS-2025-091,"Vihaan Banerjee",CBSE-9,A,"Tuition Fee","Term 3 Fee",30000,0,30000,30000,0,2025-12-15,2025-12-10,"Demand Draft",Paid,0,0,Unclassified,Low,0,"Rohan Verma","Finance & Accounts"
INV-2025-091-Q4,SVIS-2025-091,"Vihaan Banerjee",CBSE-9,A,"Lab & Technology Fee","Annual Lab & Activity Fee",8000,0,8000,8000,0,2026-02-15,2026-02-08,"Credit Card",Paid,0,0,Unclassified,Low,0,"Rohan Verma","Finance & Accounts"
INV-2025-092-Q1,SVIS-2025-092,"Reyansh Nair",CBSE-9,B,"Tuition Fee","Term 1 Fee",30000,0,30000,30000,0,2025-06-15,2025-06-10,"Net Banking",Paid,0,0,Unclassified,Low,0,"Rohan Verma","Finance & Accounts"
INV-2025-092-Q2,SVIS-2025-092,"Reyansh Nair",CBSE-9,B,"Tuition Fee","Term 2 Fee",30000,0,30000,30000,0,2025-09-15,2025-09-12,"Net Banking",Paid,0,0,Unclassified,Low,0,"Rohan Verma","Finance & Accounts"
INV-2025-092-Q3,SVIS-2025-092,"Reyansh Nair",CBSE-9,B,"Tuition Fee","Term 3 Fee",30000,0,30000,30000,0,2025-12-15,2025-12-10,"Net Banking",Paid,0,0,Unclassified,Low,0,"Rohan Verma","Finance & Accounts"
INV-2025-092-Q4,SVIS-2025-092,"Reyansh Nair",CBSE-9,B,"Lab & Technology Fee","Annual Lab & Activity Fee",8000,0,8000,8000,0,2026-02-15,2026-02-08,Cheque,Paid,0,0,Unclassified,Low,0,"Rohan Verma","Finance & Accounts"
INV-2025-093-Q1,SVIS-2025-093,"Ishaan Bhat",CBSE-9,A,"Tuition Fee","Term 1 Fee",30000,0,30000,30000,0,2025-06-15,2025-06-10,Cheque,Paid,0,0,Unclassified,Low,0,"Rohan Verma","Finance & Accounts"
INV-2025-093-Q2,SVIS-2025-093,"Ishaan Bhat",CBSE-9,A,"Tuition Fee","Term 2 Fee",30000,0,30000,30000,0,2025-09-15,2025-09-12,"Net Banking",Paid,0,0,Unclassified,Low,0,"Rohan Verma","Finance & Accounts"
INV-2025-093-Q3,SVIS-2025-093,"Ishaan Bhat",CBSE-9,A,"Tuition Fee","Term 3 Fee",30000,0,30000,30000,0,2025-12-15,2025-12-10,"Demand Draft",Paid,0,0,Unclassified,Low,0,"Rohan Verma","Finance & Accounts"
INV-2025-093-Q4,SVIS-2025-093,"Ishaan Bhat",CBSE-9,A,"Lab & Technology Fee","Annual Lab & Activity Fee",8000,0,8000,8000,0,2026-02-15,2026-02-08,"Demand Draft",Paid,0,0,Unclassified,Low,0,"Rohan Verma","Finance & Accounts"
INV-2025-094-Q1,SVIS-2025-094,"Advik Ghosh",CBSE-9,B,"Tuition Fee","Term 1 Fee",30000,0,30000,30000,0,2025-06-15,2025-06-10,"Net Banking",Paid,0,0,Unclassified,Low,0,"Rohan Verma","Finance & Accounts"
INV-2025-094-Q2,SVIS-2025-094,"Advik Ghosh",CBSE-9,B,"Tuition Fee","Term 2 Fee",30000,0,30000,30000,0,2025-09-15,2025-09-12,UPI,Paid,0,0,Unclassified,Low,0,"Rohan Verma","Finance & Accounts"
INV-2025-094-Q3,SVIS-2025-094,"Advik Ghosh",CBSE-9,B,"Tuition Fee","Term 3 Fee",30000,0,30000,30000,0,2025-12-15,2025-12-10,"Credit Card",Paid,0,0,Unclassified,Low,0,"Rohan Verma","Finance & Accounts"
INV-2025-094-Q4,SVIS-2025-094,"Advik Ghosh",CBSE-9,B,"Lab & Technology Fee","Annual Lab & Activity Fee",8000,0,8000,8000,0,2026-02-15,2026-02-08,"Demand Draft",Paid,0,0,Unclassified,Low,0,"Rohan Verma","Finance & Accounts"
INV-2025-095-Q1,SVIS-2025-095,"Ananya Iyer",CBSE-9,A,"Tuition Fee","Term 1 Fee",30000,0,30000,30000,0,2025-06-15,2025-06-10,"Net Banking",Paid,0,0,Unclassified,Low,0,"Rohan Verma","Finance & Accounts"
INV-2025-095-Q2,SVIS-2025-095,"Ananya Iyer",CBSE-9,A,"Tuition Fee","Term 2 Fee",30000,0,30000,30000,0,2025-09-15,2025-09-12,"Net Banking",Paid,0,0,Unclassified,Low,0,"Rohan Verma","Finance & Accounts"
INV-2025-095-Q3,SVIS-2025-095,"Ananya Iyer",CBSE-9,A,"Tuition Fee","Term 3 Fee",30000,0,30000,30000,0,2025-12-15,2025-12-10,Cheque,Paid,0,0,Unclassified,Low,0,"Rohan Verma","Finance & Accounts"
INV-2025-095-Q4,SVIS-2025-095,"Ananya Iyer",CBSE-9,A,"Lab & Technology Fee","Annual Lab & Activity Fee",8000,0,8000,8000,0,2026-02-15,2026-02-08,UPI,Paid,0,0,Unclassified,Low,0,"Rohan Verma","Finance & Accounts"
INV-2025-096-Q1,SVIS-2025-096,"Aadhya Rao",CBSE-9,B,"Tuition Fee","Term 1 Fee",30000,7500,22500,22500,0,2025-06-15,2025-06-10,"Credit Card",Paid,0,0,"Merit Scholarship 25%",Low,0,"Rohan Verma","Finance & Accounts"
INV-2025-096-Q2,SVIS-2025-096,"Aadhya Rao",CBSE-9,B,"Tuition Fee","Term 2 Fee",30000,7500,22500,22500,0,2025-09-15,2025-09-12,"Net Banking",Paid,0,0,"Merit Scholarship 25%",Low,0,"Rohan Verma","Finance & Accounts"
INV-2025-096-Q3,SVIS-2025-096,"Aadhya Rao",CBSE-9,B,"Tuition Fee","Term 3 Fee",30000,7500,22500,0,22500,2025-12-15,,,Overdue,75,3,"Merit Scholarship 25%",High,19125,"Rohan Verma","Finance & Accounts"
INV-2025-096-Q4,SVIS-2025-096,"Aadhya Rao",CBSE-9,B,"Lab & Technology Fee","Annual Lab & Activity Fee",8000,2000,6000,6000,0,2026-02-15,2026-02-08,"Demand Draft",Paid,0,0,"Merit Scholarship 25%",Low,0,"Rohan Verma","Finance & Accounts"
INV-2025-097-Q1,SVIS-2025-097,"Saanvi Chatterjee",CBSE-9,A,"Tuition Fee","Term 1 Fee",30000,0,30000,30000,0,2025-06-15,2025-06-10,"Net Banking",Paid,0,0,Unclassified,Low,0,"Rohan Verma","Finance & Accounts"
INV-2025-097-Q2,SVIS-2025-097,"Saanvi Chatterjee",CBSE-9,A,"Tuition Fee","Term 2 Fee",30000,0,30000,30000,0,2025-09-15,2025-09-12,"Credit Card",Paid,0,0,Unclassified,Low,0,"Rohan Verma","Finance & Accounts"
INV-2025-097-Q3,SVIS-2025-097,"Saanvi Chatterjee",CBSE-9,A,"Tuition Fee","Term 3 Fee",30000,0,30000,30000,0,2025-12-15,2025-12-10,"Demand Draft",Paid,0,0,Unclassified,Low,0,"Rohan Verma","Finance & Accounts"
INV-2025-097-Q4,SVIS-2025-097,"Saanvi Chatterjee",CBSE-9,A,"Lab & Technology Fee","Annual Lab & Activity Fee",8000,0,8000,8000,0,2026-02-15,2026-02-08,"Net Banking",Paid,0,0,Unclassified,Low,0,"Rohan Verma","Finance & Accounts"
INV-2025-098-Q1,SVIS-2025-098,"Ira Gupta",CBSE-9,B,"Tuition Fee","Term 1 Fee",30000,0,30000,30000,0,2025-06-15,2025-06-10,"Demand Draft",Paid,0,0,Unclassified,Low,0,"Rohan Verma","Finance & Accounts"
INV-2025-098-Q2,SVIS-2025-098,"Ira Gupta",CBSE-9,B,"Tuition Fee","Term 2 Fee",30000,0,30000,30000,0,2025-09-15,2025-09-12,UPI,Paid,0,0,Unclassified,Low,0,"Rohan Verma","Finance & Accounts"
INV-2025-098-Q3,SVIS-2025-098,"Ira Gupta",CBSE-9,B,"Tuition Fee","Term 3 Fee",30000,0,30000,30000,0,2025-12-15,2025-12-10,"Credit Card",Paid,0,0,Unclassified,Low,0,"Rohan Verma","Finance & Accounts"
INV-2025-098-Q4,SVIS-2025-098,"Ira Gupta",CBSE-9,B,"Lab & Technology Fee","Annual Lab & Activity Fee",8000,0,8000,8000,0,2026-02-15,2026-02-08,"Credit Card",Paid,0,0,Unclassified,Low,0,"Rohan Verma","Finance & Accounts"
INV-2025-099-Q1,SVIS-2025-099,"Kavya Choudhury",CBSE-9,A,"Tuition Fee","Term 1 Fee",30000,0,30000,30000,0,2025-06-15,2025-06-10,UPI,Paid,0,0,Unclassified,Low,0,"Rohan Verma","Finance & Accounts"
INV-2025-099-Q2,SVIS-2025-099,"Kavya Choudhury",CBSE-9,A,"Tuition Fee","Term 2 Fee",30000,0,30000,30000,0,2025-09-15,2025-09-12,"Credit Card",Paid,0,0,Unclassified,Low,0,"Rohan Verma","Finance & Accounts"
INV-2025-099-Q3,SVIS-2025-099,"Kavya Choudhury",CBSE-9,A,"Tuition Fee","Term 3 Fee",30000,0,30000,15000,15000,2025-12-15,2025-12-10,UPI,Partial,20,1,Unclassified,Medium,15000,"Rohan Verma","Finance & Accounts"
INV-2025-099-Q4,SVIS-2025-099,"Kavya Choudhury",CBSE-9,A,"Lab & Technology Fee","Annual Lab & Activity Fee",8000,0,8000,4000,4000,2026-02-15,2026-02-08,"Credit Card",Partial,20,1,Unclassified,Medium,4000,"Rohan Verma","Finance & Accounts"
INV-2025-100-Q1,SVIS-2025-100,"Aarav Sharma",CBSE-9,B,"Tuition Fee","Term 1 Fee",30000,0,30000,30000,0,2025-06-15,2025-06-10,"Credit Card",Paid,0,0,Unclassified,Low,0,"Rohan Verma","Finance & Accounts"
INV-2025-100-Q2,SVIS-2025-100,"Aarav Sharma",CBSE-9,B,"Tuition Fee","Term 2 Fee",30000,0,30000,30000,0,2025-09-15,2025-09-12,"Credit Card",Paid,0,0,Unclassified,Low,0,"Rohan Verma","Finance & Accounts"
INV-2025-100-Q3,SVIS-2025-100,"Aarav Sharma",CBSE-9,B,"Tuition Fee","Term 3 Fee",30000,0,30000,30000,0,2025-12-15,2025-12-10,"Net Banking",Paid,0,0,Unclassified,Low,0,"Rohan Verma","Finance & Accounts"
INV-2025-100-Q4,SVIS-2025-100,"Aarav Sharma",CBSE-9,B,"Lab & Technology Fee","Annual Lab & Activity Fee",8000,0,8000,8000,0,2026-02-15,2026-02-08,"Credit Card",Paid,0,0,Unclassified,Low,0,"Rohan Verma","Finance & Accounts"
INV-2025-101-Q1,SVIS-2025-101,"Vihaan Singh",CBSE-9,A,"Tuition Fee","Term 1 Fee",30000,0,30000,30000,0,2025-06-15,2025-06-10,"Demand Draft",Paid,0,0,Unclassified,Low,0,"Rohan Verma","Finance & Accounts"
INV-2025-101-Q2,SVIS-2025-101,"Vihaan Singh",CBSE-9,A,"Tuition Fee","Term 2 Fee",30000,0,30000,30000,0,2025-09-15,2025-09-12,"Demand Draft",Paid,0,0,Unclassified,Low,0,"Rohan Verma","Finance & Accounts"
INV-2025-101-Q3,SVIS-2025-101,"Vihaan Singh",CBSE-9,A,"Tuition Fee","Term 3 Fee",30000,0,30000,30000,0,2025-12-15,2025-12-10,"Demand Draft",Paid,0,0,Unclassified,Low,0,"Rohan Verma","Finance & Accounts"
INV-2025-101-Q4,SVIS-2025-101,"Vihaan Singh",CBSE-9,A,"Lab & Technology Fee","Annual Lab & Activity Fee",8000,0,8000,8000,0,2026-02-15,2026-02-08,"Credit Card",Paid,0,0,Unclassified,Low,0,"Rohan Verma","Finance & Accounts"
INV-2025-102-Q1,SVIS-2025-102,"Reyansh Mehta",CBSE-9,B,"Tuition Fee","Term 1 Fee",30000,0,30000,30000,0,2025-06-15,2025-06-10,"Demand Draft",Paid,0,0,Unclassified,Low,0,"Rohan Verma","Finance & Accounts"
INV-2025-102-Q2,SVIS-2025-102,"Reyansh Mehta",CBSE-9,B,"Tuition Fee","Term 2 Fee",30000,0,30000,30000,0,2025-09-15,2025-09-12,Cheque,Paid,0,0,Unclassified,Low,0,"Rohan Verma","Finance & Accounts"
INV-2025-102-Q3,SVIS-2025-102,"Reyansh Mehta",CBSE-9,B,"Tuition Fee","Term 3 Fee",30000,0,30000,30000,0,2025-12-15,2025-12-10,UPI,Paid,0,0,Unclassified,Low,0,"Rohan Verma","Finance & Accounts"
INV-2025-102-Q4,SVIS-2025-102,"Reyansh Mehta",CBSE-9,B,"Lab & Technology Fee","Annual Lab & Activity Fee",8000,0,8000,8000,0,2026-02-15,2026-02-08,"Demand Draft",Paid,0,0,Unclassified,Low,0,"Rohan Verma","Finance & Accounts"
INV-2025-103-Q1,SVIS-2025-103,"Ishaan Verma",CBSE-9,A,"Tuition Fee","Term 1 Fee",30000,0,30000,30000,0,2025-06-15,2025-06-10,Cheque,Paid,0,0,Unclassified,Low,0,"Rohan Verma","Finance & Accounts"
INV-2025-103-Q2,SVIS-2025-103,"Ishaan Verma",CBSE-9,A,"Tuition Fee","Term 2 Fee",30000,0,30000,30000,0,2025-09-15,2025-09-12,UPI,Paid,0,0,Unclassified,Low,0,"Rohan Verma","Finance & Accounts"
INV-2025-103-Q3,SVIS-2025-103,"Ishaan Verma",CBSE-9,A,"Tuition Fee","Term 3 Fee",30000,0,30000,30000,0,2025-12-15,2025-12-10,UPI,Paid,0,0,Unclassified,Low,0,"Rohan Verma","Finance & Accounts"
INV-2025-103-Q4,SVIS-2025-103,"Ishaan Verma",CBSE-9,A,"Lab & Technology Fee","Annual Lab & Activity Fee",8000,0,8000,8000,0,2026-02-15,2026-02-08,"Net Banking",Paid,0,0,Unclassified,Low,0,"Rohan Verma","Finance & Accounts"
INV-2025-104-Q1,SVIS-2025-104,"Advik Deshmukh",CBSE-9,B,"Tuition Fee","Term 1 Fee",30000,0,30000,30000,0,2025-06-15,2025-06-10,Cheque,Paid,0,0,Unclassified,Low,0,"Rohan Verma","Finance & Accounts"
INV-2025-104-Q2,SVIS-2025-104,"Advik Deshmukh",CBSE-9,B,"Tuition Fee","Term 2 Fee",30000,0,30000,30000,0,2025-09-15,2025-09-12,UPI,Paid,0,0,Unclassified,Low,0,"Rohan Verma","Finance & Accounts"
INV-2025-104-Q3,SVIS-2025-104,"Advik Deshmukh",CBSE-9,B,"Tuition Fee","Term 3 Fee",30000,0,30000,30000,0,2025-12-15,2025-12-10,UPI,Paid,0,0,Unclassified,Low,0,"Rohan Verma","Finance & Accounts"
INV-2025-104-Q4,SVIS-2025-104,"Advik Deshmukh",CBSE-9,B,"Lab & Technology Fee","Annual Lab & Activity Fee",8000,0,8000,8000,0,2026-02-15,2026-02-08,Cheque,Paid,0,0,Unclassified,Low,0,"Rohan Verma","Finance & Accounts"
INV-2025-105-Q1,SVIS-2025-105,"Ananya Shah",CBSE-9,A,"Tuition Fee","Term 1 Fee",30000,3000,27000,27000,0,2025-06-15,2025-06-10,"Credit Card",Paid,0,0,"Sibling Concession 10%",Low,0,"Rohan Verma","Finance & Accounts"
INV-2025-105-Q2,SVIS-2025-105,"Ananya Shah",CBSE-9,A,"Tuition Fee","Term 2 Fee",30000,3000,27000,27000,0,2025-09-15,2025-09-12,"Net Banking",Paid,0,0,"Sibling Concession 10%",Low,0,"Rohan Verma","Finance & Accounts"
INV-2025-105-Q3,SVIS-2025-105,"Ananya Shah",CBSE-9,A,"Tuition Fee","Term 3 Fee",30000,3000,27000,27000,0,2025-12-15,2025-12-10,Cheque,Paid,0,0,"Sibling Concession 10%",Low,0,"Rohan Verma","Finance & Accounts"
INV-2025-105-Q4,SVIS-2025-105,"Ananya Shah",CBSE-9,A,"Lab & Technology Fee","Annual Lab & Activity Fee",8000,800,7200,7200,0,2026-02-15,2026-02-08,Cheque,Paid,0,0,"Sibling Concession 10%",Low,0,"Rohan Verma","Finance & Accounts"
INV-2025-106-Q1,SVIS-2025-106,"Aadhya Patel",CBSE-10,A,"Tuition Fee","Term 1 Fee",30000,0,30000,30000,0,2025-06-15,2025-06-10,UPI,Paid,0,0,Unclassified,Low,0,"Rohan Verma","Finance & Accounts"
INV-2025-106-Q2,SVIS-2025-106,"Aadhya Patel",CBSE-10,A,"Tuition Fee","Term 2 Fee",30000,0,30000,30000,0,2025-09-15,2025-09-12,UPI,Paid,0,0,Unclassified,Low,0,"Rohan Verma","Finance & Accounts"
INV-2025-106-Q3,SVIS-2025-106,"Aadhya Patel",CBSE-10,A,"Tuition Fee","Term 3 Fee",30000,0,30000,30000,0,2025-12-15,2025-12-10,Cheque,Paid,0,0,Unclassified,Low,0,"Rohan Verma","Finance & Accounts"
INV-2025-106-Q4,SVIS-2025-106,"Aadhya Patel",CBSE-10,A,"Lab & Technology Fee","Annual Lab & Activity Fee",8000,0,8000,8000,0,2026-02-15,2026-02-08,"Net Banking",Paid,0,0,Unclassified,Low,0,"Rohan Verma","Finance & Accounts"
INV-2025-107-Q1,SVIS-2025-107,"Saanvi Kulkarni",CBSE-10,B,"Tuition Fee","Term 1 Fee",30000,0,30000,30000,0,2025-06-15,2025-06-10,Cheque,Paid,0,0,Unclassified,Low,0,"Rohan Verma","Finance & Accounts"
INV-2025-107-Q2,SVIS-2025-107,"Saanvi Kulkarni",CBSE-10,B,"Tuition Fee","Term 2 Fee",30000,0,30000,30000,0,2025-09-15,2025-09-12,"Net Banking",Paid,0,0,Unclassified,Low,0,"Rohan Verma","Finance & Accounts"
INV-2025-107-Q3,SVIS-2025-107,"Saanvi Kulkarni",CBSE-10,B,"Tuition Fee","Term 3 Fee",30000,0,30000,30000,0,2025-12-15,2025-12-10,Cheque,Paid,0,0,Unclassified,Low,0,"Rohan Verma","Finance & Accounts"
INV-2025-107-Q4,SVIS-2025-107,"Saanvi Kulkarni",CBSE-10,B,"Lab & Technology Fee","Annual Lab & Activity Fee",8000,0,8000,8000,0,2026-02-15,2026-02-08,Cheque,Paid,0,0,Unclassified,Low,0,"Rohan Verma","Finance & Accounts"
INV-2025-108-Q1,SVIS-2025-108,"Ira Mukherjee",CBSE-10,A,"Tuition Fee","Term 1 Fee",30000,7500,22500,22500,0,2025-06-15,2025-06-10,UPI,Paid,0,0,"Merit Scholarship 25%",Low,0,"Rohan Verma","Finance & Accounts"
INV-2025-108-Q2,SVIS-2025-108,"Ira Mukherjee",CBSE-10,A,"Tuition Fee","Term 2 Fee",30000,7500,22500,22500,0,2025-09-15,2025-09-12,Cheque,Paid,0,0,"Merit Scholarship 25%",Low,0,"Rohan Verma","Finance & Accounts"
INV-2025-108-Q3,SVIS-2025-108,"Ira Mukherjee",CBSE-10,A,"Tuition Fee","Term 3 Fee",30000,7500,22500,22500,0,2025-12-15,2025-12-10,UPI,Paid,0,0,"Merit Scholarship 25%",Low,0,"Rohan Verma","Finance & Accounts"
INV-2025-108-Q4,SVIS-2025-108,"Ira Mukherjee",CBSE-10,A,"Lab & Technology Fee","Annual Lab & Activity Fee",8000,2000,6000,6000,0,2026-02-15,2026-02-08,Cheque,Paid,0,0,"Merit Scholarship 25%",Low,0,"Rohan Verma","Finance & Accounts"
INV-2025-109-Q1,SVIS-2025-109,"Kavya Reddy",CBSE-10,B,"Tuition Fee","Term 1 Fee",30000,0,30000,30000,0,2025-06-15,2025-06-10,"Credit Card",Paid,0,0,Unclassified,Low,0,"Rohan Verma","Finance & Accounts"
INV-2025-109-Q2,SVIS-2025-109,"Kavya Reddy",CBSE-10,B,"Tuition Fee","Term 2 Fee",30000,0,30000,30000,0,2025-09-15,2025-09-12,UPI,Paid,0,0,Unclassified,Low,0,"Rohan Verma","Finance & Accounts"
INV-2025-109-Q3,SVIS-2025-109,"Kavya Reddy",CBSE-10,B,"Tuition Fee","Term 3 Fee",30000,0,30000,30000,0,2025-12-15,2025-12-10,Cheque,Paid,0,0,Unclassified,Low,0,"Rohan Verma","Finance & Accounts"
INV-2025-109-Q4,SVIS-2025-109,"Kavya Reddy",CBSE-10,B,"Lab & Technology Fee","Annual Lab & Activity Fee",8000,0,8000,8000,0,2026-02-15,2026-02-08,UPI,Paid,0,0,Unclassified,Low,0,"Rohan Verma","Finance & Accounts"
INV-2025-110-Q1,SVIS-2025-110,"Aarav Joshi",CBSE-10,A,"Tuition Fee","Term 1 Fee",30000,0,30000,30000,0,2025-06-15,2025-06-10,"Net Banking",Paid,0,0,Unclassified,Low,0,"Rohan Verma","Finance & Accounts"
INV-2025-110-Q2,SVIS-2025-110,"Aarav Joshi",CBSE-10,A,"Tuition Fee","Term 2 Fee",30000,0,30000,30000,0,2025-09-15,2025-09-12,"Demand Draft",Paid,0,0,Unclassified,Low,0,"Rohan Verma","Finance & Accounts"
INV-2025-110-Q3,SVIS-2025-110,"Aarav Joshi",CBSE-10,A,"Tuition Fee","Term 3 Fee",30000,0,30000,15000,15000,2025-12-15,2025-12-10,"Demand Draft",Partial,20,1,Unclassified,Medium,15000,"Rohan Verma","Finance & Accounts"
INV-2025-110-Q4,SVIS-2025-110,"Aarav Joshi",CBSE-10,A,"Lab & Technology Fee","Annual Lab & Activity Fee",8000,0,8000,4000,4000,2026-02-15,2026-02-08,"Demand Draft",Partial,20,1,Unclassified,Medium,4000,"Rohan Verma","Finance & Accounts"
INV-2025-111-Q1,SVIS-2025-111,"Vihaan Banerjee",CBSE-10,B,"Tuition Fee","Term 1 Fee",30000,0,30000,30000,0,2025-06-15,2025-06-10,"Credit Card",Paid,0,0,Unclassified,Low,0,"Rohan Verma","Finance & Accounts"
INV-2025-111-Q2,SVIS-2025-111,"Vihaan Banerjee",CBSE-10,B,"Tuition Fee","Term 2 Fee",30000,0,30000,30000,0,2025-09-15,2025-09-12,UPI,Paid,0,0,Unclassified,Low,0,"Rohan Verma","Finance & Accounts"
INV-2025-111-Q3,SVIS-2025-111,"Vihaan Banerjee",CBSE-10,B,"Tuition Fee","Term 3 Fee",30000,0,30000,30000,0,2025-12-15,2025-12-10,"Credit Card",Paid,0,0,Unclassified,Low,0,"Rohan Verma","Finance & Accounts"
INV-2025-111-Q4,SVIS-2025-111,"Vihaan Banerjee",CBSE-10,B,"Lab & Technology Fee","Annual Lab & Activity Fee",8000,0,8000,8000,0,2026-02-15,2026-02-08,"Demand Draft",Paid,0,0,Unclassified,Low,0,"Rohan Verma","Finance & Accounts"
INV-2025-112-Q1,SVIS-2025-112,"Reyansh Nair",CBSE-10,A,"Tuition Fee","Term 1 Fee",30000,0,30000,30000,0,2025-06-15,2025-06-10,Cheque,Paid,0,0,Unclassified,Low,0,"Rohan Verma","Finance & Accounts"
INV-2025-112-Q2,SVIS-2025-112,"Reyansh Nair",CBSE-10,A,"Tuition Fee","Term 2 Fee",30000,0,30000,30000,0,2025-09-15,2025-09-12,UPI,Paid,0,0,Unclassified,Low,0,"Rohan Verma","Finance & Accounts"
INV-2025-112-Q3,SVIS-2025-112,"Reyansh Nair",CBSE-10,A,"Tuition Fee","Term 3 Fee",30000,0,30000,0,30000,2025-12-15,,,Overdue,75,3,Unclassified,High,25500,"Rohan Verma","Finance & Accounts"
INV-2025-112-Q4,SVIS-2025-112,"Reyansh Nair",CBSE-10,A,"Lab & Technology Fee","Annual Lab & Activity Fee",8000,0,8000,8000,0,2026-02-15,2026-02-08,UPI,Paid,0,0,Unclassified,Low,0,"Rohan Verma","Finance & Accounts"
INV-2025-113-Q1,SVIS-2025-113,"Ishaan Bhat",CBSE-10,B,"Tuition Fee","Term 1 Fee",30000,0,30000,30000,0,2025-06-15,2025-06-10,"Net Banking",Paid,0,0,Unclassified,Low,0,"Rohan Verma","Finance & Accounts"
INV-2025-113-Q2,SVIS-2025-113,"Ishaan Bhat",CBSE-10,B,"Tuition Fee","Term 2 Fee",30000,0,30000,30000,0,2025-09-15,2025-09-12,UPI,Paid,0,0,Unclassified,Low,0,"Rohan Verma","Finance & Accounts"
INV-2025-113-Q3,SVIS-2025-113,"Ishaan Bhat",CBSE-10,B,"Tuition Fee","Term 3 Fee",30000,0,30000,30000,0,2025-12-15,2025-12-10,Cheque,Paid,0,0,Unclassified,Low,0,"Rohan Verma","Finance & Accounts"
INV-2025-113-Q4,SVIS-2025-113,"Ishaan Bhat",CBSE-10,B,"Lab & Technology Fee","Annual Lab & Activity Fee",8000,0,8000,8000,0,2026-02-15,2026-02-08,Cheque,Paid,0,0,Unclassified,Low,0,"Rohan Verma","Finance & Accounts"
INV-2025-114-Q1,SVIS-2025-114,"Advik Ghosh",CBSE-10,A,"Tuition Fee","Term 1 Fee",30000,0,30000,30000,0,2025-06-15,2025-06-10,"Credit Card",Paid,0,0,Unclassified,Low,0,"Rohan Verma","Finance & Accounts"
INV-2025-114-Q2,SVIS-2025-114,"Advik Ghosh",CBSE-10,A,"Tuition Fee","Term 2 Fee",30000,0,30000,30000,0,2025-09-15,2025-09-12,Cheque,Paid,0,0,Unclassified,Low,0,"Rohan Verma","Finance & Accounts"
INV-2025-114-Q3,SVIS-2025-114,"Advik Ghosh",CBSE-10,A,"Tuition Fee","Term 3 Fee",30000,0,30000,30000,0,2025-12-15,2025-12-10,Cheque,Paid,0,0,Unclassified,Low,0,"Rohan Verma","Finance & Accounts"
INV-2025-114-Q4,SVIS-2025-114,"Advik Ghosh",CBSE-10,A,"Lab & Technology Fee","Annual Lab & Activity Fee",8000,0,8000,8000,0,2026-02-15,2026-02-08,Cheque,Paid,0,0,Unclassified,Low,0,"Rohan Verma","Finance & Accounts"
INV-2025-115-Q1,SVIS-2025-115,"Ananya Iyer",CBSE-10,B,"Tuition Fee","Term 1 Fee",30000,0,30000,30000,0,2025-06-15,2025-06-10,"Net Banking",Paid,0,0,Unclassified,Low,0,"Rohan Verma","Finance & Accounts"
INV-2025-115-Q2,SVIS-2025-115,"Ananya Iyer",CBSE-10,B,"Tuition Fee","Term 2 Fee",30000,0,30000,30000,0,2025-09-15,2025-09-12,"Net Banking",Paid,0,0,Unclassified,Low,0,"Rohan Verma","Finance & Accounts"
INV-2025-115-Q3,SVIS-2025-115,"Ananya Iyer",CBSE-10,B,"Tuition Fee","Term 3 Fee",30000,0,30000,30000,0,2025-12-15,2025-12-10,"Demand Draft",Paid,0,0,Unclassified,Low,0,"Rohan Verma","Finance & Accounts"
INV-2025-115-Q4,SVIS-2025-115,"Ananya Iyer",CBSE-10,B,"Lab & Technology Fee","Annual Lab & Activity Fee",8000,0,8000,8000,0,2026-02-15,2026-02-08,UPI,Paid,0,0,Unclassified,Low,0,"Rohan Verma","Finance & Accounts"
INV-2025-116-Q1,SVIS-2025-116,"Aadhya Rao",CBSE-10,A,"Tuition Fee","Term 1 Fee",30000,0,30000,30000,0,2025-06-15,2025-06-10,"Credit Card",Paid,0,0,Unclassified,Low,0,"Rohan Verma","Finance & Accounts"
INV-2025-116-Q2,SVIS-2025-116,"Aadhya Rao",CBSE-10,A,"Tuition Fee","Term 2 Fee",30000,0,30000,30000,0,2025-09-15,2025-09-12,UPI,Paid,0,0,Unclassified,Low,0,"Rohan Verma","Finance & Accounts"
INV-2025-116-Q3,SVIS-2025-116,"Aadhya Rao",CBSE-10,A,"Tuition Fee","Term 3 Fee",30000,0,30000,30000,0,2025-12-15,2025-12-10,Cheque,Paid,0,0,Unclassified,Low,0,"Rohan Verma","Finance & Accounts"
INV-2025-116-Q4,SVIS-2025-116,"Aadhya Rao",CBSE-10,A,"Lab & Technology Fee","Annual Lab & Activity Fee",8000,0,8000,8000,0,2026-02-15,2026-02-08,Cheque,Paid,0,0,Unclassified,Low,0,"Rohan Verma","Finance & Accounts"
INV-2025-117-Q1,SVIS-2025-117,"Saanvi Chatterjee",CBSE-10,B,"Tuition Fee","Term 1 Fee",30000,0,30000,30000,0,2025-06-15,2025-06-10,"Demand Draft",Paid,0,0,Unclassified,Low,0,"Rohan Verma","Finance & Accounts"
INV-2025-117-Q2,SVIS-2025-117,"Saanvi Chatterjee",CBSE-10,B,"Tuition Fee","Term 2 Fee",30000,0,30000,30000,0,2025-09-15,2025-09-12,Cheque,Paid,0,0,Unclassified,Low,0,"Rohan Verma","Finance & Accounts"
INV-2025-117-Q3,SVIS-2025-117,"Saanvi Chatterjee",CBSE-10,B,"Tuition Fee","Term 3 Fee",30000,0,30000,30000,0,2025-12-15,2025-12-10,"Credit Card",Paid,0,0,Unclassified,Low,0,"Rohan Verma","Finance & Accounts"
INV-2025-117-Q4,SVIS-2025-117,"Saanvi Chatterjee",CBSE-10,B,"Lab & Technology Fee","Annual Lab & Activity Fee",8000,0,8000,8000,0,2026-02-15,2026-02-08,"Credit Card",Paid,0,0,Unclassified,Low,0,"Rohan Verma","Finance & Accounts"
INV-2025-118-Q1,SVIS-2025-118,"Ira Gupta",CBSE-10,A,"Tuition Fee","Term 1 Fee",30000,0,30000,30000,0,2025-06-15,2025-06-10,"Credit Card",Paid,0,0,Unclassified,Low,0,"Rohan Verma","Finance & Accounts"
INV-2025-118-Q2,SVIS-2025-118,"Ira Gupta",CBSE-10,A,"Tuition Fee","Term 2 Fee",30000,0,30000,30000,0,2025-09-15,2025-09-12,Cheque,Paid,0,0,Unclassified,Low,0,"Rohan Verma","Finance & Accounts"
INV-2025-118-Q3,SVIS-2025-118,"Ira Gupta",CBSE-10,A,"Tuition Fee","Term 3 Fee",30000,0,30000,30000,0,2025-12-15,2025-12-10,"Credit Card",Paid,0,0,Unclassified,Low,0,"Rohan Verma","Finance & Accounts"
INV-2025-118-Q4,SVIS-2025-118,"Ira Gupta",CBSE-10,A,"Lab & Technology Fee","Annual Lab & Activity Fee",8000,0,8000,8000,0,2026-02-15,2026-02-08,UPI,Paid,0,0,Unclassified,Low,0,"Rohan Verma","Finance & Accounts"
INV-2025-119-Q1,SVIS-2025-119,"Kavya Choudhury",CBSE-10,B,"Tuition Fee","Term 1 Fee",30000,0,30000,30000,0,2025-06-15,2025-06-10,UPI,Paid,0,0,Unclassified,Low,0,"Rohan Verma","Finance & Accounts"
INV-2025-119-Q2,SVIS-2025-119,"Kavya Choudhury",CBSE-10,B,"Tuition Fee","Term 2 Fee",30000,0,30000,30000,0,2025-09-15,2025-09-12,"Credit Card",Paid,0,0,Unclassified,Low,0,"Rohan Verma","Finance & Accounts"
INV-2025-119-Q3,SVIS-2025-119,"Kavya Choudhury",CBSE-10,B,"Tuition Fee","Term 3 Fee",30000,0,30000,30000,0,2025-12-15,2025-12-10,"Credit Card",Paid,0,0,Unclassified,Low,0,"Rohan Verma","Finance & Accounts"
INV-2025-119-Q4,SVIS-2025-119,"Kavya Choudhury",CBSE-10,B,"Lab & Technology Fee","Annual Lab & Activity Fee",8000,0,8000,8000,0,2026-02-15,2026-02-08,"Demand Draft",Paid,0,0,Unclassified,Low,0,"Rohan Verma","Finance & Accounts"
INV-2025-120-Q1,SVIS-2025-120,"Aarav Sharma",CBSE-10,A,"Tuition Fee","Term 1 Fee",30000,7500,22500,22500,0,2025-06-15,2025-06-10,"Net Banking",Paid,0,0,"Merit Scholarship 25%",Low,0,"Rohan Verma","Finance & Accounts"
INV-2025-120-Q2,SVIS-2025-120,"Aarav Sharma",CBSE-10,A,"Tuition Fee","Term 2 Fee",30000,7500,22500,22500,0,2025-09-15,2025-09-12,"Credit Card",Paid,0,0,"Merit Scholarship 25%",Low,0,"Rohan Verma","Finance & Accounts"
INV-2025-120-Q3,SVIS-2025-120,"Aarav Sharma",CBSE-10,A,"Tuition Fee","Term 3 Fee",30000,7500,22500,22500,0,2025-12-15,2025-12-10,Cheque,Paid,0,0,"Merit Scholarship 25%",Low,0,"Rohan Verma","Finance & Accounts"
INV-2025-120-Q4,SVIS-2025-120,"Aarav Sharma",CBSE-10,A,"Lab & Technology Fee","Annual Lab & Activity Fee",8000,2000,6000,6000,0,2026-02-15,2026-02-08,"Demand Draft",Paid,0,0,"Merit Scholarship 25%",Low,0,"Rohan Verma","Finance & Accounts"
INV-2025-121-Q1,SVIS-2025-121,"Vihaan Singh",CBSE-11,A,"Tuition Fee","Term 1 Fee",35000,0,35000,35000,0,2025-06-15,2025-06-10,"Net Banking",Paid,0,0,Unclassified,Low,0,"Rohan Verma","Finance & Accounts"
INV-2025-121-Q2,SVIS-2025-121,"Vihaan Singh",CBSE-11,A,"Tuition Fee","Term 2 Fee",35000,0,35000,35000,0,2025-09-15,2025-09-12,"Net Banking",Paid,0,0,Unclassified,Low,0,"Rohan Verma","Finance & Accounts"
INV-2025-121-Q3,SVIS-2025-121,"Vihaan Singh",CBSE-11,A,"Tuition Fee","Term 3 Fee",35000,0,35000,17500,17500,2025-12-15,2025-12-10,"Net Banking",Partial,20,1,Unclassified,Medium,17500,"Rohan Verma","Finance & Accounts"
INV-2025-121-Q4,SVIS-2025-121,"Vihaan Singh",CBSE-11,A,"Lab & Technology Fee","Annual Lab & Activity Fee",8000,0,8000,4000,4000,2026-02-15,2026-02-08,"Credit Card",Partial,20,1,Unclassified,Medium,4000,"Rohan Verma","Finance & Accounts"
INV-2025-122-Q1,SVIS-2025-122,"Reyansh Mehta",CBSE-11,B,"Tuition Fee","Term 1 Fee",35000,0,35000,35000,0,2025-06-15,2025-06-10,"Credit Card",Paid,0,0,Unclassified,Low,0,"Rohan Verma","Finance & Accounts"
INV-2025-122-Q2,SVIS-2025-122,"Reyansh Mehta",CBSE-11,B,"Tuition Fee","Term 2 Fee",35000,0,35000,35000,0,2025-09-15,2025-09-12,"Demand Draft",Paid,0,0,Unclassified,Low,0,"Rohan Verma","Finance & Accounts"
INV-2025-122-Q3,SVIS-2025-122,"Reyansh Mehta",CBSE-11,B,"Tuition Fee","Term 3 Fee",35000,0,35000,35000,0,2025-12-15,2025-12-10,Cheque,Paid,0,0,Unclassified,Low,0,"Rohan Verma","Finance & Accounts"
INV-2025-122-Q4,SVIS-2025-122,"Reyansh Mehta",CBSE-11,B,"Lab & Technology Fee","Annual Lab & Activity Fee",8000,0,8000,8000,0,2026-02-15,2026-02-08,"Net Banking",Paid,0,0,Unclassified,Low,0,"Rohan Verma","Finance & Accounts"
INV-2025-123-Q1,SVIS-2025-123,"Ishaan Verma",CBSE-11,A,"Tuition Fee","Term 1 Fee",35000,0,35000,35000,0,2025-06-15,2025-06-10,Cheque,Paid,0,0,Unclassified,Low,0,"Rohan Verma","Finance & Accounts"
INV-2025-123-Q2,SVIS-2025-123,"Ishaan Verma",CBSE-11,A,"Tuition Fee","Term 2 Fee",35000,0,35000,35000,0,2025-09-15,2025-09-12,Cheque,Paid,0,0,Unclassified,Low,0,"Rohan Verma","Finance & Accounts"
INV-2025-123-Q3,SVIS-2025-123,"Ishaan Verma",CBSE-11,A,"Tuition Fee","Term 3 Fee",35000,0,35000,35000,0,2025-12-15,2025-12-10,"Demand Draft",Paid,0,0,Unclassified,Low,0,"Rohan Verma","Finance & Accounts"
INV-2025-123-Q4,SVIS-2025-123,"Ishaan Verma",CBSE-11,A,"Lab & Technology Fee","Annual Lab & Activity Fee",8000,0,8000,8000,0,2026-02-15,2026-02-08,Cheque,Paid,0,0,Unclassified,Low,0,"Rohan Verma","Finance & Accounts"
INV-2025-124-Q1,SVIS-2025-124,"Advik Deshmukh",CBSE-11,B,"Tuition Fee","Term 1 Fee",35000,0,35000,35000,0,2025-06-15,2025-06-10,Cheque,Paid,0,0,Unclassified,Low,0,"Rohan Verma","Finance & Accounts"
INV-2025-124-Q2,SVIS-2025-124,"Advik Deshmukh",CBSE-11,B,"Tuition Fee","Term 2 Fee",35000,0,35000,35000,0,2025-09-15,2025-09-12,"Demand Draft",Paid,0,0,Unclassified,Low,0,"Rohan Verma","Finance & Accounts"
INV-2025-124-Q3,SVIS-2025-124,"Advik Deshmukh",CBSE-11,B,"Tuition Fee","Term 3 Fee",35000,0,35000,35000,0,2025-12-15,2025-12-10,UPI,Paid,0,0,Unclassified,Low,0,"Rohan Verma","Finance & Accounts"
INV-2025-124-Q4,SVIS-2025-124,"Advik Deshmukh",CBSE-11,B,"Lab & Technology Fee","Annual Lab & Activity Fee",8000,0,8000,8000,0,2026-02-15,2026-02-08,"Net Banking",Paid,0,0,Unclassified,Low,0,"Rohan Verma","Finance & Accounts"
INV-2025-125-Q1,SVIS-2025-125,"Ananya Shah",CBSE-11,A,"Tuition Fee","Term 1 Fee",35000,0,35000,35000,0,2025-06-15,2025-06-10,UPI,Paid,0,0,Unclassified,Low,0,"Rohan Verma","Finance & Accounts"
INV-2025-125-Q2,SVIS-2025-125,"Ananya Shah",CBSE-11,A,"Tuition Fee","Term 2 Fee",35000,0,35000,35000,0,2025-09-15,2025-09-12,"Demand Draft",Paid,0,0,Unclassified,Low,0,"Rohan Verma","Finance & Accounts"
INV-2025-125-Q3,SVIS-2025-125,"Ananya Shah",CBSE-11,A,"Tuition Fee","Term 3 Fee",35000,0,35000,35000,0,2025-12-15,2025-12-10,UPI,Paid,0,0,Unclassified,Low,0,"Rohan Verma","Finance & Accounts"
INV-2025-125-Q4,SVIS-2025-125,"Ananya Shah",CBSE-11,A,"Lab & Technology Fee","Annual Lab & Activity Fee",8000,0,8000,8000,0,2026-02-15,2026-02-08,"Demand Draft",Paid,0,0,Unclassified,Low,0,"Rohan Verma","Finance & Accounts"
INV-2025-126-Q1,SVIS-2025-126,"Aadhya Patel",CBSE-11,B,"Tuition Fee","Term 1 Fee",35000,0,35000,35000,0,2025-06-15,2025-06-10,UPI,Paid,0,0,Unclassified,Low,0,"Rohan Verma","Finance & Accounts"
INV-2025-126-Q2,SVIS-2025-126,"Aadhya Patel",CBSE-11,B,"Tuition Fee","Term 2 Fee",35000,0,35000,35000,0,2025-09-15,2025-09-12,UPI,Paid,0,0,Unclassified,Low,0,"Rohan Verma","Finance & Accounts"
INV-2025-126-Q3,SVIS-2025-126,"Aadhya Patel",CBSE-11,B,"Tuition Fee","Term 3 Fee",35000,0,35000,35000,0,2025-12-15,2025-12-10,Cheque,Paid,0,0,Unclassified,Low,0,"Rohan Verma","Finance & Accounts"
INV-2025-126-Q4,SVIS-2025-126,"Aadhya Patel",CBSE-11,B,"Lab & Technology Fee","Annual Lab & Activity Fee",8000,0,8000,8000,0,2026-02-15,2026-02-08,UPI,Paid,0,0,Unclassified,Low,0,"Rohan Verma","Finance & Accounts"
INV-2025-127-Q1,SVIS-2025-127,"Saanvi Kulkarni",CBSE-11,A,"Tuition Fee","Term 1 Fee",35000,0,35000,35000,0,2025-06-15,2025-06-10,"Demand Draft",Paid,0,0,Unclassified,Low,0,"Rohan Verma","Finance & Accounts"
INV-2025-127-Q2,SVIS-2025-127,"Saanvi Kulkarni",CBSE-11,A,"Tuition Fee","Term 2 Fee",35000,0,35000,35000,0,2025-09-15,2025-09-12,"Net Banking",Paid,0,0,Unclassified,Low,0,"Rohan Verma","Finance & Accounts"
INV-2025-127-Q3,SVIS-2025-127,"Saanvi Kulkarni",CBSE-11,A,"Tuition Fee","Term 3 Fee",35000,0,35000,35000,0,2025-12-15,2025-12-10,"Credit Card",Paid,0,0,Unclassified,Low,0,"Rohan Verma","Finance & Accounts"
INV-2025-127-Q4,SVIS-2025-127,"Saanvi Kulkarni",CBSE-11,A,"Lab & Technology Fee","Annual Lab & Activity Fee",8000,0,8000,8000,0,2026-02-15,2026-02-08,"Net Banking",Paid,0,0,Unclassified,Low,0,"Rohan Verma","Finance & Accounts"
INV-2025-128-Q1,SVIS-2025-128,"Ira Mukherjee",CBSE-11,B,"Tuition Fee","Term 1 Fee",35000,0,35000,35000,0,2025-06-15,2025-06-10,Cheque,Paid,0,0,Unclassified,Low,0,"Rohan Verma","Finance & Accounts"
INV-2025-128-Q2,SVIS-2025-128,"Ira Mukherjee",CBSE-11,B,"Tuition Fee","Term 2 Fee",35000,0,35000,35000,0,2025-09-15,2025-09-12,"Demand Draft",Paid,0,0,Unclassified,Low,0,"Rohan Verma","Finance & Accounts"
INV-2025-128-Q3,SVIS-2025-128,"Ira Mukherjee",CBSE-11,B,"Tuition Fee","Term 3 Fee",35000,0,35000,0,35000,2025-12-15,,,Overdue,75,3,Unclassified,High,29750,"Rohan Verma","Finance & Accounts"
INV-2025-128-Q4,SVIS-2025-128,"Ira Mukherjee",CBSE-11,B,"Lab & Technology Fee","Annual Lab & Activity Fee",8000,0,8000,8000,0,2026-02-15,2026-02-08,Cheque,Paid,0,0,Unclassified,Low,0,"Rohan Verma","Finance & Accounts"
INV-2025-129-Q1,SVIS-2025-129,"Kavya Reddy",CBSE-11,A,"Tuition Fee","Term 1 Fee",35000,0,35000,35000,0,2025-06-15,2025-06-10,"Net Banking",Paid,0,0,Unclassified,Low,0,"Rohan Verma","Finance & Accounts"
INV-2025-129-Q2,SVIS-2025-129,"Kavya Reddy",CBSE-11,A,"Tuition Fee","Term 2 Fee",35000,0,35000,35000,0,2025-09-15,2025-09-12,"Credit Card",Paid,0,0,Unclassified,Low,0,"Rohan Verma","Finance & Accounts"
INV-2025-129-Q3,SVIS-2025-129,"Kavya Reddy",CBSE-11,A,"Tuition Fee","Term 3 Fee",35000,0,35000,35000,0,2025-12-15,2025-12-10,"Demand Draft",Paid,0,0,Unclassified,Low,0,"Rohan Verma","Finance & Accounts"
INV-2025-129-Q4,SVIS-2025-129,"Kavya Reddy",CBSE-11,A,"Lab & Technology Fee","Annual Lab & Activity Fee",8000,0,8000,8000,0,2026-02-15,2026-02-08,"Net Banking",Paid,0,0,Unclassified,Low,0,"Rohan Verma","Finance & Accounts"
INV-2025-130-Q1,SVIS-2025-130,"Aarav Joshi",CBSE-11,B,"Tuition Fee","Term 1 Fee",35000,0,35000,35000,0,2025-06-15,2025-06-10,"Net Banking",Paid,0,0,Unclassified,Low,0,"Rohan Verma","Finance & Accounts"
INV-2025-130-Q2,SVIS-2025-130,"Aarav Joshi",CBSE-11,B,"Tuition Fee","Term 2 Fee",35000,0,35000,35000,0,2025-09-15,2025-09-12,UPI,Paid,0,0,Unclassified,Low,0,"Rohan Verma","Finance & Accounts"
INV-2025-130-Q3,SVIS-2025-130,"Aarav Joshi",CBSE-11,B,"Tuition Fee","Term 3 Fee",35000,0,35000,35000,0,2025-12-15,2025-12-10,UPI,Paid,0,0,Unclassified,Low,0,"Rohan Verma","Finance & Accounts"
INV-2025-130-Q4,SVIS-2025-130,"Aarav Joshi",CBSE-11,B,"Lab & Technology Fee","Annual Lab & Activity Fee",8000,0,8000,8000,0,2026-02-15,2026-02-08,"Demand Draft",Paid,0,0,Unclassified,Low,0,"Rohan Verma","Finance & Accounts"
INV-2025-131-Q1,SVIS-2025-131,"Vihaan Banerjee",CBSE-12,A,"Tuition Fee","Term 1 Fee",35000,0,35000,35000,0,2025-06-15,2025-06-10,"Credit Card",Paid,0,0,Unclassified,Low,0,"Rohan Verma","Finance & Accounts"
INV-2025-131-Q2,SVIS-2025-131,"Vihaan Banerjee",CBSE-12,A,"Tuition Fee","Term 2 Fee",35000,0,35000,35000,0,2025-09-15,2025-09-12,UPI,Paid,0,0,Unclassified,Low,0,"Rohan Verma","Finance & Accounts"
INV-2025-131-Q3,SVIS-2025-131,"Vihaan Banerjee",CBSE-12,A,"Tuition Fee","Term 3 Fee",35000,0,35000,35000,0,2025-12-15,2025-12-10,"Demand Draft",Paid,0,0,Unclassified,Low,0,"Rohan Verma","Finance & Accounts"
INV-2025-131-Q4,SVIS-2025-131,"Vihaan Banerjee",CBSE-12,A,"Lab & Technology Fee","Annual Lab & Activity Fee",8000,0,8000,8000,0,2026-02-15,2026-02-08,"Credit Card",Paid,0,0,Unclassified,Low,0,"Rohan Verma","Finance & Accounts"
INV-2025-132-Q1,SVIS-2025-132,"Reyansh Nair",CBSE-12,B,"Tuition Fee","Term 1 Fee",35000,8750,26250,26250,0,2025-06-15,2025-06-10,"Credit Card",Paid,0,0,"Merit Scholarship 25%",Low,0,"Rohan Verma","Finance & Accounts"
INV-2025-132-Q2,SVIS-2025-132,"Reyansh Nair",CBSE-12,B,"Tuition Fee","Term 2 Fee",35000,8750,26250,26250,0,2025-09-15,2025-09-12,"Net Banking",Paid,0,0,"Merit Scholarship 25%",Low,0,"Rohan Verma","Finance & Accounts"
INV-2025-132-Q3,SVIS-2025-132,"Reyansh Nair",CBSE-12,B,"Tuition Fee","Term 3 Fee",35000,8750,26250,13125,13125,2025-12-15,2025-12-10,UPI,Partial,20,1,"Merit Scholarship 25%",Medium,13125,"Rohan Verma","Finance & Accounts"
INV-2025-132-Q4,SVIS-2025-132,"Reyansh Nair",CBSE-12,B,"Lab & Technology Fee","Annual Lab & Activity Fee",8000,2000,6000,3000,3000,2026-02-15,2026-02-08,"Net Banking",Partial,20,1,"Merit Scholarship 25%",Medium,3000,"Rohan Verma","Finance & Accounts"
INV-2025-133-Q1,SVIS-2025-133,"Ishaan Bhat",CBSE-12,A,"Tuition Fee","Term 1 Fee",35000,0,35000,35000,0,2025-06-15,2025-06-10,"Demand Draft",Paid,0,0,Unclassified,Low,0,"Rohan Verma","Finance & Accounts"
INV-2025-133-Q2,SVIS-2025-133,"Ishaan Bhat",CBSE-12,A,"Tuition Fee","Term 2 Fee",35000,0,35000,35000,0,2025-09-15,2025-09-12,"Credit Card",Paid,0,0,Unclassified,Low,0,"Rohan Verma","Finance & Accounts"
INV-2025-133-Q3,SVIS-2025-133,"Ishaan Bhat",CBSE-12,A,"Tuition Fee","Term 3 Fee",35000,0,35000,35000,0,2025-12-15,2025-12-10,"Credit Card",Paid,0,0,Unclassified,Low,0,"Rohan Verma","Finance & Accounts"
INV-2025-133-Q4,SVIS-2025-133,"Ishaan Bhat",CBSE-12,A,"Lab & Technology Fee","Annual Lab & Activity Fee",8000,0,8000,8000,0,2026-02-15,2026-02-08,"Credit Card",Paid,0,0,Unclassified,Low,0,"Rohan Verma","Finance & Accounts"
INV-2025-134-Q1,SVIS-2025-134,"Advik Ghosh",CBSE-12,B,"Tuition Fee","Term 1 Fee",35000,0,35000,35000,0,2025-06-15,2025-06-10,Cheque,Paid,0,0,Unclassified,Low,0,"Rohan Verma","Finance & Accounts"
INV-2025-134-Q2,SVIS-2025-134,"Advik Ghosh",CBSE-12,B,"Tuition Fee","Term 2 Fee",35000,0,35000,35000,0,2025-09-15,2025-09-12,UPI,Paid,0,0,Unclassified,Low,0,"Rohan Verma","Finance & Accounts"
INV-2025-134-Q3,SVIS-2025-134,"Advik Ghosh",CBSE-12,B,"Tuition Fee","Term 3 Fee",35000,0,35000,35000,0,2025-12-15,2025-12-10,"Demand Draft",Paid,0,0,Unclassified,Low,0,"Rohan Verma","Finance & Accounts"
INV-2025-134-Q4,SVIS-2025-134,"Advik Ghosh",CBSE-12,B,"Lab & Technology Fee","Annual Lab & Activity Fee",8000,0,8000,8000,0,2026-02-15,2026-02-08,"Credit Card",Paid,0,0,Unclassified,Low,0,"Rohan Verma","Finance & Accounts"
INV-2025-135-Q1,SVIS-2025-135,"Ananya Iyer",CBSE-12,A,"Tuition Fee","Term 1 Fee",35000,3500,31500,31500,0,2025-06-15,2025-06-10,"Demand Draft",Paid,0,0,"Sibling Concession 10%",Low,0,"Rohan Verma","Finance & Accounts"
INV-2025-135-Q2,SVIS-2025-135,"Ananya Iyer",CBSE-12,A,"Tuition Fee","Term 2 Fee",35000,3500,31500,31500,0,2025-09-15,2025-09-12,"Credit Card",Paid,0,0,"Sibling Concession 10%",Low,0,"Rohan Verma","Finance & Accounts"
INV-2025-135-Q3,SVIS-2025-135,"Ananya Iyer",CBSE-12,A,"Tuition Fee","Term 3 Fee",35000,3500,31500,31500,0,2025-12-15,2025-12-10,"Net Banking",Paid,0,0,"Sibling Concession 10%",Low,0,"Rohan Verma","Finance & Accounts"
INV-2025-135-Q4,SVIS-2025-135,"Ananya Iyer",CBSE-12,A,"Lab & Technology Fee","Annual Lab & Activity Fee",8000,800,7200,7200,0,2026-02-15,2026-02-08,"Demand Draft",Paid,0,0,"Sibling Concession 10%",Low,0,"Rohan Verma","Finance & Accounts"
INV-2025-136-Q1,SVIS-2025-136,"Aadhya Rao",CBSE-12,B,"Tuition Fee","Term 1 Fee",35000,0,35000,35000,0,2025-06-15,2025-06-10,"Credit Card",Paid,0,0,Unclassified,Low,0,"Rohan Verma","Finance & Accounts"
INV-2025-136-Q2,SVIS-2025-136,"Aadhya Rao",CBSE-12,B,"Tuition Fee","Term 2 Fee",35000,0,35000,35000,0,2025-09-15,2025-09-12,Cheque,Paid,0,0,Unclassified,Low,0,"Rohan Verma","Finance & Accounts"
INV-2025-136-Q3,SVIS-2025-136,"Aadhya Rao",CBSE-12,B,"Tuition Fee","Term 3 Fee",35000,0,35000,35000,0,2025-12-15,2025-12-10,UPI,Paid,0,0,Unclassified,Low,0,"Rohan Verma","Finance & Accounts"
INV-2025-136-Q4,SVIS-2025-136,"Aadhya Rao",CBSE-12,B,"Lab & Technology Fee","Annual Lab & Activity Fee",8000,0,8000,8000,0,2026-02-15,2026-02-08,Cheque,Paid,0,0,Unclassified,Low,0,"Rohan Verma","Finance & Accounts"
INV-2025-137-Q1,SVIS-2025-137,"Saanvi Chatterjee",CBSE-12,A,"Tuition Fee","Term 1 Fee",35000,0,35000,35000,0,2025-06-15,2025-06-10,"Net Banking",Paid,0,0,Unclassified,Low,0,"Rohan Verma","Finance & Accounts"
INV-2025-137-Q2,SVIS-2025-137,"Saanvi Chatterjee",CBSE-12,A,"Tuition Fee","Term 2 Fee",35000,0,35000,35000,0,2025-09-15,2025-09-12,"Net Banking",Paid,0,0,Unclassified,Low,0,"Rohan Verma","Finance & Accounts"
INV-2025-137-Q3,SVIS-2025-137,"Saanvi Chatterjee",CBSE-12,A,"Tuition Fee","Term 3 Fee",35000,0,35000,35000,0,2025-12-15,2025-12-10,UPI,Paid,0,0,Unclassified,Low,0,"Rohan Verma","Finance & Accounts"
INV-2025-137-Q4,SVIS-2025-137,"Saanvi Chatterjee",CBSE-12,A,"Lab & Technology Fee","Annual Lab & Activity Fee",8000,0,8000,8000,0,2026-02-15,2026-02-08,Cheque,Paid,0,0,Unclassified,Low,0,"Rohan Verma","Finance & Accounts"
INV-2025-138-Q1,SVIS-2025-138,"Ira Gupta",CBSE-12,B,"Tuition Fee","Term 1 Fee",35000,0,35000,35000,0,2025-06-15,2025-06-10,Cheque,Paid,0,0,Unclassified,Low,0,"Rohan Verma","Finance & Accounts"
INV-2025-138-Q2,SVIS-2025-138,"Ira Gupta",CBSE-12,B,"Tuition Fee","Term 2 Fee",35000,0,35000,35000,0,2025-09-15,2025-09-12,Cheque,Paid,0,0,Unclassified,Low,0,"Rohan Verma","Finance & Accounts"
INV-2025-138-Q3,SVIS-2025-138,"Ira Gupta",CBSE-12,B,"Tuition Fee","Term 3 Fee",35000,0,35000,35000,0,2025-12-15,2025-12-10,"Net Banking",Paid,0,0,Unclassified,Low,0,"Rohan Verma","Finance & Accounts"
INV-2025-138-Q4,SVIS-2025-138,"Ira Gupta",CBSE-12,B,"Lab & Technology Fee","Annual Lab & Activity Fee",8000,0,8000,8000,0,2026-02-15,2026-02-08,UPI,Paid,0,0,Unclassified,Low,0,"Rohan Verma","Finance & Accounts"
INV-2025-139-Q1,SVIS-2025-139,"Kavya Choudhury",CBSE-12,A,"Tuition Fee","Term 1 Fee",35000,0,35000,35000,0,2025-06-15,2025-06-10,UPI,Paid,0,0,Unclassified,Low,0,"Rohan Verma","Finance & Accounts"
INV-2025-139-Q2,SVIS-2025-139,"Kavya Choudhury",CBSE-12,A,"Tuition Fee","Term 2 Fee",35000,0,35000,35000,0,2025-09-15,2025-09-12,"Demand Draft",Paid,0,0,Unclassified,Low,0,"Rohan Verma","Finance & Accounts"
INV-2025-139-Q3,SVIS-2025-139,"Kavya Choudhury",CBSE-12,A,"Tuition Fee","Term 3 Fee",35000,0,35000,35000,0,2025-12-15,2025-12-10,UPI,Paid,0,0,Unclassified,Low,0,"Rohan Verma","Finance & Accounts"
INV-2025-139-Q4,SVIS-2025-139,"Kavya Choudhury",CBSE-12,A,"Lab & Technology Fee","Annual Lab & Activity Fee",8000,0,8000,8000,0,2026-02-15,2026-02-08,"Net Banking",Paid,0,0,Unclassified,Low,0,"Rohan Verma","Finance & Accounts"
INV-2025-140-Q1,SVIS-2025-140,"Aarav Sharma",CBSE-12,B,"Tuition Fee","Term 1 Fee",35000,0,35000,35000,0,2025-06-15,2025-06-10,Cheque,Paid,0,0,Unclassified,Low,0,"Rohan Verma","Finance & Accounts"
INV-2025-140-Q2,SVIS-2025-140,"Aarav Sharma",CBSE-12,B,"Tuition Fee","Term 2 Fee",35000,0,35000,35000,0,2025-09-15,2025-09-12,Cheque,Paid,0,0,Unclassified,Low,0,"Rohan Verma","Finance & Accounts"
INV-2025-140-Q3,SVIS-2025-140,"Aarav Sharma",CBSE-12,B,"Tuition Fee","Term 3 Fee",35000,0,35000,35000,0,2025-12-15,2025-12-10,Cheque,Paid,0,0,Unclassified,Low,0,"Rohan Verma","Finance & Accounts"
INV-2025-140-Q4,SVIS-2025-140,"Aarav Sharma",CBSE-12,B,"Lab & Technology Fee","Annual Lab & Activity Fee",8000,0,8000,8000,0,2026-02-15,2026-02-08,UPI,Paid,0,0,Unclassified,Low,0,"Rohan Verma","Finance & Accounts"
