record_id,student_ref,student_name,standard,division,month_label,working_days,days_present,attendance_pct,recorded_date,class_teacher,department
ATT-SVIS-2025-001-June-2025,SVIS-2025-001,"Vihaan Singh",CBSE-3,A,"June 2025",20,17,85,2025-06-30,"Clara Higgins","Primary Section (Grades 1-5)"
ATT-SVIS-2025-001-July-2025,SVIS-2025-001,"Vihaan Singh",CBSE-3,A,"July 2025",24,20,83.3,2025-07-31,"Clara Higgins","Primary Section (Grades 1-5)"
ATT-SVIS-2025-001-August-2025,SVIS-2025-001,"Vihaan Singh",CBSE-3,A,"August 2025",22,18,81.8,2025-08-31,"Clara Higgins","Primary Section (Grades 1-5)"
ATT-SVIS-2025-001-September-2025,SVIS-2025-001,"Vihaan Singh",CBSE-3,A,"September 2025",21,17,81,2025-09-30,"Clara Higgins","Primary Section (Grades 1-5)"
ATT-SVIS-2025-001-October-2025,SVIS-2025-001,"Vihaan Singh",CBSE-3,A,"October 2025",19,16,84.2,2025-10-31,"Clara Higgins","Primary Section (Grades 1-5)"
ATT-SVIS-2025-001-November-2025,SVIS-2025-001,"Vihaan Singh",CBSE-3,A,"November 2025",22,18,81.8,2025-11-30,"Clara Higgins","Primary Section (Grades 1-5)"
ATT-SVIS-2025-001-December-2025,SVIS-2025-001,"Vihaan Singh",CBSE-3,A,"December 2025",20,17,85,2025-12-31,"Clara Higgins","Primary Section (Grades 1-5)"
ATT-SVIS-2025-001-January-2026,SVIS-2025-001,"Vihaan Singh",CBSE-3,A,"January 2026",21,17,81,2026-01-31,"Clara Higgins","Primary Section (Grades 1-5)"
ATT-SVIS-2025-001-February-2026,SVIS-2025-001,"Vihaan Singh",CBSE-3,A,"February 2026",22,18,81.8,2026-02-28,"Clara Higgins","Primary Section (Grades 1-5)"
ATT-SVIS-2025-001-March-2026,SVIS-2025-001,"Vihaan Singh",CBSE-3,A,"March 2026",23,19,82.6,2026-03-31,"Clara Higgins","Primary Section (Grades 1-5)"
ATT-SVIS-2025-001-April-2026,SVIS-2025-001,"Vihaan Singh",CBSE-3,A,"April 2026",18,15,83.3,2026-04-30,"Clara Higgins","Primary Section (Grades 1-5)"
ATT-SVIS-2025-002-June-2025,SVIS-2025-002,"Reyansh Mehta",CBSE-3,B,"June 2025",20,17,85,2025-06-30,"Clara Higgins","Primary Section (Grades 1-5)"
ATT-SVIS-2025-002-July-2025,SVIS-2025-002,"Reyansh Mehta",CBSE-3,B,"July 2025",24,20,83.3,2025-07-31,"Clara Higgins","Primary Section (Grades 1-5)"
ATT-SVIS-2025-002-August-2025,SVIS-2025-002,"Reyansh Mehta",CBSE-3,B,"August 2025",22,18,81.8,2025-08-31,"Clara Higgins","Primary Section (Grades 1-5)"
ATT-SVIS-2025-002-September-2025,SVIS-2025-002,"Reyansh Mehta",CBSE-3,B,"September 2025",21,18,85.7,2025-09-30,"Clara Higgins","Primary Section (Grades 1-5)"
ATT-SVIS-2025-002-October-2025,SVIS-2025-002,"Reyansh Mehta",CBSE-3,B,"October 2025",19,16,84.2,2025-10-31,"Clara Higgins","Primary Section (Grades 1-5)"
ATT-SVIS-2025-002-November-2025,SVIS-2025-002,"Reyansh Mehta",CBSE-3,B,"November 2025",22,18,81.8,2025-11-30,"Clara Higgins","Primary Section (Grades 1-5)"
ATT-SVIS-2025-002-December-2025,SVIS-2025-002,"Reyansh Mehta",CBSE-3,B,"December 2025",20,17,85,2025-12-31,"Clara Higgins","Primary Section (Grades 1-5)"
ATT-SVIS-2025-002-January-2026,SVIS-2025-002,"Reyansh Mehta",CBSE-3,B,"January 2026",21,18,85.7,2026-01-31,"Clara Higgins","Primary Section (Grades 1-5)"
ATT-SVIS-2025-002-February-2026,SVIS-2025-002,"Reyansh Mehta",CBSE-3,B,"February 2026",22,18,81.8,2026-02-28,"Clara Higgins","Primary Section (Grades 1-5)"
ATT-SVIS-2025-002-March-2026,SVIS-2025-002,"Reyansh Mehta",CBSE-3,B,"March 2026",23,19,82.6,2026-03-31,"Clara Higgins","Primary Section (Grades 1-5)"
ATT-SVIS-2025-002-April-2026,SVIS-2025-002,"Reyansh Mehta",CBSE-3,B,"April 2026",18,15,83.3,2026-04-30,"Clara Higgins","Primary Section (Grades 1-5)"
ATT-SVIS-2025-003-June-2025,SVIS-2025-003,"Ishaan Verma",CBSE-3,A,"June 2025",20,17,85,2025-06-30,"Clara Higgins","Primary Section (Grades 1-5)"
ATT-SVIS-2025-003-July-2025,SVIS-2025-003,"Ishaan Verma",CBSE-3,A,"July 2025",24,20,83.3,2025-07-31,"Clara Higgins","Primary Section (Grades 1-5)"
ATT-SVIS-2025-003-August-2025,SVIS-2025-003,"Ishaan Verma",CBSE-3,A,"August 2025",22,19,86.4,2025-08-31,"Clara Higgins","Primary Section (Grades 1-5)"
ATT-SVIS-2025-003-September-2025,SVIS-2025-003,"Ishaan Verma",CBSE-3,A,"September 2025",21,18,85.7,2025-09-30,"Clara Higgins","Primary Section (Grades 1-5)"
ATT-SVIS-2025-003-October-2025,SVIS-2025-003,"Ishaan Verma",CBSE-3,A,"October 2025",19,16,84.2,2025-10-31,"Clara Higgins","Primary Section (Grades 1-5)"
ATT-SVIS-2025-003-November-2025,SVIS-2025-003,"Ishaan Verma",CBSE-3,A,"November 2025",22,19,86.4,2025-11-30,"Clara Higgins","Primary Section (Grades 1-5)"
ATT-SVIS-2025-003-December-2025,SVIS-2025-003,"Ishaan Verma",CBSE-3,A,"December 2025",20,17,85,2025-12-31,"Clara Higgins","Primary Section (Grades 1-5)"
ATT-SVIS-2025-003-January-2026,SVIS-2025-003,"Ishaan Verma",CBSE-3,A,"January 2026",21,18,85.7,2026-01-31,"Clara Higgins","Primary Section (Grades 1-5)"
ATT-SVIS-2025-003-February-2026,SVIS-2025-003,"Ishaan Verma",CBSE-3,A,"February 2026",22,19,86.4,2026-02-28,"Clara Higgins","Primary Section (Grades 1-5)"
ATT-SVIS-2025-003-March-2026,SVIS-2025-003,"Ishaan Verma",CBSE-3,A,"March 2026",23,20,87,2026-03-31,"Clara Higgins","Primary Section (Grades 1-5)"
ATT-SVIS-2025-003-April-2026,SVIS-2025-003,"Ishaan Verma",CBSE-3,A,"April 2026",18,15,83.3,2026-04-30,"Clara Higgins","Primary Section (Grades 1-5)"
ATT-SVIS-2025-004-June-2025,SVIS-2025-004,"Advik Deshmukh",CBSE-3,B,"June 2025",20,17,85,2025-06-30,"Clara Higgins","Primary Section (Grades 1-5)"
ATT-SVIS-2025-004-July-2025,SVIS-2025-004,"Advik Deshmukh",CBSE-3,B,"July 2025",24,21,87.5,2025-07-31,"Clara Higgins","Primary Section (Grades 1-5)"
ATT-SVIS-2025-004-August-2025,SVIS-2025-004,"Advik Deshmukh",CBSE-3,B,"August 2025",22,19,86.4,2025-08-31,"Clara Higgins","Primary Section (Grades 1-5)"
ATT-SVIS-2025-004-September-2025,SVIS-2025-004,"Advik Deshmukh",CBSE-3,B,"September 2025",21,18,85.7,2025-09-30,"Clara Higgins","Primary Section (Grades 1-5)"
ATT-SVIS-2025-004-October-2025,SVIS-2025-004,"Advik Deshmukh",CBSE-3,B,"October 2025",19,16,84.2,2025-10-31,"Clara Higgins","Primary Section (Grades 1-5)"
ATT-SVIS-2025-004-November-2025,SVIS-2025-004,"Advik Deshmukh",CBSE-3,B,"November 2025",22,19,86.4,2025-11-30,"Clara Higgins","Primary Section (Grades 1-5)"
ATT-SVIS-2025-004-December-2025,SVIS-2025-004,"Advik Deshmukh",CBSE-3,B,"December 2025",20,17,85,2025-12-31,"Clara Higgins","Primary Section (Grades 1-5)"
ATT-SVIS-2025-004-January-2026,SVIS-2025-004,"Advik Deshmukh",CBSE-3,B,"January 2026",21,18,85.7,2026-01-31,"Clara Higgins","Primary Section (Grades 1-5)"
ATT-SVIS-2025-004-February-2026,SVIS-2025-004,"Advik Deshmukh",CBSE-3,B,"February 2026",22,19,86.4,2026-02-28,"Clara Higgins","Primary Section (Grades 1-5)"
ATT-SVIS-2025-004-March-2026,SVIS-2025-004,"Advik Deshmukh",CBSE-3,B,"March 2026",23,20,87,2026-03-31,"Clara Higgins","Primary Section (Grades 1-5)"
ATT-SVIS-2025-004-April-2026,SVIS-2025-004,"Advik Deshmukh",CBSE-3,B,"April 2026",18,15,83.3,2026-04-30,"Clara Higgins","Primary Section (Grades 1-5)"
ATT-SVIS-2025-005-June-2025,SVIS-2025-005,"Ananya Shah",CBSE-3,A,"June 2025",20,17,85,2025-06-30,"Clara Higgins","Primary Section (Grades 1-5)"
ATT-SVIS-2025-005-July-2025,SVIS-2025-005,"Ananya Shah",CBSE-3,A,"July 2025",24,21,87.5,2025-07-31,"Clara Higgins","Primary Section (Grades 1-5)"
ATT-SVIS-2025-005-August-2025,SVIS-2025-005,"Ananya Shah",CBSE-3,A,"August 2025",22,19,86.4,2025-08-31,"Clara Higgins","Primary Section (Grades 1-5)"
ATT-SVIS-2025-005-September-2025,SVIS-2025-005,"Ananya Shah",CBSE-3,A,"September 2025",21,18,85.7,2025-09-30,"Clara Higgins","Primary Section (Grades 1-5)"
ATT-SVIS-2025-005-October-2025,SVIS-2025-005,"Ananya Shah",CBSE-3,A,"October 2025",19,17,89.5,2025-10-31,"Clara Higgins","Primary Section (Grades 1-5)"
ATT-SVIS-2025-005-November-2025,SVIS-2025-005,"Ananya Shah",CBSE-3,A,"November 2025",22,19,86.4,2025-11-30,"Clara Higgins","Primary Section (Grades 1-5)"
ATT-SVIS-2025-005-December-2025,SVIS-2025-005,"Ananya Shah",CBSE-3,A,"December 2025",20,17,85,2025-12-31,"Clara Higgins","Primary Section (Grades 1-5)"
ATT-SVIS-2025-005-January-2026,SVIS-2025-005,"Ananya Shah",CBSE-3,A,"January 2026",21,18,85.7,2026-01-31,"Clara Higgins","Primary Section (Grades 1-5)"
ATT-SVIS-2025-005-February-2026,SVIS-2025-005,"Ananya Shah",CBSE-3,A,"February 2026",22,19,86.4,2026-02-28,"Clara Higgins","Primary Section (Grades 1-5)"
ATT-SVIS-2025-005-March-2026,SVIS-2025-005,"Ananya Shah",CBSE-3,A,"March 2026",23,20,87,2026-03-31,"Clara Higgins","Primary Section (Grades 1-5)"
ATT-SVIS-2025-005-April-2026,SVIS-2025-005,"Ananya Shah",CBSE-3,A,"April 2026",18,16,88.9,2026-04-30,"Clara Higgins","Primary Section (Grades 1-5)"
ATT-SVIS-2025-006-June-2025,SVIS-2025-006,"Aadhya Patel",CBSE-3,B,"June 2025",20,18,90,2025-06-30,"Clara Higgins","Primary Section (Grades 1-5)"
ATT-SVIS-2025-006-July-2025,SVIS-2025-006,"Aadhya Patel",CBSE-3,B,"July 2025",24,21,87.5,2025-07-31,"Clara Higgins","Primary Section (Grades 1-5)"
ATT-SVIS-2025-006-August-2025,SVIS-2025-006,"Aadhya Patel",CBSE-3,B,"August 2025",22,19,86.4,2025-08-31,"Clara Higgins","Primary Section (Grades 1-5)"
ATT-SVIS-2025-006-September-2025,SVIS-2025-006,"Aadhya Patel",CBSE-3,B,"September 2025",21,18,85.7,2025-09-30,"Clara Higgins","Primary Section (Grades 1-5)"
ATT-SVIS-2025-006-October-2025,SVIS-2025-006,"Aadhya Patel",CBSE-3,B,"October 2025",19,17,89.5,2025-10-31,"Clara Higgins","Primary Section (Grades 1-5)"
ATT-SVIS-2025-006-November-2025,SVIS-2025-006,"Aadhya Patel",CBSE-3,B,"November 2025",22,19,86.4,2025-11-30,"Clara Higgins","Primary Section (Grades 1-5)"
ATT-SVIS-2025-006-December-2025,SVIS-2025-006,"Aadhya Patel",CBSE-3,B,"December 2025",20,18,90,2025-12-31,"Clara Higgins","Primary Section (Grades 1-5)"
ATT-SVIS-2025-006-January-2026,SVIS-2025-006,"Aadhya Patel",CBSE-3,B,"January 2026",21,18,85.7,2026-01-31,"Clara Higgins","Primary Section (Grades 1-5)"
ATT-SVIS-2025-006-February-2026,SVIS-2025-006,"Aadhya Patel",CBSE-3,B,"February 2026",22,19,86.4,2026-02-28,"Clara Higgins","Primary Section (Grades 1-5)"
ATT-SVIS-2025-006-March-2026,SVIS-2025-006,"Aadhya Patel",CBSE-3,B,"March 2026",23,20,87,2026-03-31,"Clara Higgins","Primary Section (Grades 1-5)"
ATT-SVIS-2025-006-April-2026,SVIS-2025-006,"Aadhya Patel",CBSE-3,B,"April 2026",18,16,88.9,2026-04-30,"Clara Higgins","Primary Section (Grades 1-5)"
ATT-SVIS-2025-007-June-2025,SVIS-2025-007,"Saanvi Kulkarni",CBSE-3,A,"June 2025",20,18,90,2025-06-30,"Clara Higgins","Primary Section (Grades 1-5)"
ATT-SVIS-2025-007-July-2025,SVIS-2025-007,"Saanvi Kulkarni",CBSE-3,A,"July 2025",24,21,87.5,2025-07-31,"Clara Higgins","Primary Section (Grades 1-5)"
ATT-SVIS-2025-007-August-2025,SVIS-2025-007,"Saanvi Kulkarni",CBSE-3,A,"August 2025",22,20,90.9,2025-08-31,"Clara Higgins","Primary Section (Grades 1-5)"
ATT-SVIS-2025-007-September-2025,SVIS-2025-007,"Saanvi Kulkarni",CBSE-3,A,"September 2025",21,19,90.5,2025-09-30,"Clara Higgins","Primary Section (Grades 1-5)"
ATT-SVIS-2025-007-October-2025,SVIS-2025-007,"Saanvi Kulkarni",CBSE-3,A,"October 2025",19,17,89.5,2025-10-31,"Clara Higgins","Primary Section (Grades 1-5)"
ATT-SVIS-2025-007-November-2025,SVIS-2025-007,"Saanvi Kulkarni",CBSE-3,A,"November 2025",22,20,90.9,2025-11-30,"Clara Higgins","Primary Section (Grades 1-5)"
ATT-SVIS-2025-007-December-2025,SVIS-2025-007,"Saanvi Kulkarni",CBSE-3,A,"December 2025",20,18,90,2025-12-31,"Clara Higgins","Primary Section (Grades 1-5)"
ATT-SVIS-2025-007-January-2026,SVIS-2025-007,"Saanvi Kulkarni",CBSE-3,A,"January 2026",21,19,90.5,2026-01-31,"Clara Higgins","Primary Section (Grades 1-5)"
ATT-SVIS-2025-007-February-2026,SVIS-2025-007,"Saanvi Kulkarni",CBSE-3,A,"February 2026",22,20,90.9,2026-02-28,"Clara Higgins","Primary Section (Grades 1-5)"
ATT-SVIS-2025-007-March-2026,SVIS-2025-007,"Saanvi Kulkarni",CBSE-3,A,"March 2026",23,20,87,2026-03-31,"Clara Higgins","Primary Section (Grades 1-5)"
ATT-SVIS-2025-007-April-2026,SVIS-2025-007,"Saanvi Kulkarni",CBSE-3,A,"April 2026",18,16,88.9,2026-04-30,"Clara Higgins","Primary Section (Grades 1-5)"
ATT-SVIS-2025-008-June-2025,SVIS-2025-008,"Ira Mukherjee",CBSE-3,B,"June 2025",20,18,90,2025-06-30,"Clara Higgins","Primary Section (Grades 1-5)"
ATT-SVIS-2025-008-July-2025,SVIS-2025-008,"Ira Mukherjee",CBSE-3,B,"July 2025",24,22,91.7,2025-07-31,"Clara Higgins","Primary Section (Grades 1-5)"
ATT-SVIS-2025-008-August-2025,SVIS-2025-008,"Ira Mukherjee",CBSE-3,B,"August 2025",22,20,90.9,2025-08-31,"Clara Higgins","Primary Section (Grades 1-5)"
ATT-SVIS-2025-008-September-2025,SVIS-2025-008,"Ira Mukherjee",CBSE-3,B,"September 2025",21,19,90.5,2025-09-30,"Clara Higgins","Primary Section (Grades 1-5)"
ATT-SVIS-2025-008-October-2025,SVIS-2025-008,"Ira Mukherjee",CBSE-3,B,"October 2025",19,17,89.5,2025-10-31,"Clara Higgins","Primary Section (Grades 1-5)"
ATT-SVIS-2025-008-November-2025,SVIS-2025-008,"Ira Mukherjee",CBSE-3,B,"November 2025",22,20,90.9,2025-11-30,"Clara Higgins","Primary Section (Grades 1-5)"
ATT-SVIS-2025-008-December-2025,SVIS-2025-008,"Ira Mukherjee",CBSE-3,B,"December 2025",20,18,90,2025-12-31,"Clara Higgins","Primary Section (Grades 1-5)"
ATT-SVIS-2025-008-January-2026,SVIS-2025-008,"Ira Mukherjee",CBSE-3,B,"January 2026",21,19,90.5,2026-01-31,"Clara Higgins","Primary Section (Grades 1-5)"
ATT-SVIS-2025-008-February-2026,SVIS-2025-008,"Ira Mukherjee",CBSE-3,B,"February 2026",22,20,90.9,2026-02-28,"Clara Higgins","Primary Section (Grades 1-5)"
ATT-SVIS-2025-008-March-2026,SVIS-2025-008,"Ira Mukherjee",CBSE-3,B,"March 2026",23,21,91.3,2026-03-31,"Clara Higgins","Primary Section (Grades 1-5)"
ATT-SVIS-2025-008-April-2026,SVIS-2025-008,"Ira Mukherjee",CBSE-3,B,"April 2026",18,16,88.9,2026-04-30,"Clara Higgins","Primary Section (Grades 1-5)"
ATT-SVIS-2025-009-June-2025,SVIS-2025-009,"Kavya Reddy",CBSE-3,A,"June 2025",20,18,90,2025-06-30,"Clara Higgins","Primary Section (Grades 1-5)"
ATT-SVIS-2025-009-July-2025,SVIS-2025-009,"Kavya Reddy",CBSE-3,A,"July 2025",24,22,91.7,2025-07-31,"Clara Higgins","Primary Section (Grades 1-5)"
ATT-SVIS-2025-009-August-2025,SVIS-2025-009,"Kavya Reddy",CBSE-3,A,"August 2025",22,20,90.9,2025-08-31,"Clara Higgins","Primary Section (Grades 1-5)"
ATT-SVIS-2025-009-September-2025,SVIS-2025-009,"Kavya Reddy",CBSE-3,A,"September 2025",21,19,90.5,2025-09-30,"Clara Higgins","Primary Section (Grades 1-5)"
ATT-SVIS-2025-009-October-2025,SVIS-2025-009,"Kavya Reddy",CBSE-3,A,"October 2025",19,17,89.5,2025-10-31,"Clara Higgins","Primary Section (Grades 1-5)"
ATT-SVIS-2025-009-November-2025,SVIS-2025-009,"Kavya Reddy",CBSE-3,A,"November 2025",22,20,90.9,2025-11-30,"Clara Higgins","Primary Section (Grades 1-5)"
ATT-SVIS-2025-009-December-2025,SVIS-2025-009,"Kavya Reddy",CBSE-3,A,"December 2025",20,18,90,2025-12-31,"Clara Higgins","Primary Section (Grades 1-5)"
ATT-SVIS-2025-009-January-2026,SVIS-2025-009,"Kavya Reddy",CBSE-3,A,"January 2026",21,19,90.5,2026-01-31,"Clara Higgins","Primary Section (Grades 1-5)"
ATT-SVIS-2025-009-February-2026,SVIS-2025-009,"Kavya Reddy",CBSE-3,A,"February 2026",22,20,90.9,2026-02-28,"Clara Higgins","Primary Section (Grades 1-5)"
ATT-SVIS-2025-009-March-2026,SVIS-2025-009,"Kavya Reddy",CBSE-3,A,"March 2026",23,21,91.3,2026-03-31,"Clara Higgins","Primary Section (Grades 1-5)"
ATT-SVIS-2025-009-April-2026,SVIS-2025-009,"Kavya Reddy",CBSE-3,A,"April 2026",18,16,88.9,2026-04-30,"Clara Higgins","Primary Section (Grades 1-5)"
ATT-SVIS-2025-010-June-2025,SVIS-2025-010,"Aarav Joshi",CBSE-3,B,"June 2025",20,18,90,2025-06-30,"Clara Higgins","Primary Section (Grades 1-5)"
ATT-SVIS-2025-010-July-2025,SVIS-2025-010,"Aarav Joshi",CBSE-3,B,"July 2025",24,22,91.7,2025-07-31,"Clara Higgins","Primary Section (Grades 1-5)"
ATT-SVIS-2025-010-August-2025,SVIS-2025-010,"Aarav Joshi",CBSE-3,B,"August 2025",22,20,90.9,2025-08-31,"Clara Higgins","Primary Section (Grades 1-5)"
ATT-SVIS-2025-010-September-2025,SVIS-2025-010,"Aarav Joshi",CBSE-3,B,"September 2025",21,19,90.5,2025-09-30,"Clara Higgins","Primary Section (Grades 1-5)"
ATT-SVIS-2025-010-October-2025,SVIS-2025-010,"Aarav Joshi",CBSE-3,B,"October 2025",19,17,89.5,2025-10-31,"Clara Higgins","Primary Section (Grades 1-5)"
ATT-SVIS-2025-010-November-2025,SVIS-2025-010,"Aarav Joshi",CBSE-3,B,"November 2025",22,20,90.9,2025-11-30,"Clara Higgins","Primary Section (Grades 1-5)"
ATT-SVIS-2025-010-December-2025,SVIS-2025-010,"Aarav Joshi",CBSE-3,B,"December 2025",20,18,90,2025-12-31,"Clara Higgins","Primary Section (Grades 1-5)"
ATT-SVIS-2025-010-January-2026,SVIS-2025-010,"Aarav Joshi",CBSE-3,B,"January 2026",21,19,90.5,2026-01-31,"Clara Higgins","Primary Section (Grades 1-5)"
ATT-SVIS-2025-010-February-2026,SVIS-2025-010,"Aarav Joshi",CBSE-3,B,"February 2026",22,20,90.9,2026-02-28,"Clara Higgins","Primary Section (Grades 1-5)"
ATT-SVIS-2025-010-March-2026,SVIS-2025-010,"Aarav Joshi",CBSE-3,B,"March 2026",23,21,91.3,2026-03-31,"Clara Higgins","Primary Section (Grades 1-5)"
ATT-SVIS-2025-010-April-2026,SVIS-2025-010,"Aarav Joshi",CBSE-3,B,"April 2026",18,17,94.4,2026-04-30,"Clara Higgins","Primary Section (Grades 1-5)"
ATT-SVIS-2025-011-June-2025,SVIS-2025-011,"Vihaan Banerjee",CBSE-3,A,"June 2025",20,19,95,2025-06-30,"Clara Higgins","Primary Section (Grades 1-5)"
ATT-SVIS-2025-011-July-2025,SVIS-2025-011,"Vihaan Banerjee",CBSE-3,A,"July 2025",24,22,91.7,2025-07-31,"Clara Higgins","Primary Section (Grades 1-5)"
ATT-SVIS-2025-011-August-2025,SVIS-2025-011,"Vihaan Banerjee",CBSE-3,A,"August 2025",22,20,90.9,2025-08-31,"Clara Higgins","Primary Section (Grades 1-5)"
ATT-SVIS-2025-011-September-2025,SVIS-2025-011,"Vihaan Banerjee",CBSE-3,A,"September 2025",21,20,95.2,2025-09-30,"Clara Higgins","Primary Section (Grades 1-5)"
ATT-SVIS-2025-011-October-2025,SVIS-2025-011,"Vihaan Banerjee",CBSE-3,A,"October 2025",19,18,94.7,2025-10-31,"Clara Higgins","Primary Section (Grades 1-5)"
ATT-SVIS-2025-011-November-2025,SVIS-2025-011,"Vihaan Banerjee",CBSE-3,A,"November 2025",22,20,90.9,2025-11-30,"Clara Higgins","Primary Section (Grades 1-5)"
ATT-SVIS-2025-011-December-2025,SVIS-2025-011,"Vihaan Banerjee",CBSE-3,A,"December 2025",20,19,95,2025-12-31,"Clara Higgins","Primary Section (Grades 1-5)"
ATT-SVIS-2025-011-January-2026,SVIS-2025-011,"Vihaan Banerjee",CBSE-3,A,"January 2026",21,20,95.2,2026-01-31,"Clara Higgins","Primary Section (Grades 1-5)"
ATT-SVIS-2025-011-February-2026,SVIS-2025-011,"Vihaan Banerjee",CBSE-3,A,"February 2026",22,20,90.9,2026-02-28,"Clara Higgins","Primary Section (Grades 1-5)"
ATT-SVIS-2025-011-March-2026,SVIS-2025-011,"Vihaan Banerjee",CBSE-3,A,"March 2026",23,21,91.3,2026-03-31,"Clara Higgins","Primary Section (Grades 1-5)"
ATT-SVIS-2025-011-April-2026,SVIS-2025-011,"Vihaan Banerjee",CBSE-3,A,"April 2026",18,17,94.4,2026-04-30,"Clara Higgins","Primary Section (Grades 1-5)"
ATT-SVIS-2025-012-June-2025,SVIS-2025-012,"Reyansh Nair",CBSE-3,B,"June 2025",20,19,95,2025-06-30,"Clara Higgins","Primary Section (Grades 1-5)"
ATT-SVIS-2025-012-July-2025,SVIS-2025-012,"Reyansh Nair",CBSE-3,B,"July 2025",24,23,95.8,2025-07-31,"Clara Higgins","Primary Section (Grades 1-5)"
ATT-SVIS-2025-012-August-2025,SVIS-2025-012,"Reyansh Nair",CBSE-3,B,"August 2025",22,21,95.5,2025-08-31,"Clara Higgins","Primary Section (Grades 1-5)"
ATT-SVIS-2025-012-September-2025,SVIS-2025-012,"Reyansh Nair",CBSE-3,B,"September 2025",21,20,95.2,2025-09-30,"Clara Higgins","Primary Section (Grades 1-5)"
ATT-SVIS-2025-012-October-2025,SVIS-2025-012,"Reyansh Nair",CBSE-3,B,"October 2025",19,18,94.7,2025-10-31,"Clara Higgins","Primary Section (Grades 1-5)"
ATT-SVIS-2025-012-November-2025,SVIS-2025-012,"Reyansh Nair",CBSE-3,B,"November 2025",22,21,95.5,2025-11-30,"Clara Higgins","Primary Section (Grades 1-5)"
ATT-SVIS-2025-012-December-2025,SVIS-2025-012,"Reyansh Nair",CBSE-3,B,"December 2025",20,19,95,2025-12-31,"Clara Higgins","Primary Section (Grades 1-5)"
ATT-SVIS-2025-012-January-2026,SVIS-2025-012,"Reyansh Nair",CBSE-3,B,"January 2026",21,20,95.2,2026-01-31,"Clara Higgins","Primary Section (Grades 1-5)"
ATT-SVIS-2025-012-February-2026,SVIS-2025-012,"Reyansh Nair",CBSE-3,B,"February 2026",22,21,95.5,2026-02-28,"Clara Higgins","Primary Section (Grades 1-5)"
ATT-SVIS-2025-012-March-2026,SVIS-2025-012,"Reyansh Nair",CBSE-3,B,"March 2026",23,22,95.7,2026-03-31,"Clara Higgins","Primary Section (Grades 1-5)"
ATT-SVIS-2025-012-April-2026,SVIS-2025-012,"Reyansh Nair",CBSE-3,B,"April 2026",18,17,94.4,2026-04-30,"Clara Higgins","Primary Section (Grades 1-5)"
ATT-SVIS-2025-013-June-2025,SVIS-2025-013,"Ishaan Bhat",CBSE-3,A,"June 2025",20,19,95,2025-06-30,"Clara Higgins","Primary Section (Grades 1-5)"
ATT-SVIS-2025-013-July-2025,SVIS-2025-013,"Ishaan Bhat",CBSE-3,A,"July 2025",24,23,95.8,2025-07-31,"Clara Higgins","Primary Section (Grades 1-5)"
ATT-SVIS-2025-013-August-2025,SVIS-2025-013,"Ishaan Bhat",CBSE-3,A,"August 2025",22,21,95.5,2025-08-31,"Clara Higgins","Primary Section (Grades 1-5)"
ATT-SVIS-2025-013-September-2025,SVIS-2025-013,"Ishaan Bhat",CBSE-3,A,"September 2025",21,20,95.2,2025-09-30,"Clara Higgins","Primary Section (Grades 1-5)"
ATT-SVIS-2025-013-October-2025,SVIS-2025-013,"Ishaan Bhat",CBSE-3,A,"October 2025",19,18,94.7,2025-10-31,"Clara Higgins","Primary Section (Grades 1-5)"
ATT-SVIS-2025-013-November-2025,SVIS-2025-013,"Ishaan Bhat",CBSE-3,A,"November 2025",22,21,95.5,2025-11-30,"Clara Higgins","Primary Section (Grades 1-5)"
ATT-SVIS-2025-013-December-2025,SVIS-2025-013,"Ishaan Bhat",CBSE-3,A,"December 2025",20,19,95,2025-12-31,"Clara Higgins","Primary Section (Grades 1-5)"
ATT-SVIS-2025-013-January-2026,SVIS-2025-013,"Ishaan Bhat",CBSE-3,A,"January 2026",21,20,95.2,2026-01-31,"Clara Higgins","Primary Section (Grades 1-5)"
ATT-SVIS-2025-013-February-2026,SVIS-2025-013,"Ishaan Bhat",CBSE-3,A,"February 2026",22,21,95.5,2026-02-28,"Clara Higgins","Primary Section (Grades 1-5)"
ATT-SVIS-2025-013-March-2026,SVIS-2025-013,"Ishaan Bhat",CBSE-3,A,"March 2026",23,22,95.7,2026-03-31,"Clara Higgins","Primary Section (Grades 1-5)"
ATT-SVIS-2025-013-April-2026,SVIS-2025-013,"Ishaan Bhat",CBSE-3,A,"April 2026",18,17,94.4,2026-04-30,"Clara Higgins","Primary Section (Grades 1-5)"
ATT-SVIS-2025-014-June-2025,SVIS-2025-014,"Advik Ghosh",CBSE-3,B,"June 2025",20,19,95,2025-06-30,"Clara Higgins","Primary Section (Grades 1-5)"
ATT-SVIS-2025-014-July-2025,SVIS-2025-014,"Advik Ghosh",CBSE-3,B,"July 2025",24,23,95.8,2025-07-31,"Clara Higgins","Primary Section (Grades 1-5)"
ATT-SVIS-2025-014-August-2025,SVIS-2025-014,"Advik Ghosh",CBSE-3,B,"August 2025",22,21,95.5,2025-08-31,"Clara Higgins","Primary Section (Grades 1-5)"
ATT-SVIS-2025-014-September-2025,SVIS-2025-014,"Advik Ghosh",CBSE-3,B,"September 2025",21,20,95.2,2025-09-30,"Clara Higgins","Primary Section (Grades 1-5)"
ATT-SVIS-2025-014-October-2025,SVIS-2025-014,"Advik Ghosh",CBSE-3,B,"October 2025",19,18,94.7,2025-10-31,"Clara Higgins","Primary Section (Grades 1-5)"
ATT-SVIS-2025-014-November-2025,SVIS-2025-014,"Advik Ghosh",CBSE-3,B,"November 2025",22,21,95.5,2025-11-30,"Clara Higgins","Primary Section (Grades 1-5)"
ATT-SVIS-2025-014-December-2025,SVIS-2025-014,"Advik Ghosh",CBSE-3,B,"December 2025",20,19,95,2025-12-31,"Clara Higgins","Primary Section (Grades 1-5)"
ATT-SVIS-2025-014-January-2026,SVIS-2025-014,"Advik Ghosh",CBSE-3,B,"January 2026",21,20,95.2,2026-01-31,"Clara Higgins","Primary Section (Grades 1-5)"
ATT-SVIS-2025-014-February-2026,SVIS-2025-014,"Advik Ghosh",CBSE-3,B,"February 2026",22,21,95.5,2026-02-28,"Clara Higgins","Primary Section (Grades 1-5)"
ATT-SVIS-2025-014-March-2026,SVIS-2025-014,"Advik Ghosh",CBSE-3,B,"March 2026",23,22,95.7,2026-03-31,"Clara Higgins","Primary Section (Grades 1-5)"
ATT-SVIS-2025-014-April-2026,SVIS-2025-014,"Advik Ghosh",CBSE-3,B,"April 2026",18,17,94.4,2026-04-30,"Clara Higgins","Primary Section (Grades 1-5)"
ATT-SVIS-2025-015-June-2025,SVIS-2025-015,"Ananya Iyer",CBSE-3,A,"June 2025",20,19,95,2025-06-30,"Clara Higgins","Primary Section (Grades 1-5)"
ATT-SVIS-2025-015-July-2025,SVIS-2025-015,"Ananya Iyer",CBSE-3,A,"July 2025",24,23,95.8,2025-07-31,"Clara Higgins","Primary Section (Grades 1-5)"
ATT-SVIS-2025-015-August-2025,SVIS-2025-015,"Ananya Iyer",CBSE-3,A,"August 2025",22,21,95.5,2025-08-31,"Clara Higgins","Primary Section (Grades 1-5)"
ATT-SVIS-2025-015-September-2025,SVIS-2025-015,"Ananya Iyer",CBSE-3,A,"September 2025",21,20,95.2,2025-09-30,"Clara Higgins","Primary Section (Grades 1-5)"
ATT-SVIS-2025-015-October-2025,SVIS-2025-015,"Ananya Iyer",CBSE-3,A,"October 2025",19,18,94.7,2025-10-31,"Clara Higgins","Primary Section (Grades 1-5)"
ATT-SVIS-2025-015-November-2025,SVIS-2025-015,"Ananya Iyer",CBSE-3,A,"November 2025",22,21,95.5,2025-11-30,"Clara Higgins","Primary Section (Grades 1-5)"
ATT-SVIS-2025-015-December-2025,SVIS-2025-015,"Ananya Iyer",CBSE-3,A,"December 2025",20,19,95,2025-12-31,"Clara Higgins","Primary Section (Grades 1-5)"
ATT-SVIS-2025-015-January-2026,SVIS-2025-015,"Ananya Iyer",CBSE-3,A,"January 2026",21,20,95.2,2026-01-31,"Clara Higgins","Primary Section (Grades 1-5)"
ATT-SVIS-2025-015-February-2026,SVIS-2025-015,"Ananya Iyer",CBSE-3,A,"February 2026",22,21,95.5,2026-02-28,"Clara Higgins","Primary Section (Grades 1-5)"
ATT-SVIS-2025-015-March-2026,SVIS-2025-015,"Ananya Iyer",CBSE-3,A,"March 2026",23,22,95.7,2026-03-31,"Clara Higgins","Primary Section (Grades 1-5)"
ATT-SVIS-2025-015-April-2026,SVIS-2025-015,"Ananya Iyer",CBSE-3,A,"April 2026",18,17,94.4,2026-04-30,"Clara Higgins","Primary Section (Grades 1-5)"
ATT-SVIS-2025-016-June-2025,SVIS-2025-016,"Aadhya Rao",CBSE-4,A,"June 2025",20,14,70,2025-06-30,"Clara Higgins","Primary Section (Grades 1-5)"
ATT-SVIS-2025-016-July-2025,SVIS-2025-016,"Aadhya Rao",CBSE-4,A,"July 2025",24,17,70.8,2025-07-31,"Clara Higgins","Primary Section (Grades 1-5)"
ATT-SVIS-2025-016-August-2025,SVIS-2025-016,"Aadhya Rao",CBSE-4,A,"August 2025",22,16,72.7,2025-08-31,"Clara Higgins","Primary Section (Grades 1-5)"
ATT-SVIS-2025-016-September-2025,SVIS-2025-016,"Aadhya Rao",CBSE-4,A,"September 2025",21,18,85.7,2025-09-30,"Clara Higgins","Primary Section (Grades 1-5)"
ATT-SVIS-2025-016-October-2025,SVIS-2025-016,"Aadhya Rao",CBSE-4,A,"October 2025",19,17,89.5,2025-10-31,"Clara Higgins","Primary Section (Grades 1-5)"
ATT-SVIS-2025-016-November-2025,SVIS-2025-016,"Aadhya Rao",CBSE-4,A,"November 2025",22,19,86.4,2025-11-30,"Clara Higgins","Primary Section (Grades 1-5)"
ATT-SVIS-2025-016-December-2025,SVIS-2025-016,"Aadhya Rao",CBSE-4,A,"December 2025",20,18,90,2025-12-31,"Clara Higgins","Primary Section (Grades 1-5)"
ATT-SVIS-2025-016-January-2026,SVIS-2025-016,"Aadhya Rao",CBSE-4,A,"January 2026",21,18,85.7,2026-01-31,"Clara Higgins","Primary Section (Grades 1-5)"
ATT-SVIS-2025-016-February-2026,SVIS-2025-016,"Aadhya Rao",CBSE-4,A,"February 2026",22,19,86.4,2026-02-28,"Clara Higgins","Primary Section (Grades 1-5)"
ATT-SVIS-2025-016-March-2026,SVIS-2025-016,"Aadhya Rao",CBSE-4,A,"March 2026",23,20,87,2026-03-31,"Clara Higgins","Primary Section (Grades 1-5)"
ATT-SVIS-2025-016-April-2026,SVIS-2025-016,"Aadhya Rao",CBSE-4,A,"April 2026",18,16,88.9,2026-04-30,"Clara Higgins","Primary Section (Grades 1-5)"
ATT-SVIS-2025-017-June-2025,SVIS-2025-017,"Saanvi Chatterjee",CBSE-4,B,"June 2025",20,16,80,2025-06-30,"Clara Higgins","Primary Section (Grades 1-5)"
ATT-SVIS-2025-017-July-2025,SVIS-2025-017,"Saanvi Chatterjee",CBSE-4,B,"July 2025",24,20,83.3,2025-07-31,"Clara Higgins","Primary Section (Grades 1-5)"
ATT-SVIS-2025-017-August-2025,SVIS-2025-017,"Saanvi Chatterjee",CBSE-4,B,"August 2025",22,18,81.8,2025-08-31,"Clara Higgins","Primary Section (Grades 1-5)"
ATT-SVIS-2025-017-September-2025,SVIS-2025-017,"Saanvi Chatterjee",CBSE-4,B,"September 2025",21,17,81,2025-09-30,"Clara Higgins","Primary Section (Grades 1-5)"
ATT-SVIS-2025-017-October-2025,SVIS-2025-017,"Saanvi Chatterjee",CBSE-4,B,"October 2025",19,16,84.2,2025-10-31,"Clara Higgins","Primary Section (Grades 1-5)"
ATT-SVIS-2025-017-November-2025,SVIS-2025-017,"Saanvi Chatterjee",CBSE-4,B,"November 2025",22,18,81.8,2025-11-30,"Clara Higgins","Primary Section (Grades 1-5)"
ATT-SVIS-2025-017-December-2025,SVIS-2025-017,"Saanvi Chatterjee",CBSE-4,B,"December 2025",20,16,80,2025-12-31,"Clara Higgins","Primary Section (Grades 1-5)"
ATT-SVIS-2025-017-January-2026,SVIS-2025-017,"Saanvi Chatterjee",CBSE-4,B,"January 2026",21,17,81,2026-01-31,"Clara Higgins","Primary Section (Grades 1-5)"
ATT-SVIS-2025-017-February-2026,SVIS-2025-017,"Saanvi Chatterjee",CBSE-4,B,"February 2026",22,18,81.8,2026-02-28,"Clara Higgins","Primary Section (Grades 1-5)"
ATT-SVIS-2025-017-March-2026,SVIS-2025-017,"Saanvi Chatterjee",CBSE-4,B,"March 2026",23,19,82.6,2026-03-31,"Clara Higgins","Primary Section (Grades 1-5)"
ATT-SVIS-2025-017-April-2026,SVIS-2025-017,"Saanvi Chatterjee",CBSE-4,B,"April 2026",18,15,83.3,2026-04-30,"Clara Higgins","Primary Section (Grades 1-5)"
ATT-SVIS-2025-018-June-2025,SVIS-2025-018,"Ira Gupta",CBSE-4,A,"June 2025",20,17,85,2025-06-30,"Clara Higgins","Primary Section (Grades 1-5)"
ATT-SVIS-2025-018-July-2025,SVIS-2025-018,"Ira Gupta",CBSE-4,A,"July 2025",24,20,83.3,2025-07-31,"Clara Higgins","Primary Section (Grades 1-5)"
ATT-SVIS-2025-018-August-2025,SVIS-2025-018,"Ira Gupta",CBSE-4,A,"August 2025",22,18,81.8,2025-08-31,"Clara Higgins","Primary Section (Grades 1-5)"
ATT-SVIS-2025-018-September-2025,SVIS-2025-018,"Ira Gupta",CBSE-4,A,"September 2025",21,17,81,2025-09-30,"Clara Higgins","Primary Section (Grades 1-5)"
ATT-SVIS-2025-018-October-2025,SVIS-2025-018,"Ira Gupta",CBSE-4,A,"October 2025",19,16,84.2,2025-10-31,"Clara Higgins","Primary Section (Grades 1-5)"
ATT-SVIS-2025-018-November-2025,SVIS-2025-018,"Ira Gupta",CBSE-4,A,"November 2025",22,18,81.8,2025-11-30,"Clara Higgins","Primary Section (Grades 1-5)"
ATT-SVIS-2025-018-December-2025,SVIS-2025-018,"Ira Gupta",CBSE-4,A,"December 2025",20,17,85,2025-12-31,"Clara Higgins","Primary Section (Grades 1-5)"
ATT-SVIS-2025-018-January-2026,SVIS-2025-018,"Ira Gupta",CBSE-4,A,"January 2026",21,17,81,2026-01-31,"Clara Higgins","Primary Section (Grades 1-5)"
ATT-SVIS-2025-018-February-2026,SVIS-2025-018,"Ira Gupta",CBSE-4,A,"February 2026",22,18,81.8,2026-02-28,"Clara Higgins","Primary Section (Grades 1-5)"
ATT-SVIS-2025-018-March-2026,SVIS-2025-018,"Ira Gupta",CBSE-4,A,"March 2026",23,19,82.6,2026-03-31,"Clara Higgins","Primary Section (Grades 1-5)"
ATT-SVIS-2025-018-April-2026,SVIS-2025-018,"Ira Gupta",CBSE-4,A,"April 2026",18,15,83.3,2026-04-30,"Clara Higgins","Primary Section (Grades 1-5)"
ATT-SVIS-2025-019-June-2025,SVIS-2025-019,"Kavya Choudhury",CBSE-4,B,"June 2025",20,17,85,2025-06-30,"Clara Higgins","Primary Section (Grades 1-5)"
ATT-SVIS-2025-019-July-2025,SVIS-2025-019,"Kavya Choudhury",CBSE-4,B,"July 2025",24,20,83.3,2025-07-31,"Clara Higgins","Primary Section (Grades 1-5)"
ATT-SVIS-2025-019-August-2025,SVIS-2025-019,"Kavya Choudhury",CBSE-4,B,"August 2025",22,18,81.8,2025-08-31,"Clara Higgins","Primary Section (Grades 1-5)"
ATT-SVIS-2025-019-September-2025,SVIS-2025-019,"Kavya Choudhury",CBSE-4,B,"September 2025",21,18,85.7,2025-09-30,"Clara Higgins","Primary Section (Grades 1-5)"
ATT-SVIS-2025-019-October-2025,SVIS-2025-019,"Kavya Choudhury",CBSE-4,B,"October 2025",19,16,84.2,2025-10-31,"Clara Higgins","Primary Section (Grades 1-5)"
ATT-SVIS-2025-019-November-2025,SVIS-2025-019,"Kavya Choudhury",CBSE-4,B,"November 2025",22,18,81.8,2025-11-30,"Clara Higgins","Primary Section (Grades 1-5)"
ATT-SVIS-2025-019-December-2025,SVIS-2025-019,"Kavya Choudhury",CBSE-4,B,"December 2025",20,17,85,2025-12-31,"Clara Higgins","Primary Section (Grades 1-5)"
ATT-SVIS-2025-019-January-2026,SVIS-2025-019,"Kavya Choudhury",CBSE-4,B,"January 2026",21,18,85.7,2026-01-31,"Clara Higgins","Primary Section (Grades 1-5)"
ATT-SVIS-2025-019-February-2026,SVIS-2025-019,"Kavya Choudhury",CBSE-4,B,"February 2026",22,18,81.8,2026-02-28,"Clara Higgins","Primary Section (Grades 1-5)"
ATT-SVIS-2025-019-March-2026,SVIS-2025-019,"Kavya Choudhury",CBSE-4,B,"March 2026",23,19,82.6,2026-03-31,"Clara Higgins","Primary Section (Grades 1-5)"
ATT-SVIS-2025-019-April-2026,SVIS-2025-019,"Kavya Choudhury",CBSE-4,B,"April 2026",18,15,83.3,2026-04-30,"Clara Higgins","Primary Section (Grades 1-5)"
ATT-SVIS-2025-020-June-2025,SVIS-2025-020,"Aarav Sharma",CBSE-4,A,"June 2025",20,17,85,2025-06-30,"Clara Higgins","Primary Section (Grades 1-5)"
ATT-SVIS-2025-020-July-2025,SVIS-2025-020,"Aarav Sharma",CBSE-4,A,"July 2025",24,20,83.3,2025-07-31,"Clara Higgins","Primary Section (Grades 1-5)"
ATT-SVIS-2025-020-August-2025,SVIS-2025-020,"Aarav Sharma",CBSE-4,A,"August 2025",22,19,86.4,2025-08-31,"Clara Higgins","Primary Section (Grades 1-5)"
ATT-SVIS-2025-020-September-2025,SVIS-2025-020,"Aarav Sharma",CBSE-4,A,"September 2025",21,18,85.7,2025-09-30,"Clara Higgins","Primary Section (Grades 1-5)"
ATT-SVIS-2025-020-October-2025,SVIS-2025-020,"Aarav Sharma",CBSE-4,A,"October 2025",19,16,84.2,2025-10-31,"Clara Higgins","Primary Section (Grades 1-5)"
ATT-SVIS-2025-020-November-2025,SVIS-2025-020,"Aarav Sharma",CBSE-4,A,"November 2025",22,19,86.4,2025-11-30,"Clara Higgins","Primary Section (Grades 1-5)"
ATT-SVIS-2025-020-December-2025,SVIS-2025-020,"Aarav Sharma",CBSE-4,A,"December 2025",20,17,85,2025-12-31,"Clara Higgins","Primary Section (Grades 1-5)"
ATT-SVIS-2025-020-January-2026,SVIS-2025-020,"Aarav Sharma",CBSE-4,A,"January 2026",21,18,85.7,2026-01-31,"Clara Higgins","Primary Section (Grades 1-5)"
ATT-SVIS-2025-020-February-2026,SVIS-2025-020,"Aarav Sharma",CBSE-4,A,"February 2026",22,19,86.4,2026-02-28,"Clara Higgins","Primary Section (Grades 1-5)"
ATT-SVIS-2025-020-March-2026,SVIS-2025-020,"Aarav Sharma",CBSE-4,A,"March 2026",23,20,87,2026-03-31,"Clara Higgins","Primary Section (Grades 1-5)"
ATT-SVIS-2025-020-April-2026,SVIS-2025-020,"Aarav Sharma",CBSE-4,A,"April 2026",18,15,83.3,2026-04-30,"Clara Higgins","Primary Section (Grades 1-5)"
ATT-SVIS-2025-021-June-2025,SVIS-2025-021,"Vihaan Singh",CBSE-4,B,"June 2025",20,17,85,2025-06-30,"Clara Higgins","Primary Section (Grades 1-5)"
ATT-SVIS-2025-021-July-2025,SVIS-2025-021,"Vihaan Singh",CBSE-4,B,"July 2025",24,21,87.5,2025-07-31,"Clara Higgins","Primary Section (Grades 1-5)"
ATT-SVIS-2025-021-August-2025,SVIS-2025-021,"Vihaan Singh",CBSE-4,B,"August 2025",22,19,86.4,2025-08-31,"Clara Higgins","Primary Section (Grades 1-5)"
ATT-SVIS-2025-021-September-2025,SVIS-2025-021,"Vihaan Singh",CBSE-4,B,"September 2025",21,18,85.7,2025-09-30,"Clara Higgins","Primary Section (Grades 1-5)"
ATT-SVIS-2025-021-October-2025,SVIS-2025-021,"Vihaan Singh",CBSE-4,B,"October 2025",19,16,84.2,2025-10-31,"Clara Higgins","Primary Section (Grades 1-5)"
ATT-SVIS-2025-021-November-2025,SVIS-2025-021,"Vihaan Singh",CBSE-4,B,"November 2025",22,19,86.4,2025-11-30,"Clara Higgins","Primary Section (Grades 1-5)"
ATT-SVIS-2025-021-December-2025,SVIS-2025-021,"Vihaan Singh",CBSE-4,B,"December 2025",20,17,85,2025-12-31,"Clara Higgins","Primary Section (Grades 1-5)"
ATT-SVIS-2025-021-January-2026,SVIS-2025-021,"Vihaan Singh",CBSE-4,B,"January 2026",21,18,85.7,2026-01-31,"Clara Higgins","Primary Section (Grades 1-5)"
ATT-SVIS-2025-021-February-2026,SVIS-2025-021,"Vihaan Singh",CBSE-4,B,"February 2026",22,19,86.4,2026-02-28,"Clara Higgins","Primary Section (Grades 1-5)"
ATT-SVIS-2025-021-March-2026,SVIS-2025-021,"Vihaan Singh",CBSE-4,B,"March 2026",23,20,87,2026-03-31,"Clara Higgins","Primary Section (Grades 1-5)"
ATT-SVIS-2025-021-April-2026,SVIS-2025-021,"Vihaan Singh",CBSE-4,B,"April 2026",18,15,83.3,2026-04-30,"Clara Higgins","Primary Section (Grades 1-5)"
ATT-SVIS-2025-022-June-2025,SVIS-2025-022,"Reyansh Mehta",CBSE-4,A,"June 2025",20,17,85,2025-06-30,"Clara Higgins","Primary Section (Grades 1-5)"
ATT-SVIS-2025-022-July-2025,SVIS-2025-022,"Reyansh Mehta",CBSE-4,A,"July 2025",24,21,87.5,2025-07-31,"Clara Higgins","Primary Section (Grades 1-5)"
ATT-SVIS-2025-022-August-2025,SVIS-2025-022,"Reyansh Mehta",CBSE-4,A,"August 2025",22,19,86.4,2025-08-31,"Clara Higgins","Primary Section (Grades 1-5)"
ATT-SVIS-2025-022-September-2025,SVIS-2025-022,"Reyansh Mehta",CBSE-4,A,"September 2025",21,18,85.7,2025-09-30,"Clara Higgins","Primary Section (Grades 1-5)"
ATT-SVIS-2025-022-October-2025,SVIS-2025-022,"Reyansh Mehta",CBSE-4,A,"October 2025",19,17,89.5,2025-10-31,"Clara Higgins","Primary Section (Grades 1-5)"
ATT-SVIS-2025-022-November-2025,SVIS-2025-022,"Reyansh Mehta",CBSE-4,A,"November 2025",22,19,86.4,2025-11-30,"Clara Higgins","Primary Section (Grades 1-5)"
ATT-SVIS-2025-022-December-2025,SVIS-2025-022,"Reyansh Mehta",CBSE-4,A,"December 2025",20,17,85,2025-12-31,"Clara Higgins","Primary Section (Grades 1-5)"
ATT-SVIS-2025-022-January-2026,SVIS-2025-022,"Reyansh Mehta",CBSE-4,A,"January 2026",21,18,85.7,2026-01-31,"Clara Higgins","Primary Section (Grades 1-5)"
ATT-SVIS-2025-022-February-2026,SVIS-2025-022,"Reyansh Mehta",CBSE-4,A,"February 2026",22,19,86.4,2026-02-28,"Clara Higgins","Primary Section (Grades 1-5)"
ATT-SVIS-2025-022-March-2026,SVIS-2025-022,"Reyansh Mehta",CBSE-4,A,"March 2026",23,20,87,2026-03-31,"Clara Higgins","Primary Section (Grades 1-5)"
ATT-SVIS-2025-022-April-2026,SVIS-2025-022,"Reyansh Mehta",CBSE-4,A,"April 2026",18,16,88.9,2026-04-30,"Clara Higgins","Primary Section (Grades 1-5)"
ATT-SVIS-2025-023-June-2025,SVIS-2025-023,"Ishaan Verma",CBSE-4,B,"June 2025",20,18,90,2025-06-30,"Clara Higgins","Primary Section (Grades 1-5)"
ATT-SVIS-2025-023-July-2025,SVIS-2025-023,"Ishaan Verma",CBSE-4,B,"July 2025",24,21,87.5,2025-07-31,"Clara Higgins","Primary Section (Grades 1-5)"
ATT-SVIS-2025-023-August-2025,SVIS-2025-023,"Ishaan Verma",CBSE-4,B,"August 2025",22,19,86.4,2025-08-31,"Clara Higgins","Primary Section (Grades 1-5)"
ATT-SVIS-2025-023-September-2025,SVIS-2025-023,"Ishaan Verma",CBSE-4,B,"September 2025",21,18,85.7,2025-09-30,"Clara Higgins","Primary Section (Grades 1-5)"
ATT-SVIS-2025-023-October-2025,SVIS-2025-023,"Ishaan Verma",CBSE-4,B,"October 2025",19,17,89.5,2025-10-31,"Clara Higgins","Primary Section (Grades 1-5)"
ATT-SVIS-2025-023-November-2025,SVIS-2025-023,"Ishaan Verma",CBSE-4,B,"November 2025",22,19,86.4,2025-11-30,"Clara Higgins","Primary Section (Grades 1-5)"
ATT-SVIS-2025-023-December-2025,SVIS-2025-023,"Ishaan Verma",CBSE-4,B,"December 2025",20,18,90,2025-12-31,"Clara Higgins","Primary Section (Grades 1-5)"
ATT-SVIS-2025-023-January-2026,SVIS-2025-023,"Ishaan Verma",CBSE-4,B,"January 2026",21,18,85.7,2026-01-31,"Clara Higgins","Primary Section (Grades 1-5)"
ATT-SVIS-2025-023-February-2026,SVIS-2025-023,"Ishaan Verma",CBSE-4,B,"February 2026",22,19,86.4,2026-02-28,"Clara Higgins","Primary Section (Grades 1-5)"
ATT-SVIS-2025-023-March-2026,SVIS-2025-023,"Ishaan Verma",CBSE-4,B,"March 2026",23,20,87,2026-03-31,"Clara Higgins","Primary Section (Grades 1-5)"
ATT-SVIS-2025-023-April-2026,SVIS-2025-023,"Ishaan Verma",CBSE-4,B,"April 2026",18,16,88.9,2026-04-30,"Clara Higgins","Primary Section (Grades 1-5)"
ATT-SVIS-2025-024-June-2025,SVIS-2025-024,"Advik Deshmukh",CBSE-4,A,"June 2025",20,18,90,2025-06-30,"Clara Higgins","Primary Section (Grades 1-5)"
ATT-SVIS-2025-024-July-2025,SVIS-2025-024,"Advik Deshmukh",CBSE-4,A,"July 2025",24,21,87.5,2025-07-31,"Clara Higgins","Primary Section (Grades 1-5)"
ATT-SVIS-2025-024-August-2025,SVIS-2025-024,"Advik Deshmukh",CBSE-4,A,"August 2025",22,20,90.9,2025-08-31,"Clara Higgins","Primary Section (Grades 1-5)"
ATT-SVIS-2025-024-September-2025,SVIS-2025-024,"Advik Deshmukh",CBSE-4,A,"September 2025",21,19,90.5,2025-09-30,"Clara Higgins","Primary Section (Grades 1-5)"
ATT-SVIS-2025-024-October-2025,SVIS-2025-024,"Advik Deshmukh",CBSE-4,A,"October 2025",19,17,89.5,2025-10-31,"Clara Higgins","Primary Section (Grades 1-5)"
ATT-SVIS-2025-024-November-2025,SVIS-2025-024,"Advik Deshmukh",CBSE-4,A,"November 2025",22,20,90.9,2025-11-30,"Clara Higgins","Primary Section (Grades 1-5)"
ATT-SVIS-2025-024-December-2025,SVIS-2025-024,"Advik Deshmukh",CBSE-4,A,"December 2025",20,18,90,2025-12-31,"Clara Higgins","Primary Section (Grades 1-5)"
ATT-SVIS-2025-024-January-2026,SVIS-2025-024,"Advik Deshmukh",CBSE-4,A,"January 2026",21,19,90.5,2026-01-31,"Clara Higgins","Primary Section (Grades 1-5)"
ATT-SVIS-2025-024-February-2026,SVIS-2025-024,"Advik Deshmukh",CBSE-4,A,"February 2026",22,20,90.9,2026-02-28,"Clara Higgins","Primary Section (Grades 1-5)"
ATT-SVIS-2025-024-March-2026,SVIS-2025-024,"Advik Deshmukh",CBSE-4,A,"March 2026",23,20,87,2026-03-31,"Clara Higgins","Primary Section (Grades 1-5)"
ATT-SVIS-2025-024-April-2026,SVIS-2025-024,"Advik Deshmukh",CBSE-4,A,"April 2026",18,16,88.9,2026-04-30,"Clara Higgins","Primary Section (Grades 1-5)"
ATT-SVIS-2025-025-June-2025,SVIS-2025-025,"Ananya Shah",CBSE-4,B,"June 2025",20,18,90,2025-06-30,"Clara Higgins","Primary Section (Grades 1-5)"
ATT-SVIS-2025-025-July-2025,SVIS-2025-025,"Ananya Shah",CBSE-4,B,"July 2025",24,22,91.7,2025-07-31,"Clara Higgins","Primary Section (Grades 1-5)"
ATT-SVIS-2025-025-August-2025,SVIS-2025-025,"Ananya Shah",CBSE-4,B,"August 2025",22,20,90.9,2025-08-31,"Clara Higgins","Primary Section (Grades 1-5)"
ATT-SVIS-2025-025-September-2025,SVIS-2025-025,"Ananya Shah",CBSE-4,B,"September 2025",21,19,90.5,2025-09-30,"Clara Higgins","Primary Section (Grades 1-5)"
ATT-SVIS-2025-025-October-2025,SVIS-2025-025,"Ananya Shah",CBSE-4,B,"October 2025",19,17,89.5,2025-10-31,"Clara Higgins","Primary Section (Grades 1-5)"
ATT-SVIS-2025-025-November-2025,SVIS-2025-025,"Ananya Shah",CBSE-4,B,"November 2025",22,20,90.9,2025-11-30,"Clara Higgins","Primary Section (Grades 1-5)"
ATT-SVIS-2025-025-December-2025,SVIS-2025-025,"Ananya Shah",CBSE-4,B,"December 2025",20,18,90,2025-12-31,"Clara Higgins","Primary Section (Grades 1-5)"
ATT-SVIS-2025-025-January-2026,SVIS-2025-025,"Ananya Shah",CBSE-4,B,"January 2026",21,19,90.5,2026-01-31,"Clara Higgins","Primary Section (Grades 1-5)"
ATT-SVIS-2025-025-February-2026,SVIS-2025-025,"Ananya Shah",CBSE-4,B,"February 2026",22,20,90.9,2026-02-28,"Clara Higgins","Primary Section (Grades 1-5)"
ATT-SVIS-2025-025-March-2026,SVIS-2025-025,"Ananya Shah",CBSE-4,B,"March 2026",23,21,91.3,2026-03-31,"Clara Higgins","Primary Section (Grades 1-5)"
ATT-SVIS-2025-025-April-2026,SVIS-2025-025,"Ananya Shah",CBSE-4,B,"April 2026",18,16,88.9,2026-04-30,"Clara Higgins","Primary Section (Grades 1-5)"
ATT-SVIS-2025-026-June-2025,SVIS-2025-026,"Aadhya Patel",CBSE-4,A,"June 2025",20,18,90,2025-06-30,"Clara Higgins","Primary Section (Grades 1-5)"
ATT-SVIS-2025-026-July-2025,SVIS-2025-026,"Aadhya Patel",CBSE-4,A,"July 2025",24,22,91.7,2025-07-31,"Clara Higgins","Primary Section (Grades 1-5)"
ATT-SVIS-2025-026-August-2025,SVIS-2025-026,"Aadhya Patel",CBSE-4,A,"August 2025",22,20,90.9,2025-08-31,"Clara Higgins","Primary Section (Grades 1-5)"
ATT-SVIS-2025-026-September-2025,SVIS-2025-026,"Aadhya Patel",CBSE-4,A,"September 2025",21,19,90.5,2025-09-30,"Clara Higgins","Primary Section (Grades 1-5)"
ATT-SVIS-2025-026-October-2025,SVIS-2025-026,"Aadhya Patel",CBSE-4,A,"October 2025",19,17,89.5,2025-10-31,"Clara Higgins","Primary Section (Grades 1-5)"
ATT-SVIS-2025-026-November-2025,SVIS-2025-026,"Aadhya Patel",CBSE-4,A,"November 2025",22,20,90.9,2025-11-30,"Clara Higgins","Primary Section (Grades 1-5)"
ATT-SVIS-2025-026-December-2025,SVIS-2025-026,"Aadhya Patel",CBSE-4,A,"December 2025",20,18,90,2025-12-31,"Clara Higgins","Primary Section (Grades 1-5)"
ATT-SVIS-2025-026-January-2026,SVIS-2025-026,"Aadhya Patel",CBSE-4,A,"January 2026",21,19,90.5,2026-01-31,"Clara Higgins","Primary Section (Grades 1-5)"
ATT-SVIS-2025-026-February-2026,SVIS-2025-026,"Aadhya Patel",CBSE-4,A,"February 2026",22,20,90.9,2026-02-28,"Clara Higgins","Primary Section (Grades 1-5)"
ATT-SVIS-2025-026-March-2026,SVIS-2025-026,"Aadhya Patel",CBSE-4,A,"March 2026",23,21,91.3,2026-03-31,"Clara Higgins","Primary Section (Grades 1-5)"
ATT-SVIS-2025-026-April-2026,SVIS-2025-026,"Aadhya Patel",CBSE-4,A,"April 2026",18,16,88.9,2026-04-30,"Clara Higgins","Primary Section (Grades 1-5)"
ATT-SVIS-2025-027-June-2025,SVIS-2025-027,"Saanvi Kulkarni",CBSE-4,B,"June 2025",20,18,90,2025-06-30,"Clara Higgins","Primary Section (Grades 1-5)"
ATT-SVIS-2025-027-July-2025,SVIS-2025-027,"Saanvi Kulkarni",CBSE-4,B,"July 2025",24,22,91.7,2025-07-31,"Clara Higgins","Primary Section (Grades 1-5)"
ATT-SVIS-2025-027-August-2025,SVIS-2025-027,"Saanvi Kulkarni",CBSE-4,B,"August 2025",22,20,90.9,2025-08-31,"Clara Higgins","Primary Section (Grades 1-5)"
ATT-SVIS-2025-027-September-2025,SVIS-2025-027,"Saanvi Kulkarni",CBSE-4,B,"September 2025",21,19,90.5,2025-09-30,"Clara Higgins","Primary Section (Grades 1-5)"
ATT-SVIS-2025-027-October-2025,SVIS-2025-027,"Saanvi Kulkarni",CBSE-4,B,"October 2025",19,17,89.5,2025-10-31,"Clara Higgins","Primary Section (Grades 1-5)"
ATT-SVIS-2025-027-November-2025,SVIS-2025-027,"Saanvi Kulkarni",CBSE-4,B,"November 2025",22,20,90.9,2025-11-30,"Clara Higgins","Primary Section (Grades 1-5)"
ATT-SVIS-2025-027-December-2025,SVIS-2025-027,"Saanvi Kulkarni",CBSE-4,B,"December 2025",20,18,90,2025-12-31,"Clara Higgins","Primary Section (Grades 1-5)"
ATT-SVIS-2025-027-January-2026,SVIS-2025-027,"Saanvi Kulkarni",CBSE-4,B,"January 2026",21,19,90.5,2026-01-31,"Clara Higgins","Primary Section (Grades 1-5)"
ATT-SVIS-2025-027-February-2026,SVIS-2025-027,"Saanvi Kulkarni",CBSE-4,B,"February 2026",22,20,90.9,2026-02-28,"Clara Higgins","Primary Section (Grades 1-5)"
ATT-SVIS-2025-027-March-2026,SVIS-2025-027,"Saanvi Kulkarni",CBSE-4,B,"March 2026",23,21,91.3,2026-03-31,"Clara Higgins","Primary Section (Grades 1-5)"
ATT-SVIS-2025-027-April-2026,SVIS-2025-027,"Saanvi Kulkarni",CBSE-4,B,"April 2026",18,17,94.4,2026-04-30,"Clara Higgins","Primary Section (Grades 1-5)"
ATT-SVIS-2025-028-June-2025,SVIS-2025-028,"Ira Mukherjee",CBSE-4,A,"June 2025",20,19,95,2025-06-30,"Clara Higgins","Primary Section (Grades 1-5)"
ATT-SVIS-2025-028-July-2025,SVIS-2025-028,"Ira Mukherjee",CBSE-4,A,"July 2025",24,22,91.7,2025-07-31,"Clara Higgins","Primary Section (Grades 1-5)"
ATT-SVIS-2025-028-August-2025,SVIS-2025-028,"Ira Mukherjee",CBSE-4,A,"August 2025",22,20,90.9,2025-08-31,"Clara Higgins","Primary Section (Grades 1-5)"
ATT-SVIS-2025-028-September-2025,SVIS-2025-028,"Ira Mukherjee",CBSE-4,A,"September 2025",21,20,95.2,2025-09-30,"Clara Higgins","Primary Section (Grades 1-5)"
ATT-SVIS-2025-028-October-2025,SVIS-2025-028,"Ira Mukherjee",CBSE-4,A,"October 2025",19,18,94.7,2025-10-31,"Clara Higgins","Primary Section (Grades 1-5)"
ATT-SVIS-2025-028-November-2025,SVIS-2025-028,"Ira Mukherjee",CBSE-4,A,"November 2025",22,20,90.9,2025-11-30,"Clara Higgins","Primary Section (Grades 1-5)"
ATT-SVIS-2025-028-December-2025,SVIS-2025-028,"Ira Mukherjee",CBSE-4,A,"December 2025",20,19,95,2025-12-31,"Clara Higgins","Primary Section (Grades 1-5)"
ATT-SVIS-2025-028-January-2026,SVIS-2025-028,"Ira Mukherjee",CBSE-4,A,"January 2026",21,20,95.2,2026-01-31,"Clara Higgins","Primary Section (Grades 1-5)"
ATT-SVIS-2025-028-February-2026,SVIS-2025-028,"Ira Mukherjee",CBSE-4,A,"February 2026",22,20,90.9,2026-02-28,"Clara Higgins","Primary Section (Grades 1-5)"
ATT-SVIS-2025-028-March-2026,SVIS-2025-028,"Ira Mukherjee",CBSE-4,A,"March 2026",23,21,91.3,2026-03-31,"Clara Higgins","Primary Section (Grades 1-5)"
ATT-SVIS-2025-028-April-2026,SVIS-2025-028,"Ira Mukherjee",CBSE-4,A,"April 2026",18,17,94.4,2026-04-30,"Clara Higgins","Primary Section (Grades 1-5)"
ATT-SVIS-2025-029-June-2025,SVIS-2025-029,"Kavya Reddy",CBSE-4,B,"June 2025",20,19,95,2025-06-30,"Clara Higgins","Primary Section (Grades 1-5)"
ATT-SVIS-2025-029-July-2025,SVIS-2025-029,"Kavya Reddy",CBSE-4,B,"July 2025",24,23,95.8,2025-07-31,"Clara Higgins","Primary Section (Grades 1-5)"
ATT-SVIS-2025-029-August-2025,SVIS-2025-029,"Kavya Reddy",CBSE-4,B,"August 2025",22,21,95.5,2025-08-31,"Clara Higgins","Primary Section (Grades 1-5)"
ATT-SVIS-2025-029-September-2025,SVIS-2025-029,"Kavya Reddy",CBSE-4,B,"September 2025",21,20,95.2,2025-09-30,"Clara Higgins","Primary Section (Grades 1-5)"
ATT-SVIS-2025-029-October-2025,SVIS-2025-029,"Kavya Reddy",CBSE-4,B,"October 2025",19,18,94.7,2025-10-31,"Clara Higgins","Primary Section (Grades 1-5)"
ATT-SVIS-2025-029-November-2025,SVIS-2025-029,"Kavya Reddy",CBSE-4,B,"November 2025",22,21,95.5,2025-11-30,"Clara Higgins","Primary Section (Grades 1-5)"
ATT-SVIS-2025-029-December-2025,SVIS-2025-029,"Kavya Reddy",CBSE-4,B,"December 2025",20,19,95,2025-12-31,"Clara Higgins","Primary Section (Grades 1-5)"
ATT-SVIS-2025-029-January-2026,SVIS-2025-029,"Kavya Reddy",CBSE-4,B,"January 2026",21,20,95.2,2026-01-31,"Clara Higgins","Primary Section (Grades 1-5)"
ATT-SVIS-2025-029-February-2026,SVIS-2025-029,"Kavya Reddy",CBSE-4,B,"February 2026",22,21,95.5,2026-02-28,"Clara Higgins","Primary Section (Grades 1-5)"
ATT-SVIS-2025-029-March-2026,SVIS-2025-029,"Kavya Reddy",CBSE-4,B,"March 2026",23,22,95.7,2026-03-31,"Clara Higgins","Primary Section (Grades 1-5)"
ATT-SVIS-2025-029-April-2026,SVIS-2025-029,"Kavya Reddy",CBSE-4,B,"April 2026",18,17,94.4,2026-04-30,"Clara Higgins","Primary Section (Grades 1-5)"
ATT-SVIS-2025-030-June-2025,SVIS-2025-030,"Aarav Joshi",CBSE-4,A,"June 2025",20,19,95,2025-06-30,"Clara Higgins","Primary Section (Grades 1-5)"
ATT-SVIS-2025-030-July-2025,SVIS-2025-030,"Aarav Joshi",CBSE-4,A,"July 2025",24,23,95.8,2025-07-31,"Clara Higgins","Primary Section (Grades 1-5)"
ATT-SVIS-2025-030-August-2025,SVIS-2025-030,"Aarav Joshi",CBSE-4,A,"August 2025",22,21,95.5,2025-08-31,"Clara Higgins","Primary Section (Grades 1-5)"
ATT-SVIS-2025-030-September-2025,SVIS-2025-030,"Aarav Joshi",CBSE-4,A,"September 2025",21,20,95.2,2025-09-30,"Clara Higgins","Primary Section (Grades 1-5)"
ATT-SVIS-2025-030-October-2025,SVIS-2025-030,"Aarav Joshi",CBSE-4,A,"October 2025",19,18,94.7,2025-10-31,"Clara Higgins","Primary Section (Grades 1-5)"
ATT-SVIS-2025-030-November-2025,SVIS-2025-030,"Aarav Joshi",CBSE-4,A,"November 2025",22,21,95.5,2025-11-30,"Clara Higgins","Primary Section (Grades 1-5)"
ATT-SVIS-2025-030-December-2025,SVIS-2025-030,"Aarav Joshi",CBSE-4,A,"December 2025",20,19,95,2025-12-31,"Clara Higgins","Primary Section (Grades 1-5)"
ATT-SVIS-2025-030-January-2026,SVIS-2025-030,"Aarav Joshi",CBSE-4,A,"January 2026",21,20,95.2,2026-01-31,"Clara Higgins","Primary Section (Grades 1-5)"
ATT-SVIS-2025-030-February-2026,SVIS-2025-030,"Aarav Joshi",CBSE-4,A,"February 2026",22,21,95.5,2026-02-28,"Clara Higgins","Primary Section (Grades 1-5)"
ATT-SVIS-2025-030-March-2026,SVIS-2025-030,"Aarav Joshi",CBSE-4,A,"March 2026",23,22,95.7,2026-03-31,"Clara Higgins","Primary Section (Grades 1-5)"
ATT-SVIS-2025-030-April-2026,SVIS-2025-030,"Aarav Joshi",CBSE-4,A,"April 2026",18,17,94.4,2026-04-30,"Clara Higgins","Primary Section (Grades 1-5)"
ATT-SVIS-2025-031-June-2025,SVIS-2025-031,"Vihaan Banerjee",CBSE-5,A,"June 2025",20,19,95,2025-06-30,"Clara Higgins","Primary Section (Grades 1-5)"
ATT-SVIS-2025-031-July-2025,SVIS-2025-031,"Vihaan Banerjee",CBSE-5,A,"July 2025",24,23,95.8,2025-07-31,"Clara Higgins","Primary Section (Grades 1-5)"
ATT-SVIS-2025-031-August-2025,SVIS-2025-031,"Vihaan Banerjee",CBSE-5,A,"August 2025",22,21,95.5,2025-08-31,"Clara Higgins","Primary Section (Grades 1-5)"
ATT-SVIS-2025-031-September-2025,SVIS-2025-031,"Vihaan Banerjee",CBSE-5,A,"September 2025",21,20,95.2,2025-09-30,"Clara Higgins","Primary Section (Grades 1-5)"
ATT-SVIS-2025-031-October-2025,SVIS-2025-031,"Vihaan Banerjee",CBSE-5,A,"October 2025",19,18,94.7,2025-10-31,"Clara Higgins","Primary Section (Grades 1-5)"
ATT-SVIS-2025-031-November-2025,SVIS-2025-031,"Vihaan Banerjee",CBSE-5,A,"November 2025",22,21,95.5,2025-11-30,"Clara Higgins","Primary Section (Grades 1-5)"
ATT-SVIS-2025-031-December-2025,SVIS-2025-031,"Vihaan Banerjee",CBSE-5,A,"December 2025",20,19,95,2025-12-31,"Clara Higgins","Primary Section (Grades 1-5)"
ATT-SVIS-2025-031-January-2026,SVIS-2025-031,"Vihaan Banerjee",CBSE-5,A,"January 2026",21,20,95.2,2026-01-31,"Clara Higgins","Primary Section (Grades 1-5)"
ATT-SVIS-2025-031-February-2026,SVIS-2025-031,"Vihaan Banerjee",CBSE-5,A,"February 2026",22,21,95.5,2026-02-28,"Clara Higgins","Primary Section (Grades 1-5)"
ATT-SVIS-2025-031-March-2026,SVIS-2025-031,"Vihaan Banerjee",CBSE-5,A,"March 2026",23,22,95.7,2026-03-31,"Clara Higgins","Primary Section (Grades 1-5)"
ATT-SVIS-2025-031-April-2026,SVIS-2025-031,"Vihaan Banerjee",CBSE-5,A,"April 2026",18,17,94.4,2026-04-30,"Clara Higgins","Primary Section (Grades 1-5)"
ATT-SVIS-2025-032-June-2025,SVIS-2025-032,"Reyansh Nair",CBSE-5,B,"June 2025",20,14,70,2025-06-30,"Clara Higgins","Primary Section (Grades 1-5)"
ATT-SVIS-2025-032-July-2025,SVIS-2025-032,"Reyansh Nair",CBSE-5,B,"July 2025",24,17,70.8,2025-07-31,"Clara Higgins","Primary Section (Grades 1-5)"
ATT-SVIS-2025-032-August-2025,SVIS-2025-032,"Reyansh Nair",CBSE-5,B,"August 2025",22,16,72.7,2025-08-31,"Clara Higgins","Primary Section (Grades 1-5)"
ATT-SVIS-2025-032-September-2025,SVIS-2025-032,"Reyansh Nair",CBSE-5,B,"September 2025",21,18,85.7,2025-09-30,"Clara Higgins","Primary Section (Grades 1-5)"
ATT-SVIS-2025-032-October-2025,SVIS-2025-032,"Reyansh Nair",CBSE-5,B,"October 2025",19,17,89.5,2025-10-31,"Clara Higgins","Primary Section (Grades 1-5)"
ATT-SVIS-2025-032-November-2025,SVIS-2025-032,"Reyansh Nair",CBSE-5,B,"November 2025",22,19,86.4,2025-11-30,"Clara Higgins","Primary Section (Grades 1-5)"
ATT-SVIS-2025-032-December-2025,SVIS-2025-032,"Reyansh Nair",CBSE-5,B,"December 2025",20,18,90,2025-12-31,"Clara Higgins","Primary Section (Grades 1-5)"
ATT-SVIS-2025-032-January-2026,SVIS-2025-032,"Reyansh Nair",CBSE-5,B,"January 2026",21,18,85.7,2026-01-31,"Clara Higgins","Primary Section (Grades 1-5)"
ATT-SVIS-2025-032-February-2026,SVIS-2025-032,"Reyansh Nair",CBSE-5,B,"February 2026",22,19,86.4,2026-02-28,"Clara Higgins","Primary Section (Grades 1-5)"
ATT-SVIS-2025-032-March-2026,SVIS-2025-032,"Reyansh Nair",CBSE-5,B,"March 2026",23,20,87,2026-03-31,"Clara Higgins","Primary Section (Grades 1-5)"
ATT-SVIS-2025-032-April-2026,SVIS-2025-032,"Reyansh Nair",CBSE-5,B,"April 2026",18,16,88.9,2026-04-30,"Clara Higgins","Primary Section (Grades 1-5)"
ATT-SVIS-2025-033-June-2025,SVIS-2025-033,"Ishaan Bhat",CBSE-5,A,"June 2025",20,20,100,2025-06-30,"Clara Higgins","Primary Section (Grades 1-5)"
ATT-SVIS-2025-033-July-2025,SVIS-2025-033,"Ishaan Bhat",CBSE-5,A,"July 2025",24,24,100,2025-07-31,"Clara Higgins","Primary Section (Grades 1-5)"
ATT-SVIS-2025-033-August-2025,SVIS-2025-033,"Ishaan Bhat",CBSE-5,A,"August 2025",22,22,100,2025-08-31,"Clara Higgins","Primary Section (Grades 1-5)"
ATT-SVIS-2025-033-September-2025,SVIS-2025-033,"Ishaan Bhat",CBSE-5,A,"September 2025",21,21,100,2025-09-30,"Clara Higgins","Primary Section (Grades 1-5)"
ATT-SVIS-2025-033-October-2025,SVIS-2025-033,"Ishaan Bhat",CBSE-5,A,"October 2025",19,19,100,2025-10-31,"Clara Higgins","Primary Section (Grades 1-5)"
ATT-SVIS-2025-033-November-2025,SVIS-2025-033,"Ishaan Bhat",CBSE-5,A,"November 2025",22,22,100,2025-11-30,"Clara Higgins","Primary Section (Grades 1-5)"
ATT-SVIS-2025-033-December-2025,SVIS-2025-033,"Ishaan Bhat",CBSE-5,A,"December 2025",20,20,100,2025-12-31,"Clara Higgins","Primary Section (Grades 1-5)"
ATT-SVIS-2025-033-January-2026,SVIS-2025-033,"Ishaan Bhat",CBSE-5,A,"January 2026",21,21,100,2026-01-31,"Clara Higgins","Primary Section (Grades 1-5)"
ATT-SVIS-2025-033-February-2026,SVIS-2025-033,"Ishaan Bhat",CBSE-5,A,"February 2026",22,22,100,2026-02-28,"Clara Higgins","Primary Section (Grades 1-5)"
ATT-SVIS-2025-033-March-2026,SVIS-2025-033,"Ishaan Bhat",CBSE-5,A,"March 2026",23,23,100,2026-03-31,"Clara Higgins","Primary Section (Grades 1-5)"
ATT-SVIS-2025-033-April-2026,SVIS-2025-033,"Ishaan Bhat",CBSE-5,A,"April 2026",18,18,100,2026-04-30,"Clara Higgins","Primary Section (Grades 1-5)"
ATT-SVIS-2025-034-June-2025,SVIS-2025-034,"Advik Ghosh",CBSE-5,B,"June 2025",20,16,80,2025-06-30,"Clara Higgins","Primary Section (Grades 1-5)"
ATT-SVIS-2025-034-July-2025,SVIS-2025-034,"Advik Ghosh",CBSE-5,B,"July 2025",24,20,83.3,2025-07-31,"Clara Higgins","Primary Section (Grades 1-5)"
ATT-SVIS-2025-034-August-2025,SVIS-2025-034,"Advik Ghosh",CBSE-5,B,"August 2025",22,18,81.8,2025-08-31,"Clara Higgins","Primary Section (Grades 1-5)"
ATT-SVIS-2025-034-September-2025,SVIS-2025-034,"Advik Ghosh",CBSE-5,B,"September 2025",21,17,81,2025-09-30,"Clara Higgins","Primary Section (Grades 1-5)"
ATT-SVIS-2025-034-October-2025,SVIS-2025-034,"Advik Ghosh",CBSE-5,B,"October 2025",19,16,84.2,2025-10-31,"Clara Higgins","Primary Section (Grades 1-5)"
ATT-SVIS-2025-034-November-2025,SVIS-2025-034,"Advik Ghosh",CBSE-5,B,"November 2025",22,18,81.8,2025-11-30,"Clara Higgins","Primary Section (Grades 1-5)"
ATT-SVIS-2025-034-December-2025,SVIS-2025-034,"Advik Ghosh",CBSE-5,B,"December 2025",20,16,80,2025-12-31,"Clara Higgins","Primary Section (Grades 1-5)"
ATT-SVIS-2025-034-January-2026,SVIS-2025-034,"Advik Ghosh",CBSE-5,B,"January 2026",21,17,81,2026-01-31,"Clara Higgins","Primary Section (Grades 1-5)"
ATT-SVIS-2025-034-February-2026,SVIS-2025-034,"Advik Ghosh",CBSE-5,B,"February 2026",22,18,81.8,2026-02-28,"Clara Higgins","Primary Section (Grades 1-5)"
ATT-SVIS-2025-034-March-2026,SVIS-2025-034,"Advik Ghosh",CBSE-5,B,"March 2026",23,19,82.6,2026-03-31,"Clara Higgins","Primary Section (Grades 1-5)"
ATT-SVIS-2025-034-April-2026,SVIS-2025-034,"Advik Ghosh",CBSE-5,B,"April 2026",18,15,83.3,2026-04-30,"Clara Higgins","Primary Section (Grades 1-5)"
ATT-SVIS-2025-035-June-2025,SVIS-2025-035,"Ananya Iyer",CBSE-5,A,"June 2025",20,17,85,2025-06-30,"Clara Higgins","Primary Section (Grades 1-5)"
ATT-SVIS-2025-035-July-2025,SVIS-2025-035,"Ananya Iyer",CBSE-5,A,"July 2025",24,20,83.3,2025-07-31,"Clara Higgins","Primary Section (Grades 1-5)"
ATT-SVIS-2025-035-August-2025,SVIS-2025-035,"Ananya Iyer",CBSE-5,A,"August 2025",22,18,81.8,2025-08-31,"Clara Higgins","Primary Section (Grades 1-5)"
ATT-SVIS-2025-035-September-2025,SVIS-2025-035,"Ananya Iyer",CBSE-5,A,"September 2025",21,17,81,2025-09-30,"Clara Higgins","Primary Section (Grades 1-5)"
ATT-SVIS-2025-035-October-2025,SVIS-2025-035,"Ananya Iyer",CBSE-5,A,"October 2025",19,16,84.2,2025-10-31,"Clara Higgins","Primary Section (Grades 1-5)"
ATT-SVIS-2025-035-November-2025,SVIS-2025-035,"Ananya Iyer",CBSE-5,A,"November 2025",22,18,81.8,2025-11-30,"Clara Higgins","Primary Section (Grades 1-5)"
ATT-SVIS-2025-035-December-2025,SVIS-2025-035,"Ananya Iyer",CBSE-5,A,"December 2025",20,17,85,2025-12-31,"Clara Higgins","Primary Section (Grades 1-5)"
ATT-SVIS-2025-035-January-2026,SVIS-2025-035,"Ananya Iyer",CBSE-5,A,"January 2026",21,17,81,2026-01-31,"Clara Higgins","Primary Section (Grades 1-5)"
ATT-SVIS-2025-035-February-2026,SVIS-2025-035,"Ananya Iyer",CBSE-5,A,"February 2026",22,18,81.8,2026-02-28,"Clara Higgins","Primary Section (Grades 1-5)"
ATT-SVIS-2025-035-March-2026,SVIS-2025-035,"Ananya Iyer",CBSE-5,A,"March 2026",23,19,82.6,2026-03-31,"Clara Higgins","Primary Section (Grades 1-5)"
ATT-SVIS-2025-035-April-2026,SVIS-2025-035,"Ananya Iyer",CBSE-5,A,"April 2026",18,15,83.3,2026-04-30,"Clara Higgins","Primary Section (Grades 1-5)"
ATT-SVIS-2025-036-June-2025,SVIS-2025-036,"Aadhya Rao",CBSE-5,B,"June 2025",20,17,85,2025-06-30,"Clara Higgins","Primary Section (Grades 1-5)"
ATT-SVIS-2025-036-July-2025,SVIS-2025-036,"Aadhya Rao",CBSE-5,B,"July 2025",24,20,83.3,2025-07-31,"Clara Higgins","Primary Section (Grades 1-5)"
ATT-SVIS-2025-036-August-2025,SVIS-2025-036,"Aadhya Rao",CBSE-5,B,"August 2025",22,18,81.8,2025-08-31,"Clara Higgins","Primary Section (Grades 1-5)"
ATT-SVIS-2025-036-September-2025,SVIS-2025-036,"Aadhya Rao",CBSE-5,B,"September 2025",21,18,85.7,2025-09-30,"Clara Higgins","Primary Section (Grades 1-5)"
ATT-SVIS-2025-036-October-2025,SVIS-2025-036,"Aadhya Rao",CBSE-5,B,"October 2025",19,16,84.2,2025-10-31,"Clara Higgins","Primary Section (Grades 1-5)"
ATT-SVIS-2025-036-November-2025,SVIS-2025-036,"Aadhya Rao",CBSE-5,B,"November 2025",22,18,81.8,2025-11-30,"Clara Higgins","Primary Section (Grades 1-5)"
ATT-SVIS-2025-036-December-2025,SVIS-2025-036,"Aadhya Rao",CBSE-5,B,"December 2025",20,17,85,2025-12-31,"Clara Higgins","Primary Section (Grades 1-5)"
ATT-SVIS-2025-036-January-2026,SVIS-2025-036,"Aadhya Rao",CBSE-5,B,"January 2026",21,18,85.7,2026-01-31,"Clara Higgins","Primary Section (Grades 1-5)"
ATT-SVIS-2025-036-February-2026,SVIS-2025-036,"Aadhya Rao",CBSE-5,B,"February 2026",22,18,81.8,2026-02-28,"Clara Higgins","Primary Section (Grades 1-5)"
ATT-SVIS-2025-036-March-2026,SVIS-2025-036,"Aadhya Rao",CBSE-5,B,"March 2026",23,19,82.6,2026-03-31,"Clara Higgins","Primary Section (Grades 1-5)"
ATT-SVIS-2025-036-April-2026,SVIS-2025-036,"Aadhya Rao",CBSE-5,B,"April 2026",18,15,83.3,2026-04-30,"Clara Higgins","Primary Section (Grades 1-5)"
ATT-SVIS-2025-037-June-2025,SVIS-2025-037,"Saanvi Chatterjee",CBSE-5,A,"June 2025",20,17,85,2025-06-30,"Clara Higgins","Primary Section (Grades 1-5)"
ATT-SVIS-2025-037-July-2025,SVIS-2025-037,"Saanvi Chatterjee",CBSE-5,A,"July 2025",24,20,83.3,2025-07-31,"Clara Higgins","Primary Section (Grades 1-5)"
ATT-SVIS-2025-037-August-2025,SVIS-2025-037,"Saanvi Chatterjee",CBSE-5,A,"August 2025",22,19,86.4,2025-08-31,"Clara Higgins","Primary Section (Grades 1-5)"
ATT-SVIS-2025-037-September-2025,SVIS-2025-037,"Saanvi Chatterjee",CBSE-5,A,"September 2025",21,18,85.7,2025-09-30,"Clara Higgins","Primary Section (Grades 1-5)"
ATT-SVIS-2025-037-October-2025,SVIS-2025-037,"Saanvi Chatterjee",CBSE-5,A,"October 2025",19,16,84.2,2025-10-31,"Clara Higgins","Primary Section (Grades 1-5)"
ATT-SVIS-2025-037-November-2025,SVIS-2025-037,"Saanvi Chatterjee",CBSE-5,A,"November 2025",22,19,86.4,2025-11-30,"Clara Higgins","Primary Section (Grades 1-5)"
ATT-SVIS-2025-037-December-2025,SVIS-2025-037,"Saanvi Chatterjee",CBSE-5,A,"December 2025",20,17,85,2025-12-31,"Clara Higgins","Primary Section (Grades 1-5)"
ATT-SVIS-2025-037-January-2026,SVIS-2025-037,"Saanvi Chatterjee",CBSE-5,A,"January 2026",21,18,85.7,2026-01-31,"Clara Higgins","Primary Section (Grades 1-5)"
ATT-SVIS-2025-037-February-2026,SVIS-2025-037,"Saanvi Chatterjee",CBSE-5,A,"February 2026",22,19,86.4,2026-02-28,"Clara Higgins","Primary Section (Grades 1-5)"
ATT-SVIS-2025-037-March-2026,SVIS-2025-037,"Saanvi Chatterjee",CBSE-5,A,"March 2026",23,20,87,2026-03-31,"Clara Higgins","Primary Section (Grades 1-5)"
ATT-SVIS-2025-037-April-2026,SVIS-2025-037,"Saanvi Chatterjee",CBSE-5,A,"April 2026",18,15,83.3,2026-04-30,"Clara Higgins","Primary Section (Grades 1-5)"
ATT-SVIS-2025-038-June-2025,SVIS-2025-038,"Ira Gupta",CBSE-5,B,"June 2025",20,17,85,2025-06-30,"Clara Higgins","Primary Section (Grades 1-5)"
ATT-SVIS-2025-038-July-2025,SVIS-2025-038,"Ira Gupta",CBSE-5,B,"July 2025",24,21,87.5,2025-07-31,"Clara Higgins","Primary Section (Grades 1-5)"
ATT-SVIS-2025-038-August-2025,SVIS-2025-038,"Ira Gupta",CBSE-5,B,"August 2025",22,19,86.4,2025-08-31,"Clara Higgins","Primary Section (Grades 1-5)"
ATT-SVIS-2025-038-September-2025,SVIS-2025-038,"Ira Gupta",CBSE-5,B,"September 2025",21,18,85.7,2025-09-30,"Clara Higgins","Primary Section (Grades 1-5)"
ATT-SVIS-2025-038-October-2025,SVIS-2025-038,"Ira Gupta",CBSE-5,B,"October 2025",19,16,84.2,2025-10-31,"Clara Higgins","Primary Section (Grades 1-5)"
ATT-SVIS-2025-038-November-2025,SVIS-2025-038,"Ira Gupta",CBSE-5,B,"November 2025",22,19,86.4,2025-11-30,"Clara Higgins","Primary Section (Grades 1-5)"
ATT-SVIS-2025-038-December-2025,SVIS-2025-038,"Ira Gupta",CBSE-5,B,"December 2025",20,17,85,2025-12-31,"Clara Higgins","Primary Section (Grades 1-5)"
ATT-SVIS-2025-038-January-2026,SVIS-2025-038,"Ira Gupta",CBSE-5,B,"January 2026",21,18,85.7,2026-01-31,"Clara Higgins","Primary Section (Grades 1-5)"
ATT-SVIS-2025-038-February-2026,SVIS-2025-038,"Ira Gupta",CBSE-5,B,"February 2026",22,19,86.4,2026-02-28,"Clara Higgins","Primary Section (Grades 1-5)"
ATT-SVIS-2025-038-March-2026,SVIS-2025-038,"Ira Gupta",CBSE-5,B,"March 2026",23,20,87,2026-03-31,"Clara Higgins","Primary Section (Grades 1-5)"
ATT-SVIS-2025-038-April-2026,SVIS-2025-038,"Ira Gupta",CBSE-5,B,"April 2026",18,15,83.3,2026-04-30,"Clara Higgins","Primary Section (Grades 1-5)"
ATT-SVIS-2025-039-June-2025,SVIS-2025-039,"Kavya Choudhury",CBSE-5,A,"June 2025",20,17,85,2025-06-30,"Clara Higgins","Primary Section (Grades 1-5)"
ATT-SVIS-2025-039-July-2025,SVIS-2025-039,"Kavya Choudhury",CBSE-5,A,"July 2025",24,21,87.5,2025-07-31,"Clara Higgins","Primary Section (Grades 1-5)"
ATT-SVIS-2025-039-August-2025,SVIS-2025-039,"Kavya Choudhury",CBSE-5,A,"August 2025",22,19,86.4,2025-08-31,"Clara Higgins","Primary Section (Grades 1-5)"
ATT-SVIS-2025-039-September-2025,SVIS-2025-039,"Kavya Choudhury",CBSE-5,A,"September 2025",21,18,85.7,2025-09-30,"Clara Higgins","Primary Section (Grades 1-5)"
ATT-SVIS-2025-039-October-2025,SVIS-2025-039,"Kavya Choudhury",CBSE-5,A,"October 2025",19,17,89.5,2025-10-31,"Clara Higgins","Primary Section (Grades 1-5)"
ATT-SVIS-2025-039-November-2025,SVIS-2025-039,"Kavya Choudhury",CBSE-5,A,"November 2025",22,19,86.4,2025-11-30,"Clara Higgins","Primary Section (Grades 1-5)"
ATT-SVIS-2025-039-December-2025,SVIS-2025-039,"Kavya Choudhury",CBSE-5,A,"December 2025",20,17,85,2025-12-31,"Clara Higgins","Primary Section (Grades 1-5)"
ATT-SVIS-2025-039-January-2026,SVIS-2025-039,"Kavya Choudhury",CBSE-5,A,"January 2026",21,18,85.7,2026-01-31,"Clara Higgins","Primary Section (Grades 1-5)"
ATT-SVIS-2025-039-February-2026,SVIS-2025-039,"Kavya Choudhury",CBSE-5,A,"February 2026",22,19,86.4,2026-02-28,"Clara Higgins","Primary Section (Grades 1-5)"
ATT-SVIS-2025-039-March-2026,SVIS-2025-039,"Kavya Choudhury",CBSE-5,A,"March 2026",23,20,87,2026-03-31,"Clara Higgins","Primary Section (Grades 1-5)"
ATT-SVIS-2025-039-April-2026,SVIS-2025-039,"Kavya Choudhury",CBSE-5,A,"April 2026",18,16,88.9,2026-04-30,"Clara Higgins","Primary Section (Grades 1-5)"
ATT-SVIS-2025-040-June-2025,SVIS-2025-040,"Aarav Sharma",CBSE-5,B,"June 2025",20,18,90,2025-06-30,"Clara Higgins","Primary Section (Grades 1-5)"
ATT-SVIS-2025-040-July-2025,SVIS-2025-040,"Aarav Sharma",CBSE-5,B,"July 2025",24,21,87.5,2025-07-31,"Clara Higgins","Primary Section (Grades 1-5)"
ATT-SVIS-2025-040-August-2025,SVIS-2025-040,"Aarav Sharma",CBSE-5,B,"August 2025",22,19,86.4,2025-08-31,"Clara Higgins","Primary Section (Grades 1-5)"
ATT-SVIS-2025-040-September-2025,SVIS-2025-040,"Aarav Sharma",CBSE-5,B,"September 2025",21,18,85.7,2025-09-30,"Clara Higgins","Primary Section (Grades 1-5)"
ATT-SVIS-2025-040-October-2025,SVIS-2025-040,"Aarav Sharma",CBSE-5,B,"October 2025",19,17,89.5,2025-10-31,"Clara Higgins","Primary Section (Grades 1-5)"
ATT-SVIS-2025-040-November-2025,SVIS-2025-040,"Aarav Sharma",CBSE-5,B,"November 2025",22,19,86.4,2025-11-30,"Clara Higgins","Primary Section (Grades 1-5)"
ATT-SVIS-2025-040-December-2025,SVIS-2025-040,"Aarav Sharma",CBSE-5,B,"December 2025",20,18,90,2025-12-31,"Clara Higgins","Primary Section (Grades 1-5)"
ATT-SVIS-2025-040-January-2026,SVIS-2025-040,"Aarav Sharma",CBSE-5,B,"January 2026",21,18,85.7,2026-01-31,"Clara Higgins","Primary Section (Grades 1-5)"
ATT-SVIS-2025-040-February-2026,SVIS-2025-040,"Aarav Sharma",CBSE-5,B,"February 2026",22,19,86.4,2026-02-28,"Clara Higgins","Primary Section (Grades 1-5)"
ATT-SVIS-2025-040-March-2026,SVIS-2025-040,"Aarav Sharma",CBSE-5,B,"March 2026",23,20,87,2026-03-31,"Clara Higgins","Primary Section (Grades 1-5)"
ATT-SVIS-2025-040-April-2026,SVIS-2025-040,"Aarav Sharma",CBSE-5,B,"April 2026",18,16,88.9,2026-04-30,"Clara Higgins","Primary Section (Grades 1-5)"
ATT-SVIS-2025-041-June-2025,SVIS-2025-041,"Vihaan Singh",CBSE-5,A,"June 2025",20,18,90,2025-06-30,"Clara Higgins","Primary Section (Grades 1-5)"
ATT-SVIS-2025-041-July-2025,SVIS-2025-041,"Vihaan Singh",CBSE-5,A,"July 2025",24,21,87.5,2025-07-31,"Clara Higgins","Primary Section (Grades 1-5)"
ATT-SVIS-2025-041-August-2025,SVIS-2025-041,"Vihaan Singh",CBSE-5,A,"August 2025",22,20,90.9,2025-08-31,"Clara Higgins","Primary Section (Grades 1-5)"
ATT-SVIS-2025-041-September-2025,SVIS-2025-041,"Vihaan Singh",CBSE-5,A,"September 2025",21,19,90.5,2025-09-30,"Clara Higgins","Primary Section (Grades 1-5)"
ATT-SVIS-2025-041-October-2025,SVIS-2025-041,"Vihaan Singh",CBSE-5,A,"October 2025",19,17,89.5,2025-10-31,"Clara Higgins","Primary Section (Grades 1-5)"
ATT-SVIS-2025-041-November-2025,SVIS-2025-041,"Vihaan Singh",CBSE-5,A,"November 2025",22,20,90.9,2025-11-30,"Clara Higgins","Primary Section (Grades 1-5)"
ATT-SVIS-2025-041-December-2025,SVIS-2025-041,"Vihaan Singh",CBSE-5,A,"December 2025",20,18,90,2025-12-31,"Clara Higgins","Primary Section (Grades 1-5)"
ATT-SVIS-2025-041-January-2026,SVIS-2025-041,"Vihaan Singh",CBSE-5,A,"January 2026",21,19,90.5,2026-01-31,"Clara Higgins","Primary Section (Grades 1-5)"
ATT-SVIS-2025-041-February-2026,SVIS-2025-041,"Vihaan Singh",CBSE-5,A,"February 2026",22,20,90.9,2026-02-28,"Clara Higgins","Primary Section (Grades 1-5)"
ATT-SVIS-2025-041-March-2026,SVIS-2025-041,"Vihaan Singh",CBSE-5,A,"March 2026",23,20,87,2026-03-31,"Clara Higgins","Primary Section (Grades 1-5)"
ATT-SVIS-2025-041-April-2026,SVIS-2025-041,"Vihaan Singh",CBSE-5,A,"April 2026",18,16,88.9,2026-04-30,"Clara Higgins","Primary Section (Grades 1-5)"
ATT-SVIS-2025-042-June-2025,SVIS-2025-042,"Reyansh Mehta",CBSE-5,B,"June 2025",20,18,90,2025-06-30,"Clara Higgins","Primary Section (Grades 1-5)"
ATT-SVIS-2025-042-July-2025,SVIS-2025-042,"Reyansh Mehta",CBSE-5,B,"July 2025",24,22,91.7,2025-07-31,"Clara Higgins","Primary Section (Grades 1-5)"
ATT-SVIS-2025-042-August-2025,SVIS-2025-042,"Reyansh Mehta",CBSE-5,B,"August 2025",22,20,90.9,2025-08-31,"Clara Higgins","Primary Section (Grades 1-5)"
ATT-SVIS-2025-042-September-2025,SVIS-2025-042,"Reyansh Mehta",CBSE-5,B,"September 2025",21,19,90.5,2025-09-30,"Clara Higgins","Primary Section (Grades 1-5)"
ATT-SVIS-2025-042-October-2025,SVIS-2025-042,"Reyansh Mehta",CBSE-5,B,"October 2025",19,17,89.5,2025-10-31,"Clara Higgins","Primary Section (Grades 1-5)"
ATT-SVIS-2025-042-November-2025,SVIS-2025-042,"Reyansh Mehta",CBSE-5,B,"November 2025",22,20,90.9,2025-11-30,"Clara Higgins","Primary Section (Grades 1-5)"
ATT-SVIS-2025-042-December-2025,SVIS-2025-042,"Reyansh Mehta",CBSE-5,B,"December 2025",20,18,90,2025-12-31,"Clara Higgins","Primary Section (Grades 1-5)"
ATT-SVIS-2025-042-January-2026,SVIS-2025-042,"Reyansh Mehta",CBSE-5,B,"January 2026",21,19,90.5,2026-01-31,"Clara Higgins","Primary Section (Grades 1-5)"
ATT-SVIS-2025-042-February-2026,SVIS-2025-042,"Reyansh Mehta",CBSE-5,B,"February 2026",22,20,90.9,2026-02-28,"Clara Higgins","Primary Section (Grades 1-5)"
ATT-SVIS-2025-042-March-2026,SVIS-2025-042,"Reyansh Mehta",CBSE-5,B,"March 2026",23,21,91.3,2026-03-31,"Clara Higgins","Primary Section (Grades 1-5)"
ATT-SVIS-2025-042-April-2026,SVIS-2025-042,"Reyansh Mehta",CBSE-5,B,"April 2026",18,16,88.9,2026-04-30,"Clara Higgins","Primary Section (Grades 1-5)"
ATT-SVIS-2025-043-June-2025,SVIS-2025-043,"Ishaan Verma",CBSE-5,A,"June 2025",20,18,90,2025-06-30,"Clara Higgins","Primary Section (Grades 1-5)"
ATT-SVIS-2025-043-July-2025,SVIS-2025-043,"Ishaan Verma",CBSE-5,A,"July 2025",24,22,91.7,2025-07-31,"Clara Higgins","Primary Section (Grades 1-5)"
ATT-SVIS-2025-043-August-2025,SVIS-2025-043,"Ishaan Verma",CBSE-5,A,"August 2025",22,20,90.9,2025-08-31,"Clara Higgins","Primary Section (Grades 1-5)"
ATT-SVIS-2025-043-September-2025,SVIS-2025-043,"Ishaan Verma",CBSE-5,A,"September 2025",21,19,90.5,2025-09-30,"Clara Higgins","Primary Section (Grades 1-5)"
ATT-SVIS-2025-043-October-2025,SVIS-2025-043,"Ishaan Verma",CBSE-5,A,"October 2025",19,17,89.5,2025-10-31,"Clara Higgins","Primary Section (Grades 1-5)"
ATT-SVIS-2025-043-November-2025,SVIS-2025-043,"Ishaan Verma",CBSE-5,A,"November 2025",22,20,90.9,2025-11-30,"Clara Higgins","Primary Section (Grades 1-5)"
ATT-SVIS-2025-043-December-2025,SVIS-2025-043,"Ishaan Verma",CBSE-5,A,"December 2025",20,18,90,2025-12-31,"Clara Higgins","Primary Section (Grades 1-5)"
ATT-SVIS-2025-043-January-2026,SVIS-2025-043,"Ishaan Verma",CBSE-5,A,"January 2026",21,19,90.5,2026-01-31,"Clara Higgins","Primary Section (Grades 1-5)"
ATT-SVIS-2025-043-February-2026,SVIS-2025-043,"Ishaan Verma",CBSE-5,A,"February 2026",22,20,90.9,2026-02-28,"Clara Higgins","Primary Section (Grades 1-5)"
ATT-SVIS-2025-043-March-2026,SVIS-2025-043,"Ishaan Verma",CBSE-5,A,"March 2026",23,21,91.3,2026-03-31,"Clara Higgins","Primary Section (Grades 1-5)"
ATT-SVIS-2025-043-April-2026,SVIS-2025-043,"Ishaan Verma",CBSE-5,A,"April 2026",18,16,88.9,2026-04-30,"Clara Higgins","Primary Section (Grades 1-5)"
ATT-SVIS-2025-044-June-2025,SVIS-2025-044,"Advik Deshmukh",CBSE-5,B,"June 2025",20,18,90,2025-06-30,"Clara Higgins","Primary Section (Grades 1-5)"
ATT-SVIS-2025-044-July-2025,SVIS-2025-044,"Advik Deshmukh",CBSE-5,B,"July 2025",24,22,91.7,2025-07-31,"Clara Higgins","Primary Section (Grades 1-5)"
ATT-SVIS-2025-044-August-2025,SVIS-2025-044,"Advik Deshmukh",CBSE-5,B,"August 2025",22,20,90.9,2025-08-31,"Clara Higgins","Primary Section (Grades 1-5)"
ATT-SVIS-2025-044-September-2025,SVIS-2025-044,"Advik Deshmukh",CBSE-5,B,"September 2025",21,19,90.5,2025-09-30,"Clara Higgins","Primary Section (Grades 1-5)"
ATT-SVIS-2025-044-October-2025,SVIS-2025-044,"Advik Deshmukh",CBSE-5,B,"October 2025",19,17,89.5,2025-10-31,"Clara Higgins","Primary Section (Grades 1-5)"
ATT-SVIS-2025-044-November-2025,SVIS-2025-044,"Advik Deshmukh",CBSE-5,B,"November 2025",22,20,90.9,2025-11-30,"Clara Higgins","Primary Section (Grades 1-5)"
ATT-SVIS-2025-044-December-2025,SVIS-2025-044,"Advik Deshmukh",CBSE-5,B,"December 2025",20,18,90,2025-12-31,"Clara Higgins","Primary Section (Grades 1-5)"
ATT-SVIS-2025-044-January-2026,SVIS-2025-044,"Advik Deshmukh",CBSE-5,B,"January 2026",21,19,90.5,2026-01-31,"Clara Higgins","Primary Section (Grades 1-5)"
ATT-SVIS-2025-044-February-2026,SVIS-2025-044,"Advik Deshmukh",CBSE-5,B,"February 2026",22,20,90.9,2026-02-28,"Clara Higgins","Primary Section (Grades 1-5)"
ATT-SVIS-2025-044-March-2026,SVIS-2025-044,"Advik Deshmukh",CBSE-5,B,"March 2026",23,21,91.3,2026-03-31,"Clara Higgins","Primary Section (Grades 1-5)"
ATT-SVIS-2025-044-April-2026,SVIS-2025-044,"Advik Deshmukh",CBSE-5,B,"April 2026",18,17,94.4,2026-04-30,"Clara Higgins","Primary Section (Grades 1-5)"
ATT-SVIS-2025-045-June-2025,SVIS-2025-045,"Ananya Shah",CBSE-5,A,"June 2025",20,19,95,2025-06-30,"Clara Higgins","Primary Section (Grades 1-5)"
ATT-SVIS-2025-045-July-2025,SVIS-2025-045,"Ananya Shah",CBSE-5,A,"July 2025",24,22,91.7,2025-07-31,"Clara Higgins","Primary Section (Grades 1-5)"
ATT-SVIS-2025-045-August-2025,SVIS-2025-045,"Ananya Shah",CBSE-5,A,"August 2025",22,20,90.9,2025-08-31,"Clara Higgins","Primary Section (Grades 1-5)"
ATT-SVIS-2025-045-September-2025,SVIS-2025-045,"Ananya Shah",CBSE-5,A,"September 2025",21,20,95.2,2025-09-30,"Clara Higgins","Primary Section (Grades 1-5)"
ATT-SVIS-2025-045-October-2025,SVIS-2025-045,"Ananya Shah",CBSE-5,A,"October 2025",19,18,94.7,2025-10-31,"Clara Higgins","Primary Section (Grades 1-5)"
ATT-SVIS-2025-045-November-2025,SVIS-2025-045,"Ananya Shah",CBSE-5,A,"November 2025",22,20,90.9,2025-11-30,"Clara Higgins","Primary Section (Grades 1-5)"
ATT-SVIS-2025-045-December-2025,SVIS-2025-045,"Ananya Shah",CBSE-5,A,"December 2025",20,19,95,2025-12-31,"Clara Higgins","Primary Section (Grades 1-5)"
ATT-SVIS-2025-045-January-2026,SVIS-2025-045,"Ananya Shah",CBSE-5,A,"January 2026",21,20,95.2,2026-01-31,"Clara Higgins","Primary Section (Grades 1-5)"
ATT-SVIS-2025-045-February-2026,SVIS-2025-045,"Ananya Shah",CBSE-5,A,"February 2026",22,20,90.9,2026-02-28,"Clara Higgins","Primary Section (Grades 1-5)"
ATT-SVIS-2025-045-March-2026,SVIS-2025-045,"Ananya Shah",CBSE-5,A,"March 2026",23,21,91.3,2026-03-31,"Clara Higgins","Primary Section (Grades 1-5)"
ATT-SVIS-2025-045-April-2026,SVIS-2025-045,"Ananya Shah",CBSE-5,A,"April 2026",18,17,94.4,2026-04-30,"Clara Higgins","Primary Section (Grades 1-5)"
ATT-SVIS-2025-046-June-2025,SVIS-2025-046,"Aadhya Patel",CBSE-6,A,"June 2025",20,19,95,2025-06-30,"Arthur Pendelton","Middle School (Grades 6-8)"
ATT-SVIS-2025-046-July-2025,SVIS-2025-046,"Aadhya Patel",CBSE-6,A,"July 2025",24,23,95.8,2025-07-31,"Arthur Pendelton","Middle School (Grades 6-8)"
ATT-SVIS-2025-046-August-2025,SVIS-2025-046,"Aadhya Patel",CBSE-6,A,"August 2025",22,21,95.5,2025-08-31,"Arthur Pendelton","Middle School (Grades 6-8)"
ATT-SVIS-2025-046-September-2025,SVIS-2025-046,"Aadhya Patel",CBSE-6,A,"September 2025",21,20,95.2,2025-09-30,"Arthur Pendelton","Middle School (Grades 6-8)"
ATT-SVIS-2025-046-October-2025,SVIS-2025-046,"Aadhya Patel",CBSE-6,A,"October 2025",19,18,94.7,2025-10-31,"Arthur Pendelton","Middle School (Grades 6-8)"
ATT-SVIS-2025-046-November-2025,SVIS-2025-046,"Aadhya Patel",CBSE-6,A,"November 2025",22,21,95.5,2025-11-30,"Arthur Pendelton","Middle School (Grades 6-8)"
ATT-SVIS-2025-046-December-2025,SVIS-2025-046,"Aadhya Patel",CBSE-6,A,"December 2025",20,19,95,2025-12-31,"Arthur Pendelton","Middle School (Grades 6-8)"
ATT-SVIS-2025-046-January-2026,SVIS-2025-046,"Aadhya Patel",CBSE-6,A,"January 2026",21,20,95.2,2026-01-31,"Arthur Pendelton","Middle School (Grades 6-8)"
ATT-SVIS-2025-046-February-2026,SVIS-2025-046,"Aadhya Patel",CBSE-6,A,"February 2026",22,21,95.5,2026-02-28,"Arthur Pendelton","Middle School (Grades 6-8)"
ATT-SVIS-2025-046-March-2026,SVIS-2025-046,"Aadhya Patel",CBSE-6,A,"March 2026",23,22,95.7,2026-03-31,"Arthur Pendelton","Middle School (Grades 6-8)"
ATT-SVIS-2025-046-April-2026,SVIS-2025-046,"Aadhya Patel",CBSE-6,A,"April 2026",18,17,94.4,2026-04-30,"Arthur Pendelton","Middle School (Grades 6-8)"
ATT-SVIS-2025-047-June-2025,SVIS-2025-047,"Saanvi Kulkarni",CBSE-6,B,"June 2025",20,19,95,2025-06-30,"Arthur Pendelton","Middle School (Grades 6-8)"
ATT-SVIS-2025-047-July-2025,SVIS-2025-047,"Saanvi Kulkarni",CBSE-6,B,"July 2025",24,23,95.8,2025-07-31,"Arthur Pendelton","Middle School (Grades 6-8)"
ATT-SVIS-2025-047-August-2025,SVIS-2025-047,"Saanvi Kulkarni",CBSE-6,B,"August 2025",22,21,95.5,2025-08-31,"Arthur Pendelton","Middle School (Grades 6-8)"
ATT-SVIS-2025-047-September-2025,SVIS-2025-047,"Saanvi Kulkarni",CBSE-6,B,"September 2025",21,20,95.2,2025-09-30,"Arthur Pendelton","Middle School (Grades 6-8)"
ATT-SVIS-2025-047-October-2025,SVIS-2025-047,"Saanvi Kulkarni",CBSE-6,B,"October 2025",19,18,94.7,2025-10-31,"Arthur Pendelton","Middle School (Grades 6-8)"
ATT-SVIS-2025-047-November-2025,SVIS-2025-047,"Saanvi Kulkarni",CBSE-6,B,"November 2025",22,21,95.5,2025-11-30,"Arthur Pendelton","Middle School (Grades 6-8)"
ATT-SVIS-2025-047-December-2025,SVIS-2025-047,"Saanvi Kulkarni",CBSE-6,B,"December 2025",20,19,95,2025-12-31,"Arthur Pendelton","Middle School (Grades 6-8)"
ATT-SVIS-2025-047-January-2026,SVIS-2025-047,"Saanvi Kulkarni",CBSE-6,B,"January 2026",21,20,95.2,2026-01-31,"Arthur Pendelton","Middle School (Grades 6-8)"
ATT-SVIS-2025-047-February-2026,SVIS-2025-047,"Saanvi Kulkarni",CBSE-6,B,"February 2026",22,21,95.5,2026-02-28,"Arthur Pendelton","Middle School (Grades 6-8)"
ATT-SVIS-2025-047-March-2026,SVIS-2025-047,"Saanvi Kulkarni",CBSE-6,B,"March 2026",23,22,95.7,2026-03-31,"Arthur Pendelton","Middle School (Grades 6-8)"
ATT-SVIS-2025-047-April-2026,SVIS-2025-047,"Saanvi Kulkarni",CBSE-6,B,"April 2026",18,17,94.4,2026-04-30,"Arthur Pendelton","Middle School (Grades 6-8)"
ATT-SVIS-2025-048-June-2025,SVIS-2025-048,"Ira Mukherjee",CBSE-6,A,"June 2025",20,14,70,2025-06-30,"Arthur Pendelton","Middle School (Grades 6-8)"
ATT-SVIS-2025-048-July-2025,SVIS-2025-048,"Ira Mukherjee",CBSE-6,A,"July 2025",24,17,70.8,2025-07-31,"Arthur Pendelton","Middle School (Grades 6-8)"
ATT-SVIS-2025-048-August-2025,SVIS-2025-048,"Ira Mukherjee",CBSE-6,A,"August 2025",22,16,72.7,2025-08-31,"Arthur Pendelton","Middle School (Grades 6-8)"
ATT-SVIS-2025-048-September-2025,SVIS-2025-048,"Ira Mukherjee",CBSE-6,A,"September 2025",21,18,85.7,2025-09-30,"Arthur Pendelton","Middle School (Grades 6-8)"
ATT-SVIS-2025-048-October-2025,SVIS-2025-048,"Ira Mukherjee",CBSE-6,A,"October 2025",19,17,89.5,2025-10-31,"Arthur Pendelton","Middle School (Grades 6-8)"
ATT-SVIS-2025-048-November-2025,SVIS-2025-048,"Ira Mukherjee",CBSE-6,A,"November 2025",22,19,86.4,2025-11-30,"Arthur Pendelton","Middle School (Grades 6-8)"
ATT-SVIS-2025-048-December-2025,SVIS-2025-048,"Ira Mukherjee",CBSE-6,A,"December 2025",20,18,90,2025-12-31,"Arthur Pendelton","Middle School (Grades 6-8)"
ATT-SVIS-2025-048-January-2026,SVIS-2025-048,"Ira Mukherjee",CBSE-6,A,"January 2026",21,18,85.7,2026-01-31,"Arthur Pendelton","Middle School (Grades 6-8)"
ATT-SVIS-2025-048-February-2026,SVIS-2025-048,"Ira Mukherjee",CBSE-6,A,"February 2026",22,19,86.4,2026-02-28,"Arthur Pendelton","Middle School (Grades 6-8)"
ATT-SVIS-2025-048-March-2026,SVIS-2025-048,"Ira Mukherjee",CBSE-6,A,"March 2026",23,20,87,2026-03-31,"Arthur Pendelton","Middle School (Grades 6-8)"
ATT-SVIS-2025-048-April-2026,SVIS-2025-048,"Ira Mukherjee",CBSE-6,A,"April 2026",18,16,88.9,2026-04-30,"Arthur Pendelton","Middle School (Grades 6-8)"
ATT-SVIS-2025-049-June-2025,SVIS-2025-049,"Kavya Reddy",CBSE-6,B,"June 2025",20,19,95,2025-06-30,"Arthur Pendelton","Middle School (Grades 6-8)"
ATT-SVIS-2025-049-July-2025,SVIS-2025-049,"Kavya Reddy",CBSE-6,B,"July 2025",24,23,95.8,2025-07-31,"Arthur Pendelton","Middle School (Grades 6-8)"
ATT-SVIS-2025-049-August-2025,SVIS-2025-049,"Kavya Reddy",CBSE-6,B,"August 2025",22,21,95.5,2025-08-31,"Arthur Pendelton","Middle School (Grades 6-8)"
ATT-SVIS-2025-049-September-2025,SVIS-2025-049,"Kavya Reddy",CBSE-6,B,"September 2025",21,20,95.2,2025-09-30,"Arthur Pendelton","Middle School (Grades 6-8)"
ATT-SVIS-2025-049-October-2025,SVIS-2025-049,"Kavya Reddy",CBSE-6,B,"October 2025",19,18,94.7,2025-10-31,"Arthur Pendelton","Middle School (Grades 6-8)"
ATT-SVIS-2025-049-November-2025,SVIS-2025-049,"Kavya Reddy",CBSE-6,B,"November 2025",22,21,95.5,2025-11-30,"Arthur Pendelton","Middle School (Grades 6-8)"
ATT-SVIS-2025-049-December-2025,SVIS-2025-049,"Kavya Reddy",CBSE-6,B,"December 2025",20,19,95,2025-12-31,"Arthur Pendelton","Middle School (Grades 6-8)"
ATT-SVIS-2025-049-January-2026,SVIS-2025-049,"Kavya Reddy",CBSE-6,B,"January 2026",21,20,95.2,2026-01-31,"Arthur Pendelton","Middle School (Grades 6-8)"
ATT-SVIS-2025-049-February-2026,SVIS-2025-049,"Kavya Reddy",CBSE-6,B,"February 2026",22,21,95.5,2026-02-28,"Arthur Pendelton","Middle School (Grades 6-8)"
ATT-SVIS-2025-049-March-2026,SVIS-2025-049,"Kavya Reddy",CBSE-6,B,"March 2026",23,22,95.7,2026-03-31,"Arthur Pendelton","Middle School (Grades 6-8)"
ATT-SVIS-2025-049-April-2026,SVIS-2025-049,"Kavya Reddy",CBSE-6,B,"April 2026",18,17,94.4,2026-04-30,"Arthur Pendelton","Middle School (Grades 6-8)"
ATT-SVIS-2025-050-June-2025,SVIS-2025-050,"Aarav Joshi",CBSE-6,A,"June 2025",20,20,100,2025-06-30,"Arthur Pendelton","Middle School (Grades 6-8)"
ATT-SVIS-2025-050-July-2025,SVIS-2025-050,"Aarav Joshi",CBSE-6,A,"July 2025",24,24,100,2025-07-31,"Arthur Pendelton","Middle School (Grades 6-8)"
ATT-SVIS-2025-050-August-2025,SVIS-2025-050,"Aarav Joshi",CBSE-6,A,"August 2025",22,22,100,2025-08-31,"Arthur Pendelton","Middle School (Grades 6-8)"
ATT-SVIS-2025-050-September-2025,SVIS-2025-050,"Aarav Joshi",CBSE-6,A,"September 2025",21,21,100,2025-09-30,"Arthur Pendelton","Middle School (Grades 6-8)"
ATT-SVIS-2025-050-October-2025,SVIS-2025-050,"Aarav Joshi",CBSE-6,A,"October 2025",19,19,100,2025-10-31,"Arthur Pendelton","Middle School (Grades 6-8)"
ATT-SVIS-2025-050-November-2025,SVIS-2025-050,"Aarav Joshi",CBSE-6,A,"November 2025",22,22,100,2025-11-30,"Arthur Pendelton","Middle School (Grades 6-8)"
ATT-SVIS-2025-050-December-2025,SVIS-2025-050,"Aarav Joshi",CBSE-6,A,"December 2025",20,20,100,2025-12-31,"Arthur Pendelton","Middle School (Grades 6-8)"
ATT-SVIS-2025-050-January-2026,SVIS-2025-050,"Aarav Joshi",CBSE-6,A,"January 2026",21,21,100,2026-01-31,"Arthur Pendelton","Middle School (Grades 6-8)"
ATT-SVIS-2025-050-February-2026,SVIS-2025-050,"Aarav Joshi",CBSE-6,A,"February 2026",22,22,100,2026-02-28,"Arthur Pendelton","Middle School (Grades 6-8)"
ATT-SVIS-2025-050-March-2026,SVIS-2025-050,"Aarav Joshi",CBSE-6,A,"March 2026",23,23,100,2026-03-31,"Arthur Pendelton","Middle School (Grades 6-8)"
ATT-SVIS-2025-050-April-2026,SVIS-2025-050,"Aarav Joshi",CBSE-6,A,"April 2026",18,18,100,2026-04-30,"Arthur Pendelton","Middle School (Grades 6-8)"
ATT-SVIS-2025-051-June-2025,SVIS-2025-051,"Vihaan Banerjee",CBSE-6,B,"June 2025",20,16,80,2025-06-30,"Arthur Pendelton","Middle School (Grades 6-8)"
ATT-SVIS-2025-051-July-2025,SVIS-2025-051,"Vihaan Banerjee",CBSE-6,B,"July 2025",24,20,83.3,2025-07-31,"Arthur Pendelton","Middle School (Grades 6-8)"
ATT-SVIS-2025-051-August-2025,SVIS-2025-051,"Vihaan Banerjee",CBSE-6,B,"August 2025",22,18,81.8,2025-08-31,"Arthur Pendelton","Middle School (Grades 6-8)"
ATT-SVIS-2025-051-September-2025,SVIS-2025-051,"Vihaan Banerjee",CBSE-6,B,"September 2025",21,17,81,2025-09-30,"Arthur Pendelton","Middle School (Grades 6-8)"
ATT-SVIS-2025-051-October-2025,SVIS-2025-051,"Vihaan Banerjee",CBSE-6,B,"October 2025",19,16,84.2,2025-10-31,"Arthur Pendelton","Middle School (Grades 6-8)"
ATT-SVIS-2025-051-November-2025,SVIS-2025-051,"Vihaan Banerjee",CBSE-6,B,"November 2025",22,18,81.8,2025-11-30,"Arthur Pendelton","Middle School (Grades 6-8)"
ATT-SVIS-2025-051-December-2025,SVIS-2025-051,"Vihaan Banerjee",CBSE-6,B,"December 2025",20,16,80,2025-12-31,"Arthur Pendelton","Middle School (Grades 6-8)"
ATT-SVIS-2025-051-January-2026,SVIS-2025-051,"Vihaan Banerjee",CBSE-6,B,"January 2026",21,17,81,2026-01-31,"Arthur Pendelton","Middle School (Grades 6-8)"
ATT-SVIS-2025-051-February-2026,SVIS-2025-051,"Vihaan Banerjee",CBSE-6,B,"February 2026",22,18,81.8,2026-02-28,"Arthur Pendelton","Middle School (Grades 6-8)"
ATT-SVIS-2025-051-March-2026,SVIS-2025-051,"Vihaan Banerjee",CBSE-6,B,"March 2026",23,19,82.6,2026-03-31,"Arthur Pendelton","Middle School (Grades 6-8)"
ATT-SVIS-2025-051-April-2026,SVIS-2025-051,"Vihaan Banerjee",CBSE-6,B,"April 2026",18,15,83.3,2026-04-30,"Arthur Pendelton","Middle School (Grades 6-8)"
ATT-SVIS-2025-052-June-2025,SVIS-2025-052,"Reyansh Nair",CBSE-6,A,"June 2025",20,17,85,2025-06-30,"Arthur Pendelton","Middle School (Grades 6-8)"
ATT-SVIS-2025-052-July-2025,SVIS-2025-052,"Reyansh Nair",CBSE-6,A,"July 2025",24,20,83.3,2025-07-31,"Arthur Pendelton","Middle School (Grades 6-8)"
ATT-SVIS-2025-052-August-2025,SVIS-2025-052,"Reyansh Nair",CBSE-6,A,"August 2025",22,18,81.8,2025-08-31,"Arthur Pendelton","Middle School (Grades 6-8)"
ATT-SVIS-2025-052-September-2025,SVIS-2025-052,"Reyansh Nair",CBSE-6,A,"September 2025",21,17,81,2025-09-30,"Arthur Pendelton","Middle School (Grades 6-8)"
ATT-SVIS-2025-052-October-2025,SVIS-2025-052,"Reyansh Nair",CBSE-6,A,"October 2025",19,16,84.2,2025-10-31,"Arthur Pendelton","Middle School (Grades 6-8)"
ATT-SVIS-2025-052-November-2025,SVIS-2025-052,"Reyansh Nair",CBSE-6,A,"November 2025",22,18,81.8,2025-11-30,"Arthur Pendelton","Middle School (Grades 6-8)"
ATT-SVIS-2025-052-December-2025,SVIS-2025-052,"Reyansh Nair",CBSE-6,A,"December 2025",20,17,85,2025-12-31,"Arthur Pendelton","Middle School (Grades 6-8)"
ATT-SVIS-2025-052-January-2026,SVIS-2025-052,"Reyansh Nair",CBSE-6,A,"January 2026",21,17,81,2026-01-31,"Arthur Pendelton","Middle School (Grades 6-8)"
ATT-SVIS-2025-052-February-2026,SVIS-2025-052,"Reyansh Nair",CBSE-6,A,"February 2026",22,18,81.8,2026-02-28,"Arthur Pendelton","Middle School (Grades 6-8)"
ATT-SVIS-2025-052-March-2026,SVIS-2025-052,"Reyansh Nair",CBSE-6,A,"March 2026",23,19,82.6,2026-03-31,"Arthur Pendelton","Middle School (Grades 6-8)"
ATT-SVIS-2025-052-April-2026,SVIS-2025-052,"Reyansh Nair",CBSE-6,A,"April 2026",18,15,83.3,2026-04-30,"Arthur Pendelton","Middle School (Grades 6-8)"
ATT-SVIS-2025-053-June-2025,SVIS-2025-053,"Ishaan Bhat",CBSE-6,B,"June 2025",20,17,85,2025-06-30,"Arthur Pendelton","Middle School (Grades 6-8)"
ATT-SVIS-2025-053-July-2025,SVIS-2025-053,"Ishaan Bhat",CBSE-6,B,"July 2025",24,20,83.3,2025-07-31,"Arthur Pendelton","Middle School (Grades 6-8)"
ATT-SVIS-2025-053-August-2025,SVIS-2025-053,"Ishaan Bhat",CBSE-6,B,"August 2025",22,18,81.8,2025-08-31,"Arthur Pendelton","Middle School (Grades 6-8)"
ATT-SVIS-2025-053-September-2025,SVIS-2025-053,"Ishaan Bhat",CBSE-6,B,"September 2025",21,18,85.7,2025-09-30,"Arthur Pendelton","Middle School (Grades 6-8)"
ATT-SVIS-2025-053-October-2025,SVIS-2025-053,"Ishaan Bhat",CBSE-6,B,"October 2025",19,16,84.2,2025-10-31,"Arthur Pendelton","Middle School (Grades 6-8)"
ATT-SVIS-2025-053-November-2025,SVIS-2025-053,"Ishaan Bhat",CBSE-6,B,"November 2025",22,18,81.8,2025-11-30,"Arthur Pendelton","Middle School (Grades 6-8)"
ATT-SVIS-2025-053-December-2025,SVIS-2025-053,"Ishaan Bhat",CBSE-6,B,"December 2025",20,17,85,2025-12-31,"Arthur Pendelton","Middle School (Grades 6-8)"
ATT-SVIS-2025-053-January-2026,SVIS-2025-053,"Ishaan Bhat",CBSE-6,B,"January 2026",21,18,85.7,2026-01-31,"Arthur Pendelton","Middle School (Grades 6-8)"
ATT-SVIS-2025-053-February-2026,SVIS-2025-053,"Ishaan Bhat",CBSE-6,B,"February 2026",22,18,81.8,2026-02-28,"Arthur Pendelton","Middle School (Grades 6-8)"
ATT-SVIS-2025-053-March-2026,SVIS-2025-053,"Ishaan Bhat",CBSE-6,B,"March 2026",23,19,82.6,2026-03-31,"Arthur Pendelton","Middle School (Grades 6-8)"
ATT-SVIS-2025-053-April-2026,SVIS-2025-053,"Ishaan Bhat",CBSE-6,B,"April 2026",18,15,83.3,2026-04-30,"Arthur Pendelton","Middle School (Grades 6-8)"
ATT-SVIS-2025-054-June-2025,SVIS-2025-054,"Advik Ghosh",CBSE-6,A,"June 2025",20,17,85,2025-06-30,"Arthur Pendelton","Middle School (Grades 6-8)"
ATT-SVIS-2025-054-July-2025,SVIS-2025-054,"Advik Ghosh",CBSE-6,A,"July 2025",24,20,83.3,2025-07-31,"Arthur Pendelton","Middle School (Grades 6-8)"
ATT-SVIS-2025-054-August-2025,SVIS-2025-054,"Advik Ghosh",CBSE-6,A,"August 2025",22,19,86.4,2025-08-31,"Arthur Pendelton","Middle School (Grades 6-8)"
ATT-SVIS-2025-054-September-2025,SVIS-2025-054,"Advik Ghosh",CBSE-6,A,"September 2025",21,18,85.7,2025-09-30,"Arthur Pendelton","Middle School (Grades 6-8)"
ATT-SVIS-2025-054-October-2025,SVIS-2025-054,"Advik Ghosh",CBSE-6,A,"October 2025",19,16,84.2,2025-10-31,"Arthur Pendelton","Middle School (Grades 6-8)"
ATT-SVIS-2025-054-November-2025,SVIS-2025-054,"Advik Ghosh",CBSE-6,A,"November 2025",22,19,86.4,2025-11-30,"Arthur Pendelton","Middle School (Grades 6-8)"
ATT-SVIS-2025-054-December-2025,SVIS-2025-054,"Advik Ghosh",CBSE-6,A,"December 2025",20,17,85,2025-12-31,"Arthur Pendelton","Middle School (Grades 6-8)"
ATT-SVIS-2025-054-January-2026,SVIS-2025-054,"Advik Ghosh",CBSE-6,A,"January 2026",21,18,85.7,2026-01-31,"Arthur Pendelton","Middle School (Grades 6-8)"
ATT-SVIS-2025-054-February-2026,SVIS-2025-054,"Advik Ghosh",CBSE-6,A,"February 2026",22,19,86.4,2026-02-28,"Arthur Pendelton","Middle School (Grades 6-8)"
ATT-SVIS-2025-054-March-2026,SVIS-2025-054,"Advik Ghosh",CBSE-6,A,"March 2026",23,20,87,2026-03-31,"Arthur Pendelton","Middle School (Grades 6-8)"
ATT-SVIS-2025-054-April-2026,SVIS-2025-054,"Advik Ghosh",CBSE-6,A,"April 2026",18,15,83.3,2026-04-30,"Arthur Pendelton","Middle School (Grades 6-8)"
ATT-SVIS-2025-055-June-2025,SVIS-2025-055,"Ananya Iyer",CBSE-6,B,"June 2025",20,17,85,2025-06-30,"Arthur Pendelton","Middle School (Grades 6-8)"
ATT-SVIS-2025-055-July-2025,SVIS-2025-055,"Ananya Iyer",CBSE-6,B,"July 2025",24,21,87.5,2025-07-31,"Arthur Pendelton","Middle School (Grades 6-8)"
ATT-SVIS-2025-055-August-2025,SVIS-2025-055,"Ananya Iyer",CBSE-6,B,"August 2025",22,19,86.4,2025-08-31,"Arthur Pendelton","Middle School (Grades 6-8)"
ATT-SVIS-2025-055-September-2025,SVIS-2025-055,"Ananya Iyer",CBSE-6,B,"September 2025",21,18,85.7,2025-09-30,"Arthur Pendelton","Middle School (Grades 6-8)"
ATT-SVIS-2025-055-October-2025,SVIS-2025-055,"Ananya Iyer",CBSE-6,B,"October 2025",19,16,84.2,2025-10-31,"Arthur Pendelton","Middle School (Grades 6-8)"
ATT-SVIS-2025-055-November-2025,SVIS-2025-055,"Ananya Iyer",CBSE-6,B,"November 2025",22,19,86.4,2025-11-30,"Arthur Pendelton","Middle School (Grades 6-8)"
ATT-SVIS-2025-055-December-2025,SVIS-2025-055,"Ananya Iyer",CBSE-6,B,"December 2025",20,17,85,2025-12-31,"Arthur Pendelton","Middle School (Grades 6-8)"
ATT-SVIS-2025-055-January-2026,SVIS-2025-055,"Ananya Iyer",CBSE-6,B,"January 2026",21,18,85.7,2026-01-31,"Arthur Pendelton","Middle School (Grades 6-8)"
ATT-SVIS-2025-055-February-2026,SVIS-2025-055,"Ananya Iyer",CBSE-6,B,"February 2026",22,19,86.4,2026-02-28,"Arthur Pendelton","Middle School (Grades 6-8)"
ATT-SVIS-2025-055-March-2026,SVIS-2025-055,"Ananya Iyer",CBSE-6,B,"March 2026",23,20,87,2026-03-31,"Arthur Pendelton","Middle School (Grades 6-8)"
ATT-SVIS-2025-055-April-2026,SVIS-2025-055,"Ananya Iyer",CBSE-6,B,"April 2026",18,15,83.3,2026-04-30,"Arthur Pendelton","Middle School (Grades 6-8)"
ATT-SVIS-2025-056-June-2025,SVIS-2025-056,"Aadhya Rao",CBSE-6,A,"June 2025",20,17,85,2025-06-30,"Arthur Pendelton","Middle School (Grades 6-8)"
ATT-SVIS-2025-056-July-2025,SVIS-2025-056,"Aadhya Rao",CBSE-6,A,"July 2025",24,21,87.5,2025-07-31,"Arthur Pendelton","Middle School (Grades 6-8)"
ATT-SVIS-2025-056-August-2025,SVIS-2025-056,"Aadhya Rao",CBSE-6,A,"August 2025",22,19,86.4,2025-08-31,"Arthur Pendelton","Middle School (Grades 6-8)"
ATT-SVIS-2025-056-September-2025,SVIS-2025-056,"Aadhya Rao",CBSE-6,A,"September 2025",21,18,85.7,2025-09-30,"Arthur Pendelton","Middle School (Grades 6-8)"
ATT-SVIS-2025-056-October-2025,SVIS-2025-056,"Aadhya Rao",CBSE-6,A,"October 2025",19,17,89.5,2025-10-31,"Arthur Pendelton","Middle School (Grades 6-8)"
ATT-SVIS-2025-056-November-2025,SVIS-2025-056,"Aadhya Rao",CBSE-6,A,"November 2025",22,19,86.4,2025-11-30,"Arthur Pendelton","Middle School (Grades 6-8)"
ATT-SVIS-2025-056-December-2025,SVIS-2025-056,"Aadhya Rao",CBSE-6,A,"December 2025",20,17,85,2025-12-31,"Arthur Pendelton","Middle School (Grades 6-8)"
ATT-SVIS-2025-056-January-2026,SVIS-2025-056,"Aadhya Rao",CBSE-6,A,"January 2026",21,18,85.7,2026-01-31,"Arthur Pendelton","Middle School (Grades 6-8)"
ATT-SVIS-2025-056-February-2026,SVIS-2025-056,"Aadhya Rao",CBSE-6,A,"February 2026",22,19,86.4,2026-02-28,"Arthur Pendelton","Middle School (Grades 6-8)"
ATT-SVIS-2025-056-March-2026,SVIS-2025-056,"Aadhya Rao",CBSE-6,A,"March 2026",23,20,87,2026-03-31,"Arthur Pendelton","Middle School (Grades 6-8)"
ATT-SVIS-2025-056-April-2026,SVIS-2025-056,"Aadhya Rao",CBSE-6,A,"April 2026",18,16,88.9,2026-04-30,"Arthur Pendelton","Middle School (Grades 6-8)"
ATT-SVIS-2025-057-June-2025,SVIS-2025-057,"Saanvi Chatterjee",CBSE-6,B,"June 2025",20,18,90,2025-06-30,"Arthur Pendelton","Middle School (Grades 6-8)"
ATT-SVIS-2025-057-July-2025,SVIS-2025-057,"Saanvi Chatterjee",CBSE-6,B,"July 2025",24,21,87.5,2025-07-31,"Arthur Pendelton","Middle School (Grades 6-8)"
ATT-SVIS-2025-057-August-2025,SVIS-2025-057,"Saanvi Chatterjee",CBSE-6,B,"August 2025",22,19,86.4,2025-08-31,"Arthur Pendelton","Middle School (Grades 6-8)"
ATT-SVIS-2025-057-September-2025,SVIS-2025-057,"Saanvi Chatterjee",CBSE-6,B,"September 2025",21,18,85.7,2025-09-30,"Arthur Pendelton","Middle School (Grades 6-8)"
ATT-SVIS-2025-057-October-2025,SVIS-2025-057,"Saanvi Chatterjee",CBSE-6,B,"October 2025",19,17,89.5,2025-10-31,"Arthur Pendelton","Middle School (Grades 6-8)"
ATT-SVIS-2025-057-November-2025,SVIS-2025-057,"Saanvi Chatterjee",CBSE-6,B,"November 2025",22,19,86.4,2025-11-30,"Arthur Pendelton","Middle School (Grades 6-8)"
ATT-SVIS-2025-057-December-2025,SVIS-2025-057,"Saanvi Chatterjee",CBSE-6,B,"December 2025",20,18,90,2025-12-31,"Arthur Pendelton","Middle School (Grades 6-8)"
ATT-SVIS-2025-057-January-2026,SVIS-2025-057,"Saanvi Chatterjee",CBSE-6,B,"January 2026",21,18,85.7,2026-01-31,"Arthur Pendelton","Middle School (Grades 6-8)"
ATT-SVIS-2025-057-February-2026,SVIS-2025-057,"Saanvi Chatterjee",CBSE-6,B,"February 2026",22,19,86.4,2026-02-28,"Arthur Pendelton","Middle School (Grades 6-8)"
ATT-SVIS-2025-057-March-2026,SVIS-2025-057,"Saanvi Chatterjee",CBSE-6,B,"March 2026",23,20,87,2026-03-31,"Arthur Pendelton","Middle School (Grades 6-8)"
ATT-SVIS-2025-057-April-2026,SVIS-2025-057,"Saanvi Chatterjee",CBSE-6,B,"April 2026",18,16,88.9,2026-04-30,"Arthur Pendelton","Middle School (Grades 6-8)"
ATT-SVIS-2025-058-June-2025,SVIS-2025-058,"Ira Gupta",CBSE-6,A,"June 2025",20,18,90,2025-06-30,"Arthur Pendelton","Middle School (Grades 6-8)"
ATT-SVIS-2025-058-July-2025,SVIS-2025-058,"Ira Gupta",CBSE-6,A,"July 2025",24,21,87.5,2025-07-31,"Arthur Pendelton","Middle School (Grades 6-8)"
ATT-SVIS-2025-058-August-2025,SVIS-2025-058,"Ira Gupta",CBSE-6,A,"August 2025",22,20,90.9,2025-08-31,"Arthur Pendelton","Middle School (Grades 6-8)"
ATT-SVIS-2025-058-September-2025,SVIS-2025-058,"Ira Gupta",CBSE-6,A,"September 2025",21,19,90.5,2025-09-30,"Arthur Pendelton","Middle School (Grades 6-8)"
ATT-SVIS-2025-058-October-2025,SVIS-2025-058,"Ira Gupta",CBSE-6,A,"October 2025",19,17,89.5,2025-10-31,"Arthur Pendelton","Middle School (Grades 6-8)"
ATT-SVIS-2025-058-November-2025,SVIS-2025-058,"Ira Gupta",CBSE-6,A,"November 2025",22,20,90.9,2025-11-30,"Arthur Pendelton","Middle School (Grades 6-8)"
ATT-SVIS-2025-058-December-2025,SVIS-2025-058,"Ira Gupta",CBSE-6,A,"December 2025",20,18,90,2025-12-31,"Arthur Pendelton","Middle School (Grades 6-8)"
ATT-SVIS-2025-058-January-2026,SVIS-2025-058,"Ira Gupta",CBSE-6,A,"January 2026",21,19,90.5,2026-01-31,"Arthur Pendelton","Middle School (Grades 6-8)"
ATT-SVIS-2025-058-February-2026,SVIS-2025-058,"Ira Gupta",CBSE-6,A,"February 2026",22,20,90.9,2026-02-28,"Arthur Pendelton","Middle School (Grades 6-8)"
ATT-SVIS-2025-058-March-2026,SVIS-2025-058,"Ira Gupta",CBSE-6,A,"March 2026",23,20,87,2026-03-31,"Arthur Pendelton","Middle School (Grades 6-8)"
ATT-SVIS-2025-058-April-2026,SVIS-2025-058,"Ira Gupta",CBSE-6,A,"April 2026",18,16,88.9,2026-04-30,"Arthur Pendelton","Middle School (Grades 6-8)"
ATT-SVIS-2025-059-June-2025,SVIS-2025-059,"Kavya Choudhury",CBSE-6,B,"June 2025",20,18,90,2025-06-30,"Arthur Pendelton","Middle School (Grades 6-8)"
ATT-SVIS-2025-059-July-2025,SVIS-2025-059,"Kavya Choudhury",CBSE-6,B,"July 2025",24,22,91.7,2025-07-31,"Arthur Pendelton","Middle School (Grades 6-8)"
ATT-SVIS-2025-059-August-2025,SVIS-2025-059,"Kavya Choudhury",CBSE-6,B,"August 2025",22,20,90.9,2025-08-31,"Arthur Pendelton","Middle School (Grades 6-8)"
ATT-SVIS-2025-059-September-2025,SVIS-2025-059,"Kavya Choudhury",CBSE-6,B,"September 2025",21,19,90.5,2025-09-30,"Arthur Pendelton","Middle School (Grades 6-8)"
ATT-SVIS-2025-059-October-2025,SVIS-2025-059,"Kavya Choudhury",CBSE-6,B,"October 2025",19,17,89.5,2025-10-31,"Arthur Pendelton","Middle School (Grades 6-8)"
ATT-SVIS-2025-059-November-2025,SVIS-2025-059,"Kavya Choudhury",CBSE-6,B,"November 2025",22,20,90.9,2025-11-30,"Arthur Pendelton","Middle School (Grades 6-8)"
ATT-SVIS-2025-059-December-2025,SVIS-2025-059,"Kavya Choudhury",CBSE-6,B,"December 2025",20,18,90,2025-12-31,"Arthur Pendelton","Middle School (Grades 6-8)"
ATT-SVIS-2025-059-January-2026,SVIS-2025-059,"Kavya Choudhury",CBSE-6,B,"January 2026",21,19,90.5,2026-01-31,"Arthur Pendelton","Middle School (Grades 6-8)"
ATT-SVIS-2025-059-February-2026,SVIS-2025-059,"Kavya Choudhury",CBSE-6,B,"February 2026",22,20,90.9,2026-02-28,"Arthur Pendelton","Middle School (Grades 6-8)"
ATT-SVIS-2025-059-March-2026,SVIS-2025-059,"Kavya Choudhury",CBSE-6,B,"March 2026",23,21,91.3,2026-03-31,"Arthur Pendelton","Middle School (Grades 6-8)"
ATT-SVIS-2025-059-April-2026,SVIS-2025-059,"Kavya Choudhury",CBSE-6,B,"April 2026",18,16,88.9,2026-04-30,"Arthur Pendelton","Middle School (Grades 6-8)"
ATT-SVIS-2025-060-June-2025,SVIS-2025-060,"Aarav Sharma",CBSE-6,A,"June 2025",20,18,90,2025-06-30,"Arthur Pendelton","Middle School (Grades 6-8)"
ATT-SVIS-2025-060-July-2025,SVIS-2025-060,"Aarav Sharma",CBSE-6,A,"July 2025",24,22,91.7,2025-07-31,"Arthur Pendelton","Middle School (Grades 6-8)"
ATT-SVIS-2025-060-August-2025,SVIS-2025-060,"Aarav Sharma",CBSE-6,A,"August 2025",22,20,90.9,2025-08-31,"Arthur Pendelton","Middle School (Grades 6-8)"
ATT-SVIS-2025-060-September-2025,SVIS-2025-060,"Aarav Sharma",CBSE-6,A,"September 2025",21,19,90.5,2025-09-30,"Arthur Pendelton","Middle School (Grades 6-8)"
ATT-SVIS-2025-060-October-2025,SVIS-2025-060,"Aarav Sharma",CBSE-6,A,"October 2025",19,17,89.5,2025-10-31,"Arthur Pendelton","Middle School (Grades 6-8)"
ATT-SVIS-2025-060-November-2025,SVIS-2025-060,"Aarav Sharma",CBSE-6,A,"November 2025",22,20,90.9,2025-11-30,"Arthur Pendelton","Middle School (Grades 6-8)"
ATT-SVIS-2025-060-December-2025,SVIS-2025-060,"Aarav Sharma",CBSE-6,A,"December 2025",20,18,90,2025-12-31,"Arthur Pendelton","Middle School (Grades 6-8)"
ATT-SVIS-2025-060-January-2026,SVIS-2025-060,"Aarav Sharma",CBSE-6,A,"January 2026",21,19,90.5,2026-01-31,"Arthur Pendelton","Middle School (Grades 6-8)"
ATT-SVIS-2025-060-February-2026,SVIS-2025-060,"Aarav Sharma",CBSE-6,A,"February 2026",22,20,90.9,2026-02-28,"Arthur Pendelton","Middle School (Grades 6-8)"
ATT-SVIS-2025-060-March-2026,SVIS-2025-060,"Aarav Sharma",CBSE-6,A,"March 2026",23,21,91.3,2026-03-31,"Arthur Pendelton","Middle School (Grades 6-8)"
ATT-SVIS-2025-060-April-2026,SVIS-2025-060,"Aarav Sharma",CBSE-6,A,"April 2026",18,16,88.9,2026-04-30,"Arthur Pendelton","Middle School (Grades 6-8)"
ATT-SVIS-2025-061-June-2025,SVIS-2025-061,"Vihaan Singh",CBSE-7,A,"June 2025",20,18,90,2025-06-30,"Arthur Pendelton","Middle School (Grades 6-8)"
ATT-SVIS-2025-061-July-2025,SVIS-2025-061,"Vihaan Singh",CBSE-7,A,"July 2025",24,22,91.7,2025-07-31,"Arthur Pendelton","Middle School (Grades 6-8)"
ATT-SVIS-2025-061-August-2025,SVIS-2025-061,"Vihaan Singh",CBSE-7,A,"August 2025",22,20,90.9,2025-08-31,"Arthur Pendelton","Middle School (Grades 6-8)"
ATT-SVIS-2025-061-September-2025,SVIS-2025-061,"Vihaan Singh",CBSE-7,A,"September 2025",21,19,90.5,2025-09-30,"Arthur Pendelton","Middle School (Grades 6-8)"
ATT-SVIS-2025-061-October-2025,SVIS-2025-061,"Vihaan Singh",CBSE-7,A,"October 2025",19,17,89.5,2025-10-31,"Arthur Pendelton","Middle School (Grades 6-8)"
ATT-SVIS-2025-061-November-2025,SVIS-2025-061,"Vihaan Singh",CBSE-7,A,"November 2025",22,20,90.9,2025-11-30,"Arthur Pendelton","Middle School (Grades 6-8)"
ATT-SVIS-2025-061-December-2025,SVIS-2025-061,"Vihaan Singh",CBSE-7,A,"December 2025",20,18,90,2025-12-31,"Arthur Pendelton","Middle School (Grades 6-8)"
ATT-SVIS-2025-061-January-2026,SVIS-2025-061,"Vihaan Singh",CBSE-7,A,"January 2026",21,19,90.5,2026-01-31,"Arthur Pendelton","Middle School (Grades 6-8)"
ATT-SVIS-2025-061-February-2026,SVIS-2025-061,"Vihaan Singh",CBSE-7,A,"February 2026",22,20,90.9,2026-02-28,"Arthur Pendelton","Middle School (Grades 6-8)"
ATT-SVIS-2025-061-March-2026,SVIS-2025-061,"Vihaan Singh",CBSE-7,A,"March 2026",23,21,91.3,2026-03-31,"Arthur Pendelton","Middle School (Grades 6-8)"
ATT-SVIS-2025-061-April-2026,SVIS-2025-061,"Vihaan Singh",CBSE-7,A,"April 2026",18,17,94.4,2026-04-30,"Arthur Pendelton","Middle School (Grades 6-8)"
ATT-SVIS-2025-062-June-2025,SVIS-2025-062,"Reyansh Mehta",CBSE-7,B,"June 2025",20,19,95,2025-06-30,"Arthur Pendelton","Middle School (Grades 6-8)"
ATT-SVIS-2025-062-July-2025,SVIS-2025-062,"Reyansh Mehta",CBSE-7,B,"July 2025",24,22,91.7,2025-07-31,"Arthur Pendelton","Middle School (Grades 6-8)"
ATT-SVIS-2025-062-August-2025,SVIS-2025-062,"Reyansh Mehta",CBSE-7,B,"August 2025",22,20,90.9,2025-08-31,"Arthur Pendelton","Middle School (Grades 6-8)"
ATT-SVIS-2025-062-September-2025,SVIS-2025-062,"Reyansh Mehta",CBSE-7,B,"September 2025",21,20,95.2,2025-09-30,"Arthur Pendelton","Middle School (Grades 6-8)"
ATT-SVIS-2025-062-October-2025,SVIS-2025-062,"Reyansh Mehta",CBSE-7,B,"October 2025",19,18,94.7,2025-10-31,"Arthur Pendelton","Middle School (Grades 6-8)"
ATT-SVIS-2025-062-November-2025,SVIS-2025-062,"Reyansh Mehta",CBSE-7,B,"November 2025",22,20,90.9,2025-11-30,"Arthur Pendelton","Middle School (Grades 6-8)"
ATT-SVIS-2025-062-December-2025,SVIS-2025-062,"Reyansh Mehta",CBSE-7,B,"December 2025",20,19,95,2025-12-31,"Arthur Pendelton","Middle School (Grades 6-8)"
ATT-SVIS-2025-062-January-2026,SVIS-2025-062,"Reyansh Mehta",CBSE-7,B,"January 2026",21,20,95.2,2026-01-31,"Arthur Pendelton","Middle School (Grades 6-8)"
ATT-SVIS-2025-062-February-2026,SVIS-2025-062,"Reyansh Mehta",CBSE-7,B,"February 2026",22,20,90.9,2026-02-28,"Arthur Pendelton","Middle School (Grades 6-8)"
ATT-SVIS-2025-062-March-2026,SVIS-2025-062,"Reyansh Mehta",CBSE-7,B,"March 2026",23,21,91.3,2026-03-31,"Arthur Pendelton","Middle School (Grades 6-8)"
ATT-SVIS-2025-062-April-2026,SVIS-2025-062,"Reyansh Mehta",CBSE-7,B,"April 2026",18,17,94.4,2026-04-30,"Arthur Pendelton","Middle School (Grades 6-8)"
ATT-SVIS-2025-063-June-2025,SVIS-2025-063,"Ishaan Verma",CBSE-7,A,"June 2025",20,19,95,2025-06-30,"Arthur Pendelton","Middle School (Grades 6-8)"
ATT-SVIS-2025-063-July-2025,SVIS-2025-063,"Ishaan Verma",CBSE-7,A,"July 2025",24,23,95.8,2025-07-31,"Arthur Pendelton","Middle School (Grades 6-8)"
ATT-SVIS-2025-063-August-2025,SVIS-2025-063,"Ishaan Verma",CBSE-7,A,"August 2025",22,21,95.5,2025-08-31,"Arthur Pendelton","Middle School (Grades 6-8)"
ATT-SVIS-2025-063-September-2025,SVIS-2025-063,"Ishaan Verma",CBSE-7,A,"September 2025",21,20,95.2,2025-09-30,"Arthur Pendelton","Middle School (Grades 6-8)"
ATT-SVIS-2025-063-October-2025,SVIS-2025-063,"Ishaan Verma",CBSE-7,A,"October 2025",19,18,94.7,2025-10-31,"Arthur Pendelton","Middle School (Grades 6-8)"
ATT-SVIS-2025-063-November-2025,SVIS-2025-063,"Ishaan Verma",CBSE-7,A,"November 2025",22,21,95.5,2025-11-30,"Arthur Pendelton","Middle School (Grades 6-8)"
ATT-SVIS-2025-063-December-2025,SVIS-2025-063,"Ishaan Verma",CBSE-7,A,"December 2025",20,19,95,2025-12-31,"Arthur Pendelton","Middle School (Grades 6-8)"
ATT-SVIS-2025-063-January-2026,SVIS-2025-063,"Ishaan Verma",CBSE-7,A,"January 2026",21,20,95.2,2026-01-31,"Arthur Pendelton","Middle School (Grades 6-8)"
ATT-SVIS-2025-063-February-2026,SVIS-2025-063,"Ishaan Verma",CBSE-7,A,"February 2026",22,21,95.5,2026-02-28,"Arthur Pendelton","Middle School (Grades 6-8)"
ATT-SVIS-2025-063-March-2026,SVIS-2025-063,"Ishaan Verma",CBSE-7,A,"March 2026",23,22,95.7,2026-03-31,"Arthur Pendelton","Middle School (Grades 6-8)"
ATT-SVIS-2025-063-April-2026,SVIS-2025-063,"Ishaan Verma",CBSE-7,A,"April 2026",18,17,94.4,2026-04-30,"Arthur Pendelton","Middle School (Grades 6-8)"
ATT-SVIS-2025-064-June-2025,SVIS-2025-064,"Advik Deshmukh",CBSE-7,B,"June 2025",20,14,70,2025-06-30,"Arthur Pendelton","Middle School (Grades 6-8)"
ATT-SVIS-2025-064-July-2025,SVIS-2025-064,"Advik Deshmukh",CBSE-7,B,"July 2025",24,17,70.8,2025-07-31,"Arthur Pendelton","Middle School (Grades 6-8)"
ATT-SVIS-2025-064-August-2025,SVIS-2025-064,"Advik Deshmukh",CBSE-7,B,"August 2025",22,16,72.7,2025-08-31,"Arthur Pendelton","Middle School (Grades 6-8)"
ATT-SVIS-2025-064-September-2025,SVIS-2025-064,"Advik Deshmukh",CBSE-7,B,"September 2025",21,18,85.7,2025-09-30,"Arthur Pendelton","Middle School (Grades 6-8)"
ATT-SVIS-2025-064-October-2025,SVIS-2025-064,"Advik Deshmukh",CBSE-7,B,"October 2025",19,17,89.5,2025-10-31,"Arthur Pendelton","Middle School (Grades 6-8)"
ATT-SVIS-2025-064-November-2025,SVIS-2025-064,"Advik Deshmukh",CBSE-7,B,"November 2025",22,19,86.4,2025-11-30,"Arthur Pendelton","Middle School (Grades 6-8)"
ATT-SVIS-2025-064-December-2025,SVIS-2025-064,"Advik Deshmukh",CBSE-7,B,"December 2025",20,18,90,2025-12-31,"Arthur Pendelton","Middle School (Grades 6-8)"
ATT-SVIS-2025-064-January-2026,SVIS-2025-064,"Advik Deshmukh",CBSE-7,B,"January 2026",21,18,85.7,2026-01-31,"Arthur Pendelton","Middle School (Grades 6-8)"
ATT-SVIS-2025-064-February-2026,SVIS-2025-064,"Advik Deshmukh",CBSE-7,B,"February 2026",22,19,86.4,2026-02-28,"Arthur Pendelton","Middle School (Grades 6-8)"
ATT-SVIS-2025-064-March-2026,SVIS-2025-064,"Advik Deshmukh",CBSE-7,B,"March 2026",23,20,87,2026-03-31,"Arthur Pendelton","Middle School (Grades 6-8)"
ATT-SVIS-2025-064-April-2026,SVIS-2025-064,"Advik Deshmukh",CBSE-7,B,"April 2026",18,16,88.9,2026-04-30,"Arthur Pendelton","Middle School (Grades 6-8)"
ATT-SVIS-2025-065-June-2025,SVIS-2025-065,"Ananya Shah",CBSE-7,A,"June 2025",20,19,95,2025-06-30,"Arthur Pendelton","Middle School (Grades 6-8)"
ATT-SVIS-2025-065-July-2025,SVIS-2025-065,"Ananya Shah",CBSE-7,A,"July 2025",24,23,95.8,2025-07-31,"Arthur Pendelton","Middle School (Grades 6-8)"
ATT-SVIS-2025-065-August-2025,SVIS-2025-065,"Ananya Shah",CBSE-7,A,"August 2025",22,21,95.5,2025-08-31,"Arthur Pendelton","Middle School (Grades 6-8)"
ATT-SVIS-2025-065-September-2025,SVIS-2025-065,"Ananya Shah",CBSE-7,A,"September 2025",21,20,95.2,2025-09-30,"Arthur Pendelton","Middle School (Grades 6-8)"
ATT-SVIS-2025-065-October-2025,SVIS-2025-065,"Ananya Shah",CBSE-7,A,"October 2025",19,18,94.7,2025-10-31,"Arthur Pendelton","Middle School (Grades 6-8)"
ATT-SVIS-2025-065-November-2025,SVIS-2025-065,"Ananya Shah",CBSE-7,A,"November 2025",22,21,95.5,2025-11-30,"Arthur Pendelton","Middle School (Grades 6-8)"
ATT-SVIS-2025-065-December-2025,SVIS-2025-065,"Ananya Shah",CBSE-7,A,"December 2025",20,19,95,2025-12-31,"Arthur Pendelton","Middle School (Grades 6-8)"
ATT-SVIS-2025-065-January-2026,SVIS-2025-065,"Ananya Shah",CBSE-7,A,"January 2026",21,20,95.2,2026-01-31,"Arthur Pendelton","Middle School (Grades 6-8)"
ATT-SVIS-2025-065-February-2026,SVIS-2025-065,"Ananya Shah",CBSE-7,A,"February 2026",22,21,95.5,2026-02-28,"Arthur Pendelton","Middle School (Grades 6-8)"
ATT-SVIS-2025-065-March-2026,SVIS-2025-065,"Ananya Shah",CBSE-7,A,"March 2026",23,22,95.7,2026-03-31,"Arthur Pendelton","Middle School (Grades 6-8)"
ATT-SVIS-2025-065-April-2026,SVIS-2025-065,"Ananya Shah",CBSE-7,A,"April 2026",18,17,94.4,2026-04-30,"Arthur Pendelton","Middle School (Grades 6-8)"
ATT-SVIS-2025-066-June-2025,SVIS-2025-066,"Aadhya Patel",CBSE-7,B,"June 2025",20,19,95,2025-06-30,"Arthur Pendelton","Middle School (Grades 6-8)"
ATT-SVIS-2025-066-July-2025,SVIS-2025-066,"Aadhya Patel",CBSE-7,B,"July 2025",24,23,95.8,2025-07-31,"Arthur Pendelton","Middle School (Grades 6-8)"
ATT-SVIS-2025-066-August-2025,SVIS-2025-066,"Aadhya Patel",CBSE-7,B,"August 2025",22,21,95.5,2025-08-31,"Arthur Pendelton","Middle School (Grades 6-8)"
ATT-SVIS-2025-066-September-2025,SVIS-2025-066,"Aadhya Patel",CBSE-7,B,"September 2025",21,20,95.2,2025-09-30,"Arthur Pendelton","Middle School (Grades 6-8)"
ATT-SVIS-2025-066-October-2025,SVIS-2025-066,"Aadhya Patel",CBSE-7,B,"October 2025",19,18,94.7,2025-10-31,"Arthur Pendelton","Middle School (Grades 6-8)"
ATT-SVIS-2025-066-November-2025,SVIS-2025-066,"Aadhya Patel",CBSE-7,B,"November 2025",22,21,95.5,2025-11-30,"Arthur Pendelton","Middle School (Grades 6-8)"
ATT-SVIS-2025-066-December-2025,SVIS-2025-066,"Aadhya Patel",CBSE-7,B,"December 2025",20,19,95,2025-12-31,"Arthur Pendelton","Middle School (Grades 6-8)"
ATT-SVIS-2025-066-January-2026,SVIS-2025-066,"Aadhya Patel",CBSE-7,B,"January 2026",21,20,95.2,2026-01-31,"Arthur Pendelton","Middle School (Grades 6-8)"
ATT-SVIS-2025-066-February-2026,SVIS-2025-066,"Aadhya Patel",CBSE-7,B,"February 2026",22,21,95.5,2026-02-28,"Arthur Pendelton","Middle School (Grades 6-8)"
ATT-SVIS-2025-066-March-2026,SVIS-2025-066,"Aadhya Patel",CBSE-7,B,"March 2026",23,22,95.7,2026-03-31,"Arthur Pendelton","Middle School (Grades 6-8)"
ATT-SVIS-2025-066-April-2026,SVIS-2025-066,"Aadhya Patel",CBSE-7,B,"April 2026",18,17,94.4,2026-04-30,"Arthur Pendelton","Middle School (Grades 6-8)"
ATT-SVIS-2025-067-June-2025,SVIS-2025-067,"Saanvi Kulkarni",CBSE-7,A,"June 2025",20,20,100,2025-06-30,"Arthur Pendelton","Middle School (Grades 6-8)"
ATT-SVIS-2025-067-July-2025,SVIS-2025-067,"Saanvi Kulkarni",CBSE-7,A,"July 2025",24,24,100,2025-07-31,"Arthur Pendelton","Middle School (Grades 6-8)"
ATT-SVIS-2025-067-August-2025,SVIS-2025-067,"Saanvi Kulkarni",CBSE-7,A,"August 2025",22,22,100,2025-08-31,"Arthur Pendelton","Middle School (Grades 6-8)"
ATT-SVIS-2025-067-September-2025,SVIS-2025-067,"Saanvi Kulkarni",CBSE-7,A,"September 2025",21,21,100,2025-09-30,"Arthur Pendelton","Middle School (Grades 6-8)"
ATT-SVIS-2025-067-October-2025,SVIS-2025-067,"Saanvi Kulkarni",CBSE-7,A,"October 2025",19,19,100,2025-10-31,"Arthur Pendelton","Middle School (Grades 6-8)"
ATT-SVIS-2025-067-November-2025,SVIS-2025-067,"Saanvi Kulkarni",CBSE-7,A,"November 2025",22,22,100,2025-11-30,"Arthur Pendelton","Middle School (Grades 6-8)"
ATT-SVIS-2025-067-December-2025,SVIS-2025-067,"Saanvi Kulkarni",CBSE-7,A,"December 2025",20,20,100,2025-12-31,"Arthur Pendelton","Middle School (Grades 6-8)"
ATT-SVIS-2025-067-January-2026,SVIS-2025-067,"Saanvi Kulkarni",CBSE-7,A,"January 2026",21,21,100,2026-01-31,"Arthur Pendelton","Middle School (Grades 6-8)"
ATT-SVIS-2025-067-February-2026,SVIS-2025-067,"Saanvi Kulkarni",CBSE-7,A,"February 2026",22,22,100,2026-02-28,"Arthur Pendelton","Middle School (Grades 6-8)"
ATT-SVIS-2025-067-March-2026,SVIS-2025-067,"Saanvi Kulkarni",CBSE-7,A,"March 2026",23,23,100,2026-03-31,"Arthur Pendelton","Middle School (Grades 6-8)"
ATT-SVIS-2025-067-April-2026,SVIS-2025-067,"Saanvi Kulkarni",CBSE-7,A,"April 2026",18,18,100,2026-04-30,"Arthur Pendelton","Middle School (Grades 6-8)"
ATT-SVIS-2025-068-June-2025,SVIS-2025-068,"Ira Mukherjee",CBSE-7,B,"June 2025",20,16,80,2025-06-30,"Arthur Pendelton","Middle School (Grades 6-8)"
ATT-SVIS-2025-068-July-2025,SVIS-2025-068,"Ira Mukherjee",CBSE-7,B,"July 2025",24,20,83.3,2025-07-31,"Arthur Pendelton","Middle School (Grades 6-8)"
ATT-SVIS-2025-068-August-2025,SVIS-2025-068,"Ira Mukherjee",CBSE-7,B,"August 2025",22,18,81.8,2025-08-31,"Arthur Pendelton","Middle School (Grades 6-8)"
ATT-SVIS-2025-068-September-2025,SVIS-2025-068,"Ira Mukherjee",CBSE-7,B,"September 2025",21,17,81,2025-09-30,"Arthur Pendelton","Middle School (Grades 6-8)"
ATT-SVIS-2025-068-October-2025,SVIS-2025-068,"Ira Mukherjee",CBSE-7,B,"October 2025",19,16,84.2,2025-10-31,"Arthur Pendelton","Middle School (Grades 6-8)"
ATT-SVIS-2025-068-November-2025,SVIS-2025-068,"Ira Mukherjee",CBSE-7,B,"November 2025",22,18,81.8,2025-11-30,"Arthur Pendelton","Middle School (Grades 6-8)"
ATT-SVIS-2025-068-December-2025,SVIS-2025-068,"Ira Mukherjee",CBSE-7,B,"December 2025",20,16,80,2025-12-31,"Arthur Pendelton","Middle School (Grades 6-8)"
ATT-SVIS-2025-068-January-2026,SVIS-2025-068,"Ira Mukherjee",CBSE-7,B,"January 2026",21,17,81,2026-01-31,"Arthur Pendelton","Middle School (Grades 6-8)"
ATT-SVIS-2025-068-February-2026,SVIS-2025-068,"Ira Mukherjee",CBSE-7,B,"February 2026",22,18,81.8,2026-02-28,"Arthur Pendelton","Middle School (Grades 6-8)"
ATT-SVIS-2025-068-March-2026,SVIS-2025-068,"Ira Mukherjee",CBSE-7,B,"March 2026",23,19,82.6,2026-03-31,"Arthur Pendelton","Middle School (Grades 6-8)"
ATT-SVIS-2025-068-April-2026,SVIS-2025-068,"Ira Mukherjee",CBSE-7,B,"April 2026",18,15,83.3,2026-04-30,"Arthur Pendelton","Middle School (Grades 6-8)"
ATT-SVIS-2025-069-June-2025,SVIS-2025-069,"Kavya Reddy",CBSE-7,A,"June 2025",20,17,85,2025-06-30,"Arthur Pendelton","Middle School (Grades 6-8)"
ATT-SVIS-2025-069-July-2025,SVIS-2025-069,"Kavya Reddy",CBSE-7,A,"July 2025",24,20,83.3,2025-07-31,"Arthur Pendelton","Middle School (Grades 6-8)"
ATT-SVIS-2025-069-August-2025,SVIS-2025-069,"Kavya Reddy",CBSE-7,A,"August 2025",22,18,81.8,2025-08-31,"Arthur Pendelton","Middle School (Grades 6-8)"
ATT-SVIS-2025-069-September-2025,SVIS-2025-069,"Kavya Reddy",CBSE-7,A,"September 2025",21,17,81,2025-09-30,"Arthur Pendelton","Middle School (Grades 6-8)"
ATT-SVIS-2025-069-October-2025,SVIS-2025-069,"Kavya Reddy",CBSE-7,A,"October 2025",19,16,84.2,2025-10-31,"Arthur Pendelton","Middle School (Grades 6-8)"
ATT-SVIS-2025-069-November-2025,SVIS-2025-069,"Kavya Reddy",CBSE-7,A,"November 2025",22,18,81.8,2025-11-30,"Arthur Pendelton","Middle School (Grades 6-8)"
ATT-SVIS-2025-069-December-2025,SVIS-2025-069,"Kavya Reddy",CBSE-7,A,"December 2025",20,17,85,2025-12-31,"Arthur Pendelton","Middle School (Grades 6-8)"
ATT-SVIS-2025-069-January-2026,SVIS-2025-069,"Kavya Reddy",CBSE-7,A,"January 2026",21,17,81,2026-01-31,"Arthur Pendelton","Middle School (Grades 6-8)"
ATT-SVIS-2025-069-February-2026,SVIS-2025-069,"Kavya Reddy",CBSE-7,A,"February 2026",22,18,81.8,2026-02-28,"Arthur Pendelton","Middle School (Grades 6-8)"
ATT-SVIS-2025-069-March-2026,SVIS-2025-069,"Kavya Reddy",CBSE-7,A,"March 2026",23,19,82.6,2026-03-31,"Arthur Pendelton","Middle School (Grades 6-8)"
ATT-SVIS-2025-069-April-2026,SVIS-2025-069,"Kavya Reddy",CBSE-7,A,"April 2026",18,15,83.3,2026-04-30,"Arthur Pendelton","Middle School (Grades 6-8)"
ATT-SVIS-2025-070-June-2025,SVIS-2025-070,"Aarav Joshi",CBSE-7,B,"June 2025",20,17,85,2025-06-30,"Arthur Pendelton","Middle School (Grades 6-8)"
ATT-SVIS-2025-070-July-2025,SVIS-2025-070,"Aarav Joshi",CBSE-7,B,"July 2025",24,20,83.3,2025-07-31,"Arthur Pendelton","Middle School (Grades 6-8)"
ATT-SVIS-2025-070-August-2025,SVIS-2025-070,"Aarav Joshi",CBSE-7,B,"August 2025",22,18,81.8,2025-08-31,"Arthur Pendelton","Middle School (Grades 6-8)"
ATT-SVIS-2025-070-September-2025,SVIS-2025-070,"Aarav Joshi",CBSE-7,B,"September 2025",21,18,85.7,2025-09-30,"Arthur Pendelton","Middle School (Grades 6-8)"
ATT-SVIS-2025-070-October-2025,SVIS-2025-070,"Aarav Joshi",CBSE-7,B,"October 2025",19,16,84.2,2025-10-31,"Arthur Pendelton","Middle School (Grades 6-8)"
ATT-SVIS-2025-070-November-2025,SVIS-2025-070,"Aarav Joshi",CBSE-7,B,"November 2025",22,18,81.8,2025-11-30,"Arthur Pendelton","Middle School (Grades 6-8)"
ATT-SVIS-2025-070-December-2025,SVIS-2025-070,"Aarav Joshi",CBSE-7,B,"December 2025",20,17,85,2025-12-31,"Arthur Pendelton","Middle School (Grades 6-8)"
ATT-SVIS-2025-070-January-2026,SVIS-2025-070,"Aarav Joshi",CBSE-7,B,"January 2026",21,18,85.7,2026-01-31,"Arthur Pendelton","Middle School (Grades 6-8)"
ATT-SVIS-2025-070-February-2026,SVIS-2025-070,"Aarav Joshi",CBSE-7,B,"February 2026",22,18,81.8,2026-02-28,"Arthur Pendelton","Middle School (Grades 6-8)"
ATT-SVIS-2025-070-March-2026,SVIS-2025-070,"Aarav Joshi",CBSE-7,B,"March 2026",23,19,82.6,2026-03-31,"Arthur Pendelton","Middle School (Grades 6-8)"
ATT-SVIS-2025-070-April-2026,SVIS-2025-070,"Aarav Joshi",CBSE-7,B,"April 2026",18,15,83.3,2026-04-30,"Arthur Pendelton","Middle School (Grades 6-8)"
ATT-SVIS-2025-071-June-2025,SVIS-2025-071,"Vihaan Banerjee",CBSE-7,A,"June 2025",20,17,85,2025-06-30,"Arthur Pendelton","Middle School (Grades 6-8)"
ATT-SVIS-2025-071-July-2025,SVIS-2025-071,"Vihaan Banerjee",CBSE-7,A,"July 2025",24,20,83.3,2025-07-31,"Arthur Pendelton","Middle School (Grades 6-8)"
ATT-SVIS-2025-071-August-2025,SVIS-2025-071,"Vihaan Banerjee",CBSE-7,A,"August 2025",22,19,86.4,2025-08-31,"Arthur Pendelton","Middle School (Grades 6-8)"
ATT-SVIS-2025-071-September-2025,SVIS-2025-071,"Vihaan Banerjee",CBSE-7,A,"September 2025",21,18,85.7,2025-09-30,"Arthur Pendelton","Middle School (Grades 6-8)"
ATT-SVIS-2025-071-October-2025,SVIS-2025-071,"Vihaan Banerjee",CBSE-7,A,"October 2025",19,16,84.2,2025-10-31,"Arthur Pendelton","Middle School (Grades 6-8)"
ATT-SVIS-2025-071-November-2025,SVIS-2025-071,"Vihaan Banerjee",CBSE-7,A,"November 2025",22,19,86.4,2025-11-30,"Arthur Pendelton","Middle School (Grades 6-8)"
ATT-SVIS-2025-071-December-2025,SVIS-2025-071,"Vihaan Banerjee",CBSE-7,A,"December 2025",20,17,85,2025-12-31,"Arthur Pendelton","Middle School (Grades 6-8)"
ATT-SVIS-2025-071-January-2026,SVIS-2025-071,"Vihaan Banerjee",CBSE-7,A,"January 2026",21,18,85.7,2026-01-31,"Arthur Pendelton","Middle School (Grades 6-8)"
ATT-SVIS-2025-071-February-2026,SVIS-2025-071,"Vihaan Banerjee",CBSE-7,A,"February 2026",22,19,86.4,2026-02-28,"Arthur Pendelton","Middle School (Grades 6-8)"
ATT-SVIS-2025-071-March-2026,SVIS-2025-071,"Vihaan Banerjee",CBSE-7,A,"March 2026",23,20,87,2026-03-31,"Arthur Pendelton","Middle School (Grades 6-8)"
ATT-SVIS-2025-071-April-2026,SVIS-2025-071,"Vihaan Banerjee",CBSE-7,A,"April 2026",18,15,83.3,2026-04-30,"Arthur Pendelton","Middle School (Grades 6-8)"
ATT-SVIS-2025-072-June-2025,SVIS-2025-072,"Reyansh Nair",CBSE-7,B,"June 2025",20,17,85,2025-06-30,"Arthur Pendelton","Middle School (Grades 6-8)"
ATT-SVIS-2025-072-July-2025,SVIS-2025-072,"Reyansh Nair",CBSE-7,B,"July 2025",24,21,87.5,2025-07-31,"Arthur Pendelton","Middle School (Grades 6-8)"
ATT-SVIS-2025-072-August-2025,SVIS-2025-072,"Reyansh Nair",CBSE-7,B,"August 2025",22,19,86.4,2025-08-31,"Arthur Pendelton","Middle School (Grades 6-8)"
ATT-SVIS-2025-072-September-2025,SVIS-2025-072,"Reyansh Nair",CBSE-7,B,"September 2025",21,18,85.7,2025-09-30,"Arthur Pendelton","Middle School (Grades 6-8)"
ATT-SVIS-2025-072-October-2025,SVIS-2025-072,"Reyansh Nair",CBSE-7,B,"October 2025",19,16,84.2,2025-10-31,"Arthur Pendelton","Middle School (Grades 6-8)"
ATT-SVIS-2025-072-November-2025,SVIS-2025-072,"Reyansh Nair",CBSE-7,B,"November 2025",22,19,86.4,2025-11-30,"Arthur Pendelton","Middle School (Grades 6-8)"
ATT-SVIS-2025-072-December-2025,SVIS-2025-072,"Reyansh Nair",CBSE-7,B,"December 2025",20,17,85,2025-12-31,"Arthur Pendelton","Middle School (Grades 6-8)"
ATT-SVIS-2025-072-January-2026,SVIS-2025-072,"Reyansh Nair",CBSE-7,B,"January 2026",21,18,85.7,2026-01-31,"Arthur Pendelton","Middle School (Grades 6-8)"
ATT-SVIS-2025-072-February-2026,SVIS-2025-072,"Reyansh Nair",CBSE-7,B,"February 2026",22,19,86.4,2026-02-28,"Arthur Pendelton","Middle School (Grades 6-8)"
ATT-SVIS-2025-072-March-2026,SVIS-2025-072,"Reyansh Nair",CBSE-7,B,"March 2026",23,20,87,2026-03-31,"Arthur Pendelton","Middle School (Grades 6-8)"
ATT-SVIS-2025-072-April-2026,SVIS-2025-072,"Reyansh Nair",CBSE-7,B,"April 2026",18,15,83.3,2026-04-30,"Arthur Pendelton","Middle School (Grades 6-8)"
ATT-SVIS-2025-073-June-2025,SVIS-2025-073,"Ishaan Bhat",CBSE-7,A,"June 2025",20,17,85,2025-06-30,"Arthur Pendelton","Middle School (Grades 6-8)"
ATT-SVIS-2025-073-July-2025,SVIS-2025-073,"Ishaan Bhat",CBSE-7,A,"July 2025",24,21,87.5,2025-07-31,"Arthur Pendelton","Middle School (Grades 6-8)"
ATT-SVIS-2025-073-August-2025,SVIS-2025-073,"Ishaan Bhat",CBSE-7,A,"August 2025",22,19,86.4,2025-08-31,"Arthur Pendelton","Middle School (Grades 6-8)"
ATT-SVIS-2025-073-September-2025,SVIS-2025-073,"Ishaan Bhat",CBSE-7,A,"September 2025",21,18,85.7,2025-09-30,"Arthur Pendelton","Middle School (Grades 6-8)"
ATT-SVIS-2025-073-October-2025,SVIS-2025-073,"Ishaan Bhat",CBSE-7,A,"October 2025",19,17,89.5,2025-10-31,"Arthur Pendelton","Middle School (Grades 6-8)"
ATT-SVIS-2025-073-November-2025,SVIS-2025-073,"Ishaan Bhat",CBSE-7,A,"November 2025",22,19,86.4,2025-11-30,"Arthur Pendelton","Middle School (Grades 6-8)"
ATT-SVIS-2025-073-December-2025,SVIS-2025-073,"Ishaan Bhat",CBSE-7,A,"December 2025",20,17,85,2025-12-31,"Arthur Pendelton","Middle School (Grades 6-8)"
ATT-SVIS-2025-073-January-2026,SVIS-2025-073,"Ishaan Bhat",CBSE-7,A,"January 2026",21,18,85.7,2026-01-31,"Arthur Pendelton","Middle School (Grades 6-8)"
ATT-SVIS-2025-073-February-2026,SVIS-2025-073,"Ishaan Bhat",CBSE-7,A,"February 2026",22,19,86.4,2026-02-28,"Arthur Pendelton","Middle School (Grades 6-8)"
ATT-SVIS-2025-073-March-2026,SVIS-2025-073,"Ishaan Bhat",CBSE-7,A,"March 2026",23,20,87,2026-03-31,"Arthur Pendelton","Middle School (Grades 6-8)"
ATT-SVIS-2025-073-April-2026,SVIS-2025-073,"Ishaan Bhat",CBSE-7,A,"April 2026",18,16,88.9,2026-04-30,"Arthur Pendelton","Middle School (Grades 6-8)"
ATT-SVIS-2025-074-June-2025,SVIS-2025-074,"Advik Ghosh",CBSE-7,B,"June 2025",20,18,90,2025-06-30,"Arthur Pendelton","Middle School (Grades 6-8)"
ATT-SVIS-2025-074-July-2025,SVIS-2025-074,"Advik Ghosh",CBSE-7,B,"July 2025",24,21,87.5,2025-07-31,"Arthur Pendelton","Middle School (Grades 6-8)"
ATT-SVIS-2025-074-August-2025,SVIS-2025-074,"Advik Ghosh",CBSE-7,B,"August 2025",22,19,86.4,2025-08-31,"Arthur Pendelton","Middle School (Grades 6-8)"
ATT-SVIS-2025-074-September-2025,SVIS-2025-074,"Advik Ghosh",CBSE-7,B,"September 2025",21,18,85.7,2025-09-30,"Arthur Pendelton","Middle School (Grades 6-8)"
ATT-SVIS-2025-074-October-2025,SVIS-2025-074,"Advik Ghosh",CBSE-7,B,"October 2025",19,17,89.5,2025-10-31,"Arthur Pendelton","Middle School (Grades 6-8)"
ATT-SVIS-2025-074-November-2025,SVIS-2025-074,"Advik Ghosh",CBSE-7,B,"November 2025",22,19,86.4,2025-11-30,"Arthur Pendelton","Middle School (Grades 6-8)"
ATT-SVIS-2025-074-December-2025,SVIS-2025-074,"Advik Ghosh",CBSE-7,B,"December 2025",20,18,90,2025-12-31,"Arthur Pendelton","Middle School (Grades 6-8)"
ATT-SVIS-2025-074-January-2026,SVIS-2025-074,"Advik Ghosh",CBSE-7,B,"January 2026",21,18,85.7,2026-01-31,"Arthur Pendelton","Middle School (Grades 6-8)"
ATT-SVIS-2025-074-February-2026,SVIS-2025-074,"Advik Ghosh",CBSE-7,B,"February 2026",22,19,86.4,2026-02-28,"Arthur Pendelton","Middle School (Grades 6-8)"
ATT-SVIS-2025-074-March-2026,SVIS-2025-074,"Advik Ghosh",CBSE-7,B,"March 2026",23,20,87,2026-03-31,"Arthur Pendelton","Middle School (Grades 6-8)"
ATT-SVIS-2025-074-April-2026,SVIS-2025-074,"Advik Ghosh",CBSE-7,B,"April 2026",18,16,88.9,2026-04-30,"Arthur Pendelton","Middle School (Grades 6-8)"
ATT-SVIS-2025-075-June-2025,SVIS-2025-075,"Ananya Iyer",CBSE-7,A,"June 2025",20,18,90,2025-06-30,"Arthur Pendelton","Middle School (Grades 6-8)"
ATT-SVIS-2025-075-July-2025,SVIS-2025-075,"Ananya Iyer",CBSE-7,A,"July 2025",24,21,87.5,2025-07-31,"Arthur Pendelton","Middle School (Grades 6-8)"
ATT-SVIS-2025-075-August-2025,SVIS-2025-075,"Ananya Iyer",CBSE-7,A,"August 2025",22,20,90.9,2025-08-31,"Arthur Pendelton","Middle School (Grades 6-8)"
ATT-SVIS-2025-075-September-2025,SVIS-2025-075,"Ananya Iyer",CBSE-7,A,"September 2025",21,19,90.5,2025-09-30,"Arthur Pendelton","Middle School (Grades 6-8)"
ATT-SVIS-2025-075-October-2025,SVIS-2025-075,"Ananya Iyer",CBSE-7,A,"October 2025",19,17,89.5,2025-10-31,"Arthur Pendelton","Middle School (Grades 6-8)"
ATT-SVIS-2025-075-November-2025,SVIS-2025-075,"Ananya Iyer",CBSE-7,A,"November 2025",22,20,90.9,2025-11-30,"Arthur Pendelton","Middle School (Grades 6-8)"
ATT-SVIS-2025-075-December-2025,SVIS-2025-075,"Ananya Iyer",CBSE-7,A,"December 2025",20,18,90,2025-12-31,"Arthur Pendelton","Middle School (Grades 6-8)"
ATT-SVIS-2025-075-January-2026,SVIS-2025-075,"Ananya Iyer",CBSE-7,A,"January 2026",21,19,90.5,2026-01-31,"Arthur Pendelton","Middle School (Grades 6-8)"
ATT-SVIS-2025-075-February-2026,SVIS-2025-075,"Ananya Iyer",CBSE-7,A,"February 2026",22,20,90.9,2026-02-28,"Arthur Pendelton","Middle School (Grades 6-8)"
ATT-SVIS-2025-075-March-2026,SVIS-2025-075,"Ananya Iyer",CBSE-7,A,"March 2026",23,20,87,2026-03-31,"Arthur Pendelton","Middle School (Grades 6-8)"
ATT-SVIS-2025-075-April-2026,SVIS-2025-075,"Ananya Iyer",CBSE-7,A,"April 2026",18,16,88.9,2026-04-30,"Arthur Pendelton","Middle School (Grades 6-8)"
ATT-SVIS-2025-076-June-2025,SVIS-2025-076,"Aadhya Rao",CBSE-8,A,"June 2025",20,18,90,2025-06-30,"Arthur Pendelton","Middle School (Grades 6-8)"
ATT-SVIS-2025-076-July-2025,SVIS-2025-076,"Aadhya Rao",CBSE-8,A,"July 2025",24,22,91.7,2025-07-31,"Arthur Pendelton","Middle School (Grades 6-8)"
ATT-SVIS-2025-076-August-2025,SVIS-2025-076,"Aadhya Rao",CBSE-8,A,"August 2025",22,20,90.9,2025-08-31,"Arthur Pendelton","Middle School (Grades 6-8)"
ATT-SVIS-2025-076-September-2025,SVIS-2025-076,"Aadhya Rao",CBSE-8,A,"September 2025",21,19,90.5,2025-09-30,"Arthur Pendelton","Middle School (Grades 6-8)"
ATT-SVIS-2025-076-October-2025,SVIS-2025-076,"Aadhya Rao",CBSE-8,A,"October 2025",19,17,89.5,2025-10-31,"Arthur Pendelton","Middle School (Grades 6-8)"
ATT-SVIS-2025-076-November-2025,SVIS-2025-076,"Aadhya Rao",CBSE-8,A,"November 2025",22,20,90.9,2025-11-30,"Arthur Pendelton","Middle School (Grades 6-8)"
ATT-SVIS-2025-076-December-2025,SVIS-2025-076,"Aadhya Rao",CBSE-8,A,"December 2025",20,18,90,2025-12-31,"Arthur Pendelton","Middle School (Grades 6-8)"
ATT-SVIS-2025-076-January-2026,SVIS-2025-076,"Aadhya Rao",CBSE-8,A,"January 2026",21,19,90.5,2026-01-31,"Arthur Pendelton","Middle School (Grades 6-8)"
ATT-SVIS-2025-076-February-2026,SVIS-2025-076,"Aadhya Rao",CBSE-8,A,"February 2026",22,20,90.9,2026-02-28,"Arthur Pendelton","Middle School (Grades 6-8)"
ATT-SVIS-2025-076-March-2026,SVIS-2025-076,"Aadhya Rao",CBSE-8,A,"March 2026",23,21,91.3,2026-03-31,"Arthur Pendelton","Middle School (Grades 6-8)"
ATT-SVIS-2025-076-April-2026,SVIS-2025-076,"Aadhya Rao",CBSE-8,A,"April 2026",18,16,88.9,2026-04-30,"Arthur Pendelton","Middle School (Grades 6-8)"
ATT-SVIS-2025-077-June-2025,SVIS-2025-077,"Saanvi Chatterjee",CBSE-8,B,"June 2025",20,18,90,2025-06-30,"Arthur Pendelton","Middle School (Grades 6-8)"
ATT-SVIS-2025-077-July-2025,SVIS-2025-077,"Saanvi Chatterjee",CBSE-8,B,"July 2025",24,22,91.7,2025-07-31,"Arthur Pendelton","Middle School (Grades 6-8)"
ATT-SVIS-2025-077-August-2025,SVIS-2025-077,"Saanvi Chatterjee",CBSE-8,B,"August 2025",22,20,90.9,2025-08-31,"Arthur Pendelton","Middle School (Grades 6-8)"
ATT-SVIS-2025-077-September-2025,SVIS-2025-077,"Saanvi Chatterjee",CBSE-8,B,"September 2025",21,19,90.5,2025-09-30,"Arthur Pendelton","Middle School (Grades 6-8)"
ATT-SVIS-2025-077-October-2025,SVIS-2025-077,"Saanvi Chatterjee",CBSE-8,B,"October 2025",19,17,89.5,2025-10-31,"Arthur Pendelton","Middle School (Grades 6-8)"
ATT-SVIS-2025-077-November-2025,SVIS-2025-077,"Saanvi Chatterjee",CBSE-8,B,"November 2025",22,20,90.9,2025-11-30,"Arthur Pendelton","Middle School (Grades 6-8)"
ATT-SVIS-2025-077-December-2025,SVIS-2025-077,"Saanvi Chatterjee",CBSE-8,B,"December 2025",20,18,90,2025-12-31,"Arthur Pendelton","Middle School (Grades 6-8)"
ATT-SVIS-2025-077-January-2026,SVIS-2025-077,"Saanvi Chatterjee",CBSE-8,B,"January 2026",21,19,90.5,2026-01-31,"Arthur Pendelton","Middle School (Grades 6-8)"
ATT-SVIS-2025-077-February-2026,SVIS-2025-077,"Saanvi Chatterjee",CBSE-8,B,"February 2026",22,20,90.9,2026-02-28,"Arthur Pendelton","Middle School (Grades 6-8)"
ATT-SVIS-2025-077-March-2026,SVIS-2025-077,"Saanvi Chatterjee",CBSE-8,B,"March 2026",23,21,91.3,2026-03-31,"Arthur Pendelton","Middle School (Grades 6-8)"
ATT-SVIS-2025-077-April-2026,SVIS-2025-077,"Saanvi Chatterjee",CBSE-8,B,"April 2026",18,16,88.9,2026-04-30,"Arthur Pendelton","Middle School (Grades 6-8)"
ATT-SVIS-2025-078-June-2025,SVIS-2025-078,"Ira Gupta",CBSE-8,A,"June 2025",20,18,90,2025-06-30,"Arthur Pendelton","Middle School (Grades 6-8)"
ATT-SVIS-2025-078-July-2025,SVIS-2025-078,"Ira Gupta",CBSE-8,A,"July 2025",24,22,91.7,2025-07-31,"Arthur Pendelton","Middle School (Grades 6-8)"
ATT-SVIS-2025-078-August-2025,SVIS-2025-078,"Ira Gupta",CBSE-8,A,"August 2025",22,20,90.9,2025-08-31,"Arthur Pendelton","Middle School (Grades 6-8)"
ATT-SVIS-2025-078-September-2025,SVIS-2025-078,"Ira Gupta",CBSE-8,A,"September 2025",21,19,90.5,2025-09-30,"Arthur Pendelton","Middle School (Grades 6-8)"
ATT-SVIS-2025-078-October-2025,SVIS-2025-078,"Ira Gupta",CBSE-8,A,"October 2025",19,17,89.5,2025-10-31,"Arthur Pendelton","Middle School (Grades 6-8)"
ATT-SVIS-2025-078-November-2025,SVIS-2025-078,"Ira Gupta",CBSE-8,A,"November 2025",22,20,90.9,2025-11-30,"Arthur Pendelton","Middle School (Grades 6-8)"
ATT-SVIS-2025-078-December-2025,SVIS-2025-078,"Ira Gupta",CBSE-8,A,"December 2025",20,18,90,2025-12-31,"Arthur Pendelton","Middle School (Grades 6-8)"
ATT-SVIS-2025-078-January-2026,SVIS-2025-078,"Ira Gupta",CBSE-8,A,"January 2026",21,19,90.5,2026-01-31,"Arthur Pendelton","Middle School (Grades 6-8)"
ATT-SVIS-2025-078-February-2026,SVIS-2025-078,"Ira Gupta",CBSE-8,A,"February 2026",22,20,90.9,2026-02-28,"Arthur Pendelton","Middle School (Grades 6-8)"
ATT-SVIS-2025-078-March-2026,SVIS-2025-078,"Ira Gupta",CBSE-8,A,"March 2026",23,21,91.3,2026-03-31,"Arthur Pendelton","Middle School (Grades 6-8)"
ATT-SVIS-2025-078-April-2026,SVIS-2025-078,"Ira Gupta",CBSE-8,A,"April 2026",18,17,94.4,2026-04-30,"Arthur Pendelton","Middle School (Grades 6-8)"
ATT-SVIS-2025-079-June-2025,SVIS-2025-079,"Kavya Choudhury",CBSE-8,B,"June 2025",20,19,95,2025-06-30,"Arthur Pendelton","Middle School (Grades 6-8)"
ATT-SVIS-2025-079-July-2025,SVIS-2025-079,"Kavya Choudhury",CBSE-8,B,"July 2025",24,22,91.7,2025-07-31,"Arthur Pendelton","Middle School (Grades 6-8)"
ATT-SVIS-2025-079-August-2025,SVIS-2025-079,"Kavya Choudhury",CBSE-8,B,"August 2025",22,20,90.9,2025-08-31,"Arthur Pendelton","Middle School (Grades 6-8)"
ATT-SVIS-2025-079-September-2025,SVIS-2025-079,"Kavya Choudhury",CBSE-8,B,"September 2025",21,20,95.2,2025-09-30,"Arthur Pendelton","Middle School (Grades 6-8)"
ATT-SVIS-2025-079-October-2025,SVIS-2025-079,"Kavya Choudhury",CBSE-8,B,"October 2025",19,18,94.7,2025-10-31,"Arthur Pendelton","Middle School (Grades 6-8)"
ATT-SVIS-2025-079-November-2025,SVIS-2025-079,"Kavya Choudhury",CBSE-8,B,"November 2025",22,20,90.9,2025-11-30,"Arthur Pendelton","Middle School (Grades 6-8)"
ATT-SVIS-2025-079-December-2025,SVIS-2025-079,"Kavya Choudhury",CBSE-8,B,"December 2025",20,19,95,2025-12-31,"Arthur Pendelton","Middle School (Grades 6-8)"
ATT-SVIS-2025-079-January-2026,SVIS-2025-079,"Kavya Choudhury",CBSE-8,B,"January 2026",21,20,95.2,2026-01-31,"Arthur Pendelton","Middle School (Grades 6-8)"
ATT-SVIS-2025-079-February-2026,SVIS-2025-079,"Kavya Choudhury",CBSE-8,B,"February 2026",22,20,90.9,2026-02-28,"Arthur Pendelton","Middle School (Grades 6-8)"
ATT-SVIS-2025-079-March-2026,SVIS-2025-079,"Kavya Choudhury",CBSE-8,B,"March 2026",23,21,91.3,2026-03-31,"Arthur Pendelton","Middle School (Grades 6-8)"
ATT-SVIS-2025-079-April-2026,SVIS-2025-079,"Kavya Choudhury",CBSE-8,B,"April 2026",18,17,94.4,2026-04-30,"Arthur Pendelton","Middle School (Grades 6-8)"
ATT-SVIS-2025-080-June-2025,SVIS-2025-080,"Aarav Sharma",CBSE-8,A,"June 2025",20,14,70,2025-06-30,"Arthur Pendelton","Middle School (Grades 6-8)"
ATT-SVIS-2025-080-July-2025,SVIS-2025-080,"Aarav Sharma",CBSE-8,A,"July 2025",24,17,70.8,2025-07-31,"Arthur Pendelton","Middle School (Grades 6-8)"
ATT-SVIS-2025-080-August-2025,SVIS-2025-080,"Aarav Sharma",CBSE-8,A,"August 2025",22,16,72.7,2025-08-31,"Arthur Pendelton","Middle School (Grades 6-8)"
ATT-SVIS-2025-080-September-2025,SVIS-2025-080,"Aarav Sharma",CBSE-8,A,"September 2025",21,18,85.7,2025-09-30,"Arthur Pendelton","Middle School (Grades 6-8)"
ATT-SVIS-2025-080-October-2025,SVIS-2025-080,"Aarav Sharma",CBSE-8,A,"October 2025",19,17,89.5,2025-10-31,"Arthur Pendelton","Middle School (Grades 6-8)"
ATT-SVIS-2025-080-November-2025,SVIS-2025-080,"Aarav Sharma",CBSE-8,A,"November 2025",22,19,86.4,2025-11-30,"Arthur Pendelton","Middle School (Grades 6-8)"
ATT-SVIS-2025-080-December-2025,SVIS-2025-080,"Aarav Sharma",CBSE-8,A,"December 2025",20,18,90,2025-12-31,"Arthur Pendelton","Middle School (Grades 6-8)"
ATT-SVIS-2025-080-January-2026,SVIS-2025-080,"Aarav Sharma",CBSE-8,A,"January 2026",21,18,85.7,2026-01-31,"Arthur Pendelton","Middle School (Grades 6-8)"
ATT-SVIS-2025-080-February-2026,SVIS-2025-080,"Aarav Sharma",CBSE-8,A,"February 2026",22,19,86.4,2026-02-28,"Arthur Pendelton","Middle School (Grades 6-8)"
ATT-SVIS-2025-080-March-2026,SVIS-2025-080,"Aarav Sharma",CBSE-8,A,"March 2026",23,20,87,2026-03-31,"Arthur Pendelton","Middle School (Grades 6-8)"
ATT-SVIS-2025-080-April-2026,SVIS-2025-080,"Aarav Sharma",CBSE-8,A,"April 2026",18,16,88.9,2026-04-30,"Arthur Pendelton","Middle School (Grades 6-8)"
ATT-SVIS-2025-081-June-2025,SVIS-2025-081,"Vihaan Singh",CBSE-8,B,"June 2025",20,19,95,2025-06-30,"Arthur Pendelton","Middle School (Grades 6-8)"
ATT-SVIS-2025-081-July-2025,SVIS-2025-081,"Vihaan Singh",CBSE-8,B,"July 2025",24,23,95.8,2025-07-31,"Arthur Pendelton","Middle School (Grades 6-8)"
ATT-SVIS-2025-081-August-2025,SVIS-2025-081,"Vihaan Singh",CBSE-8,B,"August 2025",22,21,95.5,2025-08-31,"Arthur Pendelton","Middle School (Grades 6-8)"
ATT-SVIS-2025-081-September-2025,SVIS-2025-081,"Vihaan Singh",CBSE-8,B,"September 2025",21,20,95.2,2025-09-30,"Arthur Pendelton","Middle School (Grades 6-8)"
ATT-SVIS-2025-081-October-2025,SVIS-2025-081,"Vihaan Singh",CBSE-8,B,"October 2025",19,18,94.7,2025-10-31,"Arthur Pendelton","Middle School (Grades 6-8)"
ATT-SVIS-2025-081-November-2025,SVIS-2025-081,"Vihaan Singh",CBSE-8,B,"November 2025",22,21,95.5,2025-11-30,"Arthur Pendelton","Middle School (Grades 6-8)"
ATT-SVIS-2025-081-December-2025,SVIS-2025-081,"Vihaan Singh",CBSE-8,B,"December 2025",20,19,95,2025-12-31,"Arthur Pendelton","Middle School (Grades 6-8)"
ATT-SVIS-2025-081-January-2026,SVIS-2025-081,"Vihaan Singh",CBSE-8,B,"January 2026",21,20,95.2,2026-01-31,"Arthur Pendelton","Middle School (Grades 6-8)"
ATT-SVIS-2025-081-February-2026,SVIS-2025-081,"Vihaan Singh",CBSE-8,B,"February 2026",22,21,95.5,2026-02-28,"Arthur Pendelton","Middle School (Grades 6-8)"
ATT-SVIS-2025-081-March-2026,SVIS-2025-081,"Vihaan Singh",CBSE-8,B,"March 2026",23,22,95.7,2026-03-31,"Arthur Pendelton","Middle School (Grades 6-8)"
ATT-SVIS-2025-081-April-2026,SVIS-2025-081,"Vihaan Singh",CBSE-8,B,"April 2026",18,17,94.4,2026-04-30,"Arthur Pendelton","Middle School (Grades 6-8)"
ATT-SVIS-2025-082-June-2025,SVIS-2025-082,"Reyansh Mehta",CBSE-8,A,"June 2025",20,19,95,2025-06-30,"Arthur Pendelton","Middle School (Grades 6-8)"
ATT-SVIS-2025-082-July-2025,SVIS-2025-082,"Reyansh Mehta",CBSE-8,A,"July 2025",24,23,95.8,2025-07-31,"Arthur Pendelton","Middle School (Grades 6-8)"
ATT-SVIS-2025-082-August-2025,SVIS-2025-082,"Reyansh Mehta",CBSE-8,A,"August 2025",22,21,95.5,2025-08-31,"Arthur Pendelton","Middle School (Grades 6-8)"
ATT-SVIS-2025-082-September-2025,SVIS-2025-082,"Reyansh Mehta",CBSE-8,A,"September 2025",21,20,95.2,2025-09-30,"Arthur Pendelton","Middle School (Grades 6-8)"
ATT-SVIS-2025-082-October-2025,SVIS-2025-082,"Reyansh Mehta",CBSE-8,A,"October 2025",19,18,94.7,2025-10-31,"Arthur Pendelton","Middle School (Grades 6-8)"
ATT-SVIS-2025-082-November-2025,SVIS-2025-082,"Reyansh Mehta",CBSE-8,A,"November 2025",22,21,95.5,2025-11-30,"Arthur Pendelton","Middle School (Grades 6-8)"
ATT-SVIS-2025-082-December-2025,SVIS-2025-082,"Reyansh Mehta",CBSE-8,A,"December 2025",20,19,95,2025-12-31,"Arthur Pendelton","Middle School (Grades 6-8)"
ATT-SVIS-2025-082-January-2026,SVIS-2025-082,"Reyansh Mehta",CBSE-8,A,"January 2026",21,20,95.2,2026-01-31,"Arthur Pendelton","Middle School (Grades 6-8)"
ATT-SVIS-2025-082-February-2026,SVIS-2025-082,"Reyansh Mehta",CBSE-8,A,"February 2026",22,21,95.5,2026-02-28,"Arthur Pendelton","Middle School (Grades 6-8)"
ATT-SVIS-2025-082-March-2026,SVIS-2025-082,"Reyansh Mehta",CBSE-8,A,"March 2026",23,22,95.7,2026-03-31,"Arthur Pendelton","Middle School (Grades 6-8)"
ATT-SVIS-2025-082-April-2026,SVIS-2025-082,"Reyansh Mehta",CBSE-8,A,"April 2026",18,17,94.4,2026-04-30,"Arthur Pendelton","Middle School (Grades 6-8)"
ATT-SVIS-2025-083-June-2025,SVIS-2025-083,"Ishaan Verma",CBSE-8,B,"June 2025",20,19,95,2025-06-30,"Arthur Pendelton","Middle School (Grades 6-8)"
ATT-SVIS-2025-083-July-2025,SVIS-2025-083,"Ishaan Verma",CBSE-8,B,"July 2025",24,23,95.8,2025-07-31,"Arthur Pendelton","Middle School (Grades 6-8)"
ATT-SVIS-2025-083-August-2025,SVIS-2025-083,"Ishaan Verma",CBSE-8,B,"August 2025",22,21,95.5,2025-08-31,"Arthur Pendelton","Middle School (Grades 6-8)"
ATT-SVIS-2025-083-September-2025,SVIS-2025-083,"Ishaan Verma",CBSE-8,B,"September 2025",21,20,95.2,2025-09-30,"Arthur Pendelton","Middle School (Grades 6-8)"
ATT-SVIS-2025-083-October-2025,SVIS-2025-083,"Ishaan Verma",CBSE-8,B,"October 2025",19,18,94.7,2025-10-31,"Arthur Pendelton","Middle School (Grades 6-8)"
ATT-SVIS-2025-083-November-2025,SVIS-2025-083,"Ishaan Verma",CBSE-8,B,"November 2025",22,21,95.5,2025-11-30,"Arthur Pendelton","Middle School (Grades 6-8)"
ATT-SVIS-2025-083-December-2025,SVIS-2025-083,"Ishaan Verma",CBSE-8,B,"December 2025",20,19,95,2025-12-31,"Arthur Pendelton","Middle School (Grades 6-8)"
ATT-SVIS-2025-083-January-2026,SVIS-2025-083,"Ishaan Verma",CBSE-8,B,"January 2026",21,20,95.2,2026-01-31,"Arthur Pendelton","Middle School (Grades 6-8)"
ATT-SVIS-2025-083-February-2026,SVIS-2025-083,"Ishaan Verma",CBSE-8,B,"February 2026",22,21,95.5,2026-02-28,"Arthur Pendelton","Middle School (Grades 6-8)"
ATT-SVIS-2025-083-March-2026,SVIS-2025-083,"Ishaan Verma",CBSE-8,B,"March 2026",23,22,95.7,2026-03-31,"Arthur Pendelton","Middle School (Grades 6-8)"
ATT-SVIS-2025-083-April-2026,SVIS-2025-083,"Ishaan Verma",CBSE-8,B,"April 2026",18,17,94.4,2026-04-30,"Arthur Pendelton","Middle School (Grades 6-8)"
ATT-SVIS-2025-084-June-2025,SVIS-2025-084,"Advik Deshmukh",CBSE-8,A,"June 2025",20,20,100,2025-06-30,"Arthur Pendelton","Middle School (Grades 6-8)"
ATT-SVIS-2025-084-July-2025,SVIS-2025-084,"Advik Deshmukh",CBSE-8,A,"July 2025",24,24,100,2025-07-31,"Arthur Pendelton","Middle School (Grades 6-8)"
ATT-SVIS-2025-084-August-2025,SVIS-2025-084,"Advik Deshmukh",CBSE-8,A,"August 2025",22,22,100,2025-08-31,"Arthur Pendelton","Middle School (Grades 6-8)"
ATT-SVIS-2025-084-September-2025,SVIS-2025-084,"Advik Deshmukh",CBSE-8,A,"September 2025",21,21,100,2025-09-30,"Arthur Pendelton","Middle School (Grades 6-8)"
ATT-SVIS-2025-084-October-2025,SVIS-2025-084,"Advik Deshmukh",CBSE-8,A,"October 2025",19,19,100,2025-10-31,"Arthur Pendelton","Middle School (Grades 6-8)"
ATT-SVIS-2025-084-November-2025,SVIS-2025-084,"Advik Deshmukh",CBSE-8,A,"November 2025",22,22,100,2025-11-30,"Arthur Pendelton","Middle School (Grades 6-8)"
ATT-SVIS-2025-084-December-2025,SVIS-2025-084,"Advik Deshmukh",CBSE-8,A,"December 2025",20,20,100,2025-12-31,"Arthur Pendelton","Middle School (Grades 6-8)"
ATT-SVIS-2025-084-January-2026,SVIS-2025-084,"Advik Deshmukh",CBSE-8,A,"January 2026",21,21,100,2026-01-31,"Arthur Pendelton","Middle School (Grades 6-8)"
ATT-SVIS-2025-084-February-2026,SVIS-2025-084,"Advik Deshmukh",CBSE-8,A,"February 2026",22,22,100,2026-02-28,"Arthur Pendelton","Middle School (Grades 6-8)"
ATT-SVIS-2025-084-March-2026,SVIS-2025-084,"Advik Deshmukh",CBSE-8,A,"March 2026",23,23,100,2026-03-31,"Arthur Pendelton","Middle School (Grades 6-8)"
ATT-SVIS-2025-084-April-2026,SVIS-2025-084,"Advik Deshmukh",CBSE-8,A,"April 2026",18,18,100,2026-04-30,"Arthur Pendelton","Middle School (Grades 6-8)"
ATT-SVIS-2025-085-June-2025,SVIS-2025-085,"Ananya Shah",CBSE-8,B,"June 2025",20,16,80,2025-06-30,"Arthur Pendelton","Middle School (Grades 6-8)"
ATT-SVIS-2025-085-July-2025,SVIS-2025-085,"Ananya Shah",CBSE-8,B,"July 2025",24,20,83.3,2025-07-31,"Arthur Pendelton","Middle School (Grades 6-8)"
ATT-SVIS-2025-085-August-2025,SVIS-2025-085,"Ananya Shah",CBSE-8,B,"August 2025",22,18,81.8,2025-08-31,"Arthur Pendelton","Middle School (Grades 6-8)"
ATT-SVIS-2025-085-September-2025,SVIS-2025-085,"Ananya Shah",CBSE-8,B,"September 2025",21,17,81,2025-09-30,"Arthur Pendelton","Middle School (Grades 6-8)"
ATT-SVIS-2025-085-October-2025,SVIS-2025-085,"Ananya Shah",CBSE-8,B,"October 2025",19,16,84.2,2025-10-31,"Arthur Pendelton","Middle School (Grades 6-8)"
ATT-SVIS-2025-085-November-2025,SVIS-2025-085,"Ananya Shah",CBSE-8,B,"November 2025",22,18,81.8,2025-11-30,"Arthur Pendelton","Middle School (Grades 6-8)"
ATT-SVIS-2025-085-December-2025,SVIS-2025-085,"Ananya Shah",CBSE-8,B,"December 2025",20,16,80,2025-12-31,"Arthur Pendelton","Middle School (Grades 6-8)"
ATT-SVIS-2025-085-January-2026,SVIS-2025-085,"Ananya Shah",CBSE-8,B,"January 2026",21,17,81,2026-01-31,"Arthur Pendelton","Middle School (Grades 6-8)"
ATT-SVIS-2025-085-February-2026,SVIS-2025-085,"Ananya Shah",CBSE-8,B,"February 2026",22,18,81.8,2026-02-28,"Arthur Pendelton","Middle School (Grades 6-8)"
ATT-SVIS-2025-085-March-2026,SVIS-2025-085,"Ananya Shah",CBSE-8,B,"March 2026",23,19,82.6,2026-03-31,"Arthur Pendelton","Middle School (Grades 6-8)"
ATT-SVIS-2025-085-April-2026,SVIS-2025-085,"Ananya Shah",CBSE-8,B,"April 2026",18,15,83.3,2026-04-30,"Arthur Pendelton","Middle School (Grades 6-8)"
ATT-SVIS-2025-086-June-2025,SVIS-2025-086,"Aadhya Patel",CBSE-8,A,"June 2025",20,17,85,2025-06-30,"Arthur Pendelton","Middle School (Grades 6-8)"
ATT-SVIS-2025-086-July-2025,SVIS-2025-086,"Aadhya Patel",CBSE-8,A,"July 2025",24,20,83.3,2025-07-31,"Arthur Pendelton","Middle School (Grades 6-8)"
ATT-SVIS-2025-086-August-2025,SVIS-2025-086,"Aadhya Patel",CBSE-8,A,"August 2025",22,18,81.8,2025-08-31,"Arthur Pendelton","Middle School (Grades 6-8)"
ATT-SVIS-2025-086-September-2025,SVIS-2025-086,"Aadhya Patel",CBSE-8,A,"September 2025",21,17,81,2025-09-30,"Arthur Pendelton","Middle School (Grades 6-8)"
ATT-SVIS-2025-086-October-2025,SVIS-2025-086,"Aadhya Patel",CBSE-8,A,"October 2025",19,16,84.2,2025-10-31,"Arthur Pendelton","Middle School (Grades 6-8)"
ATT-SVIS-2025-086-November-2025,SVIS-2025-086,"Aadhya Patel",CBSE-8,A,"November 2025",22,18,81.8,2025-11-30,"Arthur Pendelton","Middle School (Grades 6-8)"
ATT-SVIS-2025-086-December-2025,SVIS-2025-086,"Aadhya Patel",CBSE-8,A,"December 2025",20,17,85,2025-12-31,"Arthur Pendelton","Middle School (Grades 6-8)"
ATT-SVIS-2025-086-January-2026,SVIS-2025-086,"Aadhya Patel",CBSE-8,A,"January 2026",21,17,81,2026-01-31,"Arthur Pendelton","Middle School (Grades 6-8)"
ATT-SVIS-2025-086-February-2026,SVIS-2025-086,"Aadhya Patel",CBSE-8,A,"February 2026",22,18,81.8,2026-02-28,"Arthur Pendelton","Middle School (Grades 6-8)"
ATT-SVIS-2025-086-March-2026,SVIS-2025-086,"Aadhya Patel",CBSE-8,A,"March 2026",23,19,82.6,2026-03-31,"Arthur Pendelton","Middle School (Grades 6-8)"
ATT-SVIS-2025-086-April-2026,SVIS-2025-086,"Aadhya Patel",CBSE-8,A,"April 2026",18,15,83.3,2026-04-30,"Arthur Pendelton","Middle School (Grades 6-8)"
ATT-SVIS-2025-087-June-2025,SVIS-2025-087,"Saanvi Kulkarni",CBSE-8,B,"June 2025",20,17,85,2025-06-30,"Arthur Pendelton","Middle School (Grades 6-8)"
ATT-SVIS-2025-087-July-2025,SVIS-2025-087,"Saanvi Kulkarni",CBSE-8,B,"July 2025",24,20,83.3,2025-07-31,"Arthur Pendelton","Middle School (Grades 6-8)"
ATT-SVIS-2025-087-August-2025,SVIS-2025-087,"Saanvi Kulkarni",CBSE-8,B,"August 2025",22,18,81.8,2025-08-31,"Arthur Pendelton","Middle School (Grades 6-8)"
ATT-SVIS-2025-087-September-2025,SVIS-2025-087,"Saanvi Kulkarni",CBSE-8,B,"September 2025",21,18,85.7,2025-09-30,"Arthur Pendelton","Middle School (Grades 6-8)"
ATT-SVIS-2025-087-October-2025,SVIS-2025-087,"Saanvi Kulkarni",CBSE-8,B,"October 2025",19,16,84.2,2025-10-31,"Arthur Pendelton","Middle School (Grades 6-8)"
ATT-SVIS-2025-087-November-2025,SVIS-2025-087,"Saanvi Kulkarni",CBSE-8,B,"November 2025",22,18,81.8,2025-11-30,"Arthur Pendelton","Middle School (Grades 6-8)"
ATT-SVIS-2025-087-December-2025,SVIS-2025-087,"Saanvi Kulkarni",CBSE-8,B,"December 2025",20,17,85,2025-12-31,"Arthur Pendelton","Middle School (Grades 6-8)"
ATT-SVIS-2025-087-January-2026,SVIS-2025-087,"Saanvi Kulkarni",CBSE-8,B,"January 2026",21,18,85.7,2026-01-31,"Arthur Pendelton","Middle School (Grades 6-8)"
ATT-SVIS-2025-087-February-2026,SVIS-2025-087,"Saanvi Kulkarni",CBSE-8,B,"February 2026",22,18,81.8,2026-02-28,"Arthur Pendelton","Middle School (Grades 6-8)"
ATT-SVIS-2025-087-March-2026,SVIS-2025-087,"Saanvi Kulkarni",CBSE-8,B,"March 2026",23,19,82.6,2026-03-31,"Arthur Pendelton","Middle School (Grades 6-8)"
ATT-SVIS-2025-087-April-2026,SVIS-2025-087,"Saanvi Kulkarni",CBSE-8,B,"April 2026",18,15,83.3,2026-04-30,"Arthur Pendelton","Middle School (Grades 6-8)"
ATT-SVIS-2025-088-June-2025,SVIS-2025-088,"Ira Mukherjee",CBSE-8,A,"June 2025",20,17,85,2025-06-30,"Arthur Pendelton","Middle School (Grades 6-8)"
ATT-SVIS-2025-088-July-2025,SVIS-2025-088,"Ira Mukherjee",CBSE-8,A,"July 2025",24,20,83.3,2025-07-31,"Arthur Pendelton","Middle School (Grades 6-8)"
ATT-SVIS-2025-088-August-2025,SVIS-2025-088,"Ira Mukherjee",CBSE-8,A,"August 2025",22,19,86.4,2025-08-31,"Arthur Pendelton","Middle School (Grades 6-8)"
ATT-SVIS-2025-088-September-2025,SVIS-2025-088,"Ira Mukherjee",CBSE-8,A,"September 2025",21,18,85.7,2025-09-30,"Arthur Pendelton","Middle School (Grades 6-8)"
ATT-SVIS-2025-088-October-2025,SVIS-2025-088,"Ira Mukherjee",CBSE-8,A,"October 2025",19,16,84.2,2025-10-31,"Arthur Pendelton","Middle School (Grades 6-8)"
ATT-SVIS-2025-088-November-2025,SVIS-2025-088,"Ira Mukherjee",CBSE-8,A,"November 2025",22,19,86.4,2025-11-30,"Arthur Pendelton","Middle School (Grades 6-8)"
ATT-SVIS-2025-088-December-2025,SVIS-2025-088,"Ira Mukherjee",CBSE-8,A,"December 2025",20,17,85,2025-12-31,"Arthur Pendelton","Middle School (Grades 6-8)"
ATT-SVIS-2025-088-January-2026,SVIS-2025-088,"Ira Mukherjee",CBSE-8,A,"January 2026",21,18,85.7,2026-01-31,"Arthur Pendelton","Middle School (Grades 6-8)"
ATT-SVIS-2025-088-February-2026,SVIS-2025-088,"Ira Mukherjee",CBSE-8,A,"February 2026",22,19,86.4,2026-02-28,"Arthur Pendelton","Middle School (Grades 6-8)"
ATT-SVIS-2025-088-March-2026,SVIS-2025-088,"Ira Mukherjee",CBSE-8,A,"March 2026",23,20,87,2026-03-31,"Arthur Pendelton","Middle School (Grades 6-8)"
ATT-SVIS-2025-088-April-2026,SVIS-2025-088,"Ira Mukherjee",CBSE-8,A,"April 2026",18,15,83.3,2026-04-30,"Arthur Pendelton","Middle School (Grades 6-8)"
ATT-SVIS-2025-089-June-2025,SVIS-2025-089,"Kavya Reddy",CBSE-8,B,"June 2025",20,17,85,2025-06-30,"Arthur Pendelton","Middle School (Grades 6-8)"
ATT-SVIS-2025-089-July-2025,SVIS-2025-089,"Kavya Reddy",CBSE-8,B,"July 2025",24,21,87.5,2025-07-31,"Arthur Pendelton","Middle School (Grades 6-8)"
ATT-SVIS-2025-089-August-2025,SVIS-2025-089,"Kavya Reddy",CBSE-8,B,"August 2025",22,19,86.4,2025-08-31,"Arthur Pendelton","Middle School (Grades 6-8)"
ATT-SVIS-2025-089-September-2025,SVIS-2025-089,"Kavya Reddy",CBSE-8,B,"September 2025",21,18,85.7,2025-09-30,"Arthur Pendelton","Middle School (Grades 6-8)"
ATT-SVIS-2025-089-October-2025,SVIS-2025-089,"Kavya Reddy",CBSE-8,B,"October 2025",19,16,84.2,2025-10-31,"Arthur Pendelton","Middle School (Grades 6-8)"
ATT-SVIS-2025-089-November-2025,SVIS-2025-089,"Kavya Reddy",CBSE-8,B,"November 2025",22,19,86.4,2025-11-30,"Arthur Pendelton","Middle School (Grades 6-8)"
ATT-SVIS-2025-089-December-2025,SVIS-2025-089,"Kavya Reddy",CBSE-8,B,"December 2025",20,17,85,2025-12-31,"Arthur Pendelton","Middle School (Grades 6-8)"
ATT-SVIS-2025-089-January-2026,SVIS-2025-089,"Kavya Reddy",CBSE-8,B,"January 2026",21,18,85.7,2026-01-31,"Arthur Pendelton","Middle School (Grades 6-8)"
ATT-SVIS-2025-089-February-2026,SVIS-2025-089,"Kavya Reddy",CBSE-8,B,"February 2026",22,19,86.4,2026-02-28,"Arthur Pendelton","Middle School (Grades 6-8)"
ATT-SVIS-2025-089-March-2026,SVIS-2025-089,"Kavya Reddy",CBSE-8,B,"March 2026",23,20,87,2026-03-31,"Arthur Pendelton","Middle School (Grades 6-8)"
ATT-SVIS-2025-089-April-2026,SVIS-2025-089,"Kavya Reddy",CBSE-8,B,"April 2026",18,15,83.3,2026-04-30,"Arthur Pendelton","Middle School (Grades 6-8)"
ATT-SVIS-2025-090-June-2025,SVIS-2025-090,"Aarav Joshi",CBSE-8,A,"June 2025",20,17,85,2025-06-30,"Arthur Pendelton","Middle School (Grades 6-8)"
ATT-SVIS-2025-090-July-2025,SVIS-2025-090,"Aarav Joshi",CBSE-8,A,"July 2025",24,21,87.5,2025-07-31,"Arthur Pendelton","Middle School (Grades 6-8)"
ATT-SVIS-2025-090-August-2025,SVIS-2025-090,"Aarav Joshi",CBSE-8,A,"August 2025",22,19,86.4,2025-08-31,"Arthur Pendelton","Middle School (Grades 6-8)"
ATT-SVIS-2025-090-September-2025,SVIS-2025-090,"Aarav Joshi",CBSE-8,A,"September 2025",21,18,85.7,2025-09-30,"Arthur Pendelton","Middle School (Grades 6-8)"
ATT-SVIS-2025-090-October-2025,SVIS-2025-090,"Aarav Joshi",CBSE-8,A,"October 2025",19,17,89.5,2025-10-31,"Arthur Pendelton","Middle School (Grades 6-8)"
ATT-SVIS-2025-090-November-2025,SVIS-2025-090,"Aarav Joshi",CBSE-8,A,"November 2025",22,19,86.4,2025-11-30,"Arthur Pendelton","Middle School (Grades 6-8)"
ATT-SVIS-2025-090-December-2025,SVIS-2025-090,"Aarav Joshi",CBSE-8,A,"December 2025",20,17,85,2025-12-31,"Arthur Pendelton","Middle School (Grades 6-8)"
ATT-SVIS-2025-090-January-2026,SVIS-2025-090,"Aarav Joshi",CBSE-8,A,"January 2026",21,18,85.7,2026-01-31,"Arthur Pendelton","Middle School (Grades 6-8)"
ATT-SVIS-2025-090-February-2026,SVIS-2025-090,"Aarav Joshi",CBSE-8,A,"February 2026",22,19,86.4,2026-02-28,"Arthur Pendelton","Middle School (Grades 6-8)"
ATT-SVIS-2025-090-March-2026,SVIS-2025-090,"Aarav Joshi",CBSE-8,A,"March 2026",23,20,87,2026-03-31,"Arthur Pendelton","Middle School (Grades 6-8)"
ATT-SVIS-2025-090-April-2026,SVIS-2025-090,"Aarav Joshi",CBSE-8,A,"April 2026",18,16,88.9,2026-04-30,"Arthur Pendelton","Middle School (Grades 6-8)"
ATT-SVIS-2025-091-June-2025,SVIS-2025-091,"Vihaan Banerjee",CBSE-9,A,"June 2025",20,18,90,2025-06-30,"Rajesh Kulkarni","Secondary Section (Grades 9-10)"
ATT-SVIS-2025-091-July-2025,SVIS-2025-091,"Vihaan Banerjee",CBSE-9,A,"July 2025",24,21,87.5,2025-07-31,"Rajesh Kulkarni","Secondary Section (Grades 9-10)"
ATT-SVIS-2025-091-August-2025,SVIS-2025-091,"Vihaan Banerjee",CBSE-9,A,"August 2025",22,19,86.4,2025-08-31,"Rajesh Kulkarni","Secondary Section (Grades 9-10)"
ATT-SVIS-2025-091-September-2025,SVIS-2025-091,"Vihaan Banerjee",CBSE-9,A,"September 2025",21,18,85.7,2025-09-30,"Rajesh Kulkarni","Secondary Section (Grades 9-10)"
ATT-SVIS-2025-091-October-2025,SVIS-2025-091,"Vihaan Banerjee",CBSE-9,A,"October 2025",19,17,89.5,2025-10-31,"Rajesh Kulkarni","Secondary Section (Grades 9-10)"
ATT-SVIS-2025-091-November-2025,SVIS-2025-091,"Vihaan Banerjee",CBSE-9,A,"November 2025",22,19,86.4,2025-11-30,"Rajesh Kulkarni","Secondary Section (Grades 9-10)"
ATT-SVIS-2025-091-December-2025,SVIS-2025-091,"Vihaan Banerjee",CBSE-9,A,"December 2025",20,18,90,2025-12-31,"Rajesh Kulkarni","Secondary Section (Grades 9-10)"
ATT-SVIS-2025-091-January-2026,SVIS-2025-091,"Vihaan Banerjee",CBSE-9,A,"January 2026",21,18,85.7,2026-01-31,"Rajesh Kulkarni","Secondary Section (Grades 9-10)"
ATT-SVIS-2025-091-February-2026,SVIS-2025-091,"Vihaan Banerjee",CBSE-9,A,"February 2026",22,19,86.4,2026-02-28,"Rajesh Kulkarni","Secondary Section (Grades 9-10)"
ATT-SVIS-2025-091-March-2026,SVIS-2025-091,"Vihaan Banerjee",CBSE-9,A,"March 2026",23,20,87,2026-03-31,"Rajesh Kulkarni","Secondary Section (Grades 9-10)"
ATT-SVIS-2025-091-April-2026,SVIS-2025-091,"Vihaan Banerjee",CBSE-9,A,"April 2026",18,16,88.9,2026-04-30,"Rajesh Kulkarni","Secondary Section (Grades 9-10)"
ATT-SVIS-2025-092-June-2025,SVIS-2025-092,"Reyansh Nair",CBSE-9,B,"June 2025",20,18,90,2025-06-30,"Rajesh Kulkarni","Secondary Section (Grades 9-10)"
ATT-SVIS-2025-092-July-2025,SVIS-2025-092,"Reyansh Nair",CBSE-9,B,"July 2025",24,21,87.5,2025-07-31,"Rajesh Kulkarni","Secondary Section (Grades 9-10)"
ATT-SVIS-2025-092-August-2025,SVIS-2025-092,"Reyansh Nair",CBSE-9,B,"August 2025",22,20,90.9,2025-08-31,"Rajesh Kulkarni","Secondary Section (Grades 9-10)"
ATT-SVIS-2025-092-September-2025,SVIS-2025-092,"Reyansh Nair",CBSE-9,B,"September 2025",21,19,90.5,2025-09-30,"Rajesh Kulkarni","Secondary Section (Grades 9-10)"
ATT-SVIS-2025-092-October-2025,SVIS-2025-092,"Reyansh Nair",CBSE-9,B,"October 2025",19,17,89.5,2025-10-31,"Rajesh Kulkarni","Secondary Section (Grades 9-10)"
ATT-SVIS-2025-092-November-2025,SVIS-2025-092,"Reyansh Nair",CBSE-9,B,"November 2025",22,20,90.9,2025-11-30,"Rajesh Kulkarni","Secondary Section (Grades 9-10)"
ATT-SVIS-2025-092-December-2025,SVIS-2025-092,"Reyansh Nair",CBSE-9,B,"December 2025",20,18,90,2025-12-31,"Rajesh Kulkarni","Secondary Section (Grades 9-10)"
ATT-SVIS-2025-092-January-2026,SVIS-2025-092,"Reyansh Nair",CBSE-9,B,"January 2026",21,19,90.5,2026-01-31,"Rajesh Kulkarni","Secondary Section (Grades 9-10)"
ATT-SVIS-2025-092-February-2026,SVIS-2025-092,"Reyansh Nair",CBSE-9,B,"February 2026",22,20,90.9,2026-02-28,"Rajesh Kulkarni","Secondary Section (Grades 9-10)"
ATT-SVIS-2025-092-March-2026,SVIS-2025-092,"Reyansh Nair",CBSE-9,B,"March 2026",23,20,87,2026-03-31,"Rajesh Kulkarni","Secondary Section (Grades 9-10)"
ATT-SVIS-2025-092-April-2026,SVIS-2025-092,"Reyansh Nair",CBSE-9,B,"April 2026",18,16,88.9,2026-04-30,"Rajesh Kulkarni","Secondary Section (Grades 9-10)"
ATT-SVIS-2025-093-June-2025,SVIS-2025-093,"Ishaan Bhat",CBSE-9,A,"June 2025",20,18,90,2025-06-30,"Rajesh Kulkarni","Secondary Section (Grades 9-10)"
ATT-SVIS-2025-093-July-2025,SVIS-2025-093,"Ishaan Bhat",CBSE-9,A,"July 2025",24,22,91.7,2025-07-31,"Rajesh Kulkarni","Secondary Section (Grades 9-10)"
ATT-SVIS-2025-093-August-2025,SVIS-2025-093,"Ishaan Bhat",CBSE-9,A,"August 2025",22,20,90.9,2025-08-31,"Rajesh Kulkarni","Secondary Section (Grades 9-10)"
ATT-SVIS-2025-093-September-2025,SVIS-2025-093,"Ishaan Bhat",CBSE-9,A,"September 2025",21,19,90.5,2025-09-30,"Rajesh Kulkarni","Secondary Section (Grades 9-10)"
ATT-SVIS-2025-093-October-2025,SVIS-2025-093,"Ishaan Bhat",CBSE-9,A,"October 2025",19,17,89.5,2025-10-31,"Rajesh Kulkarni","Secondary Section (Grades 9-10)"
ATT-SVIS-2025-093-November-2025,SVIS-2025-093,"Ishaan Bhat",CBSE-9,A,"November 2025",22,20,90.9,2025-11-30,"Rajesh Kulkarni","Secondary Section (Grades 9-10)"
ATT-SVIS-2025-093-December-2025,SVIS-2025-093,"Ishaan Bhat",CBSE-9,A,"December 2025",20,18,90,2025-12-31,"Rajesh Kulkarni","Secondary Section (Grades 9-10)"
ATT-SVIS-2025-093-January-2026,SVIS-2025-093,"Ishaan Bhat",CBSE-9,A,"January 2026",21,19,90.5,2026-01-31,"Rajesh Kulkarni","Secondary Section (Grades 9-10)"
ATT-SVIS-2025-093-February-2026,SVIS-2025-093,"Ishaan Bhat",CBSE-9,A,"February 2026",22,20,90.9,2026-02-28,"Rajesh Kulkarni","Secondary Section (Grades 9-10)"
ATT-SVIS-2025-093-March-2026,SVIS-2025-093,"Ishaan Bhat",CBSE-9,A,"March 2026",23,21,91.3,2026-03-31,"Rajesh Kulkarni","Secondary Section (Grades 9-10)"
ATT-SVIS-2025-093-April-2026,SVIS-2025-093,"Ishaan Bhat",CBSE-9,A,"April 2026",18,16,88.9,2026-04-30,"Rajesh Kulkarni","Secondary Section (Grades 9-10)"
ATT-SVIS-2025-094-June-2025,SVIS-2025-094,"Advik Ghosh",CBSE-9,B,"June 2025",20,18,90,2025-06-30,"Rajesh Kulkarni","Secondary Section (Grades 9-10)"
ATT-SVIS-2025-094-July-2025,SVIS-2025-094,"Advik Ghosh",CBSE-9,B,"July 2025",24,22,91.7,2025-07-31,"Rajesh Kulkarni","Secondary Section (Grades 9-10)"
ATT-SVIS-2025-094-August-2025,SVIS-2025-094,"Advik Ghosh",CBSE-9,B,"August 2025",22,20,90.9,2025-08-31,"Rajesh Kulkarni","Secondary Section (Grades 9-10)"
ATT-SVIS-2025-094-September-2025,SVIS-2025-094,"Advik Ghosh",CBSE-9,B,"September 2025",21,19,90.5,2025-09-30,"Rajesh Kulkarni","Secondary Section (Grades 9-10)"
ATT-SVIS-2025-094-October-2025,SVIS-2025-094,"Advik Ghosh",CBSE-9,B,"October 2025",19,17,89.5,2025-10-31,"Rajesh Kulkarni","Secondary Section (Grades 9-10)"
ATT-SVIS-2025-094-November-2025,SVIS-2025-094,"Advik Ghosh",CBSE-9,B,"November 2025",22,20,90.9,2025-11-30,"Rajesh Kulkarni","Secondary Section (Grades 9-10)"
ATT-SVIS-2025-094-December-2025,SVIS-2025-094,"Advik Ghosh",CBSE-9,B,"December 2025",20,18,90,2025-12-31,"Rajesh Kulkarni","Secondary Section (Grades 9-10)"
ATT-SVIS-2025-094-January-2026,SVIS-2025-094,"Advik Ghosh",CBSE-9,B,"January 2026",21,19,90.5,2026-01-31,"Rajesh Kulkarni","Secondary Section (Grades 9-10)"
ATT-SVIS-2025-094-February-2026,SVIS-2025-094,"Advik Ghosh",CBSE-9,B,"February 2026",22,20,90.9,2026-02-28,"Rajesh Kulkarni","Secondary Section (Grades 9-10)"
ATT-SVIS-2025-094-March-2026,SVIS-2025-094,"Advik Ghosh",CBSE-9,B,"March 2026",23,21,91.3,2026-03-31,"Rajesh Kulkarni","Secondary Section (Grades 9-10)"
ATT-SVIS-2025-094-April-2026,SVIS-2025-094,"Advik Ghosh",CBSE-9,B,"April 2026",18,16,88.9,2026-04-30,"Rajesh Kulkarni","Secondary Section (Grades 9-10)"
ATT-SVIS-2025-095-June-2025,SVIS-2025-095,"Ananya Iyer",CBSE-9,A,"June 2025",20,18,90,2025-06-30,"Rajesh Kulkarni","Secondary Section (Grades 9-10)"
ATT-SVIS-2025-095-July-2025,SVIS-2025-095,"Ananya Iyer",CBSE-9,A,"July 2025",24,22,91.7,2025-07-31,"Rajesh Kulkarni","Secondary Section (Grades 9-10)"
ATT-SVIS-2025-095-August-2025,SVIS-2025-095,"Ananya Iyer",CBSE-9,A,"August 2025",22,20,90.9,2025-08-31,"Rajesh Kulkarni","Secondary Section (Grades 9-10)"
ATT-SVIS-2025-095-September-2025,SVIS-2025-095,"Ananya Iyer",CBSE-9,A,"September 2025",21,19,90.5,2025-09-30,"Rajesh Kulkarni","Secondary Section (Grades 9-10)"
ATT-SVIS-2025-095-October-2025,SVIS-2025-095,"Ananya Iyer",CBSE-9,A,"October 2025",19,17,89.5,2025-10-31,"Rajesh Kulkarni","Secondary Section (Grades 9-10)"
ATT-SVIS-2025-095-November-2025,SVIS-2025-095,"Ananya Iyer",CBSE-9,A,"November 2025",22,20,90.9,2025-11-30,"Rajesh Kulkarni","Secondary Section (Grades 9-10)"
ATT-SVIS-2025-095-December-2025,SVIS-2025-095,"Ananya Iyer",CBSE-9,A,"December 2025",20,18,90,2025-12-31,"Rajesh Kulkarni","Secondary Section (Grades 9-10)"
ATT-SVIS-2025-095-January-2026,SVIS-2025-095,"Ananya Iyer",CBSE-9,A,"January 2026",21,19,90.5,2026-01-31,"Rajesh Kulkarni","Secondary Section (Grades 9-10)"
ATT-SVIS-2025-095-February-2026,SVIS-2025-095,"Ananya Iyer",CBSE-9,A,"February 2026",22,20,90.9,2026-02-28,"Rajesh Kulkarni","Secondary Section (Grades 9-10)"
ATT-SVIS-2025-095-March-2026,SVIS-2025-095,"Ananya Iyer",CBSE-9,A,"March 2026",23,21,91.3,2026-03-31,"Rajesh Kulkarni","Secondary Section (Grades 9-10)"
ATT-SVIS-2025-095-April-2026,SVIS-2025-095,"Ananya Iyer",CBSE-9,A,"April 2026",18,17,94.4,2026-04-30,"Rajesh Kulkarni","Secondary Section (Grades 9-10)"
ATT-SVIS-2025-096-June-2025,SVIS-2025-096,"Aadhya Rao",CBSE-9,B,"June 2025",20,14,70,2025-06-30,"Rajesh Kulkarni","Secondary Section (Grades 9-10)"
ATT-SVIS-2025-096-July-2025,SVIS-2025-096,"Aadhya Rao",CBSE-9,B,"July 2025",24,17,70.8,2025-07-31,"Rajesh Kulkarni","Secondary Section (Grades 9-10)"
ATT-SVIS-2025-096-August-2025,SVIS-2025-096,"Aadhya Rao",CBSE-9,B,"August 2025",22,16,72.7,2025-08-31,"Rajesh Kulkarni","Secondary Section (Grades 9-10)"
ATT-SVIS-2025-096-September-2025,SVIS-2025-096,"Aadhya Rao",CBSE-9,B,"September 2025",21,18,85.7,2025-09-30,"Rajesh Kulkarni","Secondary Section (Grades 9-10)"
ATT-SVIS-2025-096-October-2025,SVIS-2025-096,"Aadhya Rao",CBSE-9,B,"October 2025",19,17,89.5,2025-10-31,"Rajesh Kulkarni","Secondary Section (Grades 9-10)"
ATT-SVIS-2025-096-November-2025,SVIS-2025-096,"Aadhya Rao",CBSE-9,B,"November 2025",22,19,86.4,2025-11-30,"Rajesh Kulkarni","Secondary Section (Grades 9-10)"
ATT-SVIS-2025-096-December-2025,SVIS-2025-096,"Aadhya Rao",CBSE-9,B,"December 2025",20,18,90,2025-12-31,"Rajesh Kulkarni","Secondary Section (Grades 9-10)"
ATT-SVIS-2025-096-January-2026,SVIS-2025-096,"Aadhya Rao",CBSE-9,B,"January 2026",21,18,85.7,2026-01-31,"Rajesh Kulkarni","Secondary Section (Grades 9-10)"
ATT-SVIS-2025-096-February-2026,SVIS-2025-096,"Aadhya Rao",CBSE-9,B,"February 2026",22,19,86.4,2026-02-28,"Rajesh Kulkarni","Secondary Section (Grades 9-10)"
ATT-SVIS-2025-096-March-2026,SVIS-2025-096,"Aadhya Rao",CBSE-9,B,"March 2026",23,20,87,2026-03-31,"Rajesh Kulkarni","Secondary Section (Grades 9-10)"
ATT-SVIS-2025-096-April-2026,SVIS-2025-096,"Aadhya Rao",CBSE-9,B,"April 2026",18,16,88.9,2026-04-30,"Rajesh Kulkarni","Secondary Section (Grades 9-10)"
ATT-SVIS-2025-097-June-2025,SVIS-2025-097,"Saanvi Chatterjee",CBSE-9,A,"June 2025",20,19,95,2025-06-30,"Rajesh Kulkarni","Secondary Section (Grades 9-10)"
ATT-SVIS-2025-097-July-2025,SVIS-2025-097,"Saanvi Chatterjee",CBSE-9,A,"July 2025",24,23,95.8,2025-07-31,"Rajesh Kulkarni","Secondary Section (Grades 9-10)"
ATT-SVIS-2025-097-August-2025,SVIS-2025-097,"Saanvi Chatterjee",CBSE-9,A,"August 2025",22,21,95.5,2025-08-31,"Rajesh Kulkarni","Secondary Section (Grades 9-10)"
ATT-SVIS-2025-097-September-2025,SVIS-2025-097,"Saanvi Chatterjee",CBSE-9,A,"September 2025",21,20,95.2,2025-09-30,"Rajesh Kulkarni","Secondary Section (Grades 9-10)"
ATT-SVIS-2025-097-October-2025,SVIS-2025-097,"Saanvi Chatterjee",CBSE-9,A,"October 2025",19,18,94.7,2025-10-31,"Rajesh Kulkarni","Secondary Section (Grades 9-10)"
ATT-SVIS-2025-097-November-2025,SVIS-2025-097,"Saanvi Chatterjee",CBSE-9,A,"November 2025",22,21,95.5,2025-11-30,"Rajesh Kulkarni","Secondary Section (Grades 9-10)"
ATT-SVIS-2025-097-December-2025,SVIS-2025-097,"Saanvi Chatterjee",CBSE-9,A,"December 2025",20,19,95,2025-12-31,"Rajesh Kulkarni","Secondary Section (Grades 9-10)"
ATT-SVIS-2025-097-January-2026,SVIS-2025-097,"Saanvi Chatterjee",CBSE-9,A,"January 2026",21,20,95.2,2026-01-31,"Rajesh Kulkarni","Secondary Section (Grades 9-10)"
ATT-SVIS-2025-097-February-2026,SVIS-2025-097,"Saanvi Chatterjee",CBSE-9,A,"February 2026",22,21,95.5,2026-02-28,"Rajesh Kulkarni","Secondary Section (Grades 9-10)"
ATT-SVIS-2025-097-March-2026,SVIS-2025-097,"Saanvi Chatterjee",CBSE-9,A,"March 2026",23,22,95.7,2026-03-31,"Rajesh Kulkarni","Secondary Section (Grades 9-10)"
ATT-SVIS-2025-097-April-2026,SVIS-2025-097,"Saanvi Chatterjee",CBSE-9,A,"April 2026",18,17,94.4,2026-04-30,"Rajesh Kulkarni","Secondary Section (Grades 9-10)"
ATT-SVIS-2025-098-June-2025,SVIS-2025-098,"Ira Gupta",CBSE-9,B,"June 2025",20,19,95,2025-06-30,"Rajesh Kulkarni","Secondary Section (Grades 9-10)"
ATT-SVIS-2025-098-July-2025,SVIS-2025-098,"Ira Gupta",CBSE-9,B,"July 2025",24,23,95.8,2025-07-31,"Rajesh Kulkarni","Secondary Section (Grades 9-10)"
ATT-SVIS-2025-098-August-2025,SVIS-2025-098,"Ira Gupta",CBSE-9,B,"August 2025",22,21,95.5,2025-08-31,"Rajesh Kulkarni","Secondary Section (Grades 9-10)"
ATT-SVIS-2025-098-September-2025,SVIS-2025-098,"Ira Gupta",CBSE-9,B,"September 2025",21,20,95.2,2025-09-30,"Rajesh Kulkarni","Secondary Section (Grades 9-10)"
ATT-SVIS-2025-098-October-2025,SVIS-2025-098,"Ira Gupta",CBSE-9,B,"October 2025",19,18,94.7,2025-10-31,"Rajesh Kulkarni","Secondary Section (Grades 9-10)"
ATT-SVIS-2025-098-November-2025,SVIS-2025-098,"Ira Gupta",CBSE-9,B,"November 2025",22,21,95.5,2025-11-30,"Rajesh Kulkarni","Secondary Section (Grades 9-10)"
ATT-SVIS-2025-098-December-2025,SVIS-2025-098,"Ira Gupta",CBSE-9,B,"December 2025",20,19,95,2025-12-31,"Rajesh Kulkarni","Secondary Section (Grades 9-10)"
ATT-SVIS-2025-098-January-2026,SVIS-2025-098,"Ira Gupta",CBSE-9,B,"January 2026",21,20,95.2,2026-01-31,"Rajesh Kulkarni","Secondary Section (Grades 9-10)"
ATT-SVIS-2025-098-February-2026,SVIS-2025-098,"Ira Gupta",CBSE-9,B,"February 2026",22,21,95.5,2026-02-28,"Rajesh Kulkarni","Secondary Section (Grades 9-10)"
ATT-SVIS-2025-098-March-2026,SVIS-2025-098,"Ira Gupta",CBSE-9,B,"March 2026",23,22,95.7,2026-03-31,"Rajesh Kulkarni","Secondary Section (Grades 9-10)"
ATT-SVIS-2025-098-April-2026,SVIS-2025-098,"Ira Gupta",CBSE-9,B,"April 2026",18,17,94.4,2026-04-30,"Rajesh Kulkarni","Secondary Section (Grades 9-10)"
ATT-SVIS-2025-099-June-2025,SVIS-2025-099,"Kavya Choudhury",CBSE-9,A,"June 2025",20,19,95,2025-06-30,"Rajesh Kulkarni","Secondary Section (Grades 9-10)"
ATT-SVIS-2025-099-July-2025,SVIS-2025-099,"Kavya Choudhury",CBSE-9,A,"July 2025",24,23,95.8,2025-07-31,"Rajesh Kulkarni","Secondary Section (Grades 9-10)"
ATT-SVIS-2025-099-August-2025,SVIS-2025-099,"Kavya Choudhury",CBSE-9,A,"August 2025",22,21,95.5,2025-08-31,"Rajesh Kulkarni","Secondary Section (Grades 9-10)"
ATT-SVIS-2025-099-September-2025,SVIS-2025-099,"Kavya Choudhury",CBSE-9,A,"September 2025",21,20,95.2,2025-09-30,"Rajesh Kulkarni","Secondary Section (Grades 9-10)"
ATT-SVIS-2025-099-October-2025,SVIS-2025-099,"Kavya Choudhury",CBSE-9,A,"October 2025",19,18,94.7,2025-10-31,"Rajesh Kulkarni","Secondary Section (Grades 9-10)"
ATT-SVIS-2025-099-November-2025,SVIS-2025-099,"Kavya Choudhury",CBSE-9,A,"November 2025",22,21,95.5,2025-11-30,"Rajesh Kulkarni","Secondary Section (Grades 9-10)"
ATT-SVIS-2025-099-December-2025,SVIS-2025-099,"Kavya Choudhury",CBSE-9,A,"December 2025",20,19,95,2025-12-31,"Rajesh Kulkarni","Secondary Section (Grades 9-10)"
ATT-SVIS-2025-099-January-2026,SVIS-2025-099,"Kavya Choudhury",CBSE-9,A,"January 2026",21,20,95.2,2026-01-31,"Rajesh Kulkarni","Secondary Section (Grades 9-10)"
ATT-SVIS-2025-099-February-2026,SVIS-2025-099,"Kavya Choudhury",CBSE-9,A,"February 2026",22,21,95.5,2026-02-28,"Rajesh Kulkarni","Secondary Section (Grades 9-10)"
ATT-SVIS-2025-099-March-2026,SVIS-2025-099,"Kavya Choudhury",CBSE-9,A,"March 2026",23,22,95.7,2026-03-31,"Rajesh Kulkarni","Secondary Section (Grades 9-10)"
ATT-SVIS-2025-099-April-2026,SVIS-2025-099,"Kavya Choudhury",CBSE-9,A,"April 2026",18,17,94.4,2026-04-30,"Rajesh Kulkarni","Secondary Section (Grades 9-10)"
ATT-SVIS-2025-100-June-2025,SVIS-2025-100,"Aarav Sharma",CBSE-9,B,"June 2025",20,19,95,2025-06-30,"Rajesh Kulkarni","Secondary Section (Grades 9-10)"
ATT-SVIS-2025-100-July-2025,SVIS-2025-100,"Aarav Sharma",CBSE-9,B,"July 2025",24,23,95.8,2025-07-31,"Rajesh Kulkarni","Secondary Section (Grades 9-10)"
ATT-SVIS-2025-100-August-2025,SVIS-2025-100,"Aarav Sharma",CBSE-9,B,"August 2025",22,21,95.5,2025-08-31,"Rajesh Kulkarni","Secondary Section (Grades 9-10)"
ATT-SVIS-2025-100-September-2025,SVIS-2025-100,"Aarav Sharma",CBSE-9,B,"September 2025",21,20,95.2,2025-09-30,"Rajesh Kulkarni","Secondary Section (Grades 9-10)"
ATT-SVIS-2025-100-October-2025,SVIS-2025-100,"Aarav Sharma",CBSE-9,B,"October 2025",19,18,94.7,2025-10-31,"Rajesh Kulkarni","Secondary Section (Grades 9-10)"
ATT-SVIS-2025-100-November-2025,SVIS-2025-100,"Aarav Sharma",CBSE-9,B,"November 2025",22,21,95.5,2025-11-30,"Rajesh Kulkarni","Secondary Section (Grades 9-10)"
ATT-SVIS-2025-100-December-2025,SVIS-2025-100,"Aarav Sharma",CBSE-9,B,"December 2025",20,19,95,2025-12-31,"Rajesh Kulkarni","Secondary Section (Grades 9-10)"
ATT-SVIS-2025-100-January-2026,SVIS-2025-100,"Aarav Sharma",CBSE-9,B,"January 2026",21,20,95.2,2026-01-31,"Rajesh Kulkarni","Secondary Section (Grades 9-10)"
ATT-SVIS-2025-100-February-2026,SVIS-2025-100,"Aarav Sharma",CBSE-9,B,"February 2026",22,21,95.5,2026-02-28,"Rajesh Kulkarni","Secondary Section (Grades 9-10)"
ATT-SVIS-2025-100-March-2026,SVIS-2025-100,"Aarav Sharma",CBSE-9,B,"March 2026",23,22,95.7,2026-03-31,"Rajesh Kulkarni","Secondary Section (Grades 9-10)"
ATT-SVIS-2025-100-April-2026,SVIS-2025-100,"Aarav Sharma",CBSE-9,B,"April 2026",18,17,94.4,2026-04-30,"Rajesh Kulkarni","Secondary Section (Grades 9-10)"
ATT-SVIS-2025-101-June-2025,SVIS-2025-101,"Vihaan Singh",CBSE-9,A,"June 2025",20,20,100,2025-06-30,"Rajesh Kulkarni","Secondary Section (Grades 9-10)"
ATT-SVIS-2025-101-July-2025,SVIS-2025-101,"Vihaan Singh",CBSE-9,A,"July 2025",24,24,100,2025-07-31,"Rajesh Kulkarni","Secondary Section (Grades 9-10)"
ATT-SVIS-2025-101-August-2025,SVIS-2025-101,"Vihaan Singh",CBSE-9,A,"August 2025",22,22,100,2025-08-31,"Rajesh Kulkarni","Secondary Section (Grades 9-10)"
ATT-SVIS-2025-101-September-2025,SVIS-2025-101,"Vihaan Singh",CBSE-9,A,"September 2025",21,21,100,2025-09-30,"Rajesh Kulkarni","Secondary Section (Grades 9-10)"
ATT-SVIS-2025-101-October-2025,SVIS-2025-101,"Vihaan Singh",CBSE-9,A,"October 2025",19,19,100,2025-10-31,"Rajesh Kulkarni","Secondary Section (Grades 9-10)"
ATT-SVIS-2025-101-November-2025,SVIS-2025-101,"Vihaan Singh",CBSE-9,A,"November 2025",22,22,100,2025-11-30,"Rajesh Kulkarni","Secondary Section (Grades 9-10)"
ATT-SVIS-2025-101-December-2025,SVIS-2025-101,"Vihaan Singh",CBSE-9,A,"December 2025",20,20,100,2025-12-31,"Rajesh Kulkarni","Secondary Section (Grades 9-10)"
ATT-SVIS-2025-101-January-2026,SVIS-2025-101,"Vihaan Singh",CBSE-9,A,"January 2026",21,21,100,2026-01-31,"Rajesh Kulkarni","Secondary Section (Grades 9-10)"
ATT-SVIS-2025-101-February-2026,SVIS-2025-101,"Vihaan Singh",CBSE-9,A,"February 2026",22,22,100,2026-02-28,"Rajesh Kulkarni","Secondary Section (Grades 9-10)"
ATT-SVIS-2025-101-March-2026,SVIS-2025-101,"Vihaan Singh",CBSE-9,A,"March 2026",23,23,100,2026-03-31,"Rajesh Kulkarni","Secondary Section (Grades 9-10)"
ATT-SVIS-2025-101-April-2026,SVIS-2025-101,"Vihaan Singh",CBSE-9,A,"April 2026",18,18,100,2026-04-30,"Rajesh Kulkarni","Secondary Section (Grades 9-10)"
ATT-SVIS-2025-102-June-2025,SVIS-2025-102,"Reyansh Mehta",CBSE-9,B,"June 2025",20,16,80,2025-06-30,"Rajesh Kulkarni","Secondary Section (Grades 9-10)"
ATT-SVIS-2025-102-July-2025,SVIS-2025-102,"Reyansh Mehta",CBSE-9,B,"July 2025",24,20,83.3,2025-07-31,"Rajesh Kulkarni","Secondary Section (Grades 9-10)"
ATT-SVIS-2025-102-August-2025,SVIS-2025-102,"Reyansh Mehta",CBSE-9,B,"August 2025",22,18,81.8,2025-08-31,"Rajesh Kulkarni","Secondary Section (Grades 9-10)"
ATT-SVIS-2025-102-September-2025,SVIS-2025-102,"Reyansh Mehta",CBSE-9,B,"September 2025",21,17,81,2025-09-30,"Rajesh Kulkarni","Secondary Section (Grades 9-10)"
ATT-SVIS-2025-102-October-2025,SVIS-2025-102,"Reyansh Mehta",CBSE-9,B,"October 2025",19,16,84.2,2025-10-31,"Rajesh Kulkarni","Secondary Section (Grades 9-10)"
ATT-SVIS-2025-102-November-2025,SVIS-2025-102,"Reyansh Mehta",CBSE-9,B,"November 2025",22,18,81.8,2025-11-30,"Rajesh Kulkarni","Secondary Section (Grades 9-10)"
ATT-SVIS-2025-102-December-2025,SVIS-2025-102,"Reyansh Mehta",CBSE-9,B,"December 2025",20,16,80,2025-12-31,"Rajesh Kulkarni","Secondary Section (Grades 9-10)"
ATT-SVIS-2025-102-January-2026,SVIS-2025-102,"Reyansh Mehta",CBSE-9,B,"January 2026",21,17,81,2026-01-31,"Rajesh Kulkarni","Secondary Section (Grades 9-10)"
ATT-SVIS-2025-102-February-2026,SVIS-2025-102,"Reyansh Mehta",CBSE-9,B,"February 2026",22,18,81.8,2026-02-28,"Rajesh Kulkarni","Secondary Section (Grades 9-10)"
ATT-SVIS-2025-102-March-2026,SVIS-2025-102,"Reyansh Mehta",CBSE-9,B,"March 2026",23,19,82.6,2026-03-31,"Rajesh Kulkarni","Secondary Section (Grades 9-10)"
ATT-SVIS-2025-102-April-2026,SVIS-2025-102,"Reyansh Mehta",CBSE-9,B,"April 2026",18,15,83.3,2026-04-30,"Rajesh Kulkarni","Secondary Section (Grades 9-10)"
ATT-SVIS-2025-103-June-2025,SVIS-2025-103,"Ishaan Verma",CBSE-9,A,"June 2025",20,17,85,2025-06-30,"Rajesh Kulkarni","Secondary Section (Grades 9-10)"
ATT-SVIS-2025-103-July-2025,SVIS-2025-103,"Ishaan Verma",CBSE-9,A,"July 2025",24,20,83.3,2025-07-31,"Rajesh Kulkarni","Secondary Section (Grades 9-10)"
ATT-SVIS-2025-103-August-2025,SVIS-2025-103,"Ishaan Verma",CBSE-9,A,"August 2025",22,18,81.8,2025-08-31,"Rajesh Kulkarni","Secondary Section (Grades 9-10)"
ATT-SVIS-2025-103-September-2025,SVIS-2025-103,"Ishaan Verma",CBSE-9,A,"September 2025",21,17,81,2025-09-30,"Rajesh Kulkarni","Secondary Section (Grades 9-10)"
ATT-SVIS-2025-103-October-2025,SVIS-2025-103,"Ishaan Verma",CBSE-9,A,"October 2025",19,16,84.2,2025-10-31,"Rajesh Kulkarni","Secondary Section (Grades 9-10)"
ATT-SVIS-2025-103-November-2025,SVIS-2025-103,"Ishaan Verma",CBSE-9,A,"November 2025",22,18,81.8,2025-11-30,"Rajesh Kulkarni","Secondary Section (Grades 9-10)"
ATT-SVIS-2025-103-December-2025,SVIS-2025-103,"Ishaan Verma",CBSE-9,A,"December 2025",20,17,85,2025-12-31,"Rajesh Kulkarni","Secondary Section (Grades 9-10)"
ATT-SVIS-2025-103-January-2026,SVIS-2025-103,"Ishaan Verma",CBSE-9,A,"January 2026",21,17,81,2026-01-31,"Rajesh Kulkarni","Secondary Section (Grades 9-10)"
ATT-SVIS-2025-103-February-2026,SVIS-2025-103,"Ishaan Verma",CBSE-9,A,"February 2026",22,18,81.8,2026-02-28,"Rajesh Kulkarni","Secondary Section (Grades 9-10)"
ATT-SVIS-2025-103-March-2026,SVIS-2025-103,"Ishaan Verma",CBSE-9,A,"March 2026",23,19,82.6,2026-03-31,"Rajesh Kulkarni","Secondary Section (Grades 9-10)"
ATT-SVIS-2025-103-April-2026,SVIS-2025-103,"Ishaan Verma",CBSE-9,A,"April 2026",18,15,83.3,2026-04-30,"Rajesh Kulkarni","Secondary Section (Grades 9-10)"
ATT-SVIS-2025-104-June-2025,SVIS-2025-104,"Advik Deshmukh",CBSE-9,B,"June 2025",20,17,85,2025-06-30,"Rajesh Kulkarni","Secondary Section (Grades 9-10)"
ATT-SVIS-2025-104-July-2025,SVIS-2025-104,"Advik Deshmukh",CBSE-9,B,"July 2025",24,20,83.3,2025-07-31,"Rajesh Kulkarni","Secondary Section (Grades 9-10)"
ATT-SVIS-2025-104-August-2025,SVIS-2025-104,"Advik Deshmukh",CBSE-9,B,"August 2025",22,18,81.8,2025-08-31,"Rajesh Kulkarni","Secondary Section (Grades 9-10)"
ATT-SVIS-2025-104-September-2025,SVIS-2025-104,"Advik Deshmukh",CBSE-9,B,"September 2025",21,18,85.7,2025-09-30,"Rajesh Kulkarni","Secondary Section (Grades 9-10)"
ATT-SVIS-2025-104-October-2025,SVIS-2025-104,"Advik Deshmukh",CBSE-9,B,"October 2025",19,16,84.2,2025-10-31,"Rajesh Kulkarni","Secondary Section (Grades 9-10)"
ATT-SVIS-2025-104-November-2025,SVIS-2025-104,"Advik Deshmukh",CBSE-9,B,"November 2025",22,18,81.8,2025-11-30,"Rajesh Kulkarni","Secondary Section (Grades 9-10)"
ATT-SVIS-2025-104-December-2025,SVIS-2025-104,"Advik Deshmukh",CBSE-9,B,"December 2025",20,17,85,2025-12-31,"Rajesh Kulkarni","Secondary Section (Grades 9-10)"
ATT-SVIS-2025-104-January-2026,SVIS-2025-104,"Advik Deshmukh",CBSE-9,B,"January 2026",21,18,85.7,2026-01-31,"Rajesh Kulkarni","Secondary Section (Grades 9-10)"
ATT-SVIS-2025-104-February-2026,SVIS-2025-104,"Advik Deshmukh",CBSE-9,B,"February 2026",22,18,81.8,2026-02-28,"Rajesh Kulkarni","Secondary Section (Grades 9-10)"
ATT-SVIS-2025-104-March-2026,SVIS-2025-104,"Advik Deshmukh",CBSE-9,B,"March 2026",23,19,82.6,2026-03-31,"Rajesh Kulkarni","Secondary Section (Grades 9-10)"
ATT-SVIS-2025-104-April-2026,SVIS-2025-104,"Advik Deshmukh",CBSE-9,B,"April 2026",18,15,83.3,2026-04-30,"Rajesh Kulkarni","Secondary Section (Grades 9-10)"
ATT-SVIS-2025-105-June-2025,SVIS-2025-105,"Ananya Shah",CBSE-9,A,"June 2025",20,17,85,2025-06-30,"Rajesh Kulkarni","Secondary Section (Grades 9-10)"
ATT-SVIS-2025-105-July-2025,SVIS-2025-105,"Ananya Shah",CBSE-9,A,"July 2025",24,20,83.3,2025-07-31,"Rajesh Kulkarni","Secondary Section (Grades 9-10)"
ATT-SVIS-2025-105-August-2025,SVIS-2025-105,"Ananya Shah",CBSE-9,A,"August 2025",22,19,86.4,2025-08-31,"Rajesh Kulkarni","Secondary Section (Grades 9-10)"
ATT-SVIS-2025-105-September-2025,SVIS-2025-105,"Ananya Shah",CBSE-9,A,"September 2025",21,18,85.7,2025-09-30,"Rajesh Kulkarni","Secondary Section (Grades 9-10)"
ATT-SVIS-2025-105-October-2025,SVIS-2025-105,"Ananya Shah",CBSE-9,A,"October 2025",19,16,84.2,2025-10-31,"Rajesh Kulkarni","Secondary Section (Grades 9-10)"
ATT-SVIS-2025-105-November-2025,SVIS-2025-105,"Ananya Shah",CBSE-9,A,"November 2025",22,19,86.4,2025-11-30,"Rajesh Kulkarni","Secondary Section (Grades 9-10)"
ATT-SVIS-2025-105-December-2025,SVIS-2025-105,"Ananya Shah",CBSE-9,A,"December 2025",20,17,85,2025-12-31,"Rajesh Kulkarni","Secondary Section (Grades 9-10)"
ATT-SVIS-2025-105-January-2026,SVIS-2025-105,"Ananya Shah",CBSE-9,A,"January 2026",21,18,85.7,2026-01-31,"Rajesh Kulkarni","Secondary Section (Grades 9-10)"
ATT-SVIS-2025-105-February-2026,SVIS-2025-105,"Ananya Shah",CBSE-9,A,"February 2026",22,19,86.4,2026-02-28,"Rajesh Kulkarni","Secondary Section (Grades 9-10)"
ATT-SVIS-2025-105-March-2026,SVIS-2025-105,"Ananya Shah",CBSE-9,A,"March 2026",23,20,87,2026-03-31,"Rajesh Kulkarni","Secondary Section (Grades 9-10)"
ATT-SVIS-2025-105-April-2026,SVIS-2025-105,"Ananya Shah",CBSE-9,A,"April 2026",18,15,83.3,2026-04-30,"Rajesh Kulkarni","Secondary Section (Grades 9-10)"
ATT-SVIS-2025-106-June-2025,SVIS-2025-106,"Aadhya Patel",CBSE-10,A,"June 2025",20,17,85,2025-06-30,"Rajesh Kulkarni","Secondary Section (Grades 9-10)"
ATT-SVIS-2025-106-July-2025,SVIS-2025-106,"Aadhya Patel",CBSE-10,A,"July 2025",24,21,87.5,2025-07-31,"Rajesh Kulkarni","Secondary Section (Grades 9-10)"
ATT-SVIS-2025-106-August-2025,SVIS-2025-106,"Aadhya Patel",CBSE-10,A,"August 2025",22,19,86.4,2025-08-31,"Rajesh Kulkarni","Secondary Section (Grades 9-10)"
ATT-SVIS-2025-106-September-2025,SVIS-2025-106,"Aadhya Patel",CBSE-10,A,"September 2025",21,18,85.7,2025-09-30,"Rajesh Kulkarni","Secondary Section (Grades 9-10)"
ATT-SVIS-2025-106-October-2025,SVIS-2025-106,"Aadhya Patel",CBSE-10,A,"October 2025",19,16,84.2,2025-10-31,"Rajesh Kulkarni","Secondary Section (Grades 9-10)"
ATT-SVIS-2025-106-November-2025,SVIS-2025-106,"Aadhya Patel",CBSE-10,A,"November 2025",22,19,86.4,2025-11-30,"Rajesh Kulkarni","Secondary Section (Grades 9-10)"
ATT-SVIS-2025-106-December-2025,SVIS-2025-106,"Aadhya Patel",CBSE-10,A,"December 2025",20,17,85,2025-12-31,"Rajesh Kulkarni","Secondary Section (Grades 9-10)"
ATT-SVIS-2025-106-January-2026,SVIS-2025-106,"Aadhya Patel",CBSE-10,A,"January 2026",21,18,85.7,2026-01-31,"Rajesh Kulkarni","Secondary Section (Grades 9-10)"
ATT-SVIS-2025-106-February-2026,SVIS-2025-106,"Aadhya Patel",CBSE-10,A,"February 2026",22,19,86.4,2026-02-28,"Rajesh Kulkarni","Secondary Section (Grades 9-10)"
ATT-SVIS-2025-106-March-2026,SVIS-2025-106,"Aadhya Patel",CBSE-10,A,"March 2026",23,20,87,2026-03-31,"Rajesh Kulkarni","Secondary Section (Grades 9-10)"
ATT-SVIS-2025-106-April-2026,SVIS-2025-106,"Aadhya Patel",CBSE-10,A,"April 2026",18,15,83.3,2026-04-30,"Rajesh Kulkarni","Secondary Section (Grades 9-10)"
ATT-SVIS-2025-107-June-2025,SVIS-2025-107,"Saanvi Kulkarni",CBSE-10,B,"June 2025",20,17,85,2025-06-30,"Rajesh Kulkarni","Secondary Section (Grades 9-10)"
ATT-SVIS-2025-107-July-2025,SVIS-2025-107,"Saanvi Kulkarni",CBSE-10,B,"July 2025",24,21,87.5,2025-07-31,"Rajesh Kulkarni","Secondary Section (Grades 9-10)"
ATT-SVIS-2025-107-August-2025,SVIS-2025-107,"Saanvi Kulkarni",CBSE-10,B,"August 2025",22,19,86.4,2025-08-31,"Rajesh Kulkarni","Secondary Section (Grades 9-10)"
ATT-SVIS-2025-107-September-2025,SVIS-2025-107,"Saanvi Kulkarni",CBSE-10,B,"September 2025",21,18,85.7,2025-09-30,"Rajesh Kulkarni","Secondary Section (Grades 9-10)"
ATT-SVIS-2025-107-October-2025,SVIS-2025-107,"Saanvi Kulkarni",CBSE-10,B,"October 2025",19,17,89.5,2025-10-31,"Rajesh Kulkarni","Secondary Section (Grades 9-10)"
ATT-SVIS-2025-107-November-2025,SVIS-2025-107,"Saanvi Kulkarni",CBSE-10,B,"November 2025",22,19,86.4,2025-11-30,"Rajesh Kulkarni","Secondary Section (Grades 9-10)"
ATT-SVIS-2025-107-December-2025,SVIS-2025-107,"Saanvi Kulkarni",CBSE-10,B,"December 2025",20,17,85,2025-12-31,"Rajesh Kulkarni","Secondary Section (Grades 9-10)"
ATT-SVIS-2025-107-January-2026,SVIS-2025-107,"Saanvi Kulkarni",CBSE-10,B,"January 2026",21,18,85.7,2026-01-31,"Rajesh Kulkarni","Secondary Section (Grades 9-10)"
ATT-SVIS-2025-107-February-2026,SVIS-2025-107,"Saanvi Kulkarni",CBSE-10,B,"February 2026",22,19,86.4,2026-02-28,"Rajesh Kulkarni","Secondary Section (Grades 9-10)"
ATT-SVIS-2025-107-March-2026,SVIS-2025-107,"Saanvi Kulkarni",CBSE-10,B,"March 2026",23,20,87,2026-03-31,"Rajesh Kulkarni","Secondary Section (Grades 9-10)"
ATT-SVIS-2025-107-April-2026,SVIS-2025-107,"Saanvi Kulkarni",CBSE-10,B,"April 2026",18,16,88.9,2026-04-30,"Rajesh Kulkarni","Secondary Section (Grades 9-10)"
ATT-SVIS-2025-108-June-2025,SVIS-2025-108,"Ira Mukherjee",CBSE-10,A,"June 2025",20,18,90,2025-06-30,"Rajesh Kulkarni","Secondary Section (Grades 9-10)"
ATT-SVIS-2025-108-July-2025,SVIS-2025-108,"Ira Mukherjee",CBSE-10,A,"July 2025",24,21,87.5,2025-07-31,"Rajesh Kulkarni","Secondary Section (Grades 9-10)"
ATT-SVIS-2025-108-August-2025,SVIS-2025-108,"Ira Mukherjee",CBSE-10,A,"August 2025",22,19,86.4,2025-08-31,"Rajesh Kulkarni","Secondary Section (Grades 9-10)"
ATT-SVIS-2025-108-September-2025,SVIS-2025-108,"Ira Mukherjee",CBSE-10,A,"September 2025",21,18,85.7,2025-09-30,"Rajesh Kulkarni","Secondary Section (Grades 9-10)"
ATT-SVIS-2025-108-October-2025,SVIS-2025-108,"Ira Mukherjee",CBSE-10,A,"October 2025",19,17,89.5,2025-10-31,"Rajesh Kulkarni","Secondary Section (Grades 9-10)"
ATT-SVIS-2025-108-November-2025,SVIS-2025-108,"Ira Mukherjee",CBSE-10,A,"November 2025",22,19,86.4,2025-11-30,"Rajesh Kulkarni","Secondary Section (Grades 9-10)"
ATT-SVIS-2025-108-December-2025,SVIS-2025-108,"Ira Mukherjee",CBSE-10,A,"December 2025",20,18,90,2025-12-31,"Rajesh Kulkarni","Secondary Section (Grades 9-10)"
ATT-SVIS-2025-108-January-2026,SVIS-2025-108,"Ira Mukherjee",CBSE-10,A,"January 2026",21,18,85.7,2026-01-31,"Rajesh Kulkarni","Secondary Section (Grades 9-10)"
ATT-SVIS-2025-108-February-2026,SVIS-2025-108,"Ira Mukherjee",CBSE-10,A,"February 2026",22,19,86.4,2026-02-28,"Rajesh Kulkarni","Secondary Section (Grades 9-10)"
ATT-SVIS-2025-108-March-2026,SVIS-2025-108,"Ira Mukherjee",CBSE-10,A,"March 2026",23,20,87,2026-03-31,"Rajesh Kulkarni","Secondary Section (Grades 9-10)"
ATT-SVIS-2025-108-April-2026,SVIS-2025-108,"Ira Mukherjee",CBSE-10,A,"April 2026",18,16,88.9,2026-04-30,"Rajesh Kulkarni","Secondary Section (Grades 9-10)"
ATT-SVIS-2025-109-June-2025,SVIS-2025-109,"Kavya Reddy",CBSE-10,B,"June 2025",20,18,90,2025-06-30,"Rajesh Kulkarni","Secondary Section (Grades 9-10)"
ATT-SVIS-2025-109-July-2025,SVIS-2025-109,"Kavya Reddy",CBSE-10,B,"July 2025",24,21,87.5,2025-07-31,"Rajesh Kulkarni","Secondary Section (Grades 9-10)"
ATT-SVIS-2025-109-August-2025,SVIS-2025-109,"Kavya Reddy",CBSE-10,B,"August 2025",22,20,90.9,2025-08-31,"Rajesh Kulkarni","Secondary Section (Grades 9-10)"
ATT-SVIS-2025-109-September-2025,SVIS-2025-109,"Kavya Reddy",CBSE-10,B,"September 2025",21,19,90.5,2025-09-30,"Rajesh Kulkarni","Secondary Section (Grades 9-10)"
ATT-SVIS-2025-109-October-2025,SVIS-2025-109,"Kavya Reddy",CBSE-10,B,"October 2025",19,17,89.5,2025-10-31,"Rajesh Kulkarni","Secondary Section (Grades 9-10)"
ATT-SVIS-2025-109-November-2025,SVIS-2025-109,"Kavya Reddy",CBSE-10,B,"November 2025",22,20,90.9,2025-11-30,"Rajesh Kulkarni","Secondary Section (Grades 9-10)"
ATT-SVIS-2025-109-December-2025,SVIS-2025-109,"Kavya Reddy",CBSE-10,B,"December 2025",20,18,90,2025-12-31,"Rajesh Kulkarni","Secondary Section (Grades 9-10)"
ATT-SVIS-2025-109-January-2026,SVIS-2025-109,"Kavya Reddy",CBSE-10,B,"January 2026",21,19,90.5,2026-01-31,"Rajesh Kulkarni","Secondary Section (Grades 9-10)"
ATT-SVIS-2025-109-February-2026,SVIS-2025-109,"Kavya Reddy",CBSE-10,B,"February 2026",22,20,90.9,2026-02-28,"Rajesh Kulkarni","Secondary Section (Grades 9-10)"
ATT-SVIS-2025-109-March-2026,SVIS-2025-109,"Kavya Reddy",CBSE-10,B,"March 2026",23,20,87,2026-03-31,"Rajesh Kulkarni","Secondary Section (Grades 9-10)"
ATT-SVIS-2025-109-April-2026,SVIS-2025-109,"Kavya Reddy",CBSE-10,B,"April 2026",18,16,88.9,2026-04-30,"Rajesh Kulkarni","Secondary Section (Grades 9-10)"
ATT-SVIS-2025-110-June-2025,SVIS-2025-110,"Aarav Joshi",CBSE-10,A,"June 2025",20,18,90,2025-06-30,"Rajesh Kulkarni","Secondary Section (Grades 9-10)"
ATT-SVIS-2025-110-July-2025,SVIS-2025-110,"Aarav Joshi",CBSE-10,A,"July 2025",24,22,91.7,2025-07-31,"Rajesh Kulkarni","Secondary Section (Grades 9-10)"
ATT-SVIS-2025-110-August-2025,SVIS-2025-110,"Aarav Joshi",CBSE-10,A,"August 2025",22,20,90.9,2025-08-31,"Rajesh Kulkarni","Secondary Section (Grades 9-10)"
ATT-SVIS-2025-110-September-2025,SVIS-2025-110,"Aarav Joshi",CBSE-10,A,"September 2025",21,19,90.5,2025-09-30,"Rajesh Kulkarni","Secondary Section (Grades 9-10)"
ATT-SVIS-2025-110-October-2025,SVIS-2025-110,"Aarav Joshi",CBSE-10,A,"October 2025",19,17,89.5,2025-10-31,"Rajesh Kulkarni","Secondary Section (Grades 9-10)"
ATT-SVIS-2025-110-November-2025,SVIS-2025-110,"Aarav Joshi",CBSE-10,A,"November 2025",22,20,90.9,2025-11-30,"Rajesh Kulkarni","Secondary Section (Grades 9-10)"
ATT-SVIS-2025-110-December-2025,SVIS-2025-110,"Aarav Joshi",CBSE-10,A,"December 2025",20,18,90,2025-12-31,"Rajesh Kulkarni","Secondary Section (Grades 9-10)"
ATT-SVIS-2025-110-January-2026,SVIS-2025-110,"Aarav Joshi",CBSE-10,A,"January 2026",21,19,90.5,2026-01-31,"Rajesh Kulkarni","Secondary Section (Grades 9-10)"
ATT-SVIS-2025-110-February-2026,SVIS-2025-110,"Aarav Joshi",CBSE-10,A,"February 2026",22,20,90.9,2026-02-28,"Rajesh Kulkarni","Secondary Section (Grades 9-10)"
ATT-SVIS-2025-110-March-2026,SVIS-2025-110,"Aarav Joshi",CBSE-10,A,"March 2026",23,21,91.3,2026-03-31,"Rajesh Kulkarni","Secondary Section (Grades 9-10)"
ATT-SVIS-2025-110-April-2026,SVIS-2025-110,"Aarav Joshi",CBSE-10,A,"April 2026",18,16,88.9,2026-04-30,"Rajesh Kulkarni","Secondary Section (Grades 9-10)"
ATT-SVIS-2025-111-June-2025,SVIS-2025-111,"Vihaan Banerjee",CBSE-10,B,"June 2025",20,18,90,2025-06-30,"Rajesh Kulkarni","Secondary Section (Grades 9-10)"
ATT-SVIS-2025-111-July-2025,SVIS-2025-111,"Vihaan Banerjee",CBSE-10,B,"July 2025",24,22,91.7,2025-07-31,"Rajesh Kulkarni","Secondary Section (Grades 9-10)"
ATT-SVIS-2025-111-August-2025,SVIS-2025-111,"Vihaan Banerjee",CBSE-10,B,"August 2025",22,20,90.9,2025-08-31,"Rajesh Kulkarni","Secondary Section (Grades 9-10)"
ATT-SVIS-2025-111-September-2025,SVIS-2025-111,"Vihaan Banerjee",CBSE-10,B,"September 2025",21,19,90.5,2025-09-30,"Rajesh Kulkarni","Secondary Section (Grades 9-10)"
ATT-SVIS-2025-111-October-2025,SVIS-2025-111,"Vihaan Banerjee",CBSE-10,B,"October 2025",19,17,89.5,2025-10-31,"Rajesh Kulkarni","Secondary Section (Grades 9-10)"
ATT-SVIS-2025-111-November-2025,SVIS-2025-111,"Vihaan Banerjee",CBSE-10,B,"November 2025",22,20,90.9,2025-11-30,"Rajesh Kulkarni","Secondary Section (Grades 9-10)"
ATT-SVIS-2025-111-December-2025,SVIS-2025-111,"Vihaan Banerjee",CBSE-10,B,"December 2025",20,18,90,2025-12-31,"Rajesh Kulkarni","Secondary Section (Grades 9-10)"
ATT-SVIS-2025-111-January-2026,SVIS-2025-111,"Vihaan Banerjee",CBSE-10,B,"January 2026",21,19,90.5,2026-01-31,"Rajesh Kulkarni","Secondary Section (Grades 9-10)"
ATT-SVIS-2025-111-February-2026,SVIS-2025-111,"Vihaan Banerjee",CBSE-10,B,"February 2026",22,20,90.9,2026-02-28,"Rajesh Kulkarni","Secondary Section (Grades 9-10)"
ATT-SVIS-2025-111-March-2026,SVIS-2025-111,"Vihaan Banerjee",CBSE-10,B,"March 2026",23,21,91.3,2026-03-31,"Rajesh Kulkarni","Secondary Section (Grades 9-10)"
ATT-SVIS-2025-111-April-2026,SVIS-2025-111,"Vihaan Banerjee",CBSE-10,B,"April 2026",18,16,88.9,2026-04-30,"Rajesh Kulkarni","Secondary Section (Grades 9-10)"
ATT-SVIS-2025-112-June-2025,SVIS-2025-112,"Reyansh Nair",CBSE-10,A,"June 2025",20,14,70,2025-06-30,"Rajesh Kulkarni","Secondary Section (Grades 9-10)"
ATT-SVIS-2025-112-July-2025,SVIS-2025-112,"Reyansh Nair",CBSE-10,A,"July 2025",24,17,70.8,2025-07-31,"Rajesh Kulkarni","Secondary Section (Grades 9-10)"
ATT-SVIS-2025-112-August-2025,SVIS-2025-112,"Reyansh Nair",CBSE-10,A,"August 2025",22,16,72.7,2025-08-31,"Rajesh Kulkarni","Secondary Section (Grades 9-10)"
ATT-SVIS-2025-112-September-2025,SVIS-2025-112,"Reyansh Nair",CBSE-10,A,"September 2025",21,18,85.7,2025-09-30,"Rajesh Kulkarni","Secondary Section (Grades 9-10)"
ATT-SVIS-2025-112-October-2025,SVIS-2025-112,"Reyansh Nair",CBSE-10,A,"October 2025",19,17,89.5,2025-10-31,"Rajesh Kulkarni","Secondary Section (Grades 9-10)"
ATT-SVIS-2025-112-November-2025,SVIS-2025-112,"Reyansh Nair",CBSE-10,A,"November 2025",22,19,86.4,2025-11-30,"Rajesh Kulkarni","Secondary Section (Grades 9-10)"
ATT-SVIS-2025-112-December-2025,SVIS-2025-112,"Reyansh Nair",CBSE-10,A,"December 2025",20,18,90,2025-12-31,"Rajesh Kulkarni","Secondary Section (Grades 9-10)"
ATT-SVIS-2025-112-January-2026,SVIS-2025-112,"Reyansh Nair",CBSE-10,A,"January 2026",21,18,85.7,2026-01-31,"Rajesh Kulkarni","Secondary Section (Grades 9-10)"
ATT-SVIS-2025-112-February-2026,SVIS-2025-112,"Reyansh Nair",CBSE-10,A,"February 2026",22,19,86.4,2026-02-28,"Rajesh Kulkarni","Secondary Section (Grades 9-10)"
ATT-SVIS-2025-112-March-2026,SVIS-2025-112,"Reyansh Nair",CBSE-10,A,"March 2026",23,20,87,2026-03-31,"Rajesh Kulkarni","Secondary Section (Grades 9-10)"
ATT-SVIS-2025-112-April-2026,SVIS-2025-112,"Reyansh Nair",CBSE-10,A,"April 2026",18,16,88.9,2026-04-30,"Rajesh Kulkarni","Secondary Section (Grades 9-10)"
ATT-SVIS-2025-113-June-2025,SVIS-2025-113,"Ishaan Bhat",CBSE-10,B,"June 2025",20,19,95,2025-06-30,"Rajesh Kulkarni","Secondary Section (Grades 9-10)"
ATT-SVIS-2025-113-July-2025,SVIS-2025-113,"Ishaan Bhat",CBSE-10,B,"July 2025",24,22,91.7,2025-07-31,"Rajesh Kulkarni","Secondary Section (Grades 9-10)"
ATT-SVIS-2025-113-August-2025,SVIS-2025-113,"Ishaan Bhat",CBSE-10,B,"August 2025",22,20,90.9,2025-08-31,"Rajesh Kulkarni","Secondary Section (Grades 9-10)"
ATT-SVIS-2025-113-September-2025,SVIS-2025-113,"Ishaan Bhat",CBSE-10,B,"September 2025",21,20,95.2,2025-09-30,"Rajesh Kulkarni","Secondary Section (Grades 9-10)"
ATT-SVIS-2025-113-October-2025,SVIS-2025-113,"Ishaan Bhat",CBSE-10,B,"October 2025",19,18,94.7,2025-10-31,"Rajesh Kulkarni","Secondary Section (Grades 9-10)"
ATT-SVIS-2025-113-November-2025,SVIS-2025-113,"Ishaan Bhat",CBSE-10,B,"November 2025",22,20,90.9,2025-11-30,"Rajesh Kulkarni","Secondary Section (Grades 9-10)"
ATT-SVIS-2025-113-December-2025,SVIS-2025-113,"Ishaan Bhat",CBSE-10,B,"December 2025",20,19,95,2025-12-31,"Rajesh Kulkarni","Secondary Section (Grades 9-10)"
ATT-SVIS-2025-113-January-2026,SVIS-2025-113,"Ishaan Bhat",CBSE-10,B,"January 2026",21,20,95.2,2026-01-31,"Rajesh Kulkarni","Secondary Section (Grades 9-10)"
ATT-SVIS-2025-113-February-2026,SVIS-2025-113,"Ishaan Bhat",CBSE-10,B,"February 2026",22,20,90.9,2026-02-28,"Rajesh Kulkarni","Secondary Section (Grades 9-10)"
ATT-SVIS-2025-113-March-2026,SVIS-2025-113,"Ishaan Bhat",CBSE-10,B,"March 2026",23,21,91.3,2026-03-31,"Rajesh Kulkarni","Secondary Section (Grades 9-10)"
ATT-SVIS-2025-113-April-2026,SVIS-2025-113,"Ishaan Bhat",CBSE-10,B,"April 2026",18,17,94.4,2026-04-30,"Rajesh Kulkarni","Secondary Section (Grades 9-10)"
ATT-SVIS-2025-114-June-2025,SVIS-2025-114,"Advik Ghosh",CBSE-10,A,"June 2025",20,19,95,2025-06-30,"Rajesh Kulkarni","Secondary Section (Grades 9-10)"
ATT-SVIS-2025-114-July-2025,SVIS-2025-114,"Advik Ghosh",CBSE-10,A,"July 2025",24,23,95.8,2025-07-31,"Rajesh Kulkarni","Secondary Section (Grades 9-10)"
ATT-SVIS-2025-114-August-2025,SVIS-2025-114,"Advik Ghosh",CBSE-10,A,"August 2025",22,21,95.5,2025-08-31,"Rajesh Kulkarni","Secondary Section (Grades 9-10)"
ATT-SVIS-2025-114-September-2025,SVIS-2025-114,"Advik Ghosh",CBSE-10,A,"September 2025",21,20,95.2,2025-09-30,"Rajesh Kulkarni","Secondary Section (Grades 9-10)"
ATT-SVIS-2025-114-October-2025,SVIS-2025-114,"Advik Ghosh",CBSE-10,A,"October 2025",19,18,94.7,2025-10-31,"Rajesh Kulkarni","Secondary Section (Grades 9-10)"
ATT-SVIS-2025-114-November-2025,SVIS-2025-114,"Advik Ghosh",CBSE-10,A,"November 2025",22,21,95.5,2025-11-30,"Rajesh Kulkarni","Secondary Section (Grades 9-10)"
ATT-SVIS-2025-114-December-2025,SVIS-2025-114,"Advik Ghosh",CBSE-10,A,"December 2025",20,19,95,2025-12-31,"Rajesh Kulkarni","Secondary Section (Grades 9-10)"
ATT-SVIS-2025-114-January-2026,SVIS-2025-114,"Advik Ghosh",CBSE-10,A,"January 2026",21,20,95.2,2026-01-31,"Rajesh Kulkarni","Secondary Section (Grades 9-10)"
ATT-SVIS-2025-114-February-2026,SVIS-2025-114,"Advik Ghosh",CBSE-10,A,"February 2026",22,21,95.5,2026-02-28,"Rajesh Kulkarni","Secondary Section (Grades 9-10)"
ATT-SVIS-2025-114-March-2026,SVIS-2025-114,"Advik Ghosh",CBSE-10,A,"March 2026",23,22,95.7,2026-03-31,"Rajesh Kulkarni","Secondary Section (Grades 9-10)"
ATT-SVIS-2025-114-April-2026,SVIS-2025-114,"Advik Ghosh",CBSE-10,A,"April 2026",18,17,94.4,2026-04-30,"Rajesh Kulkarni","Secondary Section (Grades 9-10)"
ATT-SVIS-2025-115-June-2025,SVIS-2025-115,"Ananya Iyer",CBSE-10,B,"June 2025",20,19,95,2025-06-30,"Rajesh Kulkarni","Secondary Section (Grades 9-10)"
ATT-SVIS-2025-115-July-2025,SVIS-2025-115,"Ananya Iyer",CBSE-10,B,"July 2025",24,23,95.8,2025-07-31,"Rajesh Kulkarni","Secondary Section (Grades 9-10)"
ATT-SVIS-2025-115-August-2025,SVIS-2025-115,"Ananya Iyer",CBSE-10,B,"August 2025",22,21,95.5,2025-08-31,"Rajesh Kulkarni","Secondary Section (Grades 9-10)"
ATT-SVIS-2025-115-September-2025,SVIS-2025-115,"Ananya Iyer",CBSE-10,B,"September 2025",21,20,95.2,2025-09-30,"Rajesh Kulkarni","Secondary Section (Grades 9-10)"
ATT-SVIS-2025-115-October-2025,SVIS-2025-115,"Ananya Iyer",CBSE-10,B,"October 2025",19,18,94.7,2025-10-31,"Rajesh Kulkarni","Secondary Section (Grades 9-10)"
ATT-SVIS-2025-115-November-2025,SVIS-2025-115,"Ananya Iyer",CBSE-10,B,"November 2025",22,21,95.5,2025-11-30,"Rajesh Kulkarni","Secondary Section (Grades 9-10)"
ATT-SVIS-2025-115-December-2025,SVIS-2025-115,"Ananya Iyer",CBSE-10,B,"December 2025",20,19,95,2025-12-31,"Rajesh Kulkarni","Secondary Section (Grades 9-10)"
ATT-SVIS-2025-115-January-2026,SVIS-2025-115,"Ananya Iyer",CBSE-10,B,"January 2026",21,20,95.2,2026-01-31,"Rajesh Kulkarni","Secondary Section (Grades 9-10)"
ATT-SVIS-2025-115-February-2026,SVIS-2025-115,"Ananya Iyer",CBSE-10,B,"February 2026",22,21,95.5,2026-02-28,"Rajesh Kulkarni","Secondary Section (Grades 9-10)"
ATT-SVIS-2025-115-March-2026,SVIS-2025-115,"Ananya Iyer",CBSE-10,B,"March 2026",23,22,95.7,2026-03-31,"Rajesh Kulkarni","Secondary Section (Grades 9-10)"
ATT-SVIS-2025-115-April-2026,SVIS-2025-115,"Ananya Iyer",CBSE-10,B,"April 2026",18,17,94.4,2026-04-30,"Rajesh Kulkarni","Secondary Section (Grades 9-10)"
ATT-SVIS-2025-116-June-2025,SVIS-2025-116,"Aadhya Rao",CBSE-10,A,"June 2025",20,19,95,2025-06-30,"Rajesh Kulkarni","Secondary Section (Grades 9-10)"
ATT-SVIS-2025-116-July-2025,SVIS-2025-116,"Aadhya Rao",CBSE-10,A,"July 2025",24,23,95.8,2025-07-31,"Rajesh Kulkarni","Secondary Section (Grades 9-10)"
ATT-SVIS-2025-116-August-2025,SVIS-2025-116,"Aadhya Rao",CBSE-10,A,"August 2025",22,21,95.5,2025-08-31,"Rajesh Kulkarni","Secondary Section (Grades 9-10)"
ATT-SVIS-2025-116-September-2025,SVIS-2025-116,"Aadhya Rao",CBSE-10,A,"September 2025",21,20,95.2,2025-09-30,"Rajesh Kulkarni","Secondary Section (Grades 9-10)"
ATT-SVIS-2025-116-October-2025,SVIS-2025-116,"Aadhya Rao",CBSE-10,A,"October 2025",19,18,94.7,2025-10-31,"Rajesh Kulkarni","Secondary Section (Grades 9-10)"
ATT-SVIS-2025-116-November-2025,SVIS-2025-116,"Aadhya Rao",CBSE-10,A,"November 2025",22,21,95.5,2025-11-30,"Rajesh Kulkarni","Secondary Section (Grades 9-10)"
ATT-SVIS-2025-116-December-2025,SVIS-2025-116,"Aadhya Rao",CBSE-10,A,"December 2025",20,19,95,2025-12-31,"Rajesh Kulkarni","Secondary Section (Grades 9-10)"
ATT-SVIS-2025-116-January-2026,SVIS-2025-116,"Aadhya Rao",CBSE-10,A,"January 2026",21,20,95.2,2026-01-31,"Rajesh Kulkarni","Secondary Section (Grades 9-10)"
ATT-SVIS-2025-116-February-2026,SVIS-2025-116,"Aadhya Rao",CBSE-10,A,"February 2026",22,21,95.5,2026-02-28,"Rajesh Kulkarni","Secondary Section (Grades 9-10)"
ATT-SVIS-2025-116-March-2026,SVIS-2025-116,"Aadhya Rao",CBSE-10,A,"March 2026",23,22,95.7,2026-03-31,"Rajesh Kulkarni","Secondary Section (Grades 9-10)"
ATT-SVIS-2025-116-April-2026,SVIS-2025-116,"Aadhya Rao",CBSE-10,A,"April 2026",18,17,94.4,2026-04-30,"Rajesh Kulkarni","Secondary Section (Grades 9-10)"
ATT-SVIS-2025-117-June-2025,SVIS-2025-117,"Saanvi Chatterjee",CBSE-10,B,"June 2025",20,19,95,2025-06-30,"Rajesh Kulkarni","Secondary Section (Grades 9-10)"
ATT-SVIS-2025-117-July-2025,SVIS-2025-117,"Saanvi Chatterjee",CBSE-10,B,"July 2025",24,23,95.8,2025-07-31,"Rajesh Kulkarni","Secondary Section (Grades 9-10)"
ATT-SVIS-2025-117-August-2025,SVIS-2025-117,"Saanvi Chatterjee",CBSE-10,B,"August 2025",22,21,95.5,2025-08-31,"Rajesh Kulkarni","Secondary Section (Grades 9-10)"
ATT-SVIS-2025-117-September-2025,SVIS-2025-117,"Saanvi Chatterjee",CBSE-10,B,"September 2025",21,20,95.2,2025-09-30,"Rajesh Kulkarni","Secondary Section (Grades 9-10)"
ATT-SVIS-2025-117-October-2025,SVIS-2025-117,"Saanvi Chatterjee",CBSE-10,B,"October 2025",19,18,94.7,2025-10-31,"Rajesh Kulkarni","Secondary Section (Grades 9-10)"
ATT-SVIS-2025-117-November-2025,SVIS-2025-117,"Saanvi Chatterjee",CBSE-10,B,"November 2025",22,21,95.5,2025-11-30,"Rajesh Kulkarni","Secondary Section (Grades 9-10)"
ATT-SVIS-2025-117-December-2025,SVIS-2025-117,"Saanvi Chatterjee",CBSE-10,B,"December 2025",20,19,95,2025-12-31,"Rajesh Kulkarni","Secondary Section (Grades 9-10)"
ATT-SVIS-2025-117-January-2026,SVIS-2025-117,"Saanvi Chatterjee",CBSE-10,B,"January 2026",21,20,95.2,2026-01-31,"Rajesh Kulkarni","Secondary Section (Grades 9-10)"
ATT-SVIS-2025-117-February-2026,SVIS-2025-117,"Saanvi Chatterjee",CBSE-10,B,"February 2026",22,21,95.5,2026-02-28,"Rajesh Kulkarni","Secondary Section (Grades 9-10)"
ATT-SVIS-2025-117-March-2026,SVIS-2025-117,"Saanvi Chatterjee",CBSE-10,B,"March 2026",23,22,95.7,2026-03-31,"Rajesh Kulkarni","Secondary Section (Grades 9-10)"
ATT-SVIS-2025-117-April-2026,SVIS-2025-117,"Saanvi Chatterjee",CBSE-10,B,"April 2026",18,17,94.4,2026-04-30,"Rajesh Kulkarni","Secondary Section (Grades 9-10)"
ATT-SVIS-2025-118-June-2025,SVIS-2025-118,"Ira Gupta",CBSE-10,A,"June 2025",20,20,100,2025-06-30,"Rajesh Kulkarni","Secondary Section (Grades 9-10)"
ATT-SVIS-2025-118-July-2025,SVIS-2025-118,"Ira Gupta",CBSE-10,A,"July 2025",24,24,100,2025-07-31,"Rajesh Kulkarni","Secondary Section (Grades 9-10)"
ATT-SVIS-2025-118-August-2025,SVIS-2025-118,"Ira Gupta",CBSE-10,A,"August 2025",22,22,100,2025-08-31,"Rajesh Kulkarni","Secondary Section (Grades 9-10)"
ATT-SVIS-2025-118-September-2025,SVIS-2025-118,"Ira Gupta",CBSE-10,A,"September 2025",21,21,100,2025-09-30,"Rajesh Kulkarni","Secondary Section (Grades 9-10)"
ATT-SVIS-2025-118-October-2025,SVIS-2025-118,"Ira Gupta",CBSE-10,A,"October 2025",19,19,100,2025-10-31,"Rajesh Kulkarni","Secondary Section (Grades 9-10)"
ATT-SVIS-2025-118-November-2025,SVIS-2025-118,"Ira Gupta",CBSE-10,A,"November 2025",22,22,100,2025-11-30,"Rajesh Kulkarni","Secondary Section (Grades 9-10)"
ATT-SVIS-2025-118-December-2025,SVIS-2025-118,"Ira Gupta",CBSE-10,A,"December 2025",20,20,100,2025-12-31,"Rajesh Kulkarni","Secondary Section (Grades 9-10)"
ATT-SVIS-2025-118-January-2026,SVIS-2025-118,"Ira Gupta",CBSE-10,A,"January 2026",21,21,100,2026-01-31,"Rajesh Kulkarni","Secondary Section (Grades 9-10)"
ATT-SVIS-2025-118-February-2026,SVIS-2025-118,"Ira Gupta",CBSE-10,A,"February 2026",22,22,100,2026-02-28,"Rajesh Kulkarni","Secondary Section (Grades 9-10)"
ATT-SVIS-2025-118-March-2026,SVIS-2025-118,"Ira Gupta",CBSE-10,A,"March 2026",23,23,100,2026-03-31,"Rajesh Kulkarni","Secondary Section (Grades 9-10)"
ATT-SVIS-2025-118-April-2026,SVIS-2025-118,"Ira Gupta",CBSE-10,A,"April 2026",18,18,100,2026-04-30,"Rajesh Kulkarni","Secondary Section (Grades 9-10)"
ATT-SVIS-2025-119-June-2025,SVIS-2025-119,"Kavya Choudhury",CBSE-10,B,"June 2025",20,16,80,2025-06-30,"Rajesh Kulkarni","Secondary Section (Grades 9-10)"
ATT-SVIS-2025-119-July-2025,SVIS-2025-119,"Kavya Choudhury",CBSE-10,B,"July 2025",24,20,83.3,2025-07-31,"Rajesh Kulkarni","Secondary Section (Grades 9-10)"
ATT-SVIS-2025-119-August-2025,SVIS-2025-119,"Kavya Choudhury",CBSE-10,B,"August 2025",22,18,81.8,2025-08-31,"Rajesh Kulkarni","Secondary Section (Grades 9-10)"
ATT-SVIS-2025-119-September-2025,SVIS-2025-119,"Kavya Choudhury",CBSE-10,B,"September 2025",21,17,81,2025-09-30,"Rajesh Kulkarni","Secondary Section (Grades 9-10)"
ATT-SVIS-2025-119-October-2025,SVIS-2025-119,"Kavya Choudhury",CBSE-10,B,"October 2025",19,16,84.2,2025-10-31,"Rajesh Kulkarni","Secondary Section (Grades 9-10)"
ATT-SVIS-2025-119-November-2025,SVIS-2025-119,"Kavya Choudhury",CBSE-10,B,"November 2025",22,18,81.8,2025-11-30,"Rajesh Kulkarni","Secondary Section (Grades 9-10)"
ATT-SVIS-2025-119-December-2025,SVIS-2025-119,"Kavya Choudhury",CBSE-10,B,"December 2025",20,16,80,2025-12-31,"Rajesh Kulkarni","Secondary Section (Grades 9-10)"
ATT-SVIS-2025-119-January-2026,SVIS-2025-119,"Kavya Choudhury",CBSE-10,B,"January 2026",21,17,81,2026-01-31,"Rajesh Kulkarni","Secondary Section (Grades 9-10)"
ATT-SVIS-2025-119-February-2026,SVIS-2025-119,"Kavya Choudhury",CBSE-10,B,"February 2026",22,18,81.8,2026-02-28,"Rajesh Kulkarni","Secondary Section (Grades 9-10)"
ATT-SVIS-2025-119-March-2026,SVIS-2025-119,"Kavya Choudhury",CBSE-10,B,"March 2026",23,19,82.6,2026-03-31,"Rajesh Kulkarni","Secondary Section (Grades 9-10)"
ATT-SVIS-2025-119-April-2026,SVIS-2025-119,"Kavya Choudhury",CBSE-10,B,"April 2026",18,15,83.3,2026-04-30,"Rajesh Kulkarni","Secondary Section (Grades 9-10)"
ATT-SVIS-2025-120-June-2025,SVIS-2025-120,"Aarav Sharma",CBSE-10,A,"June 2025",20,17,85,2025-06-30,"Rajesh Kulkarni","Secondary Section (Grades 9-10)"
ATT-SVIS-2025-120-July-2025,SVIS-2025-120,"Aarav Sharma",CBSE-10,A,"July 2025",24,20,83.3,2025-07-31,"Rajesh Kulkarni","Secondary Section (Grades 9-10)"
ATT-SVIS-2025-120-August-2025,SVIS-2025-120,"Aarav Sharma",CBSE-10,A,"August 2025",22,18,81.8,2025-08-31,"Rajesh Kulkarni","Secondary Section (Grades 9-10)"
ATT-SVIS-2025-120-September-2025,SVIS-2025-120,"Aarav Sharma",CBSE-10,A,"September 2025",21,17,81,2025-09-30,"Rajesh Kulkarni","Secondary Section (Grades 9-10)"
ATT-SVIS-2025-120-October-2025,SVIS-2025-120,"Aarav Sharma",CBSE-10,A,"October 2025",19,16,84.2,2025-10-31,"Rajesh Kulkarni","Secondary Section (Grades 9-10)"
ATT-SVIS-2025-120-November-2025,SVIS-2025-120,"Aarav Sharma",CBSE-10,A,"November 2025",22,18,81.8,2025-11-30,"Rajesh Kulkarni","Secondary Section (Grades 9-10)"
ATT-SVIS-2025-120-December-2025,SVIS-2025-120,"Aarav Sharma",CBSE-10,A,"December 2025",20,17,85,2025-12-31,"Rajesh Kulkarni","Secondary Section (Grades 9-10)"
ATT-SVIS-2025-120-January-2026,SVIS-2025-120,"Aarav Sharma",CBSE-10,A,"January 2026",21,17,81,2026-01-31,"Rajesh Kulkarni","Secondary Section (Grades 9-10)"
ATT-SVIS-2025-120-February-2026,SVIS-2025-120,"Aarav Sharma",CBSE-10,A,"February 2026",22,18,81.8,2026-02-28,"Rajesh Kulkarni","Secondary Section (Grades 9-10)"
ATT-SVIS-2025-120-March-2026,SVIS-2025-120,"Aarav Sharma",CBSE-10,A,"March 2026",23,19,82.6,2026-03-31,"Rajesh Kulkarni","Secondary Section (Grades 9-10)"
ATT-SVIS-2025-120-April-2026,SVIS-2025-120,"Aarav Sharma",CBSE-10,A,"April 2026",18,15,83.3,2026-04-30,"Rajesh Kulkarni","Secondary Section (Grades 9-10)"
ATT-SVIS-2025-121-June-2025,SVIS-2025-121,"Vihaan Singh",CBSE-11,A,"June 2025",20,17,85,2025-06-30,"Anita Sharma","Higher Secondary Section (Grades 11-12)"
ATT-SVIS-2025-121-July-2025,SVIS-2025-121,"Vihaan Singh",CBSE-11,A,"July 2025",24,20,83.3,2025-07-31,"Anita Sharma","Higher Secondary Section (Grades 11-12)"
ATT-SVIS-2025-121-August-2025,SVIS-2025-121,"Vihaan Singh",CBSE-11,A,"August 2025",22,18,81.8,2025-08-31,"Anita Sharma","Higher Secondary Section (Grades 11-12)"
ATT-SVIS-2025-121-September-2025,SVIS-2025-121,"Vihaan Singh",CBSE-11,A,"September 2025",21,18,85.7,2025-09-30,"Anita Sharma","Higher Secondary Section (Grades 11-12)"
ATT-SVIS-2025-121-October-2025,SVIS-2025-121,"Vihaan Singh",CBSE-11,A,"October 2025",19,16,84.2,2025-10-31,"Anita Sharma","Higher Secondary Section (Grades 11-12)"
ATT-SVIS-2025-121-November-2025,SVIS-2025-121,"Vihaan Singh",CBSE-11,A,"November 2025",22,18,81.8,2025-11-30,"Anita Sharma","Higher Secondary Section (Grades 11-12)"
ATT-SVIS-2025-121-December-2025,SVIS-2025-121,"Vihaan Singh",CBSE-11,A,"December 2025",20,17,85,2025-12-31,"Anita Sharma","Higher Secondary Section (Grades 11-12)"
ATT-SVIS-2025-121-January-2026,SVIS-2025-121,"Vihaan Singh",CBSE-11,A,"January 2026",21,18,85.7,2026-01-31,"Anita Sharma","Higher Secondary Section (Grades 11-12)"
ATT-SVIS-2025-121-February-2026,SVIS-2025-121,"Vihaan Singh",CBSE-11,A,"February 2026",22,18,81.8,2026-02-28,"Anita Sharma","Higher Secondary Section (Grades 11-12)"
ATT-SVIS-2025-121-March-2026,SVIS-2025-121,"Vihaan Singh",CBSE-11,A,"March 2026",23,19,82.6,2026-03-31,"Anita Sharma","Higher Secondary Section (Grades 11-12)"
ATT-SVIS-2025-121-April-2026,SVIS-2025-121,"Vihaan Singh",CBSE-11,A,"April 2026",18,15,83.3,2026-04-30,"Anita Sharma","Higher Secondary Section (Grades 11-12)"
ATT-SVIS-2025-122-June-2025,SVIS-2025-122,"Reyansh Mehta",CBSE-11,B,"June 2025",20,17,85,2025-06-30,"Anita Sharma","Higher Secondary Section (Grades 11-12)"
ATT-SVIS-2025-122-July-2025,SVIS-2025-122,"Reyansh Mehta",CBSE-11,B,"July 2025",24,20,83.3,2025-07-31,"Anita Sharma","Higher Secondary Section (Grades 11-12)"
ATT-SVIS-2025-122-August-2025,SVIS-2025-122,"Reyansh Mehta",CBSE-11,B,"August 2025",22,19,86.4,2025-08-31,"Anita Sharma","Higher Secondary Section (Grades 11-12)"
ATT-SVIS-2025-122-September-2025,SVIS-2025-122,"Reyansh Mehta",CBSE-11,B,"September 2025",21,18,85.7,2025-09-30,"Anita Sharma","Higher Secondary Section (Grades 11-12)"
ATT-SVIS-2025-122-October-2025,SVIS-2025-122,"Reyansh Mehta",CBSE-11,B,"October 2025",19,16,84.2,2025-10-31,"Anita Sharma","Higher Secondary Section (Grades 11-12)"
ATT-SVIS-2025-122-November-2025,SVIS-2025-122,"Reyansh Mehta",CBSE-11,B,"November 2025",22,19,86.4,2025-11-30,"Anita Sharma","Higher Secondary Section (Grades 11-12)"
ATT-SVIS-2025-122-December-2025,SVIS-2025-122,"Reyansh Mehta",CBSE-11,B,"December 2025",20,17,85,2025-12-31,"Anita Sharma","Higher Secondary Section (Grades 11-12)"
ATT-SVIS-2025-122-January-2026,SVIS-2025-122,"Reyansh Mehta",CBSE-11,B,"January 2026",21,18,85.7,2026-01-31,"Anita Sharma","Higher Secondary Section (Grades 11-12)"
ATT-SVIS-2025-122-February-2026,SVIS-2025-122,"Reyansh Mehta",CBSE-11,B,"February 2026",22,19,86.4,2026-02-28,"Anita Sharma","Higher Secondary Section (Grades 11-12)"
ATT-SVIS-2025-122-March-2026,SVIS-2025-122,"Reyansh Mehta",CBSE-11,B,"March 2026",23,20,87,2026-03-31,"Anita Sharma","Higher Secondary Section (Grades 11-12)"
ATT-SVIS-2025-122-April-2026,SVIS-2025-122,"Reyansh Mehta",CBSE-11,B,"April 2026",18,15,83.3,2026-04-30,"Anita Sharma","Higher Secondary Section (Grades 11-12)"
ATT-SVIS-2025-123-June-2025,SVIS-2025-123,"Ishaan Verma",CBSE-11,A,"June 2025",20,17,85,2025-06-30,"Anita Sharma","Higher Secondary Section (Grades 11-12)"
ATT-SVIS-2025-123-July-2025,SVIS-2025-123,"Ishaan Verma",CBSE-11,A,"July 2025",24,21,87.5,2025-07-31,"Anita Sharma","Higher Secondary Section (Grades 11-12)"
ATT-SVIS-2025-123-August-2025,SVIS-2025-123,"Ishaan Verma",CBSE-11,A,"August 2025",22,19,86.4,2025-08-31,"Anita Sharma","Higher Secondary Section (Grades 11-12)"
ATT-SVIS-2025-123-September-2025,SVIS-2025-123,"Ishaan Verma",CBSE-11,A,"September 2025",21,18,85.7,2025-09-30,"Anita Sharma","Higher Secondary Section (Grades 11-12)"
ATT-SVIS-2025-123-October-2025,SVIS-2025-123,"Ishaan Verma",CBSE-11,A,"October 2025",19,16,84.2,2025-10-31,"Anita Sharma","Higher Secondary Section (Grades 11-12)"
ATT-SVIS-2025-123-November-2025,SVIS-2025-123,"Ishaan Verma",CBSE-11,A,"November 2025",22,19,86.4,2025-11-30,"Anita Sharma","Higher Secondary Section (Grades 11-12)"
ATT-SVIS-2025-123-December-2025,SVIS-2025-123,"Ishaan Verma",CBSE-11,A,"December 2025",20,17,85,2025-12-31,"Anita Sharma","Higher Secondary Section (Grades 11-12)"
ATT-SVIS-2025-123-January-2026,SVIS-2025-123,"Ishaan Verma",CBSE-11,A,"January 2026",21,18,85.7,2026-01-31,"Anita Sharma","Higher Secondary Section (Grades 11-12)"
ATT-SVIS-2025-123-February-2026,SVIS-2025-123,"Ishaan Verma",CBSE-11,A,"February 2026",22,19,86.4,2026-02-28,"Anita Sharma","Higher Secondary Section (Grades 11-12)"
ATT-SVIS-2025-123-March-2026,SVIS-2025-123,"Ishaan Verma",CBSE-11,A,"March 2026",23,20,87,2026-03-31,"Anita Sharma","Higher Secondary Section (Grades 11-12)"
ATT-SVIS-2025-123-April-2026,SVIS-2025-123,"Ishaan Verma",CBSE-11,A,"April 2026",18,15,83.3,2026-04-30,"Anita Sharma","Higher Secondary Section (Grades 11-12)"
ATT-SVIS-2025-124-June-2025,SVIS-2025-124,"Advik Deshmukh",CBSE-11,B,"June 2025",20,17,85,2025-06-30,"Anita Sharma","Higher Secondary Section (Grades 11-12)"
ATT-SVIS-2025-124-July-2025,SVIS-2025-124,"Advik Deshmukh",CBSE-11,B,"July 2025",24,21,87.5,2025-07-31,"Anita Sharma","Higher Secondary Section (Grades 11-12)"
ATT-SVIS-2025-124-August-2025,SVIS-2025-124,"Advik Deshmukh",CBSE-11,B,"August 2025",22,19,86.4,2025-08-31,"Anita Sharma","Higher Secondary Section (Grades 11-12)"
ATT-SVIS-2025-124-September-2025,SVIS-2025-124,"Advik Deshmukh",CBSE-11,B,"September 2025",21,18,85.7,2025-09-30,"Anita Sharma","Higher Secondary Section (Grades 11-12)"
ATT-SVIS-2025-124-October-2025,SVIS-2025-124,"Advik Deshmukh",CBSE-11,B,"October 2025",19,17,89.5,2025-10-31,"Anita Sharma","Higher Secondary Section (Grades 11-12)"
ATT-SVIS-2025-124-November-2025,SVIS-2025-124,"Advik Deshmukh",CBSE-11,B,"November 2025",22,19,86.4,2025-11-30,"Anita Sharma","Higher Secondary Section (Grades 11-12)"
ATT-SVIS-2025-124-December-2025,SVIS-2025-124,"Advik Deshmukh",CBSE-11,B,"December 2025",20,17,85,2025-12-31,"Anita Sharma","Higher Secondary Section (Grades 11-12)"
ATT-SVIS-2025-124-January-2026,SVIS-2025-124,"Advik Deshmukh",CBSE-11,B,"January 2026",21,18,85.7,2026-01-31,"Anita Sharma","Higher Secondary Section (Grades 11-12)"
ATT-SVIS-2025-124-February-2026,SVIS-2025-124,"Advik Deshmukh",CBSE-11,B,"February 2026",22,19,86.4,2026-02-28,"Anita Sharma","Higher Secondary Section (Grades 11-12)"
ATT-SVIS-2025-124-March-2026,SVIS-2025-124,"Advik Deshmukh",CBSE-11,B,"March 2026",23,20,87,2026-03-31,"Anita Sharma","Higher Secondary Section (Grades 11-12)"
ATT-SVIS-2025-124-April-2026,SVIS-2025-124,"Advik Deshmukh",CBSE-11,B,"April 2026",18,16,88.9,2026-04-30,"Anita Sharma","Higher Secondary Section (Grades 11-12)"
ATT-SVIS-2025-125-June-2025,SVIS-2025-125,"Ananya Shah",CBSE-11,A,"June 2025",20,18,90,2025-06-30,"Anita Sharma","Higher Secondary Section (Grades 11-12)"
ATT-SVIS-2025-125-July-2025,SVIS-2025-125,"Ananya Shah",CBSE-11,A,"July 2025",24,21,87.5,2025-07-31,"Anita Sharma","Higher Secondary Section (Grades 11-12)"
ATT-SVIS-2025-125-August-2025,SVIS-2025-125,"Ananya Shah",CBSE-11,A,"August 2025",22,19,86.4,2025-08-31,"Anita Sharma","Higher Secondary Section (Grades 11-12)"
ATT-SVIS-2025-125-September-2025,SVIS-2025-125,"Ananya Shah",CBSE-11,A,"September 2025",21,18,85.7,2025-09-30,"Anita Sharma","Higher Secondary Section (Grades 11-12)"
ATT-SVIS-2025-125-October-2025,SVIS-2025-125,"Ananya Shah",CBSE-11,A,"October 2025",19,17,89.5,2025-10-31,"Anita Sharma","Higher Secondary Section (Grades 11-12)"
ATT-SVIS-2025-125-November-2025,SVIS-2025-125,"Ananya Shah",CBSE-11,A,"November 2025",22,19,86.4,2025-11-30,"Anita Sharma","Higher Secondary Section (Grades 11-12)"
ATT-SVIS-2025-125-December-2025,SVIS-2025-125,"Ananya Shah",CBSE-11,A,"December 2025",20,18,90,2025-12-31,"Anita Sharma","Higher Secondary Section (Grades 11-12)"
ATT-SVIS-2025-125-January-2026,SVIS-2025-125,"Ananya Shah",CBSE-11,A,"January 2026",21,18,85.7,2026-01-31,"Anita Sharma","Higher Secondary Section (Grades 11-12)"
ATT-SVIS-2025-125-February-2026,SVIS-2025-125,"Ananya Shah",CBSE-11,A,"February 2026",22,19,86.4,2026-02-28,"Anita Sharma","Higher Secondary Section (Grades 11-12)"
ATT-SVIS-2025-125-March-2026,SVIS-2025-125,"Ananya Shah",CBSE-11,A,"March 2026",23,20,87,2026-03-31,"Anita Sharma","Higher Secondary Section (Grades 11-12)"
ATT-SVIS-2025-125-April-2026,SVIS-2025-125,"Ananya Shah",CBSE-11,A,"April 2026",18,16,88.9,2026-04-30,"Anita Sharma","Higher Secondary Section (Grades 11-12)"
ATT-SVIS-2025-126-June-2025,SVIS-2025-126,"Aadhya Patel",CBSE-11,B,"June 2025",20,18,90,2025-06-30,"Anita Sharma","Higher Secondary Section (Grades 11-12)"
ATT-SVIS-2025-126-July-2025,SVIS-2025-126,"Aadhya Patel",CBSE-11,B,"July 2025",24,21,87.5,2025-07-31,"Anita Sharma","Higher Secondary Section (Grades 11-12)"
ATT-SVIS-2025-126-August-2025,SVIS-2025-126,"Aadhya Patel",CBSE-11,B,"August 2025",22,20,90.9,2025-08-31,"Anita Sharma","Higher Secondary Section (Grades 11-12)"
ATT-SVIS-2025-126-September-2025,SVIS-2025-126,"Aadhya Patel",CBSE-11,B,"September 2025",21,19,90.5,2025-09-30,"Anita Sharma","Higher Secondary Section (Grades 11-12)"
ATT-SVIS-2025-126-October-2025,SVIS-2025-126,"Aadhya Patel",CBSE-11,B,"October 2025",19,17,89.5,2025-10-31,"Anita Sharma","Higher Secondary Section (Grades 11-12)"
ATT-SVIS-2025-126-November-2025,SVIS-2025-126,"Aadhya Patel",CBSE-11,B,"November 2025",22,20,90.9,2025-11-30,"Anita Sharma","Higher Secondary Section (Grades 11-12)"
ATT-SVIS-2025-126-December-2025,SVIS-2025-126,"Aadhya Patel",CBSE-11,B,"December 2025",20,18,90,2025-12-31,"Anita Sharma","Higher Secondary Section (Grades 11-12)"
ATT-SVIS-2025-126-January-2026,SVIS-2025-126,"Aadhya Patel",CBSE-11,B,"January 2026",21,19,90.5,2026-01-31,"Anita Sharma","Higher Secondary Section (Grades 11-12)"
ATT-SVIS-2025-126-February-2026,SVIS-2025-126,"Aadhya Patel",CBSE-11,B,"February 2026",22,20,90.9,2026-02-28,"Anita Sharma","Higher Secondary Section (Grades 11-12)"
ATT-SVIS-2025-126-March-2026,SVIS-2025-126,"Aadhya Patel",CBSE-11,B,"March 2026",23,20,87,2026-03-31,"Anita Sharma","Higher Secondary Section (Grades 11-12)"
ATT-SVIS-2025-126-April-2026,SVIS-2025-126,"Aadhya Patel",CBSE-11,B,"April 2026",18,16,88.9,2026-04-30,"Anita Sharma","Higher Secondary Section (Grades 11-12)"
ATT-SVIS-2025-127-June-2025,SVIS-2025-127,"Saanvi Kulkarni",CBSE-11,A,"June 2025",20,18,90,2025-06-30,"Anita Sharma","Higher Secondary Section (Grades 11-12)"
ATT-SVIS-2025-127-July-2025,SVIS-2025-127,"Saanvi Kulkarni",CBSE-11,A,"July 2025",24,22,91.7,2025-07-31,"Anita Sharma","Higher Secondary Section (Grades 11-12)"
ATT-SVIS-2025-127-August-2025,SVIS-2025-127,"Saanvi Kulkarni",CBSE-11,A,"August 2025",22,20,90.9,2025-08-31,"Anita Sharma","Higher Secondary Section (Grades 11-12)"
ATT-SVIS-2025-127-September-2025,SVIS-2025-127,"Saanvi Kulkarni",CBSE-11,A,"September 2025",21,19,90.5,2025-09-30,"Anita Sharma","Higher Secondary Section (Grades 11-12)"
ATT-SVIS-2025-127-October-2025,SVIS-2025-127,"Saanvi Kulkarni",CBSE-11,A,"October 2025",19,17,89.5,2025-10-31,"Anita Sharma","Higher Secondary Section (Grades 11-12)"
ATT-SVIS-2025-127-November-2025,SVIS-2025-127,"Saanvi Kulkarni",CBSE-11,A,"November 2025",22,20,90.9,2025-11-30,"Anita Sharma","Higher Secondary Section (Grades 11-12)"
ATT-SVIS-2025-127-December-2025,SVIS-2025-127,"Saanvi Kulkarni",CBSE-11,A,"December 2025",20,18,90,2025-12-31,"Anita Sharma","Higher Secondary Section (Grades 11-12)"
ATT-SVIS-2025-127-January-2026,SVIS-2025-127,"Saanvi Kulkarni",CBSE-11,A,"January 2026",21,19,90.5,2026-01-31,"Anita Sharma","Higher Secondary Section (Grades 11-12)"
ATT-SVIS-2025-127-February-2026,SVIS-2025-127,"Saanvi Kulkarni",CBSE-11,A,"February 2026",22,20,90.9,2026-02-28,"Anita Sharma","Higher Secondary Section (Grades 11-12)"
ATT-SVIS-2025-127-March-2026,SVIS-2025-127,"Saanvi Kulkarni",CBSE-11,A,"March 2026",23,21,91.3,2026-03-31,"Anita Sharma","Higher Secondary Section (Grades 11-12)"
ATT-SVIS-2025-127-April-2026,SVIS-2025-127,"Saanvi Kulkarni",CBSE-11,A,"April 2026",18,16,88.9,2026-04-30,"Anita Sharma","Higher Secondary Section (Grades 11-12)"
ATT-SVIS-2025-128-June-2025,SVIS-2025-128,"Ira Mukherjee",CBSE-11,B,"June 2025",20,14,70,2025-06-30,"Anita Sharma","Higher Secondary Section (Grades 11-12)"
ATT-SVIS-2025-128-July-2025,SVIS-2025-128,"Ira Mukherjee",CBSE-11,B,"July 2025",24,17,70.8,2025-07-31,"Anita Sharma","Higher Secondary Section (Grades 11-12)"
ATT-SVIS-2025-128-August-2025,SVIS-2025-128,"Ira Mukherjee",CBSE-11,B,"August 2025",22,16,72.7,2025-08-31,"Anita Sharma","Higher Secondary Section (Grades 11-12)"
ATT-SVIS-2025-128-September-2025,SVIS-2025-128,"Ira Mukherjee",CBSE-11,B,"September 2025",21,18,85.7,2025-09-30,"Anita Sharma","Higher Secondary Section (Grades 11-12)"
ATT-SVIS-2025-128-October-2025,SVIS-2025-128,"Ira Mukherjee",CBSE-11,B,"October 2025",19,17,89.5,2025-10-31,"Anita Sharma","Higher Secondary Section (Grades 11-12)"
ATT-SVIS-2025-128-November-2025,SVIS-2025-128,"Ira Mukherjee",CBSE-11,B,"November 2025",22,19,86.4,2025-11-30,"Anita Sharma","Higher Secondary Section (Grades 11-12)"
ATT-SVIS-2025-128-December-2025,SVIS-2025-128,"Ira Mukherjee",CBSE-11,B,"December 2025",20,18,90,2025-12-31,"Anita Sharma","Higher Secondary Section (Grades 11-12)"
ATT-SVIS-2025-128-January-2026,SVIS-2025-128,"Ira Mukherjee",CBSE-11,B,"January 2026",21,18,85.7,2026-01-31,"Anita Sharma","Higher Secondary Section (Grades 11-12)"
ATT-SVIS-2025-128-February-2026,SVIS-2025-128,"Ira Mukherjee",CBSE-11,B,"February 2026",22,19,86.4,2026-02-28,"Anita Sharma","Higher Secondary Section (Grades 11-12)"
ATT-SVIS-2025-128-March-2026,SVIS-2025-128,"Ira Mukherjee",CBSE-11,B,"March 2026",23,20,87,2026-03-31,"Anita Sharma","Higher Secondary Section (Grades 11-12)"
ATT-SVIS-2025-128-April-2026,SVIS-2025-128,"Ira Mukherjee",CBSE-11,B,"April 2026",18,16,88.9,2026-04-30,"Anita Sharma","Higher Secondary Section (Grades 11-12)"
ATT-SVIS-2025-129-June-2025,SVIS-2025-129,"Kavya Reddy",CBSE-11,A,"June 2025",20,18,90,2025-06-30,"Anita Sharma","Higher Secondary Section (Grades 11-12)"
ATT-SVIS-2025-129-July-2025,SVIS-2025-129,"Kavya Reddy",CBSE-11,A,"July 2025",24,22,91.7,2025-07-31,"Anita Sharma","Higher Secondary Section (Grades 11-12)"
ATT-SVIS-2025-129-August-2025,SVIS-2025-129,"Kavya Reddy",CBSE-11,A,"August 2025",22,20,90.9,2025-08-31,"Anita Sharma","Higher Secondary Section (Grades 11-12)"
ATT-SVIS-2025-129-September-2025,SVIS-2025-129,"Kavya Reddy",CBSE-11,A,"September 2025",21,19,90.5,2025-09-30,"Anita Sharma","Higher Secondary Section (Grades 11-12)"
ATT-SVIS-2025-129-October-2025,SVIS-2025-129,"Kavya Reddy",CBSE-11,A,"October 2025",19,17,89.5,2025-10-31,"Anita Sharma","Higher Secondary Section (Grades 11-12)"
ATT-SVIS-2025-129-November-2025,SVIS-2025-129,"Kavya Reddy",CBSE-11,A,"November 2025",22,20,90.9,2025-11-30,"Anita Sharma","Higher Secondary Section (Grades 11-12)"
ATT-SVIS-2025-129-December-2025,SVIS-2025-129,"Kavya Reddy",CBSE-11,A,"December 2025",20,18,90,2025-12-31,"Anita Sharma","Higher Secondary Section (Grades 11-12)"
ATT-SVIS-2025-129-January-2026,SVIS-2025-129,"Kavya Reddy",CBSE-11,A,"January 2026",21,19,90.5,2026-01-31,"Anita Sharma","Higher Secondary Section (Grades 11-12)"
ATT-SVIS-2025-129-February-2026,SVIS-2025-129,"Kavya Reddy",CBSE-11,A,"February 2026",22,20,90.9,2026-02-28,"Anita Sharma","Higher Secondary Section (Grades 11-12)"
ATT-SVIS-2025-129-March-2026,SVIS-2025-129,"Kavya Reddy",CBSE-11,A,"March 2026",23,21,91.3,2026-03-31,"Anita Sharma","Higher Secondary Section (Grades 11-12)"
ATT-SVIS-2025-129-April-2026,SVIS-2025-129,"Kavya Reddy",CBSE-11,A,"April 2026",18,17,94.4,2026-04-30,"Anita Sharma","Higher Secondary Section (Grades 11-12)"
ATT-SVIS-2025-130-June-2025,SVIS-2025-130,"Aarav Joshi",CBSE-11,B,"June 2025",20,19,95,2025-06-30,"Anita Sharma","Higher Secondary Section (Grades 11-12)"
ATT-SVIS-2025-130-July-2025,SVIS-2025-130,"Aarav Joshi",CBSE-11,B,"July 2025",24,22,91.7,2025-07-31,"Anita Sharma","Higher Secondary Section (Grades 11-12)"
ATT-SVIS-2025-130-August-2025,SVIS-2025-130,"Aarav Joshi",CBSE-11,B,"August 2025",22,20,90.9,2025-08-31,"Anita Sharma","Higher Secondary Section (Grades 11-12)"
ATT-SVIS-2025-130-September-2025,SVIS-2025-130,"Aarav Joshi",CBSE-11,B,"September 2025",21,20,95.2,2025-09-30,"Anita Sharma","Higher Secondary Section (Grades 11-12)"
ATT-SVIS-2025-130-October-2025,SVIS-2025-130,"Aarav Joshi",CBSE-11,B,"October 2025",19,18,94.7,2025-10-31,"Anita Sharma","Higher Secondary Section (Grades 11-12)"
ATT-SVIS-2025-130-November-2025,SVIS-2025-130,"Aarav Joshi",CBSE-11,B,"November 2025",22,20,90.9,2025-11-30,"Anita Sharma","Higher Secondary Section (Grades 11-12)"
ATT-SVIS-2025-130-December-2025,SVIS-2025-130,"Aarav Joshi",CBSE-11,B,"December 2025",20,19,95,2025-12-31,"Anita Sharma","Higher Secondary Section (Grades 11-12)"
ATT-SVIS-2025-130-January-2026,SVIS-2025-130,"Aarav Joshi",CBSE-11,B,"January 2026",21,20,95.2,2026-01-31,"Anita Sharma","Higher Secondary Section (Grades 11-12)"
ATT-SVIS-2025-130-February-2026,SVIS-2025-130,"Aarav Joshi",CBSE-11,B,"February 2026",22,20,90.9,2026-02-28,"Anita Sharma","Higher Secondary Section (Grades 11-12)"
ATT-SVIS-2025-130-March-2026,SVIS-2025-130,"Aarav Joshi",CBSE-11,B,"March 2026",23,21,91.3,2026-03-31,"Anita Sharma","Higher Secondary Section (Grades 11-12)"
ATT-SVIS-2025-130-April-2026,SVIS-2025-130,"Aarav Joshi",CBSE-11,B,"April 2026",18,17,94.4,2026-04-30,"Anita Sharma","Higher Secondary Section (Grades 11-12)"
ATT-SVIS-2025-131-June-2025,SVIS-2025-131,"Vihaan Banerjee",CBSE-12,A,"June 2025",20,19,95,2025-06-30,"Anita Sharma","Higher Secondary Section (Grades 11-12)"
ATT-SVIS-2025-131-July-2025,SVIS-2025-131,"Vihaan Banerjee",CBSE-12,A,"July 2025",24,23,95.8,2025-07-31,"Anita Sharma","Higher Secondary Section (Grades 11-12)"
ATT-SVIS-2025-131-August-2025,SVIS-2025-131,"Vihaan Banerjee",CBSE-12,A,"August 2025",22,21,95.5,2025-08-31,"Anita Sharma","Higher Secondary Section (Grades 11-12)"
ATT-SVIS-2025-131-September-2025,SVIS-2025-131,"Vihaan Banerjee",CBSE-12,A,"September 2025",21,20,95.2,2025-09-30,"Anita Sharma","Higher Secondary Section (Grades 11-12)"
ATT-SVIS-2025-131-October-2025,SVIS-2025-131,"Vihaan Banerjee",CBSE-12,A,"October 2025",19,18,94.7,2025-10-31,"Anita Sharma","Higher Secondary Section (Grades 11-12)"
ATT-SVIS-2025-131-November-2025,SVIS-2025-131,"Vihaan Banerjee",CBSE-12,A,"November 2025",22,21,95.5,2025-11-30,"Anita Sharma","Higher Secondary Section (Grades 11-12)"
ATT-SVIS-2025-131-December-2025,SVIS-2025-131,"Vihaan Banerjee",CBSE-12,A,"December 2025",20,19,95,2025-12-31,"Anita Sharma","Higher Secondary Section (Grades 11-12)"
ATT-SVIS-2025-131-January-2026,SVIS-2025-131,"Vihaan Banerjee",CBSE-12,A,"January 2026",21,20,95.2,2026-01-31,"Anita Sharma","Higher Secondary Section (Grades 11-12)"
ATT-SVIS-2025-131-February-2026,SVIS-2025-131,"Vihaan Banerjee",CBSE-12,A,"February 2026",22,21,95.5,2026-02-28,"Anita Sharma","Higher Secondary Section (Grades 11-12)"
ATT-SVIS-2025-131-March-2026,SVIS-2025-131,"Vihaan Banerjee",CBSE-12,A,"March 2026",23,22,95.7,2026-03-31,"Anita Sharma","Higher Secondary Section (Grades 11-12)"
ATT-SVIS-2025-131-April-2026,SVIS-2025-131,"Vihaan Banerjee",CBSE-12,A,"April 2026",18,17,94.4,2026-04-30,"Anita Sharma","Higher Secondary Section (Grades 11-12)"
ATT-SVIS-2025-132-June-2025,SVIS-2025-132,"Reyansh Nair",CBSE-12,B,"June 2025",20,19,95,2025-06-30,"Anita Sharma","Higher Secondary Section (Grades 11-12)"
ATT-SVIS-2025-132-July-2025,SVIS-2025-132,"Reyansh Nair",CBSE-12,B,"July 2025",24,23,95.8,2025-07-31,"Anita Sharma","Higher Secondary Section (Grades 11-12)"
ATT-SVIS-2025-132-August-2025,SVIS-2025-132,"Reyansh Nair",CBSE-12,B,"August 2025",22,21,95.5,2025-08-31,"Anita Sharma","Higher Secondary Section (Grades 11-12)"
ATT-SVIS-2025-132-September-2025,SVIS-2025-132,"Reyansh Nair",CBSE-12,B,"September 2025",21,20,95.2,2025-09-30,"Anita Sharma","Higher Secondary Section (Grades 11-12)"
ATT-SVIS-2025-132-October-2025,SVIS-2025-132,"Reyansh Nair",CBSE-12,B,"October 2025",19,18,94.7,2025-10-31,"Anita Sharma","Higher Secondary Section (Grades 11-12)"
ATT-SVIS-2025-132-November-2025,SVIS-2025-132,"Reyansh Nair",CBSE-12,B,"November 2025",22,21,95.5,2025-11-30,"Anita Sharma","Higher Secondary Section (Grades 11-12)"
ATT-SVIS-2025-132-December-2025,SVIS-2025-132,"Reyansh Nair",CBSE-12,B,"December 2025",20,19,95,2025-12-31,"Anita Sharma","Higher Secondary Section (Grades 11-12)"
ATT-SVIS-2025-132-January-2026,SVIS-2025-132,"Reyansh Nair",CBSE-12,B,"January 2026",21,20,95.2,2026-01-31,"Anita Sharma","Higher Secondary Section (Grades 11-12)"
ATT-SVIS-2025-132-February-2026,SVIS-2025-132,"Reyansh Nair",CBSE-12,B,"February 2026",22,21,95.5,2026-02-28,"Anita Sharma","Higher Secondary Section (Grades 11-12)"
ATT-SVIS-2025-132-March-2026,SVIS-2025-132,"Reyansh Nair",CBSE-12,B,"March 2026",23,22,95.7,2026-03-31,"Anita Sharma","Higher Secondary Section (Grades 11-12)"
ATT-SVIS-2025-132-April-2026,SVIS-2025-132,"Reyansh Nair",CBSE-12,B,"April 2026",18,17,94.4,2026-04-30,"Anita Sharma","Higher Secondary Section (Grades 11-12)"
ATT-SVIS-2025-133-June-2025,SVIS-2025-133,"Ishaan Bhat",CBSE-12,A,"June 2025",20,19,95,2025-06-30,"Anita Sharma","Higher Secondary Section (Grades 11-12)"
ATT-SVIS-2025-133-July-2025,SVIS-2025-133,"Ishaan Bhat",CBSE-12,A,"July 2025",24,23,95.8,2025-07-31,"Anita Sharma","Higher Secondary Section (Grades 11-12)"
ATT-SVIS-2025-133-August-2025,SVIS-2025-133,"Ishaan Bhat",CBSE-12,A,"August 2025",22,21,95.5,2025-08-31,"Anita Sharma","Higher Secondary Section (Grades 11-12)"
ATT-SVIS-2025-133-September-2025,SVIS-2025-133,"Ishaan Bhat",CBSE-12,A,"September 2025",21,20,95.2,2025-09-30,"Anita Sharma","Higher Secondary Section (Grades 11-12)"
ATT-SVIS-2025-133-October-2025,SVIS-2025-133,"Ishaan Bhat",CBSE-12,A,"October 2025",19,18,94.7,2025-10-31,"Anita Sharma","Higher Secondary Section (Grades 11-12)"
ATT-SVIS-2025-133-November-2025,SVIS-2025-133,"Ishaan Bhat",CBSE-12,A,"November 2025",22,21,95.5,2025-11-30,"Anita Sharma","Higher Secondary Section (Grades 11-12)"
ATT-SVIS-2025-133-December-2025,SVIS-2025-133,"Ishaan Bhat",CBSE-12,A,"December 2025",20,19,95,2025-12-31,"Anita Sharma","Higher Secondary Section (Grades 11-12)"
ATT-SVIS-2025-133-January-2026,SVIS-2025-133,"Ishaan Bhat",CBSE-12,A,"January 2026",21,20,95.2,2026-01-31,"Anita Sharma","Higher Secondary Section (Grades 11-12)"
ATT-SVIS-2025-133-February-2026,SVIS-2025-133,"Ishaan Bhat",CBSE-12,A,"February 2026",22,21,95.5,2026-02-28,"Anita Sharma","Higher Secondary Section (Grades 11-12)"
ATT-SVIS-2025-133-March-2026,SVIS-2025-133,"Ishaan Bhat",CBSE-12,A,"March 2026",23,22,95.7,2026-03-31,"Anita Sharma","Higher Secondary Section (Grades 11-12)"
ATT-SVIS-2025-133-April-2026,SVIS-2025-133,"Ishaan Bhat",CBSE-12,A,"April 2026",18,17,94.4,2026-04-30,"Anita Sharma","Higher Secondary Section (Grades 11-12)"
ATT-SVIS-2025-134-June-2025,SVIS-2025-134,"Advik Ghosh",CBSE-12,B,"June 2025",20,19,95,2025-06-30,"Anita Sharma","Higher Secondary Section (Grades 11-12)"
ATT-SVIS-2025-134-July-2025,SVIS-2025-134,"Advik Ghosh",CBSE-12,B,"July 2025",24,23,95.8,2025-07-31,"Anita Sharma","Higher Secondary Section (Grades 11-12)"
ATT-SVIS-2025-134-August-2025,SVIS-2025-134,"Advik Ghosh",CBSE-12,B,"August 2025",22,21,95.5,2025-08-31,"Anita Sharma","Higher Secondary Section (Grades 11-12)"
ATT-SVIS-2025-134-September-2025,SVIS-2025-134,"Advik Ghosh",CBSE-12,B,"September 2025",21,20,95.2,2025-09-30,"Anita Sharma","Higher Secondary Section (Grades 11-12)"
ATT-SVIS-2025-134-October-2025,SVIS-2025-134,"Advik Ghosh",CBSE-12,B,"October 2025",19,18,94.7,2025-10-31,"Anita Sharma","Higher Secondary Section (Grades 11-12)"
ATT-SVIS-2025-134-November-2025,SVIS-2025-134,"Advik Ghosh",CBSE-12,B,"November 2025",22,21,95.5,2025-11-30,"Anita Sharma","Higher Secondary Section (Grades 11-12)"
ATT-SVIS-2025-134-December-2025,SVIS-2025-134,"Advik Ghosh",CBSE-12,B,"December 2025",20,19,95,2025-12-31,"Anita Sharma","Higher Secondary Section (Grades 11-12)"
ATT-SVIS-2025-134-January-2026,SVIS-2025-134,"Advik Ghosh",CBSE-12,B,"January 2026",21,20,95.2,2026-01-31,"Anita Sharma","Higher Secondary Section (Grades 11-12)"
ATT-SVIS-2025-134-February-2026,SVIS-2025-134,"Advik Ghosh",CBSE-12,B,"February 2026",22,21,95.5,2026-02-28,"Anita Sharma","Higher Secondary Section (Grades 11-12)"
ATT-SVIS-2025-134-March-2026,SVIS-2025-134,"Advik Ghosh",CBSE-12,B,"March 2026",23,22,95.7,2026-03-31,"Anita Sharma","Higher Secondary Section (Grades 11-12)"
ATT-SVIS-2025-134-April-2026,SVIS-2025-134,"Advik Ghosh",CBSE-12,B,"April 2026",18,17,94.4,2026-04-30,"Anita Sharma","Higher Secondary Section (Grades 11-12)"
ATT-SVIS-2025-135-June-2025,SVIS-2025-135,"Ananya Iyer",CBSE-12,A,"June 2025",20,20,100,2025-06-30,"Anita Sharma","Higher Secondary Section (Grades 11-12)"
ATT-SVIS-2025-135-July-2025,SVIS-2025-135,"Ananya Iyer",CBSE-12,A,"July 2025",24,24,100,2025-07-31,"Anita Sharma","Higher Secondary Section (Grades 11-12)"
ATT-SVIS-2025-135-August-2025,SVIS-2025-135,"Ananya Iyer",CBSE-12,A,"August 2025",22,22,100,2025-08-31,"Anita Sharma","Higher Secondary Section (Grades 11-12)"
ATT-SVIS-2025-135-September-2025,SVIS-2025-135,"Ananya Iyer",CBSE-12,A,"September 2025",21,21,100,2025-09-30,"Anita Sharma","Higher Secondary Section (Grades 11-12)"
ATT-SVIS-2025-135-October-2025,SVIS-2025-135,"Ananya Iyer",CBSE-12,A,"October 2025",19,19,100,2025-10-31,"Anita Sharma","Higher Secondary Section (Grades 11-12)"
ATT-SVIS-2025-135-November-2025,SVIS-2025-135,"Ananya Iyer",CBSE-12,A,"November 2025",22,22,100,2025-11-30,"Anita Sharma","Higher Secondary Section (Grades 11-12)"
ATT-SVIS-2025-135-December-2025,SVIS-2025-135,"Ananya Iyer",CBSE-12,A,"December 2025",20,20,100,2025-12-31,"Anita Sharma","Higher Secondary Section (Grades 11-12)"
ATT-SVIS-2025-135-January-2026,SVIS-2025-135,"Ananya Iyer",CBSE-12,A,"January 2026",21,21,100,2026-01-31,"Anita Sharma","Higher Secondary Section (Grades 11-12)"
ATT-SVIS-2025-135-February-2026,SVIS-2025-135,"Ananya Iyer",CBSE-12,A,"February 2026",22,22,100,2026-02-28,"Anita Sharma","Higher Secondary Section (Grades 11-12)"
ATT-SVIS-2025-135-March-2026,SVIS-2025-135,"Ananya Iyer",CBSE-12,A,"March 2026",23,23,100,2026-03-31,"Anita Sharma","Higher Secondary Section (Grades 11-12)"
ATT-SVIS-2025-135-April-2026,SVIS-2025-135,"Ananya Iyer",CBSE-12,A,"April 2026",18,18,100,2026-04-30,"Anita Sharma","Higher Secondary Section (Grades 11-12)"
ATT-SVIS-2025-136-June-2025,SVIS-2025-136,"Aadhya Rao",CBSE-12,B,"June 2025",20,16,80,2025-06-30,"Anita Sharma","Higher Secondary Section (Grades 11-12)"
ATT-SVIS-2025-136-July-2025,SVIS-2025-136,"Aadhya Rao",CBSE-12,B,"July 2025",24,20,83.3,2025-07-31,"Anita Sharma","Higher Secondary Section (Grades 11-12)"
ATT-SVIS-2025-136-August-2025,SVIS-2025-136,"Aadhya Rao",CBSE-12,B,"August 2025",22,18,81.8,2025-08-31,"Anita Sharma","Higher Secondary Section (Grades 11-12)"
ATT-SVIS-2025-136-September-2025,SVIS-2025-136,"Aadhya Rao",CBSE-12,B,"September 2025",21,17,81,2025-09-30,"Anita Sharma","Higher Secondary Section (Grades 11-12)"
ATT-SVIS-2025-136-October-2025,SVIS-2025-136,"Aadhya Rao",CBSE-12,B,"October 2025",19,16,84.2,2025-10-31,"Anita Sharma","Higher Secondary Section (Grades 11-12)"
ATT-SVIS-2025-136-November-2025,SVIS-2025-136,"Aadhya Rao",CBSE-12,B,"November 2025",22,18,81.8,2025-11-30,"Anita Sharma","Higher Secondary Section (Grades 11-12)"
ATT-SVIS-2025-136-December-2025,SVIS-2025-136,"Aadhya Rao",CBSE-12,B,"December 2025",20,16,80,2025-12-31,"Anita Sharma","Higher Secondary Section (Grades 11-12)"
ATT-SVIS-2025-136-January-2026,SVIS-2025-136,"Aadhya Rao",CBSE-12,B,"January 2026",21,17,81,2026-01-31,"Anita Sharma","Higher Secondary Section (Grades 11-12)"
ATT-SVIS-2025-136-February-2026,SVIS-2025-136,"Aadhya Rao",CBSE-12,B,"February 2026",22,18,81.8,2026-02-28,"Anita Sharma","Higher Secondary Section (Grades 11-12)"
ATT-SVIS-2025-136-March-2026,SVIS-2025-136,"Aadhya Rao",CBSE-12,B,"March 2026",23,19,82.6,2026-03-31,"Anita Sharma","Higher Secondary Section (Grades 11-12)"
ATT-SVIS-2025-136-April-2026,SVIS-2025-136,"Aadhya Rao",CBSE-12,B,"April 2026",18,15,83.3,2026-04-30,"Anita Sharma","Higher Secondary Section (Grades 11-12)"
ATT-SVIS-2025-137-June-2025,SVIS-2025-137,"Saanvi Chatterjee",CBSE-12,A,"June 2025",20,17,85,2025-06-30,"Anita Sharma","Higher Secondary Section (Grades 11-12)"
ATT-SVIS-2025-137-July-2025,SVIS-2025-137,"Saanvi Chatterjee",CBSE-12,A,"July 2025",24,20,83.3,2025-07-31,"Anita Sharma","Higher Secondary Section (Grades 11-12)"
ATT-SVIS-2025-137-August-2025,SVIS-2025-137,"Saanvi Chatterjee",CBSE-12,A,"August 2025",22,18,81.8,2025-08-31,"Anita Sharma","Higher Secondary Section (Grades 11-12)"
ATT-SVIS-2025-137-September-2025,SVIS-2025-137,"Saanvi Chatterjee",CBSE-12,A,"September 2025",21,17,81,2025-09-30,"Anita Sharma","Higher Secondary Section (Grades 11-12)"
ATT-SVIS-2025-137-October-2025,SVIS-2025-137,"Saanvi Chatterjee",CBSE-12,A,"October 2025",19,16,84.2,2025-10-31,"Anita Sharma","Higher Secondary Section (Grades 11-12)"
ATT-SVIS-2025-137-November-2025,SVIS-2025-137,"Saanvi Chatterjee",CBSE-12,A,"November 2025",22,18,81.8,2025-11-30,"Anita Sharma","Higher Secondary Section (Grades 11-12)"
ATT-SVIS-2025-137-December-2025,SVIS-2025-137,"Saanvi Chatterjee",CBSE-12,A,"December 2025",20,17,85,2025-12-31,"Anita Sharma","Higher Secondary Section (Grades 11-12)"
ATT-SVIS-2025-137-January-2026,SVIS-2025-137,"Saanvi Chatterjee",CBSE-12,A,"January 2026",21,17,81,2026-01-31,"Anita Sharma","Higher Secondary Section (Grades 11-12)"
ATT-SVIS-2025-137-February-2026,SVIS-2025-137,"Saanvi Chatterjee",CBSE-12,A,"February 2026",22,18,81.8,2026-02-28,"Anita Sharma","Higher Secondary Section (Grades 11-12)"
ATT-SVIS-2025-137-March-2026,SVIS-2025-137,"Saanvi Chatterjee",CBSE-12,A,"March 2026",23,19,82.6,2026-03-31,"Anita Sharma","Higher Secondary Section (Grades 11-12)"
ATT-SVIS-2025-137-April-2026,SVIS-2025-137,"Saanvi Chatterjee",CBSE-12,A,"April 2026",18,15,83.3,2026-04-30,"Anita Sharma","Higher Secondary Section (Grades 11-12)"
ATT-SVIS-2025-138-June-2025,SVIS-2025-138,"Ira Gupta",CBSE-12,B,"June 2025",20,17,85,2025-06-30,"Anita Sharma","Higher Secondary Section (Grades 11-12)"
ATT-SVIS-2025-138-July-2025,SVIS-2025-138,"Ira Gupta",CBSE-12,B,"July 2025",24,20,83.3,2025-07-31,"Anita Sharma","Higher Secondary Section (Grades 11-12)"
ATT-SVIS-2025-138-August-2025,SVIS-2025-138,"Ira Gupta",CBSE-12,B,"August 2025",22,18,81.8,2025-08-31,"Anita Sharma","Higher Secondary Section (Grades 11-12)"
ATT-SVIS-2025-138-September-2025,SVIS-2025-138,"Ira Gupta",CBSE-12,B,"September 2025",21,18,85.7,2025-09-30,"Anita Sharma","Higher Secondary Section (Grades 11-12)"
ATT-SVIS-2025-138-October-2025,SVIS-2025-138,"Ira Gupta",CBSE-12,B,"October 2025",19,16,84.2,2025-10-31,"Anita Sharma","Higher Secondary Section (Grades 11-12)"
ATT-SVIS-2025-138-November-2025,SVIS-2025-138,"Ira Gupta",CBSE-12,B,"November 2025",22,18,81.8,2025-11-30,"Anita Sharma","Higher Secondary Section (Grades 11-12)"
ATT-SVIS-2025-138-December-2025,SVIS-2025-138,"Ira Gupta",CBSE-12,B,"December 2025",20,17,85,2025-12-31,"Anita Sharma","Higher Secondary Section (Grades 11-12)"
ATT-SVIS-2025-138-January-2026,SVIS-2025-138,"Ira Gupta",CBSE-12,B,"January 2026",21,18,85.7,2026-01-31,"Anita Sharma","Higher Secondary Section (Grades 11-12)"
ATT-SVIS-2025-138-February-2026,SVIS-2025-138,"Ira Gupta",CBSE-12,B,"February 2026",22,18,81.8,2026-02-28,"Anita Sharma","Higher Secondary Section (Grades 11-12)"
ATT-SVIS-2025-138-March-2026,SVIS-2025-138,"Ira Gupta",CBSE-12,B,"March 2026",23,19,82.6,2026-03-31,"Anita Sharma","Higher Secondary Section (Grades 11-12)"
ATT-SVIS-2025-138-April-2026,SVIS-2025-138,"Ira Gupta",CBSE-12,B,"April 2026",18,15,83.3,2026-04-30,"Anita Sharma","Higher Secondary Section (Grades 11-12)"
ATT-SVIS-2025-139-June-2025,SVIS-2025-139,"Kavya Choudhury",CBSE-12,A,"June 2025",20,17,85,2025-06-30,"Anita Sharma","Higher Secondary Section (Grades 11-12)"
ATT-SVIS-2025-139-July-2025,SVIS-2025-139,"Kavya Choudhury",CBSE-12,A,"July 2025",24,20,83.3,2025-07-31,"Anita Sharma","Higher Secondary Section (Grades 11-12)"
ATT-SVIS-2025-139-August-2025,SVIS-2025-139,"Kavya Choudhury",CBSE-12,A,"August 2025",22,19,86.4,2025-08-31,"Anita Sharma","Higher Secondary Section (Grades 11-12)"
ATT-SVIS-2025-139-September-2025,SVIS-2025-139,"Kavya Choudhury",CBSE-12,A,"September 2025",21,18,85.7,2025-09-30,"Anita Sharma","Higher Secondary Section (Grades 11-12)"
ATT-SVIS-2025-139-October-2025,SVIS-2025-139,"Kavya Choudhury",CBSE-12,A,"October 2025",19,16,84.2,2025-10-31,"Anita Sharma","Higher Secondary Section (Grades 11-12)"
ATT-SVIS-2025-139-November-2025,SVIS-2025-139,"Kavya Choudhury",CBSE-12,A,"November 2025",22,19,86.4,2025-11-30,"Anita Sharma","Higher Secondary Section (Grades 11-12)"
ATT-SVIS-2025-139-December-2025,SVIS-2025-139,"Kavya Choudhury",CBSE-12,A,"December 2025",20,17,85,2025-12-31,"Anita Sharma","Higher Secondary Section (Grades 11-12)"
ATT-SVIS-2025-139-January-2026,SVIS-2025-139,"Kavya Choudhury",CBSE-12,A,"January 2026",21,18,85.7,2026-01-31,"Anita Sharma","Higher Secondary Section (Grades 11-12)"
ATT-SVIS-2025-139-February-2026,SVIS-2025-139,"Kavya Choudhury",CBSE-12,A,"February 2026",22,19,86.4,2026-02-28,"Anita Sharma","Higher Secondary Section (Grades 11-12)"
ATT-SVIS-2025-139-March-2026,SVIS-2025-139,"Kavya Choudhury",CBSE-12,A,"March 2026",23,20,87,2026-03-31,"Anita Sharma","Higher Secondary Section (Grades 11-12)"
ATT-SVIS-2025-139-April-2026,SVIS-2025-139,"Kavya Choudhury",CBSE-12,A,"April 2026",18,15,83.3,2026-04-30,"Anita Sharma","Higher Secondary Section (Grades 11-12)"
ATT-SVIS-2025-140-June-2025,SVIS-2025-140,"Aarav Sharma",CBSE-12,B,"June 2025",20,17,85,2025-06-30,"Anita Sharma","Higher Secondary Section (Grades 11-12)"
ATT-SVIS-2025-140-July-2025,SVIS-2025-140,"Aarav Sharma",CBSE-12,B,"July 2025",24,21,87.5,2025-07-31,"Anita Sharma","Higher Secondary Section (Grades 11-12)"
ATT-SVIS-2025-140-August-2025,SVIS-2025-140,"Aarav Sharma",CBSE-12,B,"August 2025",22,19,86.4,2025-08-31,"Anita Sharma","Higher Secondary Section (Grades 11-12)"
ATT-SVIS-2025-140-September-2025,SVIS-2025-140,"Aarav Sharma",CBSE-12,B,"September 2025",21,18,85.7,2025-09-30,"Anita Sharma","Higher Secondary Section (Grades 11-12)"
ATT-SVIS-2025-140-October-2025,SVIS-2025-140,"Aarav Sharma",CBSE-12,B,"October 2025",19,16,84.2,2025-10-31,"Anita Sharma","Higher Secondary Section (Grades 11-12)"
ATT-SVIS-2025-140-November-2025,SVIS-2025-140,"Aarav Sharma",CBSE-12,B,"November 2025",22,19,86.4,2025-11-30,"Anita Sharma","Higher Secondary Section (Grades 11-12)"
ATT-SVIS-2025-140-December-2025,SVIS-2025-140,"Aarav Sharma",CBSE-12,B,"December 2025",20,17,85,2025-12-31,"Anita Sharma","Higher Secondary Section (Grades 11-12)"
ATT-SVIS-2025-140-January-2026,SVIS-2025-140,"Aarav Sharma",CBSE-12,B,"January 2026",21,18,85.7,2026-01-31,"Anita Sharma","Higher Secondary Section (Grades 11-12)"
ATT-SVIS-2025-140-February-2026,SVIS-2025-140,"Aarav Sharma",CBSE-12,B,"February 2026",22,19,86.4,2026-02-28,"Anita Sharma","Higher Secondary Section (Grades 11-12)"
ATT-SVIS-2025-140-March-2026,SVIS-2025-140,"Aarav Sharma",CBSE-12,B,"March 2026",23,20,87,2026-03-31,"Anita Sharma","Higher Secondary Section (Grades 11-12)"
ATT-SVIS-2025-140-April-2026,SVIS-2025-140,"Aarav Sharma",CBSE-12,B,"April 2026",18,15,83.3,2026-04-30,"Anita Sharma","Higher Secondary Section (Grades 11-12)"
