external_ref,subject_ref,student_name,standard,division,subject,exam_name,marks_obtained,max_marks,exam_date,academic_year,teacher_name,department
ACAD-SVIS-2025-001-MATH-UNI,SVIS-2025-001,"Vihaan Singh",CBSE-3,A,Mathematics,"Unit Test 1",28,50,2025-07-18,2025-2026,"Clara Higgins","Primary Section (Grades 1-5)"
ACAD-SVIS-2025-001-ENGL-UNI,SVIS-2025-001,"Vihaan Singh",CBSE-3,A,English,"Unit Test 1",26,50,2025-07-18,2025-2026,"Sarah Jenkins","Languages & Humanities Department"
ACAD-SVIS-2025-001-ENVI-UNI,SVIS-2025-001,"Vihaan Singh",CBSE-3,A,"Environmental Science","Unit Test 1",27,50,2025-07-18,2025-2026,"Clara Higgins","Primary Section (Grades 1-5)"
ACAD-SVIS-2025-001-HIND-UNI,SVIS-2025-001,"Vihaan Singh",CBSE-3,A,Hindi,"Unit Test 1",31,50,2025-07-18,2025-2026,"Sarah Jenkins","Languages & Humanities Department"
ACAD-SVIS-2025-001-MATH-MID,SVIS-2025-001,"Vihaan Singh",CBSE-3,A,Mathematics,"Mid-Term Exam",56,100,2025-09-22,2025-2026,"Clara Higgins","Primary Section (Grades 1-5)"
ACAD-SVIS-2025-001-ENGL-MID,SVIS-2025-001,"Vihaan Singh",CBSE-3,A,English,"Mid-Term Exam",57,100,2025-09-22,2025-2026,"Sarah Jenkins","Languages & Humanities Department"
ACAD-SVIS-2025-001-ENVI-MID,SVIS-2025-001,"Vihaan Singh",CBSE-3,A,"Environmental Science","Mid-Term Exam",56,100,2025-09-22,2025-2026,"Clara Higgins","Primary Section (Grades 1-5)"
ACAD-SVIS-2025-001-HIND-MID,SVIS-2025-001,"Vihaan Singh",CBSE-3,A,Hindi,"Mid-Term Exam",58,100,2025-09-22,2025-2026,"Sarah Jenkins","Languages & Humanities Department"
ACAD-SVIS-2025-001-MATH-UNI,SVIS-2025-001,"Vihaan Singh",CBSE-3,A,Mathematics,"Unit Test 2",28,50,2025-12-15,2025-2026,"Clara Higgins","Primary Section (Grades 1-5)"
ACAD-SVIS-2025-001-ENGL-UNI,SVIS-2025-001,"Vihaan Singh",CBSE-3,A,English,"Unit Test 2",26,50,2025-12-15,2025-2026,"Sarah Jenkins","Languages & Humanities Department"
ACAD-SVIS-2025-001-ENVI-UNI,SVIS-2025-001,"Vihaan Singh",CBSE-3,A,"Environmental Science","Unit Test 2",27,50,2025-12-15,2025-2026,"Clara Higgins","Primary Section (Grades 1-5)"
ACAD-SVIS-2025-001-HIND-UNI,SVIS-2025-001,"Vihaan Singh",CBSE-3,A,Hindi,"Unit Test 2",31,50,2025-12-15,2025-2026,"Sarah Jenkins","Languages & Humanities Department"
ACAD-SVIS-2025-001-MATH-FIN,SVIS-2025-001,"Vihaan Singh",CBSE-3,A,Mathematics,"Final Exam",59,100,2026-03-24,2025-2026,"Clara Higgins","Primary Section (Grades 1-5)"
ACAD-SVIS-2025-001-ENGL-FIN,SVIS-2025-001,"Vihaan Singh",CBSE-3,A,English,"Final Exam",55,100,2026-03-24,2025-2026,"Sarah Jenkins","Languages & Humanities Department"
ACAD-SVIS-2025-001-ENVI-FIN,SVIS-2025-001,"Vihaan Singh",CBSE-3,A,"Environmental Science","Final Exam",58,100,2026-03-24,2025-2026,"Clara Higgins","Primary Section (Grades 1-5)"
ACAD-SVIS-2025-001-HIND-FIN,SVIS-2025-001,"Vihaan Singh",CBSE-3,A,Hindi,"Final Exam",57,100,2026-03-24,2025-2026,"Sarah Jenkins","Languages & Humanities Department"
ACAD-SVIS-2025-002-MATH-UNI,SVIS-2025-002,"Reyansh Mehta",CBSE-3,B,Mathematics,"Unit Test 1",29.5,50,2025-07-18,2025-2026,"Clara Higgins","Primary Section (Grades 1-5)"
ACAD-SVIS-2025-002-ENGL-UNI,SVIS-2025-002,"Reyansh Mehta",CBSE-3,B,English,"Unit Test 1",29.5,50,2025-07-18,2025-2026,"Sarah Jenkins","Languages & Humanities Department"
ACAD-SVIS-2025-002-ENVI-UNI,SVIS-2025-002,"Reyansh Mehta",CBSE-3,B,"Environmental Science","Unit Test 1",26.5,50,2025-07-18,2025-2026,"Clara Higgins","Primary Section (Grades 1-5)"
ACAD-SVIS-2025-002-HIND-UNI,SVIS-2025-002,"Reyansh Mehta",CBSE-3,B,Hindi,"Unit Test 1",31.5,50,2025-07-18,2025-2026,"Sarah Jenkins","Languages & Humanities Department"
ACAD-SVIS-2025-002-MATH-MID,SVIS-2025-002,"Reyansh Mehta",CBSE-3,B,Mathematics,"Mid-Term Exam",54,100,2025-09-22,2025-2026,"Clara Higgins","Primary Section (Grades 1-5)"
ACAD-SVIS-2025-002-ENGL-MID,SVIS-2025-002,"Reyansh Mehta",CBSE-3,B,English,"Mid-Term Exam",60,100,2025-09-22,2025-2026,"Sarah Jenkins","Languages & Humanities Department"
ACAD-SVIS-2025-002-ENVI-MID,SVIS-2025-002,"Reyansh Mehta",CBSE-3,B,"Environmental Science","Mid-Term Exam",60,100,2025-09-22,2025-2026,"Clara Higgins","Primary Section (Grades 1-5)"
ACAD-SVIS-2025-002-HIND-MID,SVIS-2025-002,"Reyansh Mehta",CBSE-3,B,Hindi,"Mid-Term Exam",59,100,2025-09-22,2025-2026,"Sarah Jenkins","Languages & Humanities Department"
ACAD-SVIS-2025-002-MATH-UNI,SVIS-2025-002,"Reyansh Mehta",CBSE-3,B,Mathematics,"Unit Test 2",29.5,50,2025-12-15,2025-2026,"Clara Higgins","Primary Section (Grades 1-5)"
ACAD-SVIS-2025-002-ENGL-UNI,SVIS-2025-002,"Reyansh Mehta",CBSE-3,B,English,"Unit Test 2",29.5,50,2025-12-15,2025-2026,"Sarah Jenkins","Languages & Humanities Department"
ACAD-SVIS-2025-002-ENVI-UNI,SVIS-2025-002,"Reyansh Mehta",CBSE-3,B,"Environmental Science","Unit Test 2",26.5,50,2025-12-15,2025-2026,"Clara Higgins","Primary Section (Grades 1-5)"
ACAD-SVIS-2025-002-HIND-UNI,SVIS-2025-002,"Reyansh Mehta",CBSE-3,B,Hindi,"Unit Test 2",31.5,50,2025-12-15,2025-2026,"Sarah Jenkins","Languages & Humanities Department"
ACAD-SVIS-2025-002-MATH-FIN,SVIS-2025-002,"Reyansh Mehta",CBSE-3,B,Mathematics,"Final Exam",55,100,2026-03-24,2025-2026,"Clara Higgins","Primary Section (Grades 1-5)"
ACAD-SVIS-2025-002-ENGL-FIN,SVIS-2025-002,"Reyansh Mehta",CBSE-3,B,English,"Final Exam",56,100,2026-03-24,2025-2026,"Sarah Jenkins","Languages & Humanities Department"
ACAD-SVIS-2025-002-ENVI-FIN,SVIS-2025-002,"Reyansh Mehta",CBSE-3,B,"Environmental Science","Final Exam",58,100,2026-03-24,2025-2026,"Clara Higgins","Primary Section (Grades 1-5)"
ACAD-SVIS-2025-002-HIND-FIN,SVIS-2025-002,"Reyansh Mehta",CBSE-3,B,Hindi,"Final Exam",56,100,2026-03-24,2025-2026,"Sarah Jenkins","Languages & Humanities Department"
ACAD-SVIS-2025-003-MATH-UNI,SVIS-2025-003,"Ishaan Verma",CBSE-3,A,Mathematics,"Unit Test 1",31,50,2025-07-18,2025-2026,"Clara Higgins","Primary Section (Grades 1-5)"
ACAD-SVIS-2025-003-ENGL-UNI,SVIS-2025-003,"Ishaan Verma",CBSE-3,A,English,"Unit Test 1",32,50,2025-07-18,2025-2026,"Sarah Jenkins","Languages & Humanities Department"
ACAD-SVIS-2025-003-ENVI-UNI,SVIS-2025-003,"Ishaan Verma",CBSE-3,A,"Environmental Science","Unit Test 1",26,50,2025-07-18,2025-2026,"Clara Higgins","Primary Section (Grades 1-5)"
ACAD-SVIS-2025-003-HIND-UNI,SVIS-2025-003,"Ishaan Verma",CBSE-3,A,Hindi,"Unit Test 1",32,50,2025-07-18,2025-2026,"Sarah Jenkins","Languages & Humanities Department"
ACAD-SVIS-2025-003-MATH-MID,SVIS-2025-003,"Ishaan Verma",CBSE-3,A,Mathematics,"Mid-Term Exam",56,100,2025-09-22,2025-2026,"Clara Higgins","Primary Section (Grades 1-5)"
ACAD-SVIS-2025-003-ENGL-MID,SVIS-2025-003,"Ishaan Verma",CBSE-3,A,English,"Mid-Term Exam",60,100,2025-09-22,2025-2026,"Sarah Jenkins","Languages & Humanities Department"
ACAD-SVIS-2025-003-ENVI-MID,SVIS-2025-003,"Ishaan Verma",CBSE-3,A,"Environmental Science","Mid-Term Exam",55,100,2025-09-22,2025-2026,"Clara Higgins","Primary Section (Grades 1-5)"
ACAD-SVIS-2025-003-HIND-MID,SVIS-2025-003,"Ishaan Verma",CBSE-3,A,Hindi,"Mid-Term Exam",55,100,2025-09-22,2025-2026,"Sarah Jenkins","Languages & Humanities Department"
ACAD-SVIS-2025-003-MATH-UNI,SVIS-2025-003,"Ishaan Verma",CBSE-3,A,Mathematics,"Unit Test 2",31,50,2025-12-15,2025-2026,"Clara Higgins","Primary Section (Grades 1-5)"
ACAD-SVIS-2025-003-ENGL-UNI,SVIS-2025-003,"Ishaan Verma",CBSE-3,A,English,"Unit Test 2",32,50,2025-12-15,2025-2026,"Sarah Jenkins","Languages & Humanities Department"
ACAD-SVIS-2025-003-ENVI-UNI,SVIS-2025-003,"Ishaan Verma",CBSE-3,A,"Environmental Science","Unit Test 2",26,50,2025-12-15,2025-2026,"Clara Higgins","Primary Section (Grades 1-5)"
ACAD-SVIS-2025-003-HIND-UNI,SVIS-2025-003,"Ishaan Verma",CBSE-3,A,Hindi,"Unit Test 2",32,50,2025-12-15,2025-2026,"Sarah Jenkins","Languages & Humanities Department"
ACAD-SVIS-2025-003-MATH-FIN,SVIS-2025-003,"Ishaan Verma",CBSE-3,A,Mathematics,"Final Exam",60,100,2026-03-24,2025-2026,"Clara Higgins","Primary Section (Grades 1-5)"
ACAD-SVIS-2025-003-ENGL-FIN,SVIS-2025-003,"Ishaan Verma",CBSE-3,A,English,"Final Exam",56,100,2026-03-24,2025-2026,"Sarah Jenkins","Languages & Humanities Department"
ACAD-SVIS-2025-003-ENVI-FIN,SVIS-2025-003,"Ishaan Verma",CBSE-3,A,"Environmental Science","Final Exam",60,100,2026-03-24,2025-2026,"Clara Higgins","Primary Section (Grades 1-5)"
ACAD-SVIS-2025-003-HIND-FIN,SVIS-2025-003,"Ishaan Verma",CBSE-3,A,Hindi,"Final Exam",60,100,2026-03-24,2025-2026,"Sarah Jenkins","Languages & Humanities Department"
ACAD-SVIS-2025-004-MATH-UNI,SVIS-2025-004,"Advik Deshmukh",CBSE-3,B,Mathematics,"Unit Test 1",28.5,50,2025-07-18,2025-2026,"Clara Higgins","Primary Section (Grades 1-5)"
ACAD-SVIS-2025-004-ENGL-UNI,SVIS-2025-004,"Advik Deshmukh",CBSE-3,B,English,"Unit Test 1",27.5,50,2025-07-18,2025-2026,"Sarah Jenkins","Languages & Humanities Department"
ACAD-SVIS-2025-004-ENVI-UNI,SVIS-2025-004,"Advik Deshmukh",CBSE-3,B,"Environmental Science","Unit Test 1",29.5,50,2025-07-18,2025-2026,"Clara Higgins","Primary Section (Grades 1-5)"
ACAD-SVIS-2025-004-HIND-UNI,SVIS-2025-004,"Advik Deshmukh",CBSE-3,B,Hindi,"Unit Test 1",32.5,50,2025-07-18,2025-2026,"Sarah Jenkins","Languages & Humanities Department"
ACAD-SVIS-2025-004-MATH-MID,SVIS-2025-004,"Advik Deshmukh",CBSE-3,B,Mathematics,"Mid-Term Exam",59,100,2025-09-22,2025-2026,"Clara Higgins","Primary Section (Grades 1-5)"
ACAD-SVIS-2025-004-ENGL-MID,SVIS-2025-004,"Advik Deshmukh",CBSE-3,B,English,"Mid-Term Exam",60,100,2025-09-22,2025-2026,"Sarah Jenkins","Languages & Humanities Department"
ACAD-SVIS-2025-004-ENVI-MID,SVIS-2025-004,"Advik Deshmukh",CBSE-3,B,"Environmental Science","Mid-Term Exam",62,100,2025-09-22,2025-2026,"Clara Higgins","Primary Section (Grades 1-5)"
ACAD-SVIS-2025-004-HIND-MID,SVIS-2025-004,"Advik Deshmukh",CBSE-3,B,Hindi,"Mid-Term Exam",60,100,2025-09-22,2025-2026,"Sarah Jenkins","Languages & Humanities Department"
ACAD-SVIS-2025-004-MATH-UNI,SVIS-2025-004,"Advik Deshmukh",CBSE-3,B,Mathematics,"Unit Test 2",28.5,50,2025-12-15,2025-2026,"Clara Higgins","Primary Section (Grades 1-5)"
ACAD-SVIS-2025-004-ENGL-UNI,SVIS-2025-004,"Advik Deshmukh",CBSE-3,B,English,"Unit Test 2",27.5,50,2025-12-15,2025-2026,"Sarah Jenkins","Languages & Humanities Department"
ACAD-SVIS-2025-004-ENVI-UNI,SVIS-2025-004,"Advik Deshmukh",CBSE-3,B,"Environmental Science","Unit Test 2",29.5,50,2025-12-15,2025-2026,"Clara Higgins","Primary Section (Grades 1-5)"
ACAD-SVIS-2025-004-HIND-UNI,SVIS-2025-004,"Advik Deshmukh",CBSE-3,B,Hindi,"Unit Test 2",32.5,50,2025-12-15,2025-2026,"Sarah Jenkins","Languages & Humanities Department"
ACAD-SVIS-2025-004-MATH-FIN,SVIS-2025-004,"Advik Deshmukh",CBSE-3,B,Mathematics,"Final Exam",56,100,2026-03-24,2025-2026,"Clara Higgins","Primary Section (Grades 1-5)"
ACAD-SVIS-2025-004-ENGL-FIN,SVIS-2025-004,"Advik Deshmukh",CBSE-3,B,English,"Final Exam",58,100,2026-03-24,2025-2026,"Sarah Jenkins","Languages & Humanities Department"
ACAD-SVIS-2025-004-ENVI-FIN,SVIS-2025-004,"Advik Deshmukh",CBSE-3,B,"Environmental Science","Final Exam",60,100,2026-03-24,2025-2026,"Clara Higgins","Primary Section (Grades 1-5)"
ACAD-SVIS-2025-004-HIND-FIN,SVIS-2025-004,"Advik Deshmukh",CBSE-3,B,Hindi,"Final Exam",61,100,2026-03-24,2025-2026,"Sarah Jenkins","Languages & Humanities Department"
ACAD-SVIS-2025-005-MATH-UNI,SVIS-2025-005,"Ananya Shah",CBSE-3,A,Mathematics,"Unit Test 1",33,50,2025-07-18,2025-2026,"Clara Higgins","Primary Section (Grades 1-5)"
ACAD-SVIS-2025-005-ENGL-UNI,SVIS-2025-005,"Ananya Shah",CBSE-3,A,English,"Unit Test 1",32,50,2025-07-18,2025-2026,"Sarah Jenkins","Languages & Humanities Department"
ACAD-SVIS-2025-005-ENVI-UNI,SVIS-2025-005,"Ananya Shah",CBSE-3,A,"Environmental Science","Unit Test 1",27,50,2025-07-18,2025-2026,"Clara Higgins","Primary Section (Grades 1-5)"
ACAD-SVIS-2025-005-HIND-UNI,SVIS-2025-005,"Ananya Shah",CBSE-3,A,Hindi,"Unit Test 1",33,50,2025-07-18,2025-2026,"Sarah Jenkins","Languages & Humanities Department"
ACAD-SVIS-2025-005-MATH-MID,SVIS-2025-005,"Ananya Shah",CBSE-3,A,Mathematics,"Mid-Term Exam",61,100,2025-09-22,2025-2026,"Clara Higgins","Primary Section (Grades 1-5)"
ACAD-SVIS-2025-005-ENGL-MID,SVIS-2025-005,"Ananya Shah",CBSE-3,A,English,"Mid-Term Exam",60,100,2025-09-22,2025-2026,"Sarah Jenkins","Languages & Humanities Department"
ACAD-SVIS-2025-005-ENVI-MID,SVIS-2025-005,"Ananya Shah",CBSE-3,A,"Environmental Science","Mid-Term Exam",58,100,2025-09-22,2025-2026,"Clara Higgins","Primary Section (Grades 1-5)"
ACAD-SVIS-2025-005-HIND-MID,SVIS-2025-005,"Ananya Shah",CBSE-3,A,Hindi,"Mid-Term Exam",58,100,2025-09-22,2025-2026,"Sarah Jenkins","Languages & Humanities Department"
ACAD-SVIS-2025-005-MATH-UNI,SVIS-2025-005,"Ananya Shah",CBSE-3,A,Mathematics,"Unit Test 2",33,50,2025-12-15,2025-2026,"Clara Higgins","Primary Section (Grades 1-5)"
ACAD-SVIS-2025-005-ENGL-UNI,SVIS-2025-005,"Ananya Shah",CBSE-3,A,English,"Unit Test 2",32,50,2025-12-15,2025-2026,"Sarah Jenkins","Languages & Humanities Department"
ACAD-SVIS-2025-005-ENVI-UNI,SVIS-2025-005,"Ananya Shah",CBSE-3,A,"Environmental Science","Unit Test 2",27,50,2025-12-15,2025-2026,"Clara Higgins","Primary Section (Grades 1-5)"
ACAD-SVIS-2025-005-HIND-UNI,SVIS-2025-005,"Ananya Shah",CBSE-3,A,Hindi,"Unit Test 2",33,50,2025-12-15,2025-2026,"Sarah Jenkins","Languages & Humanities Department"
ACAD-SVIS-2025-005-MATH-FIN,SVIS-2025-005,"Ananya Shah",CBSE-3,A,Mathematics,"Final Exam",61,100,2026-03-24,2025-2026,"Clara Higgins","Primary Section (Grades 1-5)"
ACAD-SVIS-2025-005-ENGL-FIN,SVIS-2025-005,"Ananya Shah",CBSE-3,A,English,"Final Exam",61,100,2026-03-24,2025-2026,"Sarah Jenkins","Languages & Humanities Department"
ACAD-SVIS-2025-005-ENVI-FIN,SVIS-2025-005,"Ananya Shah",CBSE-3,A,"Environmental Science","Final Exam",57,100,2026-03-24,2025-2026,"Clara Higgins","Primary Section (Grades 1-5)"
ACAD-SVIS-2025-005-HIND-FIN,SVIS-2025-005,"Ananya Shah",CBSE-3,A,Hindi,"Final Exam",60,100,2026-03-24,2025-2026,"Sarah Jenkins","Languages & Humanities Department"
ACAD-SVIS-2025-006-MATH-UNI,SVIS-2025-006,"Aadhya Patel",CBSE-3,B,Mathematics,"Unit Test 1",28.5,50,2025-07-18,2025-2026,"Clara Higgins","Primary Section (Grades 1-5)"
ACAD-SVIS-2025-006-ENGL-UNI,SVIS-2025-006,"Aadhya Patel",CBSE-3,B,English,"Unit Test 1",32.5,50,2025-07-18,2025-2026,"Sarah Jenkins","Languages & Humanities Department"
ACAD-SVIS-2025-006-ENVI-UNI,SVIS-2025-006,"Aadhya Patel",CBSE-3,B,"Environmental Science","Unit Test 1",28.5,50,2025-07-18,2025-2026,"Clara Higgins","Primary Section (Grades 1-5)"
ACAD-SVIS-2025-006-HIND-UNI,SVIS-2025-006,"Aadhya Patel",CBSE-3,B,Hindi,"Unit Test 1",33.5,50,2025-07-18,2025-2026,"Sarah Jenkins","Languages & Humanities Department"
ACAD-SVIS-2025-006-MATH-MID,SVIS-2025-006,"Aadhya Patel",CBSE-3,B,Mathematics,"Mid-Term Exam",64,100,2025-09-22,2025-2026,"Clara Higgins","Primary Section (Grades 1-5)"
ACAD-SVIS-2025-006-ENGL-MID,SVIS-2025-006,"Aadhya Patel",CBSE-3,B,English,"Mid-Term Exam",61,100,2025-09-22,2025-2026,"Sarah Jenkins","Languages & Humanities Department"
ACAD-SVIS-2025-006-ENVI-MID,SVIS-2025-006,"Aadhya Patel",CBSE-3,B,"Environmental Science","Mid-Term Exam",60,100,2025-09-22,2025-2026,"Clara Higgins","Primary Section (Grades 1-5)"
ACAD-SVIS-2025-006-HIND-MID,SVIS-2025-006,"Aadhya Patel",CBSE-3,B,Hindi,"Mid-Term Exam",58,100,2025-09-22,2025-2026,"Sarah Jenkins","Languages & Humanities Department"
ACAD-SVIS-2025-006-MATH-UNI,SVIS-2025-006,"Aadhya Patel",CBSE-3,B,Mathematics,"Unit Test 2",28.5,50,2025-12-15,2025-2026,"Clara Higgins","Primary Section (Grades 1-5)"
ACAD-SVIS-2025-006-ENGL-UNI,SVIS-2025-006,"Aadhya Patel",CBSE-3,B,English,"Unit Test 2",32.5,50,2025-12-15,2025-2026,"Sarah Jenkins","Languages & Humanities Department"
ACAD-SVIS-2025-006-ENVI-UNI,SVIS-2025-006,"Aadhya Patel",CBSE-3,B,"Environmental Science","Unit Test 2",28.5,50,2025-12-15,2025-2026,"Clara Higgins","Primary Section (Grades 1-5)"
ACAD-SVIS-2025-006-HIND-UNI,SVIS-2025-006,"Aadhya Patel",CBSE-3,B,Hindi,"Unit Test 2",33.5,50,2025-12-15,2025-2026,"Sarah Jenkins","Languages & Humanities Department"
ACAD-SVIS-2025-006-MATH-FIN,SVIS-2025-006,"Aadhya Patel",CBSE-3,B,Mathematics,"Final Exam",59,100,2026-03-24,2025-2026,"Clara Higgins","Primary Section (Grades 1-5)"
ACAD-SVIS-2025-006-ENGL-FIN,SVIS-2025-006,"Aadhya Patel",CBSE-3,B,English,"Final Exam",64,100,2026-03-24,2025-2026,"Sarah Jenkins","Languages & Humanities Department"
ACAD-SVIS-2025-006-ENVI-FIN,SVIS-2025-006,"Aadhya Patel",CBSE-3,B,"Environmental Science","Final Exam",64,100,2026-03-24,2025-2026,"Clara Higgins","Primary Section (Grades 1-5)"
ACAD-SVIS-2025-006-HIND-FIN,SVIS-2025-006,"Aadhya Patel",CBSE-3,B,Hindi,"Final Exam",61,100,2026-03-24,2025-2026,"Sarah Jenkins","Languages & Humanities Department"
ACAD-SVIS-2025-007-MATH-UNI,SVIS-2025-007,"Saanvi Kulkarni",CBSE-3,A,Mathematics,"Unit Test 1",34,50,2025-07-18,2025-2026,"Clara Higgins","Primary Section (Grades 1-5)"
ACAD-SVIS-2025-007-ENGL-UNI,SVIS-2025-007,"Saanvi Kulkarni",CBSE-3,A,English,"Unit Test 1",32,50,2025-07-18,2025-2026,"Sarah Jenkins","Languages & Humanities Department"
ACAD-SVIS-2025-007-ENVI-UNI,SVIS-2025-007,"Saanvi Kulkarni",CBSE-3,A,"Environmental Science","Unit Test 1",33,50,2025-07-18,2025-2026,"Clara Higgins","Primary Section (Grades 1-5)"
ACAD-SVIS-2025-007-HIND-UNI,SVIS-2025-007,"Saanvi Kulkarni",CBSE-3,A,Hindi,"Unit Test 1",34,50,2025-07-18,2025-2026,"Sarah Jenkins","Languages & Humanities Department"
ACAD-SVIS-2025-007-MATH-MID,SVIS-2025-007,"Saanvi Kulkarni",CBSE-3,A,Mathematics,"Mid-Term Exam",60,100,2025-09-22,2025-2026,"Clara Higgins","Primary Section (Grades 1-5)"
ACAD-SVIS-2025-007-ENGL-MID,SVIS-2025-007,"Saanvi Kulkarni",CBSE-3,A,English,"Mid-Term Exam",65,100,2025-09-22,2025-2026,"Sarah Jenkins","Languages & Humanities Department"
ACAD-SVIS-2025-007-ENVI-MID,SVIS-2025-007,"Saanvi Kulkarni",CBSE-3,A,"Environmental Science","Mid-Term Exam",60,100,2025-09-22,2025-2026,"Clara Higgins","Primary Section (Grades 1-5)"
ACAD-SVIS-2025-007-HIND-MID,SVIS-2025-007,"Saanvi Kulkarni",CBSE-3,A,Hindi,"Mid-Term Exam",65,100,2025-09-22,2025-2026,"Sarah Jenkins","Languages & Humanities Department"
ACAD-SVIS-2025-007-MATH-UNI,SVIS-2025-007,"Saanvi Kulkarni",CBSE-3,A,Mathematics,"Unit Test 2",34,50,2025-12-15,2025-2026,"Clara Higgins","Primary Section (Grades 1-5)"
ACAD-SVIS-2025-007-ENGL-UNI,SVIS-2025-007,"Saanvi Kulkarni",CBSE-3,A,English,"Unit Test 2",32,50,2025-12-15,2025-2026,"Sarah Jenkins","Languages & Humanities Department"
ACAD-SVIS-2025-007-ENVI-UNI,SVIS-2025-007,"Saanvi Kulkarni",CBSE-3,A,"Environmental Science","Unit Test 2",33,50,2025-12-15,2025-2026,"Clara Higgins","Primary Section (Grades 1-5)"
ACAD-SVIS-2025-007-HIND-UNI,SVIS-2025-007,"Saanvi Kulkarni",CBSE-3,A,Hindi,"Unit Test 2",34,50,2025-12-15,2025-2026,"Sarah Jenkins","Languages & Humanities Department"
ACAD-SVIS-2025-007-MATH-FIN,SVIS-2025-007,"Saanvi Kulkarni",CBSE-3,A,Mathematics,"Final Exam",59,100,2026-03-24,2025-2026,"Clara Higgins","Primary Section (Grades 1-5)"
ACAD-SVIS-2025-007-ENGL-FIN,SVIS-2025-007,"Saanvi Kulkarni",CBSE-3,A,English,"Final Exam",64,100,2026-03-24,2025-2026,"Sarah Jenkins","Languages & Humanities Department"
ACAD-SVIS-2025-007-ENVI-FIN,SVIS-2025-007,"Saanvi Kulkarni",CBSE-3,A,"Environmental Science","Final Exam",63,100,2026-03-24,2025-2026,"Clara Higgins","Primary Section (Grades 1-5)"
ACAD-SVIS-2025-007-HIND-FIN,SVIS-2025-007,"Saanvi Kulkarni",CBSE-3,A,Hindi,"Final Exam",61,100,2026-03-24,2025-2026,"Sarah Jenkins","Languages & Humanities Department"
ACAD-SVIS-2025-008-MATH-UNI,SVIS-2025-008,"Ira Mukherjee",CBSE-3,B,Mathematics,"Unit Test 1",32.5,50,2025-07-18,2025-2026,"Clara Higgins","Primary Section (Grades 1-5)"
ACAD-SVIS-2025-008-ENGL-UNI,SVIS-2025-008,"Ira Mukherjee",CBSE-3,B,English,"Unit Test 1",30.5,50,2025-07-18,2025-2026,"Sarah Jenkins","Languages & Humanities Department"
ACAD-SVIS-2025-008-ENVI-UNI,SVIS-2025-008,"Ira Mukherjee",CBSE-3,B,"Environmental Science","Unit Test 1",32.5,50,2025-07-18,2025-2026,"Clara Higgins","Primary Section (Grades 1-5)"
ACAD-SVIS-2025-008-HIND-UNI,SVIS-2025-008,"Ira Mukherjee",CBSE-3,B,Hindi,"Unit Test 1",30.5,50,2025-07-18,2025-2026,"Sarah Jenkins","Languages & Humanities Department"
ACAD-SVIS-2025-008-MATH-MID,SVIS-2025-008,"Ira Mukherjee",CBSE-3,B,Mathematics,"Mid-Term Exam",61,100,2025-09-22,2025-2026,"Clara Higgins","Primary Section (Grades 1-5)"
ACAD-SVIS-2025-008-ENGL-MID,SVIS-2025-008,"Ira Mukherjee",CBSE-3,B,English,"Mid-Term Exam",64,100,2025-09-22,2025-2026,"Sarah Jenkins","Languages & Humanities Department"
ACAD-SVIS-2025-008-ENVI-MID,SVIS-2025-008,"Ira Mukherjee",CBSE-3,B,"Environmental Science","Mid-Term Exam",65,100,2025-09-22,2025-2026,"Clara Higgins","Primary Section (Grades 1-5)"
ACAD-SVIS-2025-008-HIND-MID,SVIS-2025-008,"Ira Mukherjee",CBSE-3,B,Hindi,"Mid-Term Exam",61,100,2025-09-22,2025-2026,"Sarah Jenkins","Languages & Humanities Department"
ACAD-SVIS-2025-008-MATH-UNI,SVIS-2025-008,"Ira Mukherjee",CBSE-3,B,Mathematics,"Unit Test 2",32.5,50,2025-12-15,2025-2026,"Clara Higgins","Primary Section (Grades 1-5)"
ACAD-SVIS-2025-008-ENGL-UNI,SVIS-2025-008,"Ira Mukherjee",CBSE-3,B,English,"Unit Test 2",30.5,50,2025-12-15,2025-2026,"Sarah Jenkins","Languages & Humanities Department"
ACAD-SVIS-2025-008-ENVI-UNI,SVIS-2025-008,"Ira Mukherjee",CBSE-3,B,"Environmental Science","Unit Test 2",32.5,50,2025-12-15,2025-2026,"Clara Higgins","Primary Section (Grades 1-5)"
ACAD-SVIS-2025-008-HIND-UNI,SVIS-2025-008,"Ira Mukherjee",CBSE-3,B,Hindi,"Unit Test 2",30.5,50,2025-12-15,2025-2026,"Sarah Jenkins","Languages & Humanities Department"
ACAD-SVIS-2025-008-MATH-FIN,SVIS-2025-008,"Ira Mukherjee",CBSE-3,B,Mathematics,"Final Exam",65,100,2026-03-24,2025-2026,"Clara Higgins","Primary Section (Grades 1-5)"
ACAD-SVIS-2025-008-ENGL-FIN,SVIS-2025-008,"Ira Mukherjee",CBSE-3,B,English,"Final Exam",60,100,2026-03-24,2025-2026,"Sarah Jenkins","Languages & Humanities Department"
ACAD-SVIS-2025-008-ENVI-FIN,SVIS-2025-008,"Ira Mukherjee",CBSE-3,B,"Environmental Science","Final Exam",63,100,2026-03-24,2025-2026,"Clara Higgins","Primary Section (Grades 1-5)"
ACAD-SVIS-2025-008-HIND-FIN,SVIS-2025-008,"Ira Mukherjee",CBSE-3,B,Hindi,"Final Exam",62,100,2026-03-24,2025-2026,"Sarah Jenkins","Languages & Humanities Department"
ACAD-SVIS-2025-009-MATH-UNI,SVIS-2025-009,"Kavya Reddy",CBSE-3,A,Mathematics,"Unit Test 1",29,50,2025-07-18,2025-2026,"Clara Higgins","Primary Section (Grades 1-5)"
ACAD-SVIS-2025-009-ENGL-UNI,SVIS-2025-009,"Kavya Reddy",CBSE-3,A,English,"Unit Test 1",32,50,2025-07-18,2025-2026,"Sarah Jenkins","Languages & Humanities Department"
ACAD-SVIS-2025-009-ENVI-UNI,SVIS-2025-009,"Kavya Reddy",CBSE-3,A,"Environmental Science","Unit Test 1",32,50,2025-07-18,2025-2026,"Clara Higgins","Primary Section (Grades 1-5)"
ACAD-SVIS-2025-009-HIND-UNI,SVIS-2025-009,"Kavya Reddy",CBSE-3,A,Hindi,"Unit Test 1",34,50,2025-07-18,2025-2026,"Sarah Jenkins","Languages & Humanities Department"
ACAD-SVIS-2025-009-MATH-MID,SVIS-2025-009,"Kavya Reddy",CBSE-3,A,Mathematics,"Mid-Term Exam",67,100,2025-09-22,2025-2026,"Clara Higgins","Primary Section (Grades 1-5)"
ACAD-SVIS-2025-009-ENGL-MID,SVIS-2025-009,"Kavya Reddy",CBSE-3,A,English,"Mid-Term Exam",66,100,2025-09-22,2025-2026,"Sarah Jenkins","Languages & Humanities Department"
ACAD-SVIS-2025-009-ENVI-MID,SVIS-2025-009,"Kavya Reddy",CBSE-3,A,"Environmental Science","Mid-Term Exam",63,100,2025-09-22,2025-2026,"Clara Higgins","Primary Section (Grades 1-5)"
ACAD-SVIS-2025-009-HIND-MID,SVIS-2025-009,"Kavya Reddy",CBSE-3,A,Hindi,"Mid-Term Exam",62,100,2025-09-22,2025-2026,"Sarah Jenkins","Languages & Humanities Department"
ACAD-SVIS-2025-009-MATH-UNI,SVIS-2025-009,"Kavya Reddy",CBSE-3,A,Mathematics,"Unit Test 2",29,50,2025-12-15,2025-2026,"Clara Higgins","Primary Section (Grades 1-5)"
ACAD-SVIS-2025-009-ENGL-UNI,SVIS-2025-009,"Kavya Reddy",CBSE-3,A,English,"Unit Test 2",32,50,2025-12-15,2025-2026,"Sarah Jenkins","Languages & Humanities Department"
ACAD-SVIS-2025-009-ENVI-UNI,SVIS-2025-009,"Kavya Reddy",CBSE-3,A,"Environmental Science","Unit Test 2",32,50,2025-12-15,2025-2026,"Clara Higgins","Primary Section (Grades 1-5)"
ACAD-SVIS-2025-009-HIND-UNI,SVIS-2025-009,"Kavya Reddy",CBSE-3,A,Hindi,"Unit Test 2",34,50,2025-12-15,2025-2026,"Sarah Jenkins","Languages & Humanities Department"
ACAD-SVIS-2025-009-MATH-FIN,SVIS-2025-009,"Kavya Reddy",CBSE-3,A,Mathematics,"Final Exam",66,100,2026-03-24,2025-2026,"Clara Higgins","Primary Section (Grades 1-5)"
ACAD-SVIS-2025-009-ENGL-FIN,SVIS-2025-009,"Kavya Reddy",CBSE-3,A,English,"Final Exam",63,100,2026-03-24,2025-2026,"Sarah Jenkins","Languages & Humanities Department"
ACAD-SVIS-2025-009-ENVI-FIN,SVIS-2025-009,"Kavya Reddy",CBSE-3,A,"Environmental Science","Final Exam",63,100,2026-03-24,2025-2026,"Clara Higgins","Primary Section (Grades 1-5)"
ACAD-SVIS-2025-009-HIND-FIN,SVIS-2025-009,"Kavya Reddy",CBSE-3,A,Hindi,"Final Exam",65,100,2026-03-24,2025-2026,"Sarah Jenkins","Languages & Humanities Department"
ACAD-SVIS-2025-010-MATH-UNI,SVIS-2025-010,"Aarav Joshi",CBSE-3,B,Mathematics,"Unit Test 1",32.5,50,2025-07-18,2025-2026,"Clara Higgins","Primary Section (Grades 1-5)"
ACAD-SVIS-2025-010-ENGL-UNI,SVIS-2025-010,"Aarav Joshi",CBSE-3,B,English,"Unit Test 1",33.5,50,2025-07-18,2025-2026,"Sarah Jenkins","Languages & Humanities Department"
ACAD-SVIS-2025-010-ENVI-UNI,SVIS-2025-010,"Aarav Joshi",CBSE-3,B,"Environmental Science","Unit Test 1",32.5,50,2025-07-18,2025-2026,"Clara Higgins","Primary Section (Grades 1-5)"
ACAD-SVIS-2025-010-HIND-UNI,SVIS-2025-010,"Aarav Joshi",CBSE-3,B,Hindi,"Unit Test 1",35.5,50,2025-07-18,2025-2026,"Sarah Jenkins","Languages & Humanities Department"
ACAD-SVIS-2025-010-MATH-MID,SVIS-2025-010,"Aarav Joshi",CBSE-3,B,Mathematics,"Mid-Term Exam",64,100,2025-09-22,2025-2026,"Clara Higgins","Primary Section (Grades 1-5)"
ACAD-SVIS-2025-010-ENGL-MID,SVIS-2025-010,"Aarav Joshi",CBSE-3,B,English,"Mid-Term Exam",66,100,2025-09-22,2025-2026,"Sarah Jenkins","Languages & Humanities Department"
ACAD-SVIS-2025-010-ENVI-MID,SVIS-2025-010,"Aarav Joshi",CBSE-3,B,"Environmental Science","Mid-Term Exam",65,100,2025-09-22,2025-2026,"Clara Higgins","Primary Section (Grades 1-5)"
ACAD-SVIS-2025-010-HIND-MID,SVIS-2025-010,"Aarav Joshi",CBSE-3,B,Hindi,"Mid-Term Exam",68,100,2025-09-22,2025-2026,"Sarah Jenkins","Languages & Humanities Department"
ACAD-SVIS-2025-010-MATH-UNI,SVIS-2025-010,"Aarav Joshi",CBSE-3,B,Mathematics,"Unit Test 2",32.5,50,2025-12-15,2025-2026,"Clara Higgins","Primary Section (Grades 1-5)"
ACAD-SVIS-2025-010-ENGL-UNI,SVIS-2025-010,"Aarav Joshi",CBSE-3,B,English,"Unit Test 2",33.5,50,2025-12-15,2025-2026,"Sarah Jenkins","Languages & Humanities Department"
ACAD-SVIS-2025-010-ENVI-UNI,SVIS-2025-010,"Aarav Joshi",CBSE-3,B,"Environmental Science","Unit Test 2",32.5,50,2025-12-15,2025-2026,"Clara Higgins","Primary Section (Grades 1-5)"
ACAD-SVIS-2025-010-HIND-UNI,SVIS-2025-010,"Aarav Joshi",CBSE-3,B,Hindi,"Unit Test 2",35.5,50,2025-12-15,2025-2026,"Sarah Jenkins","Languages & Humanities Department"
ACAD-SVIS-2025-010-MATH-FIN,SVIS-2025-010,"Aarav Joshi",CBSE-3,B,Mathematics,"Final Exam",66,100,2026-03-24,2025-2026,"Clara Higgins","Primary Section (Grades 1-5)"
ACAD-SVIS-2025-010-ENGL-FIN,SVIS-2025-010,"Aarav Joshi",CBSE-3,B,English,"Final Exam",66,100,2026-03-24,2025-2026,"Sarah Jenkins","Languages & Humanities Department"
ACAD-SVIS-2025-010-ENVI-FIN,SVIS-2025-010,"Aarav Joshi",CBSE-3,B,"Environmental Science","Final Exam",64,100,2026-03-24,2025-2026,"Clara Higgins","Primary Section (Grades 1-5)"
ACAD-SVIS-2025-010-HIND-FIN,SVIS-2025-010,"Aarav Joshi",CBSE-3,B,Hindi,"Final Exam",66,100,2026-03-24,2025-2026,"Sarah Jenkins","Languages & Humanities Department"
ACAD-SVIS-2025-011-MATH-UNI,SVIS-2025-011,"Vihaan Banerjee",CBSE-3,A,Mathematics,"Unit Test 1",33,50,2025-07-18,2025-2026,"Clara Higgins","Primary Section (Grades 1-5)"
ACAD-SVIS-2025-011-ENGL-UNI,SVIS-2025-011,"Vihaan Banerjee",CBSE-3,A,English,"Unit Test 1",34,50,2025-07-18,2025-2026,"Sarah Jenkins","Languages & Humanities Department"
ACAD-SVIS-2025-011-ENVI-UNI,SVIS-2025-011,"Vihaan Banerjee",CBSE-3,A,"Environmental Science","Unit Test 1",33,50,2025-07-18,2025-2026,"Clara Higgins","Primary Section (Grades 1-5)"
ACAD-SVIS-2025-011-HIND-UNI,SVIS-2025-011,"Vihaan Banerjee",CBSE-3,A,Hindi,"Unit Test 1",30,50,2025-07-18,2025-2026,"Sarah Jenkins","Languages & Humanities Department"
ACAD-SVIS-2025-011-MATH-MID,SVIS-2025-011,"Vihaan Banerjee",CBSE-3,A,Mathematics,"Mid-Term Exam",68,100,2025-09-22,2025-2026,"Clara Higgins","Primary Section (Grades 1-5)"
ACAD-SVIS-2025-011-ENGL-MID,SVIS-2025-011,"Vihaan Banerjee",CBSE-3,A,English,"Mid-Term Exam",66,100,2025-09-22,2025-2026,"Sarah Jenkins","Languages & Humanities Department"
ACAD-SVIS-2025-011-ENVI-MID,SVIS-2025-011,"Vihaan Banerjee",CBSE-3,A,"Environmental Science","Mid-Term Exam",69,100,2025-09-22,2025-2026,"Clara Higgins","Primary Section (Grades 1-5)"
ACAD-SVIS-2025-011-HIND-MID,SVIS-2025-011,"Vihaan Banerjee",CBSE-3,A,Hindi,"Mid-Term Exam",63,100,2025-09-22,2025-2026,"Sarah Jenkins","Languages & Humanities Department"
ACAD-SVIS-2025-011-MATH-UNI,SVIS-2025-011,"Vihaan Banerjee",CBSE-3,A,Mathematics,"Unit Test 2",33,50,2025-12-15,2025-2026,"Clara Higgins","Primary Section (Grades 1-5)"
ACAD-SVIS-2025-011-ENGL-UNI,SVIS-2025-011,"Vihaan Banerjee",CBSE-3,A,English,"Unit Test 2",34,50,2025-12-15,2025-2026,"Sarah Jenkins","Languages & Humanities Department"
ACAD-SVIS-2025-011-ENVI-UNI,SVIS-2025-011,"Vihaan Banerjee",CBSE-3,A,"Environmental Science","Unit Test 2",33,50,2025-12-15,2025-2026,"Clara Higgins","Primary Section (Grades 1-5)"
ACAD-SVIS-2025-011-HIND-UNI,SVIS-2025-011,"Vihaan Banerjee",CBSE-3,A,Hindi,"Unit Test 2",30,50,2025-12-15,2025-2026,"Sarah Jenkins","Languages & Humanities Department"
ACAD-SVIS-2025-011-MATH-FIN,SVIS-2025-011,"Vihaan Banerjee",CBSE-3,A,Mathematics,"Final Exam",68,100,2026-03-24,2025-2026,"Clara Higgins","Primary Section (Grades 1-5)"
ACAD-SVIS-2025-011-ENGL-FIN,SVIS-2025-011,"Vihaan Banerjee",CBSE-3,A,English,"Final Exam",67,100,2026-03-24,2025-2026,"Sarah Jenkins","Languages & Humanities Department"
ACAD-SVIS-2025-011-ENVI-FIN,SVIS-2025-011,"Vihaan Banerjee",CBSE-3,A,"Environmental Science","Final Exam",67,100,2026-03-24,2025-2026,"Clara Higgins","Primary Section (Grades 1-5)"
ACAD-SVIS-2025-011-HIND-FIN,SVIS-2025-011,"Vihaan Banerjee",CBSE-3,A,Hindi,"Final Exam",63,100,2026-03-24,2025-2026,"Sarah Jenkins","Languages & Humanities Department"
ACAD-SVIS-2025-012-MATH-UNI,SVIS-2025-012,"Reyansh Nair",CBSE-3,B,Mathematics,"Unit Test 1",34.5,50,2025-07-18,2025-2026,"Clara Higgins","Primary Section (Grades 1-5)"
ACAD-SVIS-2025-012-ENGL-UNI,SVIS-2025-012,"Reyansh Nair",CBSE-3,B,English,"Unit Test 1",32.5,50,2025-07-18,2025-2026,"Sarah Jenkins","Languages & Humanities Department"
ACAD-SVIS-2025-012-ENVI-UNI,SVIS-2025-012,"Reyansh Nair",CBSE-3,B,"Environmental Science","Unit Test 1",32.5,50,2025-07-18,2025-2026,"Clara Higgins","Primary Section (Grades 1-5)"
ACAD-SVIS-2025-012-HIND-UNI,SVIS-2025-012,"Reyansh Nair",CBSE-3,B,Hindi,"Unit Test 1",36.5,50,2025-07-18,2025-2026,"Sarah Jenkins","Languages & Humanities Department"
ACAD-SVIS-2025-012-MATH-MID,SVIS-2025-012,"Reyansh Nair",CBSE-3,B,Mathematics,"Mid-Term Exam",68,100,2025-09-22,2025-2026,"Clara Higgins","Primary Section (Grades 1-5)"
ACAD-SVIS-2025-012-ENGL-MID,SVIS-2025-012,"Reyansh Nair",CBSE-3,B,English,"Mid-Term Exam",69,100,2025-09-22,2025-2026,"Sarah Jenkins","Languages & Humanities Department"
ACAD-SVIS-2025-012-ENVI-MID,SVIS-2025-012,"Reyansh Nair",CBSE-3,B,"Environmental Science","Mid-Term Exam",66,100,2025-09-22,2025-2026,"Clara Higgins","Primary Section (Grades 1-5)"
ACAD-SVIS-2025-012-HIND-MID,SVIS-2025-012,"Reyansh Nair",CBSE-3,B,Hindi,"Mid-Term Exam",69,100,2025-09-22,2025-2026,"Sarah Jenkins","Languages & Humanities Department"
ACAD-SVIS-2025-012-MATH-UNI,SVIS-2025-012,"Reyansh Nair",CBSE-3,B,Mathematics,"Unit Test 2",34.5,50,2025-12-15,2025-2026,"Clara Higgins","Primary Section (Grades 1-5)"
ACAD-SVIS-2025-012-ENGL-UNI,SVIS-2025-012,"Reyansh Nair",CBSE-3,B,English,"Unit Test 2",32.5,50,2025-12-15,2025-2026,"Sarah Jenkins","Languages & Humanities Department"
ACAD-SVIS-2025-012-ENVI-UNI,SVIS-2025-012,"Reyansh Nair",CBSE-3,B,"Environmental Science","Unit Test 2",32.5,50,2025-12-15,2025-2026,"Clara Higgins","Primary Section (Grades 1-5)"
ACAD-SVIS-2025-012-HIND-UNI,SVIS-2025-012,"Reyansh Nair",CBSE-3,B,Hindi,"Unit Test 2",36.5,50,2025-12-15,2025-2026,"Sarah Jenkins","Languages & Humanities Department"
ACAD-SVIS-2025-012-MATH-FIN,SVIS-2025-012,"Reyansh Nair",CBSE-3,B,Mathematics,"Final Exam",68,100,2026-03-24,2025-2026,"Clara Higgins","Primary Section (Grades 1-5)"
ACAD-SVIS-2025-012-ENGL-FIN,SVIS-2025-012,"Reyansh Nair",CBSE-3,B,English,"Final Exam",69,100,2026-03-24,2025-2026,"Sarah Jenkins","Languages & Humanities Department"
ACAD-SVIS-2025-012-ENVI-FIN,SVIS-2025-012,"Reyansh Nair",CBSE-3,B,"Environmental Science","Final Exam",67,100,2026-03-24,2025-2026,"Clara Higgins","Primary Section (Grades 1-5)"
ACAD-SVIS-2025-012-HIND-FIN,SVIS-2025-012,"Reyansh Nair",CBSE-3,B,Hindi,"Final Exam",69,100,2026-03-24,2025-2026,"Sarah Jenkins","Languages & Humanities Department"
ACAD-SVIS-2025-013-MATH-UNI,SVIS-2025-013,"Ishaan Bhat",CBSE-3,A,Mathematics,"Unit Test 1",36,50,2025-07-18,2025-2026,"Clara Higgins","Primary Section (Grades 1-5)"
ACAD-SVIS-2025-013-ENGL-UNI,SVIS-2025-013,"Ishaan Bhat",CBSE-3,A,English,"Unit Test 1",36,50,2025-07-18,2025-2026,"Sarah Jenkins","Languages & Humanities Department"
ACAD-SVIS-2025-013-ENVI-UNI,SVIS-2025-013,"Ishaan Bhat",CBSE-3,A,"Environmental Science","Unit Test 1",34,50,2025-07-18,2025-2026,"Clara Higgins","Primary Section (Grades 1-5)"
ACAD-SVIS-2025-013-HIND-UNI,SVIS-2025-013,"Ishaan Bhat",CBSE-3,A,Hindi,"Unit Test 1",36,50,2025-07-18,2025-2026,"Sarah Jenkins","Languages & Humanities Department"
ACAD-SVIS-2025-013-MATH-MID,SVIS-2025-013,"Ishaan Bhat",CBSE-3,A,Mathematics,"Mid-Term Exam",70,100,2025-09-22,2025-2026,"Clara Higgins","Primary Section (Grades 1-5)"
ACAD-SVIS-2025-013-ENGL-MID,SVIS-2025-013,"Ishaan Bhat",CBSE-3,A,English,"Mid-Term Exam",67,100,2025-09-22,2025-2026,"Sarah Jenkins","Languages & Humanities Department"
ACAD-SVIS-2025-013-ENVI-MID,SVIS-2025-013,"Ishaan Bhat",CBSE-3,A,"Environmental Science","Mid-Term Exam",71,100,2025-09-22,2025-2026,"Clara Higgins","Primary Section (Grades 1-5)"
ACAD-SVIS-2025-013-HIND-MID,SVIS-2025-013,"Ishaan Bhat",CBSE-3,A,Hindi,"Mid-Term Exam",70,100,2025-09-22,2025-2026,"Sarah Jenkins","Languages & Humanities Department"
ACAD-SVIS-2025-013-MATH-UNI,SVIS-2025-013,"Ishaan Bhat",CBSE-3,A,Mathematics,"Unit Test 2",36,50,2025-12-15,2025-2026,"Clara Higgins","Primary Section (Grades 1-5)"
ACAD-SVIS-2025-013-ENGL-UNI,SVIS-2025-013,"Ishaan Bhat",CBSE-3,A,English,"Unit Test 2",36,50,2025-12-15,2025-2026,"Sarah Jenkins","Languages & Humanities Department"
ACAD-SVIS-2025-013-ENVI-UNI,SVIS-2025-013,"Ishaan Bhat",CBSE-3,A,"Environmental Science","Unit Test 2",34,50,2025-12-15,2025-2026,"Clara Higgins","Primary Section (Grades 1-5)"
ACAD-SVIS-2025-013-HIND-UNI,SVIS-2025-013,"Ishaan Bhat",CBSE-3,A,Hindi,"Unit Test 2",36,50,2025-12-15,2025-2026,"Sarah Jenkins","Languages & Humanities Department"
ACAD-SVIS-2025-013-MATH-FIN,SVIS-2025-013,"Ishaan Bhat",CBSE-3,A,Mathematics,"Final Exam",69,100,2026-03-24,2025-2026,"Clara Higgins","Primary Section (Grades 1-5)"
ACAD-SVIS-2025-013-ENGL-FIN,SVIS-2025-013,"Ishaan Bhat",CBSE-3,A,English,"Final Exam",71,100,2026-03-24,2025-2026,"Sarah Jenkins","Languages & Humanities Department"
ACAD-SVIS-2025-013-ENVI-FIN,SVIS-2025-013,"Ishaan Bhat",CBSE-3,A,"Environmental Science","Final Exam",70,100,2026-03-24,2025-2026,"Clara Higgins","Primary Section (Grades 1-5)"
ACAD-SVIS-2025-013-HIND-FIN,SVIS-2025-013,"Ishaan Bhat",CBSE-3,A,Hindi,"Final Exam",71,100,2026-03-24,2025-2026,"Sarah Jenkins","Languages & Humanities Department"
ACAD-SVIS-2025-014-MATH-UNI,SVIS-2025-014,"Advik Ghosh",CBSE-3,B,Mathematics,"Unit Test 1",35.5,50,2025-07-18,2025-2026,"Clara Higgins","Primary Section (Grades 1-5)"
ACAD-SVIS-2025-014-ENGL-UNI,SVIS-2025-014,"Advik Ghosh",CBSE-3,B,English,"Unit Test 1",36.5,50,2025-07-18,2025-2026,"Sarah Jenkins","Languages & Humanities Department"
ACAD-SVIS-2025-014-ENVI-UNI,SVIS-2025-014,"Advik Ghosh",CBSE-3,B,"Environmental Science","Unit Test 1",35.5,50,2025-07-18,2025-2026,"Clara Higgins","Primary Section (Grades 1-5)"
ACAD-SVIS-2025-014-HIND-UNI,SVIS-2025-014,"Advik Ghosh",CBSE-3,B,Hindi,"Unit Test 1",31.5,50,2025-07-18,2025-2026,"Sarah Jenkins","Languages & Humanities Department"
ACAD-SVIS-2025-014-MATH-MID,SVIS-2025-014,"Advik Ghosh",CBSE-3,B,Mathematics,"Mid-Term Exam",71,100,2025-09-22,2025-2026,"Clara Higgins","Primary Section (Grades 1-5)"
ACAD-SVIS-2025-014-ENGL-MID,SVIS-2025-014,"Advik Ghosh",CBSE-3,B,English,"Mid-Term Exam",72,100,2025-09-22,2025-2026,"Sarah Jenkins","Languages & Humanities Department"
ACAD-SVIS-2025-014-ENVI-MID,SVIS-2025-014,"Advik Ghosh",CBSE-3,B,"Environmental Science","Mid-Term Exam",66,100,2025-09-22,2025-2026,"Clara Higgins","Primary Section (Grades 1-5)"
ACAD-SVIS-2025-014-HIND-MID,SVIS-2025-014,"Advik Ghosh",CBSE-3,B,Hindi,"Mid-Term Exam",67,100,2025-09-22,2025-2026,"Sarah Jenkins","Languages & Humanities Department"
ACAD-SVIS-2025-014-MATH-UNI,SVIS-2025-014,"Advik Ghosh",CBSE-3,B,Mathematics,"Unit Test 2",35.5,50,2025-12-15,2025-2026,"Clara Higgins","Primary Section (Grades 1-5)"
ACAD-SVIS-2025-014-ENGL-UNI,SVIS-2025-014,"Advik Ghosh",CBSE-3,B,English,"Unit Test 2",36.5,50,2025-12-15,2025-2026,"Sarah Jenkins","Languages & Humanities Department"
ACAD-SVIS-2025-014-ENVI-UNI,SVIS-2025-014,"Advik Ghosh",CBSE-3,B,"Environmental Science","Unit Test 2",35.5,50,2025-12-15,2025-2026,"Clara Higgins","Primary Section (Grades 1-5)"
ACAD-SVIS-2025-014-HIND-UNI,SVIS-2025-014,"Advik Ghosh",CBSE-3,B,Hindi,"Unit Test 2",31.5,50,2025-12-15,2025-2026,"Sarah Jenkins","Languages & Humanities Department"
ACAD-SVIS-2025-014-MATH-FIN,SVIS-2025-014,"Advik Ghosh",CBSE-3,B,Mathematics,"Final Exam",71,100,2026-03-24,2025-2026,"Clara Higgins","Primary Section (Grades 1-5)"
ACAD-SVIS-2025-014-ENGL-FIN,SVIS-2025-014,"Advik Ghosh",CBSE-3,B,English,"Final Exam",71,100,2026-03-24,2025-2026,"Sarah Jenkins","Languages & Humanities Department"
ACAD-SVIS-2025-014-ENVI-FIN,SVIS-2025-014,"Advik Ghosh",CBSE-3,B,"Environmental Science","Final Exam",70,100,2026-03-24,2025-2026,"Clara Higgins","Primary Section (Grades 1-5)"
ACAD-SVIS-2025-014-HIND-FIN,SVIS-2025-014,"Advik Ghosh",CBSE-3,B,Hindi,"Final Exam",67,100,2026-03-24,2025-2026,"Sarah Jenkins","Languages & Humanities Department"
ACAD-SVIS-2025-015-MATH-UNI,SVIS-2025-015,"Ananya Iyer",CBSE-3,A,Mathematics,"Unit Test 1",33,50,2025-07-18,2025-2026,"Clara Higgins","Primary Section (Grades 1-5)"
ACAD-SVIS-2025-015-ENGL-UNI,SVIS-2025-015,"Ananya Iyer",CBSE-3,A,English,"Unit Test 1",32,50,2025-07-18,2025-2026,"Sarah Jenkins","Languages & Humanities Department"
ACAD-SVIS-2025-015-ENVI-UNI,SVIS-2025-015,"Ananya Iyer",CBSE-3,A,"Environmental Science","Unit Test 1",32,50,2025-07-18,2025-2026,"Clara Higgins","Primary Section (Grades 1-5)"
ACAD-SVIS-2025-015-HIND-UNI,SVIS-2025-015,"Ananya Iyer",CBSE-3,A,Hindi,"Unit Test 1",34,50,2025-07-18,2025-2026,"Sarah Jenkins","Languages & Humanities Department"
ACAD-SVIS-2025-015-MATH-MID,SVIS-2025-015,"Ananya Iyer",CBSE-3,A,Mathematics,"Mid-Term Exam",67,100,2025-09-22,2025-2026,"Clara Higgins","Primary Section (Grades 1-5)"
ACAD-SVIS-2025-015-ENGL-MID,SVIS-2025-015,"Ananya Iyer",CBSE-3,A,English,"Mid-Term Exam",73,100,2025-09-22,2025-2026,"Sarah Jenkins","Languages & Humanities Department"
ACAD-SVIS-2025-015-ENVI-MID,SVIS-2025-015,"Ananya Iyer",CBSE-3,A,"Environmental Science","Mid-Term Exam",68,100,2025-09-22,2025-2026,"Clara Higgins","Primary Section (Grades 1-5)"
ACAD-SVIS-2025-015-HIND-MID,SVIS-2025-015,"Ananya Iyer",CBSE-3,A,Hindi,"Mid-Term Exam",67,100,2025-09-22,2025-2026,"Sarah Jenkins","Languages & Humanities Department"
ACAD-SVIS-2025-015-MATH-UNI,SVIS-2025-015,"Ananya Iyer",CBSE-3,A,Mathematics,"Unit Test 2",33,50,2025-12-15,2025-2026,"Clara Higgins","Primary Section (Grades 1-5)"
ACAD-SVIS-2025-015-ENGL-UNI,SVIS-2025-015,"Ananya Iyer",CBSE-3,A,English,"Unit Test 2",32,50,2025-12-15,2025-2026,"Sarah Jenkins","Languages & Humanities Department"
ACAD-SVIS-2025-015-ENVI-UNI,SVIS-2025-015,"Ananya Iyer",CBSE-3,A,"Environmental Science","Unit Test 2",32,50,2025-12-15,2025-2026,"Clara Higgins","Primary Section (Grades 1-5)"
ACAD-SVIS-2025-015-HIND-UNI,SVIS-2025-015,"Ananya Iyer",CBSE-3,A,Hindi,"Unit Test 2",34,50,2025-12-15,2025-2026,"Sarah Jenkins","Languages & Humanities Department"
ACAD-SVIS-2025-015-MATH-FIN,SVIS-2025-015,"Ananya Iyer",CBSE-3,A,Mathematics,"Final Exam",73,100,2026-03-24,2025-2026,"Clara Higgins","Primary Section (Grades 1-5)"
ACAD-SVIS-2025-015-ENGL-FIN,SVIS-2025-015,"Ananya Iyer",CBSE-3,A,English,"Final Exam",72,100,2026-03-24,2025-2026,"Sarah Jenkins","Languages & Humanities Department"
ACAD-SVIS-2025-015-ENVI-FIN,SVIS-2025-015,"Ananya Iyer",CBSE-3,A,"Environmental Science","Final Exam",71,100,2026-03-24,2025-2026,"Clara Higgins","Primary Section (Grades 1-5)"
ACAD-SVIS-2025-015-HIND-FIN,SVIS-2025-015,"Ananya Iyer",CBSE-3,A,Hindi,"Final Exam",68,100,2026-03-24,2025-2026,"Sarah Jenkins","Languages & Humanities Department"
ACAD-SVIS-2025-016-MATH-UNI,SVIS-2025-016,"Aadhya Rao",CBSE-4,A,Mathematics,"Unit Test 1",33.5,50,2025-07-18,2025-2026,"Arthur Pendelton","Middle School (Grades 6-8)"
ACAD-SVIS-2025-016-SCIE-UNI,SVIS-2025-016,"Aadhya Rao",CBSE-4,A,Science,"Unit Test 1",35.5,50,2025-07-18,2025-2026,"David Chen","Science & Mathematics Department"
ACAD-SVIS-2025-016-SOCI-UNI,SVIS-2025-016,"Aadhya Rao",CBSE-4,A,"Social Science","Unit Test 1",37.5,50,2025-07-18,2025-2026,"Arthur Pendelton","Middle School (Grades 6-8)"
ACAD-SVIS-2025-016-ENGL-UNI,SVIS-2025-016,"Aadhya Rao",CBSE-4,A,English,"Unit Test 1",36.5,50,2025-07-18,2025-2026,"Sarah Jenkins","Languages & Humanities Department"
ACAD-SVIS-2025-016-COMP-UNI,SVIS-2025-016,"Aadhya Rao",CBSE-4,A,"Computer Science","Unit Test 1",37.5,50,2025-07-18,2025-2026,"Vikram Patel","Secondary Section (Grades 9-10)"
ACAD-SVIS-2025-016-MATH-MID,SVIS-2025-016,"Aadhya Rao",CBSE-4,A,Mathematics,"Mid-Term Exam",69,100,2025-09-22,2025-2026,"Arthur Pendelton","Middle School (Grades 6-8)"
ACAD-SVIS-2025-016-SCIE-MID,SVIS-2025-016,"Aadhya Rao",CBSE-4,A,Science,"Mid-Term Exam",70,100,2025-09-22,2025-2026,"David Chen","Science & Mathematics Department"
ACAD-SVIS-2025-016-SOCI-MID,SVIS-2025-016,"Aadhya Rao",CBSE-4,A,"Social Science","Mid-Term Exam",73,100,2025-09-22,2025-2026,"Arthur Pendelton","Middle School (Grades 6-8)"
ACAD-SVIS-2025-016-ENGL-MID,SVIS-2025-016,"Aadhya Rao",CBSE-4,A,English,"Mid-Term Exam",70,100,2025-09-22,2025-2026,"Sarah Jenkins","Languages & Humanities Department"
ACAD-SVIS-2025-016-COMP-MID,SVIS-2025-016,"Aadhya Rao",CBSE-4,A,"Computer Science","Mid-Term Exam",74,100,2025-09-22,2025-2026,"Vikram Patel","Secondary Section (Grades 9-10)"
ACAD-SVIS-2025-016-MATH-UNI,SVIS-2025-016,"Aadhya Rao",CBSE-4,A,Mathematics,"Unit Test 2",33.5,50,2025-12-15,2025-2026,"Arthur Pendelton","Middle School (Grades 6-8)"
ACAD-SVIS-2025-016-SCIE-UNI,SVIS-2025-016,"Aadhya Rao",CBSE-4,A,Science,"Unit Test 2",35.5,50,2025-12-15,2025-2026,"David Chen","Science & Mathematics Department"
ACAD-SVIS-2025-016-SOCI-UNI,SVIS-2025-016,"Aadhya Rao",CBSE-4,A,"Social Science","Unit Test 2",37.5,50,2025-12-15,2025-2026,"Arthur Pendelton","Middle School (Grades 6-8)"
ACAD-SVIS-2025-016-ENGL-UNI,SVIS-2025-016,"Aadhya Rao",CBSE-4,A,English,"Unit Test 2",36.5,50,2025-12-15,2025-2026,"Sarah Jenkins","Languages & Humanities Department"
ACAD-SVIS-2025-016-COMP-UNI,SVIS-2025-016,"Aadhya Rao",CBSE-4,A,"Computer Science","Unit Test 2",37.5,50,2025-12-15,2025-2026,"Vikram Patel","Secondary Section (Grades 9-10)"
ACAD-SVIS-2025-016-MATH-FIN,SVIS-2025-016,"Aadhya Rao",CBSE-4,A,Mathematics,"Final Exam",72,100,2026-03-24,2025-2026,"Arthur Pendelton","Middle School (Grades 6-8)"
ACAD-SVIS-2025-016-SCIE-FIN,SVIS-2025-016,"Aadhya Rao",CBSE-4,A,Science,"Final Exam",68,100,2026-03-24,2025-2026,"David Chen","Science & Mathematics Department"
ACAD-SVIS-2025-016-SOCI-FIN,SVIS-2025-016,"Aadhya Rao",CBSE-4,A,"Social Science","Final Exam",69,100,2026-03-24,2025-2026,"Arthur Pendelton","Middle School (Grades 6-8)"
ACAD-SVIS-2025-016-ENGL-FIN,SVIS-2025-016,"Aadhya Rao",CBSE-4,A,English,"Final Exam",72,100,2026-03-24,2025-2026,"Sarah Jenkins","Languages & Humanities Department"
ACAD-SVIS-2025-016-COMP-FIN,SVIS-2025-016,"Aadhya Rao",CBSE-4,A,"Computer Science","Final Exam",72,100,2026-03-24,2025-2026,"Vikram Patel","Secondary Section (Grades 9-10)"
ACAD-SVIS-2025-017-MATH-UNI,SVIS-2025-017,"Saanvi Chatterjee",CBSE-4,B,Mathematics,"Unit Test 1",39,50,2025-07-18,2025-2026,"Arthur Pendelton","Middle School (Grades 6-8)"
ACAD-SVIS-2025-017-SCIE-UNI,SVIS-2025-017,"Saanvi Chatterjee",CBSE-4,B,Science,"Unit Test 1",36,50,2025-07-18,2025-2026,"David Chen","Science & Mathematics Department"
ACAD-SVIS-2025-017-SOCI-UNI,SVIS-2025-017,"Saanvi Chatterjee",CBSE-4,B,"Social Science","Unit Test 1",38,50,2025-07-18,2025-2026,"Arthur Pendelton","Middle School (Grades 6-8)"
ACAD-SVIS-2025-017-ENGL-UNI,SVIS-2025-017,"Saanvi Chatterjee",CBSE-4,B,English,"Unit Test 1",34,50,2025-07-18,2025-2026,"Sarah Jenkins","Languages & Humanities Department"
ACAD-SVIS-2025-017-COMP-UNI,SVIS-2025-017,"Saanvi Chatterjee",CBSE-4,B,"Computer Science","Unit Test 1",35,50,2025-07-18,2025-2026,"Vikram Patel","Secondary Section (Grades 9-10)"
ACAD-SVIS-2025-017-MATH-MID,SVIS-2025-017,"Saanvi Chatterjee",CBSE-4,B,Mathematics,"Mid-Term Exam",69,100,2025-09-22,2025-2026,"Arthur Pendelton","Middle School (Grades 6-8)"
ACAD-SVIS-2025-017-SCIE-MID,SVIS-2025-017,"Saanvi Chatterjee",CBSE-4,B,Science,"Mid-Term Exam",69,100,2025-09-22,2025-2026,"David Chen","Science & Mathematics Department"
ACAD-SVIS-2025-017-SOCI-MID,SVIS-2025-017,"Saanvi Chatterjee",CBSE-4,B,"Social Science","Mid-Term Exam",69,100,2025-09-22,2025-2026,"Arthur Pendelton","Middle School (Grades 6-8)"
ACAD-SVIS-2025-017-ENGL-MID,SVIS-2025-017,"Saanvi Chatterjee",CBSE-4,B,English,"Mid-Term Exam",71,100,2025-09-22,2025-2026,"Sarah Jenkins","Languages & Humanities Department"
ACAD-SVIS-2025-017-COMP-MID,SVIS-2025-017,"Saanvi Chatterjee",CBSE-4,B,"Computer Science","Mid-Term Exam",74,100,2025-09-22,2025-2026,"Vikram Patel","Secondary Section (Grades 9-10)"
ACAD-SVIS-2025-017-MATH-UNI,SVIS-2025-017,"Saanvi Chatterjee",CBSE-4,B,Mathematics,"Unit Test 2",39,50,2025-12-15,2025-2026,"Arthur Pendelton","Middle School (Grades 6-8)"
ACAD-SVIS-2025-017-SCIE-UNI,SVIS-2025-017,"Saanvi Chatterjee",CBSE-4,B,Science,"Unit Test 2",36,50,2025-12-15,2025-2026,"David Chen","Science & Mathematics Department"
ACAD-SVIS-2025-017-SOCI-UNI,SVIS-2025-017,"Saanvi Chatterjee",CBSE-4,B,"Social Science","Unit Test 2",38,50,2025-12-15,2025-2026,"Arthur Pendelton","Middle School (Grades 6-8)"
ACAD-SVIS-2025-017-ENGL-UNI,SVIS-2025-017,"Saanvi Chatterjee",CBSE-4,B,English,"Unit Test 2",34,50,2025-12-15,2025-2026,"Sarah Jenkins","Languages & Humanities Department"
ACAD-SVIS-2025-017-COMP-UNI,SVIS-2025-017,"Saanvi Chatterjee",CBSE-4,B,"Computer Science","Unit Test 2",35,50,2025-12-15,2025-2026,"Vikram Patel","Secondary Section (Grades 9-10)"
ACAD-SVIS-2025-017-MATH-FIN,SVIS-2025-017,"Saanvi Chatterjee",CBSE-4,B,Mathematics,"Final Exam",69,100,2026-03-24,2025-2026,"Arthur Pendelton","Middle School (Grades 6-8)"
ACAD-SVIS-2025-017-SCIE-FIN,SVIS-2025-017,"Saanvi Chatterjee",CBSE-4,B,Science,"Final Exam",72,100,2026-03-24,2025-2026,"David Chen","Science & Mathematics Department"
ACAD-SVIS-2025-017-SOCI-FIN,SVIS-2025-017,"Saanvi Chatterjee",CBSE-4,B,"Social Science","Final Exam",69,100,2026-03-24,2025-2026,"Arthur Pendelton","Middle School (Grades 6-8)"
ACAD-SVIS-2025-017-ENGL-FIN,SVIS-2025-017,"Saanvi Chatterjee",CBSE-4,B,English,"Final Exam",70,100,2026-03-24,2025-2026,"Sarah Jenkins","Languages & Humanities Department"
ACAD-SVIS-2025-017-COMP-FIN,SVIS-2025-017,"Saanvi Chatterjee",CBSE-4,B,"Computer Science","Final Exam",72,100,2026-03-24,2025-2026,"Vikram Patel","Secondary Section (Grades 9-10)"
ACAD-SVIS-2025-018-MATH-UNI,SVIS-2025-018,"Ira Gupta",CBSE-4,A,Mathematics,"Unit Test 1",36.5,50,2025-07-18,2025-2026,"Arthur Pendelton","Middle School (Grades 6-8)"
ACAD-SVIS-2025-018-SCIE-UNI,SVIS-2025-018,"Ira Gupta",CBSE-4,A,Science,"Unit Test 1",33.5,50,2025-07-18,2025-2026,"David Chen","Science & Mathematics Department"
ACAD-SVIS-2025-018-SOCI-UNI,SVIS-2025-018,"Ira Gupta",CBSE-4,A,"Social Science","Unit Test 1",36.5,50,2025-07-18,2025-2026,"Arthur Pendelton","Middle School (Grades 6-8)"
ACAD-SVIS-2025-018-ENGL-UNI,SVIS-2025-018,"Ira Gupta",CBSE-4,A,English,"Unit Test 1",37.5,50,2025-07-18,2025-2026,"Sarah Jenkins","Languages & Humanities Department"
ACAD-SVIS-2025-018-COMP-UNI,SVIS-2025-018,"Ira Gupta",CBSE-4,A,"Computer Science","Unit Test 1",37.5,50,2025-07-18,2025-2026,"Vikram Patel","Secondary Section (Grades 9-10)"
ACAD-SVIS-2025-018-MATH-MID,SVIS-2025-018,"Ira Gupta",CBSE-4,A,Mathematics,"Mid-Term Exam",73,100,2025-09-22,2025-2026,"Arthur Pendelton","Middle School (Grades 6-8)"
ACAD-SVIS-2025-018-SCIE-MID,SVIS-2025-018,"Ira Gupta",CBSE-4,A,Science,"Mid-Term Exam",76,100,2025-09-22,2025-2026,"David Chen","Science & Mathematics Department"
ACAD-SVIS-2025-018-SOCI-MID,SVIS-2025-018,"Ira Gupta",CBSE-4,A,"Social Science","Mid-Term Exam",76,100,2025-09-22,2025-2026,"Arthur Pendelton","Middle School (Grades 6-8)"
ACAD-SVIS-2025-018-ENGL-MID,SVIS-2025-018,"Ira Gupta",CBSE-4,A,English,"Mid-Term Exam",71,100,2025-09-22,2025-2026,"Sarah Jenkins","Languages & Humanities Department"
ACAD-SVIS-2025-018-COMP-MID,SVIS-2025-018,"Ira Gupta",CBSE-4,A,"Computer Science","Mid-Term Exam",71,100,2025-09-22,2025-2026,"Vikram Patel","Secondary Section (Grades 9-10)"
ACAD-SVIS-2025-018-MATH-UNI,SVIS-2025-018,"Ira Gupta",CBSE-4,A,Mathematics,"Unit Test 2",36.5,50,2025-12-15,2025-2026,"Arthur Pendelton","Middle School (Grades 6-8)"
ACAD-SVIS-2025-018-SCIE-UNI,SVIS-2025-018,"Ira Gupta",CBSE-4,A,Science,"Unit Test 2",33.5,50,2025-12-15,2025-2026,"David Chen","Science & Mathematics Department"
ACAD-SVIS-2025-018-SOCI-UNI,SVIS-2025-018,"Ira Gupta",CBSE-4,A,"Social Science","Unit Test 2",36.5,50,2025-12-15,2025-2026,"Arthur Pendelton","Middle School (Grades 6-8)"
ACAD-SVIS-2025-018-ENGL-UNI,SVIS-2025-018,"Ira Gupta",CBSE-4,A,English,"Unit Test 2",37.5,50,2025-12-15,2025-2026,"Sarah Jenkins","Languages & Humanities Department"
ACAD-SVIS-2025-018-COMP-UNI,SVIS-2025-018,"Ira Gupta",CBSE-4,A,"Computer Science","Unit Test 2",37.5,50,2025-12-15,2025-2026,"Vikram Patel","Secondary Section (Grades 9-10)"
ACAD-SVIS-2025-018-MATH-FIN,SVIS-2025-018,"Ira Gupta",CBSE-4,A,Mathematics,"Final Exam",74,100,2026-03-24,2025-2026,"Arthur Pendelton","Middle School (Grades 6-8)"
ACAD-SVIS-2025-018-SCIE-FIN,SVIS-2025-018,"Ira Gupta",CBSE-4,A,Science,"Final Exam",74,100,2026-03-24,2025-2026,"David Chen","Science & Mathematics Department"
ACAD-SVIS-2025-018-SOCI-FIN,SVIS-2025-018,"Ira Gupta",CBSE-4,A,"Social Science","Final Exam",74,100,2026-03-24,2025-2026,"Arthur Pendelton","Middle School (Grades 6-8)"
ACAD-SVIS-2025-018-ENGL-FIN,SVIS-2025-018,"Ira Gupta",CBSE-4,A,English,"Final Exam",74,100,2026-03-24,2025-2026,"Sarah Jenkins","Languages & Humanities Department"
ACAD-SVIS-2025-018-COMP-FIN,SVIS-2025-018,"Ira Gupta",CBSE-4,A,"Computer Science","Final Exam",74,100,2026-03-24,2025-2026,"Vikram Patel","Secondary Section (Grades 9-10)"
ACAD-SVIS-2025-019-MATH-UNI,SVIS-2025-019,"Kavya Choudhury",CBSE-4,B,Mathematics,"Unit Test 1",38,50,2025-07-18,2025-2026,"Arthur Pendelton","Middle School (Grades 6-8)"
ACAD-SVIS-2025-019-SCIE-UNI,SVIS-2025-019,"Kavya Choudhury",CBSE-4,B,Science,"Unit Test 1",40,50,2025-07-18,2025-2026,"David Chen","Science & Mathematics Department"
ACAD-SVIS-2025-019-SOCI-UNI,SVIS-2025-019,"Kavya Choudhury",CBSE-4,B,"Social Science","Unit Test 1",37,50,2025-07-18,2025-2026,"Arthur Pendelton","Middle School (Grades 6-8)"
ACAD-SVIS-2025-019-ENGL-UNI,SVIS-2025-019,"Kavya Choudhury",CBSE-4,B,English,"Unit Test 1",35,50,2025-07-18,2025-2026,"Sarah Jenkins","Languages & Humanities Department"
ACAD-SVIS-2025-019-COMP-UNI,SVIS-2025-019,"Kavya Choudhury",CBSE-4,B,"Computer Science","Unit Test 1",35,50,2025-07-18,2025-2026,"Vikram Patel","Secondary Section (Grades 9-10)"
ACAD-SVIS-2025-019-MATH-MID,SVIS-2025-019,"Kavya Choudhury",CBSE-4,B,Mathematics,"Mid-Term Exam",71,100,2025-09-22,2025-2026,"Arthur Pendelton","Middle School (Grades 6-8)"
ACAD-SVIS-2025-019-SCIE-MID,SVIS-2025-019,"Kavya Choudhury",CBSE-4,B,Science,"Mid-Term Exam",71,100,2025-09-22,2025-2026,"David Chen","Science & Mathematics Department"
ACAD-SVIS-2025-019-SOCI-MID,SVIS-2025-019,"Kavya Choudhury",CBSE-4,B,"Social Science","Mid-Term Exam",72,100,2025-09-22,2025-2026,"Arthur Pendelton","Middle School (Grades 6-8)"
ACAD-SVIS-2025-019-ENGL-MID,SVIS-2025-019,"Kavya Choudhury",CBSE-4,B,English,"Mid-Term Exam",72,100,2025-09-22,2025-2026,"Sarah Jenkins","Languages & Humanities Department"
ACAD-SVIS-2025-019-COMP-MID,SVIS-2025-019,"Kavya Choudhury",CBSE-4,B,"Computer Science","Mid-Term Exam",74,100,2025-09-22,2025-2026,"Vikram Patel","Secondary Section (Grades 9-10)"
ACAD-SVIS-2025-019-MATH-UNI,SVIS-2025-019,"Kavya Choudhury",CBSE-4,B,Mathematics,"Unit Test 2",38,50,2025-12-15,2025-2026,"Arthur Pendelton","Middle School (Grades 6-8)"
ACAD-SVIS-2025-019-SCIE-UNI,SVIS-2025-019,"Kavya Choudhury",CBSE-4,B,Science,"Unit Test 2",40,50,2025-12-15,2025-2026,"David Chen","Science & Mathematics Department"
ACAD-SVIS-2025-019-SOCI-UNI,SVIS-2025-019,"Kavya Choudhury",CBSE-4,B,"Social Science","Unit Test 2",37,50,2025-12-15,2025-2026,"Arthur Pendelton","Middle School (Grades 6-8)"
ACAD-SVIS-2025-019-ENGL-UNI,SVIS-2025-019,"Kavya Choudhury",CBSE-4,B,English,"Unit Test 2",35,50,2025-12-15,2025-2026,"Sarah Jenkins","Languages & Humanities Department"
ACAD-SVIS-2025-019-COMP-UNI,SVIS-2025-019,"Kavya Choudhury",CBSE-4,B,"Computer Science","Unit Test 2",35,50,2025-12-15,2025-2026,"Vikram Patel","Secondary Section (Grades 9-10)"
ACAD-SVIS-2025-019-MATH-FIN,SVIS-2025-019,"Kavya Choudhury",CBSE-4,B,Mathematics,"Final Exam",77,100,2026-03-24,2025-2026,"Arthur Pendelton","Middle School (Grades 6-8)"
ACAD-SVIS-2025-019-SCIE-FIN,SVIS-2025-019,"Kavya Choudhury",CBSE-4,B,Science,"Final Exam",76,100,2026-03-24,2025-2026,"David Chen","Science & Mathematics Department"
ACAD-SVIS-2025-019-SOCI-FIN,SVIS-2025-019,"Kavya Choudhury",CBSE-4,B,"Social Science","Final Exam",73,100,2026-03-24,2025-2026,"Arthur Pendelton","Middle School (Grades 6-8)"
ACAD-SVIS-2025-019-ENGL-FIN,SVIS-2025-019,"Kavya Choudhury",CBSE-4,B,English,"Final Exam",73,100,2026-03-24,2025-2026,"Sarah Jenkins","Languages & Humanities Department"
ACAD-SVIS-2025-019-COMP-FIN,SVIS-2025-019,"Kavya Choudhury",CBSE-4,B,"Computer Science","Final Exam",72,100,2026-03-24,2025-2026,"Vikram Patel","Secondary Section (Grades 9-10)"
ACAD-SVIS-2025-020-MATH-UNI,SVIS-2025-020,"Aarav Sharma",CBSE-4,A,Mathematics,"Unit Test 1",36.5,50,2025-07-18,2025-2026,"Arthur Pendelton","Middle School (Grades 6-8)"
ACAD-SVIS-2025-020-SCIE-UNI,SVIS-2025-020,"Aarav Sharma",CBSE-4,A,Science,"Unit Test 1",35.5,50,2025-07-18,2025-2026,"David Chen","Science & Mathematics Department"
ACAD-SVIS-2025-020-SOCI-UNI,SVIS-2025-020,"Aarav Sharma",CBSE-4,A,"Social Science","Unit Test 1",40.5,50,2025-07-18,2025-2026,"Arthur Pendelton","Middle School (Grades 6-8)"
ACAD-SVIS-2025-020-ENGL-UNI,SVIS-2025-020,"Aarav Sharma",CBSE-4,A,English,"Unit Test 1",35.5,50,2025-07-18,2025-2026,"Sarah Jenkins","Languages & Humanities Department"
ACAD-SVIS-2025-020-COMP-UNI,SVIS-2025-020,"Aarav Sharma",CBSE-4,A,"Computer Science","Unit Test 1",34.5,50,2025-07-18,2025-2026,"Vikram Patel","Secondary Section (Grades 9-10)"
ACAD-SVIS-2025-020-MATH-MID,SVIS-2025-020,"Aarav Sharma",CBSE-4,A,Mathematics,"Mid-Term Exam",74,100,2025-09-22,2025-2026,"Arthur Pendelton","Middle School (Grades 6-8)"
ACAD-SVIS-2025-020-SCIE-MID,SVIS-2025-020,"Aarav Sharma",CBSE-4,A,Science,"Mid-Term Exam",75,100,2025-09-22,2025-2026,"David Chen","Science & Mathematics Department"
ACAD-SVIS-2025-020-SOCI-MID,SVIS-2025-020,"Aarav Sharma",CBSE-4,A,"Social Science","Mid-Term Exam",76,100,2025-09-22,2025-2026,"Arthur Pendelton","Middle School (Grades 6-8)"
ACAD-SVIS-2025-020-ENGL-MID,SVIS-2025-020,"Aarav Sharma",CBSE-4,A,English,"Mid-Term Exam",77,100,2025-09-22,2025-2026,"Sarah Jenkins","Languages & Humanities Department"
ACAD-SVIS-2025-020-COMP-MID,SVIS-2025-020,"Aarav Sharma",CBSE-4,A,"Computer Science","Mid-Term Exam",77,100,2025-09-22,2025-2026,"Vikram Patel","Secondary Section (Grades 9-10)"
ACAD-SVIS-2025-020-MATH-UNI,SVIS-2025-020,"Aarav Sharma",CBSE-4,A,Mathematics,"Unit Test 2",36.5,50,2025-12-15,2025-2026,"Arthur Pendelton","Middle School (Grades 6-8)"
ACAD-SVIS-2025-020-SCIE-UNI,SVIS-2025-020,"Aarav Sharma",CBSE-4,A,Science,"Unit Test 2",35.5,50,2025-12-15,2025-2026,"David Chen","Science & Mathematics Department"
ACAD-SVIS-2025-020-SOCI-UNI,SVIS-2025-020,"Aarav Sharma",CBSE-4,A,"Social Science","Unit Test 2",40.5,50,2025-12-15,2025-2026,"Arthur Pendelton","Middle School (Grades 6-8)"
ACAD-SVIS-2025-020-ENGL-UNI,SVIS-2025-020,"Aarav Sharma",CBSE-4,A,English,"Unit Test 2",35.5,50,2025-12-15,2025-2026,"Sarah Jenkins","Languages & Humanities Department"
ACAD-SVIS-2025-020-COMP-UNI,SVIS-2025-020,"Aarav Sharma",CBSE-4,A,"Computer Science","Unit Test 2",34.5,50,2025-12-15,2025-2026,"Vikram Patel","Secondary Section (Grades 9-10)"
ACAD-SVIS-2025-020-MATH-FIN,SVIS-2025-020,"Aarav Sharma",CBSE-4,A,Mathematics,"Final Exam",75,100,2026-03-24,2025-2026,"Arthur Pendelton","Middle School (Grades 6-8)"
ACAD-SVIS-2025-020-SCIE-FIN,SVIS-2025-020,"Aarav Sharma",CBSE-4,A,Science,"Final Exam",74,100,2026-03-24,2025-2026,"David Chen","Science & Mathematics Department"
ACAD-SVIS-2025-020-SOCI-FIN,SVIS-2025-020,"Aarav Sharma",CBSE-4,A,"Social Science","Final Exam",72,100,2026-03-24,2025-2026,"Arthur Pendelton","Middle School (Grades 6-8)"
ACAD-SVIS-2025-020-ENGL-FIN,SVIS-2025-020,"Aarav Sharma",CBSE-4,A,English,"Final Exam",78,100,2026-03-24,2025-2026,"Sarah Jenkins","Languages & Humanities Department"
ACAD-SVIS-2025-020-COMP-FIN,SVIS-2025-020,"Aarav Sharma",CBSE-4,A,"Computer Science","Final Exam",74,100,2026-03-24,2025-2026,"Vikram Patel","Secondary Section (Grades 9-10)"
ACAD-SVIS-2025-021-MATH-UNI,SVIS-2025-021,"Vihaan Singh",CBSE-4,B,Mathematics,"Unit Test 1",41,50,2025-07-18,2025-2026,"Arthur Pendelton","Middle School (Grades 6-8)"
ACAD-SVIS-2025-021-SCIE-UNI,SVIS-2025-021,"Vihaan Singh",CBSE-4,B,Science,"Unit Test 1",41,50,2025-07-18,2025-2026,"David Chen","Science & Mathematics Department"
ACAD-SVIS-2025-021-SOCI-UNI,SVIS-2025-021,"Vihaan Singh",CBSE-4,B,"Social Science","Unit Test 1",40,50,2025-07-18,2025-2026,"Arthur Pendelton","Middle School (Grades 6-8)"
ACAD-SVIS-2025-021-ENGL-UNI,SVIS-2025-021,"Vihaan Singh",CBSE-4,B,English,"Unit Test 1",40,50,2025-07-18,2025-2026,"Sarah Jenkins","Languages & Humanities Department"
ACAD-SVIS-2025-021-COMP-UNI,SVIS-2025-021,"Vihaan Singh",CBSE-4,B,"Computer Science","Unit Test 1",37,50,2025-07-18,2025-2026,"Vikram Patel","Secondary Section (Grades 9-10)"
ACAD-SVIS-2025-021-MATH-MID,SVIS-2025-021,"Vihaan Singh",CBSE-4,B,Mathematics,"Mid-Term Exam",73,100,2025-09-22,2025-2026,"Arthur Pendelton","Middle School (Grades 6-8)"
ACAD-SVIS-2025-021-SCIE-MID,SVIS-2025-021,"Vihaan Singh",CBSE-4,B,Science,"Mid-Term Exam",74,100,2025-09-22,2025-2026,"David Chen","Science & Mathematics Department"
ACAD-SVIS-2025-021-SOCI-MID,SVIS-2025-021,"Vihaan Singh",CBSE-4,B,"Social Science","Mid-Term Exam",76,100,2025-09-22,2025-2026,"Arthur Pendelton","Middle School (Grades 6-8)"
ACAD-SVIS-2025-021-ENGL-MID,SVIS-2025-021,"Vihaan Singh",CBSE-4,B,English,"Mid-Term Exam",73,100,2025-09-22,2025-2026,"Sarah Jenkins","Languages & Humanities Department"
ACAD-SVIS-2025-021-COMP-MID,SVIS-2025-021,"Vihaan Singh",CBSE-4,B,"Computer Science","Mid-Term Exam",75,100,2025-09-22,2025-2026,"Vikram Patel","Secondary Section (Grades 9-10)"
ACAD-SVIS-2025-021-MATH-UNI,SVIS-2025-021,"Vihaan Singh",CBSE-4,B,Mathematics,"Unit Test 2",41,50,2025-12-15,2025-2026,"Arthur Pendelton","Middle School (Grades 6-8)"
ACAD-SVIS-2025-021-SCIE-UNI,SVIS-2025-021,"Vihaan Singh",CBSE-4,B,Science,"Unit Test 2",41,50,2025-12-15,2025-2026,"David Chen","Science & Mathematics Department"
ACAD-SVIS-2025-021-SOCI-UNI,SVIS-2025-021,"Vihaan Singh",CBSE-4,B,"Social Science","Unit Test 2",40,50,2025-12-15,2025-2026,"Arthur Pendelton","Middle School (Grades 6-8)"
ACAD-SVIS-2025-021-ENGL-UNI,SVIS-2025-021,"Vihaan Singh",CBSE-4,B,English,"Unit Test 2",40,50,2025-12-15,2025-2026,"Sarah Jenkins","Languages & Humanities Department"
ACAD-SVIS-2025-021-COMP-UNI,SVIS-2025-021,"Vihaan Singh",CBSE-4,B,"Computer Science","Unit Test 2",37,50,2025-12-15,2025-2026,"Vikram Patel","Secondary Section (Grades 9-10)"
ACAD-SVIS-2025-021-MATH-FIN,SVIS-2025-021,"Vihaan Singh",CBSE-4,B,Mathematics,"Final Exam",79,100,2026-03-24,2025-2026,"Arthur Pendelton","Middle School (Grades 6-8)"
ACAD-SVIS-2025-021-SCIE-FIN,SVIS-2025-021,"Vihaan Singh",CBSE-4,B,Science,"Final Exam",79,100,2026-03-24,2025-2026,"David Chen","Science & Mathematics Department"
ACAD-SVIS-2025-021-SOCI-FIN,SVIS-2025-021,"Vihaan Singh",CBSE-4,B,"Social Science","Final Exam",74,100,2026-03-24,2025-2026,"Arthur Pendelton","Middle School (Grades 6-8)"
ACAD-SVIS-2025-021-ENGL-FIN,SVIS-2025-021,"Vihaan Singh",CBSE-4,B,English,"Final Exam",75,100,2026-03-24,2025-2026,"Sarah Jenkins","Languages & Humanities Department"
ACAD-SVIS-2025-021-COMP-FIN,SVIS-2025-021,"Vihaan Singh",CBSE-4,B,"Computer Science","Final Exam",77,100,2026-03-24,2025-2026,"Vikram Patel","Secondary Section (Grades 9-10)"
ACAD-SVIS-2025-022-MATH-UNI,SVIS-2025-022,"Reyansh Mehta",CBSE-4,A,Mathematics,"Unit Test 1",37.5,50,2025-07-18,2025-2026,"Arthur Pendelton","Middle School (Grades 6-8)"
ACAD-SVIS-2025-022-SCIE-UNI,SVIS-2025-022,"Reyansh Mehta",CBSE-4,A,Science,"Unit Test 1",38.5,50,2025-07-18,2025-2026,"David Chen","Science & Mathematics Department"
ACAD-SVIS-2025-022-SOCI-UNI,SVIS-2025-022,"Reyansh Mehta",CBSE-4,A,"Social Science","Unit Test 1",40.5,50,2025-07-18,2025-2026,"Arthur Pendelton","Middle School (Grades 6-8)"
ACAD-SVIS-2025-022-ENGL-UNI,SVIS-2025-022,"Reyansh Mehta",CBSE-4,A,English,"Unit Test 1",38.5,50,2025-07-18,2025-2026,"Sarah Jenkins","Languages & Humanities Department"
ACAD-SVIS-2025-022-COMP-UNI,SVIS-2025-022,"Reyansh Mehta",CBSE-4,A,"Computer Science","Unit Test 1",40.5,50,2025-07-18,2025-2026,"Vikram Patel","Secondary Section (Grades 9-10)"
ACAD-SVIS-2025-022-MATH-MID,SVIS-2025-022,"Reyansh Mehta",CBSE-4,A,Mathematics,"Mid-Term Exam",78,100,2025-09-22,2025-2026,"Arthur Pendelton","Middle School (Grades 6-8)"
ACAD-SVIS-2025-022-SCIE-MID,SVIS-2025-022,"Reyansh Mehta",CBSE-4,A,Science,"Mid-Term Exam",78,100,2025-09-22,2025-2026,"David Chen","Science & Mathematics Department"
ACAD-SVIS-2025-022-SOCI-MID,SVIS-2025-022,"Reyansh Mehta",CBSE-4,A,"Social Science","Mid-Term Exam",75,100,2025-09-22,2025-2026,"Arthur Pendelton","Middle School (Grades 6-8)"
ACAD-SVIS-2025-022-ENGL-MID,SVIS-2025-022,"Reyansh Mehta",CBSE-4,A,English,"Mid-Term Exam",80,100,2025-09-22,2025-2026,"Sarah Jenkins","Languages & Humanities Department"
ACAD-SVIS-2025-022-COMP-MID,SVIS-2025-022,"Reyansh Mehta",CBSE-4,A,"Computer Science","Mid-Term Exam",77,100,2025-09-22,2025-2026,"Vikram Patel","Secondary Section (Grades 9-10)"
ACAD-SVIS-2025-022-MATH-UNI,SVIS-2025-022,"Reyansh Mehta",CBSE-4,A,Mathematics,"Unit Test 2",37.5,50,2025-12-15,2025-2026,"Arthur Pendelton","Middle School (Grades 6-8)"
ACAD-SVIS-2025-022-SCIE-UNI,SVIS-2025-022,"Reyansh Mehta",CBSE-4,A,Science,"Unit Test 2",38.5,50,2025-12-15,2025-2026,"David Chen","Science & Mathematics Department"
ACAD-SVIS-2025-022-SOCI-UNI,SVIS-2025-022,"Reyansh Mehta",CBSE-4,A,"Social Science","Unit Test 2",40.5,50,2025-12-15,2025-2026,"Arthur Pendelton","Middle School (Grades 6-8)"
ACAD-SVIS-2025-022-ENGL-UNI,SVIS-2025-022,"Reyansh Mehta",CBSE-4,A,English,"Unit Test 2",38.5,50,2025-12-15,2025-2026,"Sarah Jenkins","Languages & Humanities Department"
ACAD-SVIS-2025-022-COMP-UNI,SVIS-2025-022,"Reyansh Mehta",CBSE-4,A,"Computer Science","Unit Test 2",40.5,50,2025-12-15,2025-2026,"Vikram Patel","Secondary Section (Grades 9-10)"
ACAD-SVIS-2025-022-MATH-FIN,SVIS-2025-022,"Reyansh Mehta",CBSE-4,A,Mathematics,"Final Exam",78,100,2026-03-24,2025-2026,"Arthur Pendelton","Middle School (Grades 6-8)"
ACAD-SVIS-2025-022-SCIE-FIN,SVIS-2025-022,"Reyansh Mehta",CBSE-4,A,Science,"Final Exam",74,100,2026-03-24,2025-2026,"David Chen","Science & Mathematics Department"
ACAD-SVIS-2025-022-SOCI-FIN,SVIS-2025-022,"Reyansh Mehta",CBSE-4,A,"Social Science","Final Exam",80,100,2026-03-24,2025-2026,"Arthur Pendelton","Middle School (Grades 6-8)"
ACAD-SVIS-2025-022-ENGL-FIN,SVIS-2025-022,"Reyansh Mehta",CBSE-4,A,English,"Final Exam",76,100,2026-03-24,2025-2026,"Sarah Jenkins","Languages & Humanities Department"
ACAD-SVIS-2025-022-COMP-FIN,SVIS-2025-022,"Reyansh Mehta",CBSE-4,A,"Computer Science","Final Exam",77,100,2026-03-24,2025-2026,"Vikram Patel","Secondary Section (Grades 9-10)"
ACAD-SVIS-2025-023-MATH-UNI,SVIS-2025-023,"Ishaan Verma",CBSE-4,B,Mathematics,"Unit Test 1",39,50,2025-07-18,2025-2026,"Arthur Pendelton","Middle School (Grades 6-8)"
ACAD-SVIS-2025-023-SCIE-UNI,SVIS-2025-023,"Ishaan Verma",CBSE-4,B,Science,"Unit Test 1",38,50,2025-07-18,2025-2026,"David Chen","Science & Mathematics Department"
ACAD-SVIS-2025-023-SOCI-UNI,SVIS-2025-023,"Ishaan Verma",CBSE-4,B,"Social Science","Unit Test 1",39,50,2025-07-18,2025-2026,"Arthur Pendelton","Middle School (Grades 6-8)"
ACAD-SVIS-2025-023-ENGL-UNI,SVIS-2025-023,"Ishaan Verma",CBSE-4,B,English,"Unit Test 1",37,50,2025-07-18,2025-2026,"Sarah Jenkins","Languages & Humanities Department"
ACAD-SVIS-2025-023-COMP-UNI,SVIS-2025-023,"Ishaan Verma",CBSE-4,B,"Computer Science","Unit Test 1",41,50,2025-07-18,2025-2026,"Vikram Patel","Secondary Section (Grades 9-10)"
ACAD-SVIS-2025-023-MATH-MID,SVIS-2025-023,"Ishaan Verma",CBSE-4,B,Mathematics,"Mid-Term Exam",76,100,2025-09-22,2025-2026,"Arthur Pendelton","Middle School (Grades 6-8)"
ACAD-SVIS-2025-023-SCIE-MID,SVIS-2025-023,"Ishaan Verma",CBSE-4,B,Science,"Mid-Term Exam",78,100,2025-09-22,2025-2026,"David Chen","Science & Mathematics Department"
ACAD-SVIS-2025-023-SOCI-MID,SVIS-2025-023,"Ishaan Verma",CBSE-4,B,"Social Science","Mid-Term Exam",78,100,2025-09-22,2025-2026,"Arthur Pendelton","Middle School (Grades 6-8)"
ACAD-SVIS-2025-023-ENGL-MID,SVIS-2025-023,"Ishaan Verma",CBSE-4,B,English,"Mid-Term Exam",80,100,2025-09-22,2025-2026,"Sarah Jenkins","Languages & Humanities Department"
ACAD-SVIS-2025-023-COMP-MID,SVIS-2025-023,"Ishaan Verma",CBSE-4,B,"Computer Science","Mid-Term Exam",78,100,2025-09-22,2025-2026,"Vikram Patel","Secondary Section (Grades 9-10)"
ACAD-SVIS-2025-023-MATH-UNI,SVIS-2025-023,"Ishaan Verma",CBSE-4,B,Mathematics,"Unit Test 2",39,50,2025-12-15,2025-2026,"Arthur Pendelton","Middle School (Grades 6-8)"
ACAD-SVIS-2025-023-SCIE-UNI,SVIS-2025-023,"Ishaan Verma",CBSE-4,B,Science,"Unit Test 2",38,50,2025-12-15,2025-2026,"David Chen","Science & Mathematics Department"
ACAD-SVIS-2025-023-SOCI-UNI,SVIS-2025-023,"Ishaan Verma",CBSE-4,B,"Social Science","Unit Test 2",39,50,2025-12-15,2025-2026,"Arthur Pendelton","Middle School (Grades 6-8)"
ACAD-SVIS-2025-023-ENGL-UNI,SVIS-2025-023,"Ishaan Verma",CBSE-4,B,English,"Unit Test 2",37,50,2025-12-15,2025-2026,"Sarah Jenkins","Languages & Humanities Department"
ACAD-SVIS-2025-023-COMP-UNI,SVIS-2025-023,"Ishaan Verma",CBSE-4,B,"Computer Science","Unit Test 2",41,50,2025-12-15,2025-2026,"Vikram Patel","Secondary Section (Grades 9-10)"
ACAD-SVIS-2025-023-MATH-FIN,SVIS-2025-023,"Ishaan Verma",CBSE-4,B,Mathematics,"Final Exam",79,100,2026-03-24,2025-2026,"Arthur Pendelton","Middle School (Grades 6-8)"
ACAD-SVIS-2025-023-SCIE-FIN,SVIS-2025-023,"Ishaan Verma",CBSE-4,B,Science,"Final Exam",75,100,2026-03-24,2025-2026,"David Chen","Science & Mathematics Department"
ACAD-SVIS-2025-023-SOCI-FIN,SVIS-2025-023,"Ishaan Verma",CBSE-4,B,"Social Science","Final Exam",78,100,2026-03-24,2025-2026,"Arthur Pendelton","Middle School (Grades 6-8)"
ACAD-SVIS-2025-023-ENGL-FIN,SVIS-2025-023,"Ishaan Verma",CBSE-4,B,English,"Final Exam",77,100,2026-03-24,2025-2026,"Sarah Jenkins","Languages & Humanities Department"
ACAD-SVIS-2025-023-COMP-FIN,SVIS-2025-023,"Ishaan Verma",CBSE-4,B,"Computer Science","Final Exam",81,100,2026-03-24,2025-2026,"Vikram Patel","Secondary Section (Grades 9-10)"
ACAD-SVIS-2025-024-MATH-UNI,SVIS-2025-024,"Advik Deshmukh",CBSE-4,A,Mathematics,"Unit Test 1",38.5,50,2025-07-18,2025-2026,"Arthur Pendelton","Middle School (Grades 6-8)"
ACAD-SVIS-2025-024-SCIE-UNI,SVIS-2025-024,"Advik Deshmukh",CBSE-4,A,Science,"Unit Test 1",37.5,50,2025-07-18,2025-2026,"David Chen","Science & Mathematics Department"
ACAD-SVIS-2025-024-SOCI-UNI,SVIS-2025-024,"Advik Deshmukh",CBSE-4,A,"Social Science","Unit Test 1",36.5,50,2025-07-18,2025-2026,"Arthur Pendelton","Middle School (Grades 6-8)"
ACAD-SVIS-2025-024-ENGL-UNI,SVIS-2025-024,"Advik Deshmukh",CBSE-4,A,English,"Unit Test 1",40.5,50,2025-07-18,2025-2026,"Sarah Jenkins","Languages & Humanities Department"
ACAD-SVIS-2025-024-COMP-UNI,SVIS-2025-024,"Advik Deshmukh",CBSE-4,A,"Computer Science","Unit Test 1",39.5,50,2025-07-18,2025-2026,"Vikram Patel","Secondary Section (Grades 9-10)"
ACAD-SVIS-2025-024-MATH-MID,SVIS-2025-024,"Advik Deshmukh",CBSE-4,A,Mathematics,"Mid-Term Exam",78,100,2025-09-22,2025-2026,"Arthur Pendelton","Middle School (Grades 6-8)"
ACAD-SVIS-2025-024-SCIE-MID,SVIS-2025-024,"Advik Deshmukh",CBSE-4,A,Science,"Mid-Term Exam",76,100,2025-09-22,2025-2026,"David Chen","Science & Mathematics Department"
ACAD-SVIS-2025-024-SOCI-MID,SVIS-2025-024,"Advik Deshmukh",CBSE-4,A,"Social Science","Mid-Term Exam",82,100,2025-09-22,2025-2026,"Arthur Pendelton","Middle School (Grades 6-8)"
ACAD-SVIS-2025-024-ENGL-MID,SVIS-2025-024,"Advik Deshmukh",CBSE-4,A,English,"Mid-Term Exam",77,100,2025-09-22,2025-2026,"Sarah Jenkins","Languages & Humanities Department"
ACAD-SVIS-2025-024-COMP-MID,SVIS-2025-024,"Advik Deshmukh",CBSE-4,A,"Computer Science","Mid-Term Exam",76,100,2025-09-22,2025-2026,"Vikram Patel","Secondary Section (Grades 9-10)"
ACAD-SVIS-2025-024-MATH-UNI,SVIS-2025-024,"Advik Deshmukh",CBSE-4,A,Mathematics,"Unit Test 2",38.5,50,2025-12-15,2025-2026,"Arthur Pendelton","Middle School (Grades 6-8)"
ACAD-SVIS-2025-024-SCIE-UNI,SVIS-2025-024,"Advik Deshmukh",CBSE-4,A,Science,"Unit Test 2",37.5,50,2025-12-15,2025-2026,"David Chen","Science & Mathematics Department"
ACAD-SVIS-2025-024-SOCI-UNI,SVIS-2025-024,"Advik Deshmukh",CBSE-4,A,"Social Science","Unit Test 2",36.5,50,2025-12-15,2025-2026,"Arthur Pendelton","Middle School (Grades 6-8)"
ACAD-SVIS-2025-024-ENGL-UNI,SVIS-2025-024,"Advik Deshmukh",CBSE-4,A,English,"Unit Test 2",40.5,50,2025-12-15,2025-2026,"Sarah Jenkins","Languages & Humanities Department"
ACAD-SVIS-2025-024-COMP-UNI,SVIS-2025-024,"Advik Deshmukh",CBSE-4,A,"Computer Science","Unit Test 2",39.5,50,2025-12-15,2025-2026,"Vikram Patel","Secondary Section (Grades 9-10)"
ACAD-SVIS-2025-024-MATH-FIN,SVIS-2025-024,"Advik Deshmukh",CBSE-4,A,Mathematics,"Final Exam",79,100,2026-03-24,2025-2026,"Arthur Pendelton","Middle School (Grades 6-8)"
ACAD-SVIS-2025-024-SCIE-FIN,SVIS-2025-024,"Advik Deshmukh",CBSE-4,A,Science,"Final Exam",81,100,2026-03-24,2025-2026,"David Chen","Science & Mathematics Department"
ACAD-SVIS-2025-024-SOCI-FIN,SVIS-2025-024,"Advik Deshmukh",CBSE-4,A,"Social Science","Final Exam",77,100,2026-03-24,2025-2026,"Arthur Pendelton","Middle School (Grades 6-8)"
ACAD-SVIS-2025-024-ENGL-FIN,SVIS-2025-024,"Advik Deshmukh",CBSE-4,A,English,"Final Exam",79,100,2026-03-24,2025-2026,"Sarah Jenkins","Languages & Humanities Department"
ACAD-SVIS-2025-024-COMP-FIN,SVIS-2025-024,"Advik Deshmukh",CBSE-4,A,"Computer Science","Final Exam",77,100,2026-03-24,2025-2026,"Vikram Patel","Secondary Section (Grades 9-10)"
ACAD-SVIS-2025-025-MATH-UNI,SVIS-2025-025,"Ananya Shah",CBSE-4,B,Mathematics,"Unit Test 1",39,50,2025-07-18,2025-2026,"Arthur Pendelton","Middle School (Grades 6-8)"
ACAD-SVIS-2025-025-SCIE-UNI,SVIS-2025-025,"Ananya Shah",CBSE-4,B,Science,"Unit Test 1",42,50,2025-07-18,2025-2026,"David Chen","Science & Mathematics Department"
ACAD-SVIS-2025-025-SOCI-UNI,SVIS-2025-025,"Ananya Shah",CBSE-4,B,"Social Science","Unit Test 1",42,50,2025-07-18,2025-2026,"Arthur Pendelton","Middle School (Grades 6-8)"
ACAD-SVIS-2025-025-ENGL-UNI,SVIS-2025-025,"Ananya Shah",CBSE-4,B,English,"Unit Test 1",39,50,2025-07-18,2025-2026,"Sarah Jenkins","Languages & Humanities Department"
ACAD-SVIS-2025-025-COMP-UNI,SVIS-2025-025,"Ananya Shah",CBSE-4,B,"Computer Science","Unit Test 1",41,50,2025-07-18,2025-2026,"Vikram Patel","Secondary Section (Grades 9-10)"
ACAD-SVIS-2025-025-MATH-MID,SVIS-2025-025,"Ananya Shah",CBSE-4,B,Mathematics,"Mid-Term Exam",79,100,2025-09-22,2025-2026,"Arthur Pendelton","Middle School (Grades 6-8)"
ACAD-SVIS-2025-025-SCIE-MID,SVIS-2025-025,"Ananya Shah",CBSE-4,B,Science,"Mid-Term Exam",79,100,2025-09-22,2025-2026,"David Chen","Science & Mathematics Department"
ACAD-SVIS-2025-025-SOCI-MID,SVIS-2025-025,"Ananya Shah",CBSE-4,B,"Social Science","Mid-Term Exam",80,100,2025-09-22,2025-2026,"Arthur Pendelton","Middle School (Grades 6-8)"
ACAD-SVIS-2025-025-ENGL-MID,SVIS-2025-025,"Ananya Shah",CBSE-4,B,English,"Mid-Term Exam",82,100,2025-09-22,2025-2026,"Sarah Jenkins","Languages & Humanities Department"
ACAD-SVIS-2025-025-COMP-MID,SVIS-2025-025,"Ananya Shah",CBSE-4,B,"Computer Science","Mid-Term Exam",81,100,2025-09-22,2025-2026,"Vikram Patel","Secondary Section (Grades 9-10)"
ACAD-SVIS-2025-025-MATH-UNI,SVIS-2025-025,"Ananya Shah",CBSE-4,B,Mathematics,"Unit Test 2",39,50,2025-12-15,2025-2026,"Arthur Pendelton","Middle School (Grades 6-8)"
ACAD-SVIS-2025-025-SCIE-UNI,SVIS-2025-025,"Ananya Shah",CBSE-4,B,Science,"Unit Test 2",42,50,2025-12-15,2025-2026,"David Chen","Science & Mathematics Department"
ACAD-SVIS-2025-025-SOCI-UNI,SVIS-2025-025,"Ananya Shah",CBSE-4,B,"Social Science","Unit Test 2",42,50,2025-12-15,2025-2026,"Arthur Pendelton","Middle School (Grades 6-8)"
ACAD-SVIS-2025-025-ENGL-UNI,SVIS-2025-025,"Ananya Shah",CBSE-4,B,English,"Unit Test 2",39,50,2025-12-15,2025-2026,"Sarah Jenkins","Languages & Humanities Department"
ACAD-SVIS-2025-025-COMP-UNI,SVIS-2025-025,"Ananya Shah",CBSE-4,B,"Computer Science","Unit Test 2",41,50,2025-12-15,2025-2026,"Vikram Patel","Secondary Section (Grades 9-10)"
ACAD-SVIS-2025-025-MATH-FIN,SVIS-2025-025,"Ananya Shah",CBSE-4,B,Mathematics,"Final Exam",82,100,2026-03-24,2025-2026,"Arthur Pendelton","Middle School (Grades 6-8)"
ACAD-SVIS-2025-025-SCIE-FIN,SVIS-2025-025,"Ananya Shah",CBSE-4,B,Science,"Final Exam",81,100,2026-03-24,2025-2026,"David Chen","Science & Mathematics Department"
ACAD-SVIS-2025-025-SOCI-FIN,SVIS-2025-025,"Ananya Shah",CBSE-4,B,"Social Science","Final Exam",82,100,2026-03-24,2025-2026,"Arthur Pendelton","Middle School (Grades 6-8)"
ACAD-SVIS-2025-025-ENGL-FIN,SVIS-2025-025,"Ananya Shah",CBSE-4,B,English,"Final Exam",80,100,2026-03-24,2025-2026,"Sarah Jenkins","Languages & Humanities Department"
ACAD-SVIS-2025-025-COMP-FIN,SVIS-2025-025,"Ananya Shah",CBSE-4,B,"Computer Science","Final Exam",82,100,2026-03-24,2025-2026,"Vikram Patel","Secondary Section (Grades 9-10)"
ACAD-SVIS-2025-026-MATH-UNI,SVIS-2025-026,"Aadhya Patel",CBSE-4,A,Mathematics,"Unit Test 1",39.5,50,2025-07-18,2025-2026,"Arthur Pendelton","Middle School (Grades 6-8)"
ACAD-SVIS-2025-026-SCIE-UNI,SVIS-2025-026,"Aadhya Patel",CBSE-4,A,Science,"Unit Test 1",42.5,50,2025-07-18,2025-2026,"David Chen","Science & Mathematics Department"
ACAD-SVIS-2025-026-SOCI-UNI,SVIS-2025-026,"Aadhya Patel",CBSE-4,A,"Social Science","Unit Test 1",40.5,50,2025-07-18,2025-2026,"Arthur Pendelton","Middle School (Grades 6-8)"
ACAD-SVIS-2025-026-ENGL-UNI,SVIS-2025-026,"Aadhya Patel",CBSE-4,A,English,"Unit Test 1",37.5,50,2025-07-18,2025-2026,"Sarah Jenkins","Languages & Humanities Department"
ACAD-SVIS-2025-026-COMP-UNI,SVIS-2025-026,"Aadhya Patel",CBSE-4,A,"Computer Science","Unit Test 1",37.5,50,2025-07-18,2025-2026,"Vikram Patel","Secondary Section (Grades 9-10)"
ACAD-SVIS-2025-026-MATH-MID,SVIS-2025-026,"Aadhya Patel",CBSE-4,A,Mathematics,"Mid-Term Exam",78,100,2025-09-22,2025-2026,"Arthur Pendelton","Middle School (Grades 6-8)"
ACAD-SVIS-2025-026-SCIE-MID,SVIS-2025-026,"Aadhya Patel",CBSE-4,A,Science,"Mid-Term Exam",82,100,2025-09-22,2025-2026,"David Chen","Science & Mathematics Department"
ACAD-SVIS-2025-026-SOCI-MID,SVIS-2025-026,"Aadhya Patel",CBSE-4,A,"Social Science","Mid-Term Exam",81,100,2025-09-22,2025-2026,"Arthur Pendelton","Middle School (Grades 6-8)"
ACAD-SVIS-2025-026-ENGL-MID,SVIS-2025-026,"Aadhya Patel",CBSE-4,A,English,"Mid-Term Exam",83,100,2025-09-22,2025-2026,"Sarah Jenkins","Languages & Humanities Department"
ACAD-SVIS-2025-026-COMP-MID,SVIS-2025-026,"Aadhya Patel",CBSE-4,A,"Computer Science","Mid-Term Exam",81,100,2025-09-22,2025-2026,"Vikram Patel","Secondary Section (Grades 9-10)"
ACAD-SVIS-2025-026-MATH-UNI,SVIS-2025-026,"Aadhya Patel",CBSE-4,A,Mathematics,"Unit Test 2",39.5,50,2025-12-15,2025-2026,"Arthur Pendelton","Middle School (Grades 6-8)"
ACAD-SVIS-2025-026-SCIE-UNI,SVIS-2025-026,"Aadhya Patel",CBSE-4,A,Science,"Unit Test 2",42.5,50,2025-12-15,2025-2026,"David Chen","Science & Mathematics Department"
ACAD-SVIS-2025-026-SOCI-UNI,SVIS-2025-026,"Aadhya Patel",CBSE-4,A,"Social Science","Unit Test 2",40.5,50,2025-12-15,2025-2026,"Arthur Pendelton","Middle School (Grades 6-8)"
ACAD-SVIS-2025-026-ENGL-UNI,SVIS-2025-026,"Aadhya Patel",CBSE-4,A,English,"Unit Test 2",37.5,50,2025-12-15,2025-2026,"Sarah Jenkins","Languages & Humanities Department"
ACAD-SVIS-2025-026-COMP-UNI,SVIS-2025-026,"Aadhya Patel",CBSE-4,A,"Computer Science","Unit Test 2",37.5,50,2025-12-15,2025-2026,"Vikram Patel","Secondary Section (Grades 9-10)"
ACAD-SVIS-2025-026-MATH-FIN,SVIS-2025-026,"Aadhya Patel",CBSE-4,A,Mathematics,"Final Exam",80,100,2026-03-24,2025-2026,"Arthur Pendelton","Middle School (Grades 6-8)"
ACAD-SVIS-2025-026-SCIE-FIN,SVIS-2025-026,"Aadhya Patel",CBSE-4,A,Science,"Final Exam",79,100,2026-03-24,2025-2026,"David Chen","Science & Mathematics Department"
ACAD-SVIS-2025-026-SOCI-FIN,SVIS-2025-026,"Aadhya Patel",CBSE-4,A,"Social Science","Final Exam",78,100,2026-03-24,2025-2026,"Arthur Pendelton","Middle School (Grades 6-8)"
ACAD-SVIS-2025-026-ENGL-FIN,SVIS-2025-026,"Aadhya Patel",CBSE-4,A,English,"Final Exam",80,100,2026-03-24,2025-2026,"Sarah Jenkins","Languages & Humanities Department"
ACAD-SVIS-2025-026-COMP-FIN,SVIS-2025-026,"Aadhya Patel",CBSE-4,A,"Computer Science","Final Exam",83,100,2026-03-24,2025-2026,"Vikram Patel","Secondary Section (Grades 9-10)"
ACAD-SVIS-2025-027-MATH-UNI,SVIS-2025-027,"Saanvi Kulkarni",CBSE-4,B,Mathematics,"Unit Test 1",42,50,2025-07-18,2025-2026,"Arthur Pendelton","Middle School (Grades 6-8)"
ACAD-SVIS-2025-027-SCIE-UNI,SVIS-2025-027,"Saanvi Kulkarni",CBSE-4,B,Science,"Unit Test 1",44,50,2025-07-18,2025-2026,"David Chen","Science & Mathematics Department"
ACAD-SVIS-2025-027-SOCI-UNI,SVIS-2025-027,"Saanvi Kulkarni",CBSE-4,B,"Social Science","Unit Test 1",38,50,2025-07-18,2025-2026,"Arthur Pendelton","Middle School (Grades 6-8)"
ACAD-SVIS-2025-027-ENGL-UNI,SVIS-2025-027,"Saanvi Kulkarni",CBSE-4,B,English,"Unit Test 1",44,50,2025-07-18,2025-2026,"Sarah Jenkins","Languages & Humanities Department"
ACAD-SVIS-2025-027-COMP-UNI,SVIS-2025-027,"Saanvi Kulkarni",CBSE-4,B,"Computer Science","Unit Test 1",39,50,2025-07-18,2025-2026,"Vikram Patel","Secondary Section (Grades 9-10)"
ACAD-SVIS-2025-027-MATH-MID,SVIS-2025-027,"Saanvi Kulkarni",CBSE-4,B,Mathematics,"Mid-Term Exam",79,100,2025-09-22,2025-2026,"Arthur Pendelton","Middle School (Grades 6-8)"
ACAD-SVIS-2025-027-SCIE-MID,SVIS-2025-027,"Saanvi Kulkarni",CBSE-4,B,Science,"Mid-Term Exam",82,100,2025-09-22,2025-2026,"David Chen","Science & Mathematics Department"
ACAD-SVIS-2025-027-SOCI-MID,SVIS-2025-027,"Saanvi Kulkarni",CBSE-4,B,"Social Science","Mid-Term Exam",81,100,2025-09-22,2025-2026,"Arthur Pendelton","Middle School (Grades 6-8)"
ACAD-SVIS-2025-027-ENGL-MID,SVIS-2025-027,"Saanvi Kulkarni",CBSE-4,B,English,"Mid-Term Exam",79,100,2025-09-22,2025-2026,"Sarah Jenkins","Languages & Humanities Department"
ACAD-SVIS-2025-027-COMP-MID,SVIS-2025-027,"Saanvi Kulkarni",CBSE-4,B,"Computer Science","Mid-Term Exam",81,100,2025-09-22,2025-2026,"Vikram Patel","Secondary Section (Grades 9-10)"
ACAD-SVIS-2025-027-MATH-UNI,SVIS-2025-027,"Saanvi Kulkarni",CBSE-4,B,Mathematics,"Unit Test 2",42,50,2025-12-15,2025-2026,"Arthur Pendelton","Middle School (Grades 6-8)"
ACAD-SVIS-2025-027-SCIE-UNI,SVIS-2025-027,"Saanvi Kulkarni",CBSE-4,B,Science,"Unit Test 2",44,50,2025-12-15,2025-2026,"David Chen","Science & Mathematics Department"
ACAD-SVIS-2025-027-SOCI-UNI,SVIS-2025-027,"Saanvi Kulkarni",CBSE-4,B,"Social Science","Unit Test 2",38,50,2025-12-15,2025-2026,"Arthur Pendelton","Middle School (Grades 6-8)"
ACAD-SVIS-2025-027-ENGL-UNI,SVIS-2025-027,"Saanvi Kulkarni",CBSE-4,B,English,"Unit Test 2",44,50,2025-12-15,2025-2026,"Sarah Jenkins","Languages & Humanities Department"
ACAD-SVIS-2025-027-COMP-UNI,SVIS-2025-027,"Saanvi Kulkarni",CBSE-4,B,"Computer Science","Unit Test 2",39,50,2025-12-15,2025-2026,"Vikram Patel","Secondary Section (Grades 9-10)"
ACAD-SVIS-2025-027-MATH-FIN,SVIS-2025-027,"Saanvi Kulkarni",CBSE-4,B,Mathematics,"Final Exam",84,100,2026-03-24,2025-2026,"Arthur Pendelton","Middle School (Grades 6-8)"
ACAD-SVIS-2025-027-SCIE-FIN,SVIS-2025-027,"Saanvi Kulkarni",CBSE-4,B,Science,"Final Exam",81,100,2026-03-24,2025-2026,"David Chen","Science & Mathematics Department"
ACAD-SVIS-2025-027-SOCI-FIN,SVIS-2025-027,"Saanvi Kulkarni",CBSE-4,B,"Social Science","Final Exam",85,100,2026-03-24,2025-2026,"Arthur Pendelton","Middle School (Grades 6-8)"
ACAD-SVIS-2025-027-ENGL-FIN,SVIS-2025-027,"Saanvi Kulkarni",CBSE-4,B,English,"Final Exam",79,100,2026-03-24,2025-2026,"Sarah Jenkins","Languages & Humanities Department"
ACAD-SVIS-2025-027-COMP-FIN,SVIS-2025-027,"Saanvi Kulkarni",CBSE-4,B,"Computer Science","Final Exam",85,100,2026-03-24,2025-2026,"Vikram Patel","Secondary Section (Grades 9-10)"
ACAD-SVIS-2025-028-MATH-UNI,SVIS-2025-028,"Ira Mukherjee",CBSE-4,A,Mathematics,"Unit Test 1",38.5,50,2025-07-18,2025-2026,"Arthur Pendelton","Middle School (Grades 6-8)"
ACAD-SVIS-2025-028-SCIE-UNI,SVIS-2025-028,"Ira Mukherjee",CBSE-4,A,Science,"Unit Test 1",38.5,50,2025-07-18,2025-2026,"David Chen","Science & Mathematics Department"
ACAD-SVIS-2025-028-SOCI-UNI,SVIS-2025-028,"Ira Mukherjee",CBSE-4,A,"Social Science","Unit Test 1",43.5,50,2025-07-18,2025-2026,"Arthur Pendelton","Middle School (Grades 6-8)"
ACAD-SVIS-2025-028-ENGL-UNI,SVIS-2025-028,"Ira Mukherjee",CBSE-4,A,English,"Unit Test 1",44.5,50,2025-07-18,2025-2026,"Sarah Jenkins","Languages & Humanities Department"
ACAD-SVIS-2025-028-COMP-UNI,SVIS-2025-028,"Ira Mukherjee",CBSE-4,A,"Computer Science","Unit Test 1",38.5,50,2025-07-18,2025-2026,"Vikram Patel","Secondary Section (Grades 9-10)"
ACAD-SVIS-2025-028-MATH-MID,SVIS-2025-028,"Ira Mukherjee",CBSE-4,A,Mathematics,"Mid-Term Exam",86,100,2025-09-22,2025-2026,"Arthur Pendelton","Middle School (Grades 6-8)"
ACAD-SVIS-2025-028-SCIE-MID,SVIS-2025-028,"Ira Mukherjee",CBSE-4,A,Science,"Mid-Term Exam",82,100,2025-09-22,2025-2026,"David Chen","Science & Mathematics Department"
ACAD-SVIS-2025-028-SOCI-MID,SVIS-2025-028,"Ira Mukherjee",CBSE-4,A,"Social Science","Mid-Term Exam",85,100,2025-09-22,2025-2026,"Arthur Pendelton","Middle School (Grades 6-8)"
ACAD-SVIS-2025-028-ENGL-MID,SVIS-2025-028,"Ira Mukherjee",CBSE-4,A,English,"Mid-Term Exam",86,100,2025-09-22,2025-2026,"Sarah Jenkins","Languages & Humanities Department"
ACAD-SVIS-2025-028-COMP-MID,SVIS-2025-028,"Ira Mukherjee",CBSE-4,A,"Computer Science","Mid-Term Exam",85,100,2025-09-22,2025-2026,"Vikram Patel","Secondary Section (Grades 9-10)"
ACAD-SVIS-2025-028-MATH-UNI,SVIS-2025-028,"Ira Mukherjee",CBSE-4,A,Mathematics,"Unit Test 2",38.5,50,2025-12-15,2025-2026,"Arthur Pendelton","Middle School (Grades 6-8)"
ACAD-SVIS-2025-028-SCIE-UNI,SVIS-2025-028,"Ira Mukherjee",CBSE-4,A,Science,"Unit Test 2",38.5,50,2025-12-15,2025-2026,"David Chen","Science & Mathematics Department"
ACAD-SVIS-2025-028-SOCI-UNI,SVIS-2025-028,"Ira Mukherjee",CBSE-4,A,"Social Science","Unit Test 2",43.5,50,2025-12-15,2025-2026,"Arthur Pendelton","Middle School (Grades 6-8)"
ACAD-SVIS-2025-028-ENGL-UNI,SVIS-2025-028,"Ira Mukherjee",CBSE-4,A,English,"Unit Test 2",44.5,50,2025-12-15,2025-2026,"Sarah Jenkins","Languages & Humanities Department"
ACAD-SVIS-2025-028-COMP-UNI,SVIS-2025-028,"Ira Mukherjee",CBSE-4,A,"Computer Science","Unit Test 2",38.5,50,2025-12-15,2025-2026,"Vikram Patel","Secondary Section (Grades 9-10)"
ACAD-SVIS-2025-028-MATH-FIN,SVIS-2025-028,"Ira Mukherjee",CBSE-4,A,Mathematics,"Final Exam",84,100,2026-03-24,2025-2026,"Arthur Pendelton","Middle School (Grades 6-8)"
ACAD-SVIS-2025-028-SCIE-FIN,SVIS-2025-028,"Ira Mukherjee",CBSE-4,A,Science,"Final Exam",85,100,2026-03-24,2025-2026,"David Chen","Science & Mathematics Department"
ACAD-SVIS-2025-028-SOCI-FIN,SVIS-2025-028,"Ira Mukherjee",CBSE-4,A,"Social Science","Final Exam",86,100,2026-03-24,2025-2026,"Arthur Pendelton","Middle School (Grades 6-8)"
ACAD-SVIS-2025-028-ENGL-FIN,SVIS-2025-028,"Ira Mukherjee",CBSE-4,A,English,"Final Exam",81,100,2026-03-24,2025-2026,"Sarah Jenkins","Languages & Humanities Department"
ACAD-SVIS-2025-028-COMP-FIN,SVIS-2025-028,"Ira Mukherjee",CBSE-4,A,"Computer Science","Final Exam",86,100,2026-03-24,2025-2026,"Vikram Patel","Secondary Section (Grades 9-10)"
ACAD-SVIS-2025-029-MATH-UNI,SVIS-2025-029,"Kavya Reddy",CBSE-4,B,Mathematics,"Unit Test 1",42,50,2025-07-18,2025-2026,"Arthur Pendelton","Middle School (Grades 6-8)"
ACAD-SVIS-2025-029-SCIE-UNI,SVIS-2025-029,"Kavya Reddy",CBSE-4,B,Science,"Unit Test 1",45,50,2025-07-18,2025-2026,"David Chen","Science & Mathematics Department"
ACAD-SVIS-2025-029-SOCI-UNI,SVIS-2025-029,"Kavya Reddy",CBSE-4,B,"Social Science","Unit Test 1",43,50,2025-07-18,2025-2026,"Arthur Pendelton","Middle School (Grades 6-8)"
ACAD-SVIS-2025-029-ENGL-UNI,SVIS-2025-029,"Kavya Reddy",CBSE-4,B,English,"Unit Test 1",42,50,2025-07-18,2025-2026,"Sarah Jenkins","Languages & Humanities Department"
ACAD-SVIS-2025-029-COMP-UNI,SVIS-2025-029,"Kavya Reddy",CBSE-4,B,"Computer Science","Unit Test 1",41,50,2025-07-18,2025-2026,"Vikram Patel","Secondary Section (Grades 9-10)"
ACAD-SVIS-2025-029-MATH-MID,SVIS-2025-029,"Kavya Reddy",CBSE-4,B,Mathematics,"Mid-Term Exam",81,100,2025-09-22,2025-2026,"Arthur Pendelton","Middle School (Grades 6-8)"
ACAD-SVIS-2025-029-SCIE-MID,SVIS-2025-029,"Kavya Reddy",CBSE-4,B,Science,"Mid-Term Exam",85,100,2025-09-22,2025-2026,"David Chen","Science & Mathematics Department"
ACAD-SVIS-2025-029-SOCI-MID,SVIS-2025-029,"Kavya Reddy",CBSE-4,B,"Social Science","Mid-Term Exam",86,100,2025-09-22,2025-2026,"Arthur Pendelton","Middle School (Grades 6-8)"
ACAD-SVIS-2025-029-ENGL-MID,SVIS-2025-029,"Kavya Reddy",CBSE-4,B,English,"Mid-Term Exam",81,100,2025-09-22,2025-2026,"Sarah Jenkins","Languages & Humanities Department"
ACAD-SVIS-2025-029-COMP-MID,SVIS-2025-029,"Kavya Reddy",CBSE-4,B,"Computer Science","Mid-Term Exam",84,100,2025-09-22,2025-2026,"Vikram Patel","Secondary Section (Grades 9-10)"
ACAD-SVIS-2025-029-MATH-UNI,SVIS-2025-029,"Kavya Reddy",CBSE-4,B,Mathematics,"Unit Test 2",42,50,2025-12-15,2025-2026,"Arthur Pendelton","Middle School (Grades 6-8)"
ACAD-SVIS-2025-029-SCIE-UNI,SVIS-2025-029,"Kavya Reddy",CBSE-4,B,Science,"Unit Test 2",45,50,2025-12-15,2025-2026,"David Chen","Science & Mathematics Department"
ACAD-SVIS-2025-029-SOCI-UNI,SVIS-2025-029,"Kavya Reddy",CBSE-4,B,"Social Science","Unit Test 2",43,50,2025-12-15,2025-2026,"Arthur Pendelton","Middle School (Grades 6-8)"
ACAD-SVIS-2025-029-ENGL-UNI,SVIS-2025-029,"Kavya Reddy",CBSE-4,B,English,"Unit Test 2",42,50,2025-12-15,2025-2026,"Sarah Jenkins","Languages & Humanities Department"
ACAD-SVIS-2025-029-COMP-UNI,SVIS-2025-029,"Kavya Reddy",CBSE-4,B,"Computer Science","Unit Test 2",41,50,2025-12-15,2025-2026,"Vikram Patel","Secondary Section (Grades 9-10)"
ACAD-SVIS-2025-029-MATH-FIN,SVIS-2025-029,"Kavya Reddy",CBSE-4,B,Mathematics,"Final Exam",81,100,2026-03-24,2025-2026,"Arthur Pendelton","Middle School (Grades 6-8)"
ACAD-SVIS-2025-029-SCIE-FIN,SVIS-2025-029,"Kavya Reddy",CBSE-4,B,Science,"Final Exam",81,100,2026-03-24,2025-2026,"David Chen","Science & Mathematics Department"
ACAD-SVIS-2025-029-SOCI-FIN,SVIS-2025-029,"Kavya Reddy",CBSE-4,B,"Social Science","Final Exam",81,100,2026-03-24,2025-2026,"Arthur Pendelton","Middle School (Grades 6-8)"
ACAD-SVIS-2025-029-ENGL-FIN,SVIS-2025-029,"Kavya Reddy",CBSE-4,B,English,"Final Exam",85,100,2026-03-24,2025-2026,"Sarah Jenkins","Languages & Humanities Department"
ACAD-SVIS-2025-029-COMP-FIN,SVIS-2025-029,"Kavya Reddy",CBSE-4,B,"Computer Science","Final Exam",86,100,2026-03-24,2025-2026,"Vikram Patel","Secondary Section (Grades 9-10)"
ACAD-SVIS-2025-030-MATH-UNI,SVIS-2025-030,"Aarav Joshi",CBSE-4,A,Mathematics,"Unit Test 1",40.5,50,2025-07-18,2025-2026,"Arthur Pendelton","Middle School (Grades 6-8)"
ACAD-SVIS-2025-030-SCIE-UNI,SVIS-2025-030,"Aarav Joshi",CBSE-4,A,Science,"Unit Test 1",40.5,50,2025-07-18,2025-2026,"David Chen","Science & Mathematics Department"
ACAD-SVIS-2025-030-SOCI-UNI,SVIS-2025-030,"Aarav Joshi",CBSE-4,A,"Social Science","Unit Test 1",43.5,50,2025-07-18,2025-2026,"Arthur Pendelton","Middle School (Grades 6-8)"
ACAD-SVIS-2025-030-ENGL-UNI,SVIS-2025-030,"Aarav Joshi",CBSE-4,A,English,"Unit Test 1",45.5,50,2025-07-18,2025-2026,"Sarah Jenkins","Languages & Humanities Department"
ACAD-SVIS-2025-030-COMP-UNI,SVIS-2025-030,"Aarav Joshi",CBSE-4,A,"Computer Science","Unit Test 1",45.5,50,2025-07-18,2025-2026,"Vikram Patel","Secondary Section (Grades 9-10)"
ACAD-SVIS-2025-030-MATH-MID,SVIS-2025-030,"Aarav Joshi",CBSE-4,A,Mathematics,"Mid-Term Exam",83,100,2025-09-22,2025-2026,"Arthur Pendelton","Middle School (Grades 6-8)"
ACAD-SVIS-2025-030-SCIE-MID,SVIS-2025-030,"Aarav Joshi",CBSE-4,A,Science,"Mid-Term Exam",85,100,2025-09-22,2025-2026,"David Chen","Science & Mathematics Department"
ACAD-SVIS-2025-030-SOCI-MID,SVIS-2025-030,"Aarav Joshi",CBSE-4,A,"Social Science","Mid-Term Exam",86,100,2025-09-22,2025-2026,"Arthur Pendelton","Middle School (Grades 6-8)"
ACAD-SVIS-2025-030-ENGL-MID,SVIS-2025-030,"Aarav Joshi",CBSE-4,A,English,"Mid-Term Exam",87,100,2025-09-22,2025-2026,"Sarah Jenkins","Languages & Humanities Department"
ACAD-SVIS-2025-030-COMP-MID,SVIS-2025-030,"Aarav Joshi",CBSE-4,A,"Computer Science","Mid-Term Exam",83,100,2025-09-22,2025-2026,"Vikram Patel","Secondary Section (Grades 9-10)"
ACAD-SVIS-2025-030-MATH-UNI,SVIS-2025-030,"Aarav Joshi",CBSE-4,A,Mathematics,"Unit Test 2",40.5,50,2025-12-15,2025-2026,"Arthur Pendelton","Middle School (Grades 6-8)"
ACAD-SVIS-2025-030-SCIE-UNI,SVIS-2025-030,"Aarav Joshi",CBSE-4,A,Science,"Unit Test 2",40.5,50,2025-12-15,2025-2026,"David Chen","Science & Mathematics Department"
ACAD-SVIS-2025-030-SOCI-UNI,SVIS-2025-030,"Aarav Joshi",CBSE-4,A,"Social Science","Unit Test 2",43.5,50,2025-12-15,2025-2026,"Arthur Pendelton","Middle School (Grades 6-8)"
ACAD-SVIS-2025-030-ENGL-UNI,SVIS-2025-030,"Aarav Joshi",CBSE-4,A,English,"Unit Test 2",45.5,50,2025-12-15,2025-2026,"Sarah Jenkins","Languages & Humanities Department"
ACAD-SVIS-2025-030-COMP-UNI,SVIS-2025-030,"Aarav Joshi",CBSE-4,A,"Computer Science","Unit Test 2",45.5,50,2025-12-15,2025-2026,"Vikram Patel","Secondary Section (Grades 9-10)"
ACAD-SVIS-2025-030-MATH-FIN,SVIS-2025-030,"Aarav Joshi",CBSE-4,A,Mathematics,"Final Exam",82,100,2026-03-24,2025-2026,"Arthur Pendelton","Middle School (Grades 6-8)"
ACAD-SVIS-2025-030-SCIE-FIN,SVIS-2025-030,"Aarav Joshi",CBSE-4,A,Science,"Final Exam",87,100,2026-03-24,2025-2026,"David Chen","Science & Mathematics Department"
ACAD-SVIS-2025-030-SOCI-FIN,SVIS-2025-030,"Aarav Joshi",CBSE-4,A,"Social Science","Final Exam",87,100,2026-03-24,2025-2026,"Arthur Pendelton","Middle School (Grades 6-8)"
ACAD-SVIS-2025-030-ENGL-FIN,SVIS-2025-030,"Aarav Joshi",CBSE-4,A,English,"Final Exam",83,100,2026-03-24,2025-2026,"Sarah Jenkins","Languages & Humanities Department"
ACAD-SVIS-2025-030-COMP-FIN,SVIS-2025-030,"Aarav Joshi",CBSE-4,A,"Computer Science","Final Exam",87,100,2026-03-24,2025-2026,"Vikram Patel","Secondary Section (Grades 9-10)"
ACAD-SVIS-2025-031-MATH-UNI,SVIS-2025-031,"Vihaan Banerjee",CBSE-5,A,Mathematics,"Unit Test 1",45,50,2025-07-18,2025-2026,"Clara Higgins","Primary Section (Grades 1-5)"
ACAD-SVIS-2025-031-ENGL-UNI,SVIS-2025-031,"Vihaan Banerjee",CBSE-5,A,English,"Unit Test 1",45,50,2025-07-18,2025-2026,"Sarah Jenkins","Languages & Humanities Department"
ACAD-SVIS-2025-031-SCIE-UNI,SVIS-2025-031,"Vihaan Banerjee",CBSE-5,A,Science,"Unit Test 1",46,50,2025-07-18,2025-2026,"David Chen","Science & Mathematics Department"
ACAD-SVIS-2025-031-SOCI-UNI,SVIS-2025-031,"Vihaan Banerjee",CBSE-5,A,"Social Studies","Unit Test 1",44,50,2025-07-18,2025-2026,"Sarah Jenkins","Languages & Humanities Department"
ACAD-SVIS-2025-031-HIND-UNI,SVIS-2025-031,"Vihaan Banerjee",CBSE-5,A,Hindi,"Unit Test 1",40,50,2025-07-18,2025-2026,"Sarah Jenkins","Languages & Humanities Department"
ACAD-SVIS-2025-031-MATH-MID,SVIS-2025-031,"Vihaan Banerjee",CBSE-5,A,Mathematics,"Mid-Term Exam",88,100,2025-09-22,2025-2026,"Clara Higgins","Primary Section (Grades 1-5)"
ACAD-SVIS-2025-031-ENGL-MID,SVIS-2025-031,"Vihaan Banerjee",CBSE-5,A,English,"Mid-Term Exam",89,100,2025-09-22,2025-2026,"Sarah Jenkins","Languages & Humanities Department"
ACAD-SVIS-2025-031-SCIE-MID,SVIS-2025-031,"Vihaan Banerjee",CBSE-5,A,Science,"Mid-Term Exam",84,100,2025-09-22,2025-2026,"David Chen","Science & Mathematics Department"
ACAD-SVIS-2025-031-SOCI-MID,SVIS-2025-031,"Vihaan Banerjee",CBSE-5,A,"Social Studies","Mid-Term Exam",83,100,2025-09-22,2025-2026,"Sarah Jenkins","Languages & Humanities Department"
ACAD-SVIS-2025-031-HIND-MID,SVIS-2025-031,"Vihaan Banerjee",CBSE-5,A,Hindi,"Mid-Term Exam",84,100,2025-09-22,2025-2026,"Sarah Jenkins","Languages & Humanities Department"
ACAD-SVIS-2025-031-MATH-UNI,SVIS-2025-031,"Vihaan Banerjee",CBSE-5,A,Mathematics,"Unit Test 2",45,50,2025-12-15,2025-2026,"Clara Higgins","Primary Section (Grades 1-5)"
ACAD-SVIS-2025-031-ENGL-UNI,SVIS-2025-031,"Vihaan Banerjee",CBSE-5,A,English,"Unit Test 2",45,50,2025-12-15,2025-2026,"Sarah Jenkins","Languages & Humanities Department"
ACAD-SVIS-2025-031-SCIE-UNI,SVIS-2025-031,"Vihaan Banerjee",CBSE-5,A,Science,"Unit Test 2",46,50,2025-12-15,2025-2026,"David Chen","Science & Mathematics Department"
ACAD-SVIS-2025-031-SOCI-UNI,SVIS-2025-031,"Vihaan Banerjee",CBSE-5,A,"Social Studies","Unit Test 2",44,50,2025-12-15,2025-2026,"Sarah Jenkins","Languages & Humanities Department"
ACAD-SVIS-2025-031-HIND-UNI,SVIS-2025-031,"Vihaan Banerjee",CBSE-5,A,Hindi,"Unit Test 2",40,50,2025-12-15,2025-2026,"Sarah Jenkins","Languages & Humanities Department"
ACAD-SVIS-2025-031-MATH-FIN,SVIS-2025-031,"Vihaan Banerjee",CBSE-5,A,Mathematics,"Final Exam",86,100,2026-03-24,2025-2026,"Clara Higgins","Primary Section (Grades 1-5)"
ACAD-SVIS-2025-031-ENGL-FIN,SVIS-2025-031,"Vihaan Banerjee",CBSE-5,A,English,"Final Exam",86,100,2026-03-24,2025-2026,"Sarah Jenkins","Languages & Humanities Department"
ACAD-SVIS-2025-031-SCIE-FIN,SVIS-2025-031,"Vihaan Banerjee",CBSE-5,A,Science,"Final Exam",89,100,2026-03-24,2025-2026,"David Chen","Science & Mathematics Department"
ACAD-SVIS-2025-031-SOCI-FIN,SVIS-2025-031,"Vihaan Banerjee",CBSE-5,A,"Social Studies","Final Exam",84,100,2026-03-24,2025-2026,"Sarah Jenkins","Languages & Humanities Department"
ACAD-SVIS-2025-031-HIND-FIN,SVIS-2025-031,"Vihaan Banerjee",CBSE-5,A,Hindi,"Final Exam",83,100,2026-03-24,2025-2026,"Sarah Jenkins","Languages & Humanities Department"
ACAD-SVIS-2025-032-MATH-UNI,SVIS-2025-032,"Reyansh Nair",CBSE-5,B,Mathematics,"Unit Test 1",41.5,50,2025-07-18,2025-2026,"Clara Higgins","Primary Section (Grades 1-5)"
ACAD-SVIS-2025-032-ENGL-UNI,SVIS-2025-032,"Reyansh Nair",CBSE-5,B,English,"Unit Test 1",45.5,50,2025-07-18,2025-2026,"Sarah Jenkins","Languages & Humanities Department"
ACAD-SVIS-2025-032-SCIE-UNI,SVIS-2025-032,"Reyansh Nair",CBSE-5,B,Science,"Unit Test 1",41.5,50,2025-07-18,2025-2026,"David Chen","Science & Mathematics Department"
ACAD-SVIS-2025-032-SOCI-UNI,SVIS-2025-032,"Reyansh Nair",CBSE-5,B,"Social Studies","Unit Test 1",42.5,50,2025-07-18,2025-2026,"Sarah Jenkins","Languages & Humanities Department"
ACAD-SVIS-2025-032-HIND-UNI,SVIS-2025-032,"Reyansh Nair",CBSE-5,B,Hindi,"Unit Test 1",42.5,50,2025-07-18,2025-2026,"Sarah Jenkins","Languages & Humanities Department"
ACAD-SVIS-2025-032-MATH-MID,SVIS-2025-032,"Reyansh Nair",CBSE-5,B,Mathematics,"Mid-Term Exam",85,100,2025-09-22,2025-2026,"Clara Higgins","Primary Section (Grades 1-5)"
ACAD-SVIS-2025-032-ENGL-MID,SVIS-2025-032,"Reyansh Nair",CBSE-5,B,English,"Mid-Term Exam",85,100,2025-09-22,2025-2026,"Sarah Jenkins","Languages & Humanities Department"
ACAD-SVIS-2025-032-SCIE-MID,SVIS-2025-032,"Reyansh Nair",CBSE-5,B,Science,"Mid-Term Exam",85,100,2025-09-22,2025-2026,"David Chen","Science & Mathematics Department"
ACAD-SVIS-2025-032-SOCI-MID,SVIS-2025-032,"Reyansh Nair",CBSE-5,B,"Social Studies","Mid-Term Exam",87,100,2025-09-22,2025-2026,"Sarah Jenkins","Languages & Humanities Department"
ACAD-SVIS-2025-032-HIND-MID,SVIS-2025-032,"Reyansh Nair",CBSE-5,B,Hindi,"Mid-Term Exam",84,100,2025-09-22,2025-2026,"Sarah Jenkins","Languages & Humanities Department"
ACAD-SVIS-2025-032-MATH-UNI,SVIS-2025-032,"Reyansh Nair",CBSE-5,B,Mathematics,"Unit Test 2",41.5,50,2025-12-15,2025-2026,"Clara Higgins","Primary Section (Grades 1-5)"
ACAD-SVIS-2025-032-ENGL-UNI,SVIS-2025-032,"Reyansh Nair",CBSE-5,B,English,"Unit Test 2",45.5,50,2025-12-15,2025-2026,"Sarah Jenkins","Languages & Humanities Department"
ACAD-SVIS-2025-032-SCIE-UNI,SVIS-2025-032,"Reyansh Nair",CBSE-5,B,Science,"Unit Test 2",41.5,50,2025-12-15,2025-2026,"David Chen","Science & Mathematics Department"
ACAD-SVIS-2025-032-SOCI-UNI,SVIS-2025-032,"Reyansh Nair",CBSE-5,B,"Social Studies","Unit Test 2",42.5,50,2025-12-15,2025-2026,"Sarah Jenkins","Languages & Humanities Department"
ACAD-SVIS-2025-032-HIND-UNI,SVIS-2025-032,"Reyansh Nair",CBSE-5,B,Hindi,"Unit Test 2",42.5,50,2025-12-15,2025-2026,"Sarah Jenkins","Languages & Humanities Department"
ACAD-SVIS-2025-032-MATH-FIN,SVIS-2025-032,"Reyansh Nair",CBSE-5,B,Mathematics,"Final Exam",85,100,2026-03-24,2025-2026,"Clara Higgins","Primary Section (Grades 1-5)"
ACAD-SVIS-2025-032-ENGL-FIN,SVIS-2025-032,"Reyansh Nair",CBSE-5,B,English,"Final Exam",85,100,2026-03-24,2025-2026,"Sarah Jenkins","Languages & Humanities Department"
ACAD-SVIS-2025-032-SCIE-FIN,SVIS-2025-032,"Reyansh Nair",CBSE-5,B,Science,"Final Exam",86,100,2026-03-24,2025-2026,"David Chen","Science & Mathematics Department"
ACAD-SVIS-2025-032-SOCI-FIN,SVIS-2025-032,"Reyansh Nair",CBSE-5,B,"Social Studies","Final Exam",88,100,2026-03-24,2025-2026,"Sarah Jenkins","Languages & Humanities Department"
ACAD-SVIS-2025-032-HIND-FIN,SVIS-2025-032,"Reyansh Nair",CBSE-5,B,Hindi,"Final Exam",87,100,2026-03-24,2025-2026,"Sarah Jenkins","Languages & Humanities Department"
ACAD-SVIS-2025-033-MATH-UNI,SVIS-2025-033,"Ishaan Bhat",CBSE-5,A,Mathematics,"Unit Test 1",46,50,2025-07-18,2025-2026,"Clara Higgins","Primary Section (Grades 1-5)"
ACAD-SVIS-2025-033-ENGL-UNI,SVIS-2025-033,"Ishaan Bhat",CBSE-5,A,English,"Unit Test 1",42,50,2025-07-18,2025-2026,"Sarah Jenkins","Languages & Humanities Department"
ACAD-SVIS-2025-033-SCIE-UNI,SVIS-2025-033,"Ishaan Bhat",CBSE-5,A,Science,"Unit Test 1",41,50,2025-07-18,2025-2026,"David Chen","Science & Mathematics Department"
ACAD-SVIS-2025-033-SOCI-UNI,SVIS-2025-033,"Ishaan Bhat",CBSE-5,A,"Social Studies","Unit Test 1",46,50,2025-07-18,2025-2026,"Sarah Jenkins","Languages & Humanities Department"
ACAD-SVIS-2025-033-HIND-UNI,SVIS-2025-033,"Ishaan Bhat",CBSE-5,A,Hindi,"Unit Test 1",47,50,2025-07-18,2025-2026,"Sarah Jenkins","Languages & Humanities Department"
ACAD-SVIS-2025-033-MATH-MID,SVIS-2025-033,"Ishaan Bhat",CBSE-5,A,Mathematics,"Mid-Term Exam",89,100,2025-09-22,2025-2026,"Clara Higgins","Primary Section (Grades 1-5)"
ACAD-SVIS-2025-033-ENGL-MID,SVIS-2025-033,"Ishaan Bhat",CBSE-5,A,English,"Mid-Term Exam",91,100,2025-09-22,2025-2026,"Sarah Jenkins","Languages & Humanities Department"
ACAD-SVIS-2025-033-SCIE-MID,SVIS-2025-033,"Ishaan Bhat",CBSE-5,A,Science,"Mid-Term Exam",89,100,2025-09-22,2025-2026,"David Chen","Science & Mathematics Department"
ACAD-SVIS-2025-033-SOCI-MID,SVIS-2025-033,"Ishaan Bhat",CBSE-5,A,"Social Studies","Mid-Term Exam",87,100,2025-09-22,2025-2026,"Sarah Jenkins","Languages & Humanities Department"
ACAD-SVIS-2025-033-HIND-MID,SVIS-2025-033,"Ishaan Bhat",CBSE-5,A,Hindi,"Mid-Term Exam",86,100,2025-09-22,2025-2026,"Sarah Jenkins","Languages & Humanities Department"
ACAD-SVIS-2025-033-MATH-UNI,SVIS-2025-033,"Ishaan Bhat",CBSE-5,A,Mathematics,"Unit Test 2",46,50,2025-12-15,2025-2026,"Clara Higgins","Primary Section (Grades 1-5)"
ACAD-SVIS-2025-033-ENGL-UNI,SVIS-2025-033,"Ishaan Bhat",CBSE-5,A,English,"Unit Test 2",42,50,2025-12-15,2025-2026,"Sarah Jenkins","Languages & Humanities Department"
ACAD-SVIS-2025-033-SCIE-UNI,SVIS-2025-033,"Ishaan Bhat",CBSE-5,A,Science,"Unit Test 2",41,50,2025-12-15,2025-2026,"David Chen","Science & Mathematics Department"
ACAD-SVIS-2025-033-SOCI-UNI,SVIS-2025-033,"Ishaan Bhat",CBSE-5,A,"Social Studies","Unit Test 2",46,50,2025-12-15,2025-2026,"Sarah Jenkins","Languages & Humanities Department"
ACAD-SVIS-2025-033-HIND-UNI,SVIS-2025-033,"Ishaan Bhat",CBSE-5,A,Hindi,"Unit Test 2",47,50,2025-12-15,2025-2026,"Sarah Jenkins","Languages & Humanities Department"
ACAD-SVIS-2025-033-MATH-FIN,SVIS-2025-033,"Ishaan Bhat",CBSE-5,A,Mathematics,"Final Exam",89,100,2026-03-24,2025-2026,"Clara Higgins","Primary Section (Grades 1-5)"
ACAD-SVIS-2025-033-ENGL-FIN,SVIS-2025-033,"Ishaan Bhat",CBSE-5,A,English,"Final Exam",88,100,2026-03-24,2025-2026,"Sarah Jenkins","Languages & Humanities Department"
ACAD-SVIS-2025-033-SCIE-FIN,SVIS-2025-033,"Ishaan Bhat",CBSE-5,A,Science,"Final Exam",91,100,2026-03-24,2025-2026,"David Chen","Science & Mathematics Department"
ACAD-SVIS-2025-033-SOCI-FIN,SVIS-2025-033,"Ishaan Bhat",CBSE-5,A,"Social Studies","Final Exam",85,100,2026-03-24,2025-2026,"Sarah Jenkins","Languages & Humanities Department"
ACAD-SVIS-2025-033-HIND-FIN,SVIS-2025-033,"Ishaan Bhat",CBSE-5,A,Hindi,"Final Exam",90,100,2026-03-24,2025-2026,"Sarah Jenkins","Languages & Humanities Department"
ACAD-SVIS-2025-034-MATH-UNI,SVIS-2025-034,"Advik Ghosh",CBSE-5,B,Mathematics,"Unit Test 1",47.5,50,2025-07-18,2025-2026,"Clara Higgins","Primary Section (Grades 1-5)"
ACAD-SVIS-2025-034-ENGL-UNI,SVIS-2025-034,"Advik Ghosh",CBSE-5,B,English,"Unit Test 1",44.5,50,2025-07-18,2025-2026,"Sarah Jenkins","Languages & Humanities Department"
ACAD-SVIS-2025-034-SCIE-UNI,SVIS-2025-034,"Advik Ghosh",CBSE-5,B,Science,"Unit Test 1",45.5,50,2025-07-18,2025-2026,"David Chen","Science & Mathematics Department"
ACAD-SVIS-2025-034-SOCI-UNI,SVIS-2025-034,"Advik Ghosh",CBSE-5,B,"Social Studies","Unit Test 1",46.5,50,2025-07-18,2025-2026,"Sarah Jenkins","Languages & Humanities Department"
ACAD-SVIS-2025-034-HIND-UNI,SVIS-2025-034,"Advik Ghosh",CBSE-5,B,Hindi,"Unit Test 1",46.5,50,2025-07-18,2025-2026,"Sarah Jenkins","Languages & Humanities Department"
ACAD-SVIS-2025-034-MATH-MID,SVIS-2025-034,"Advik Ghosh",CBSE-5,B,Mathematics,"Mid-Term Exam",86,100,2025-09-22,2025-2026,"Clara Higgins","Primary Section (Grades 1-5)"
ACAD-SVIS-2025-034-ENGL-MID,SVIS-2025-034,"Advik Ghosh",CBSE-5,B,English,"Mid-Term Exam",90,100,2025-09-22,2025-2026,"Sarah Jenkins","Languages & Humanities Department"
ACAD-SVIS-2025-034-SCIE-MID,SVIS-2025-034,"Advik Ghosh",CBSE-5,B,Science,"Mid-Term Exam",91,100,2025-09-22,2025-2026,"David Chen","Science & Mathematics Department"
ACAD-SVIS-2025-034-SOCI-MID,SVIS-2025-034,"Advik Ghosh",CBSE-5,B,"Social Studies","Mid-Term Exam",90,100,2025-09-22,2025-2026,"Sarah Jenkins","Languages & Humanities Department"
ACAD-SVIS-2025-034-HIND-MID,SVIS-2025-034,"Advik Ghosh",CBSE-5,B,Hindi,"Mid-Term Exam",91,100,2025-09-22,2025-2026,"Sarah Jenkins","Languages & Humanities Department"
ACAD-SVIS-2025-034-MATH-UNI,SVIS-2025-034,"Advik Ghosh",CBSE-5,B,Mathematics,"Unit Test 2",47.5,50,2025-12-15,2025-2026,"Clara Higgins","Primary Section (Grades 1-5)"
ACAD-SVIS-2025-034-ENGL-UNI,SVIS-2025-034,"Advik Ghosh",CBSE-5,B,English,"Unit Test 2",44.5,50,2025-12-15,2025-2026,"Sarah Jenkins","Languages & Humanities Department"
ACAD-SVIS-2025-034-SCIE-UNI,SVIS-2025-034,"Advik Ghosh",CBSE-5,B,Science,"Unit Test 2",45.5,50,2025-12-15,2025-2026,"David Chen","Science & Mathematics Department"
ACAD-SVIS-2025-034-SOCI-UNI,SVIS-2025-034,"Advik Ghosh",CBSE-5,B,"Social Studies","Unit Test 2",46.5,50,2025-12-15,2025-2026,"Sarah Jenkins","Languages & Humanities Department"
ACAD-SVIS-2025-034-HIND-UNI,SVIS-2025-034,"Advik Ghosh",CBSE-5,B,Hindi,"Unit Test 2",46.5,50,2025-12-15,2025-2026,"Sarah Jenkins","Languages & Humanities Department"
ACAD-SVIS-2025-034-MATH-FIN,SVIS-2025-034,"Advik Ghosh",CBSE-5,B,Mathematics,"Final Exam",90,100,2026-03-24,2025-2026,"Clara Higgins","Primary Section (Grades 1-5)"
ACAD-SVIS-2025-034-ENGL-FIN,SVIS-2025-034,"Advik Ghosh",CBSE-5,B,English,"Final Exam",92,100,2026-03-24,2025-2026,"Sarah Jenkins","Languages & Humanities Department"
ACAD-SVIS-2025-034-SCIE-FIN,SVIS-2025-034,"Advik Ghosh",CBSE-5,B,Science,"Final Exam",91,100,2026-03-24,2025-2026,"David Chen","Science & Mathematics Department"
ACAD-SVIS-2025-034-SOCI-FIN,SVIS-2025-034,"Advik Ghosh",CBSE-5,B,"Social Studies","Final Exam",92,100,2026-03-24,2025-2026,"Sarah Jenkins","Languages & Humanities Department"
ACAD-SVIS-2025-034-HIND-FIN,SVIS-2025-034,"Advik Ghosh",CBSE-5,B,Hindi,"Final Exam",90,100,2026-03-24,2025-2026,"Sarah Jenkins","Languages & Humanities Department"
ACAD-SVIS-2025-035-MATH-UNI,SVIS-2025-035,"Ananya Iyer",CBSE-5,A,Mathematics,"Unit Test 1",44,50,2025-07-18,2025-2026,"Clara Higgins","Primary Section (Grades 1-5)"
ACAD-SVIS-2025-035-ENGL-UNI,SVIS-2025-035,"Ananya Iyer",CBSE-5,A,English,"Unit Test 1",45,50,2025-07-18,2025-2026,"Sarah Jenkins","Languages & Humanities Department"
ACAD-SVIS-2025-035-SCIE-UNI,SVIS-2025-035,"Ananya Iyer",CBSE-5,A,Science,"Unit Test 1",43,50,2025-07-18,2025-2026,"David Chen","Science & Mathematics Department"
ACAD-SVIS-2025-035-SOCI-UNI,SVIS-2025-035,"Ananya Iyer",CBSE-5,A,"Social Studies","Unit Test 1",46,50,2025-07-18,2025-2026,"Sarah Jenkins","Languages & Humanities Department"
ACAD-SVIS-2025-035-HIND-UNI,SVIS-2025-035,"Ananya Iyer",CBSE-5,A,Hindi,"Unit Test 1",42,50,2025-07-18,2025-2026,"Sarah Jenkins","Languages & Humanities Department"
ACAD-SVIS-2025-035-MATH-MID,SVIS-2025-035,"Ananya Iyer",CBSE-5,A,Mathematics,"Mid-Term Exam",87,100,2025-09-22,2025-2026,"Clara Higgins","Primary Section (Grades 1-5)"
ACAD-SVIS-2025-035-ENGL-MID,SVIS-2025-035,"Ananya Iyer",CBSE-5,A,English,"Mid-Term Exam",90,100,2025-09-22,2025-2026,"Sarah Jenkins","Languages & Humanities Department"
ACAD-SVIS-2025-035-SCIE-MID,SVIS-2025-035,"Ananya Iyer",CBSE-5,A,Science,"Mid-Term Exam",90,100,2025-09-22,2025-2026,"David Chen","Science & Mathematics Department"
ACAD-SVIS-2025-035-SOCI-MID,SVIS-2025-035,"Ananya Iyer",CBSE-5,A,"Social Studies","Mid-Term Exam",89,100,2025-09-22,2025-2026,"Sarah Jenkins","Languages & Humanities Department"
ACAD-SVIS-2025-035-HIND-MID,SVIS-2025-035,"Ananya Iyer",CBSE-5,A,Hindi,"Mid-Term Exam",87,100,2025-09-22,2025-2026,"Sarah Jenkins","Languages & Humanities Department"
ACAD-SVIS-2025-035-MATH-UNI,SVIS-2025-035,"Ananya Iyer",CBSE-5,A,Mathematics,"Unit Test 2",44,50,2025-12-15,2025-2026,"Clara Higgins","Primary Section (Grades 1-5)"
ACAD-SVIS-2025-035-ENGL-UNI,SVIS-2025-035,"Ananya Iyer",CBSE-5,A,English,"Unit Test 2",45,50,2025-12-15,2025-2026,"Sarah Jenkins","Languages & Humanities Department"
ACAD-SVIS-2025-035-SCIE-UNI,SVIS-2025-035,"Ananya Iyer",CBSE-5,A,Science,"Unit Test 2",43,50,2025-12-15,2025-2026,"David Chen","Science & Mathematics Department"
ACAD-SVIS-2025-035-SOCI-UNI,SVIS-2025-035,"Ananya Iyer",CBSE-5,A,"Social Studies","Unit Test 2",46,50,2025-12-15,2025-2026,"Sarah Jenkins","Languages & Humanities Department"
ACAD-SVIS-2025-035-HIND-UNI,SVIS-2025-035,"Ananya Iyer",CBSE-5,A,Hindi,"Unit Test 2",42,50,2025-12-15,2025-2026,"Sarah Jenkins","Languages & Humanities Department"
ACAD-SVIS-2025-035-MATH-FIN,SVIS-2025-035,"Ananya Iyer",CBSE-5,A,Mathematics,"Final Exam",90,100,2026-03-24,2025-2026,"Clara Higgins","Primary Section (Grades 1-5)"
ACAD-SVIS-2025-035-ENGL-FIN,SVIS-2025-035,"Ananya Iyer",CBSE-5,A,English,"Final Exam",91,100,2026-03-24,2025-2026,"Sarah Jenkins","Languages & Humanities Department"
ACAD-SVIS-2025-035-SCIE-FIN,SVIS-2025-035,"Ananya Iyer",CBSE-5,A,Science,"Final Exam",87,100,2026-03-24,2025-2026,"David Chen","Science & Mathematics Department"
ACAD-SVIS-2025-035-SOCI-FIN,SVIS-2025-035,"Ananya Iyer",CBSE-5,A,"Social Studies","Final Exam",93,100,2026-03-24,2025-2026,"Sarah Jenkins","Languages & Humanities Department"
ACAD-SVIS-2025-035-HIND-FIN,SVIS-2025-035,"Ananya Iyer",CBSE-5,A,Hindi,"Final Exam",88,100,2026-03-24,2025-2026,"Sarah Jenkins","Languages & Humanities Department"
ACAD-SVIS-2025-036-MATH-UNI,SVIS-2025-036,"Aadhya Rao",CBSE-5,B,Mathematics,"Unit Test 1",43.5,50,2025-07-18,2025-2026,"Clara Higgins","Primary Section (Grades 1-5)"
ACAD-SVIS-2025-036-ENGL-UNI,SVIS-2025-036,"Aadhya Rao",CBSE-5,B,English,"Unit Test 1",46.5,50,2025-07-18,2025-2026,"Sarah Jenkins","Languages & Humanities Department"
ACAD-SVIS-2025-036-SCIE-UNI,SVIS-2025-036,"Aadhya Rao",CBSE-5,B,Science,"Unit Test 1",42.5,50,2025-07-18,2025-2026,"David Chen","Science & Mathematics Department"
ACAD-SVIS-2025-036-SOCI-UNI,SVIS-2025-036,"Aadhya Rao",CBSE-5,B,"Social Studies","Unit Test 1",48.5,50,2025-07-18,2025-2026,"Sarah Jenkins","Languages & Humanities Department"
ACAD-SVIS-2025-036-HIND-UNI,SVIS-2025-036,"Aadhya Rao",CBSE-5,B,Hindi,"Unit Test 1",45.5,50,2025-07-18,2025-2026,"Sarah Jenkins","Languages & Humanities Department"
ACAD-SVIS-2025-036-MATH-MID,SVIS-2025-036,"Aadhya Rao",CBSE-5,B,Mathematics,"Mid-Term Exam",90,100,2025-09-22,2025-2026,"Clara Higgins","Primary Section (Grades 1-5)"
ACAD-SVIS-2025-036-ENGL-MID,SVIS-2025-036,"Aadhya Rao",CBSE-5,B,English,"Mid-Term Exam",89,100,2025-09-22,2025-2026,"Sarah Jenkins","Languages & Humanities Department"
ACAD-SVIS-2025-036-SCIE-MID,SVIS-2025-036,"Aadhya Rao",CBSE-5,B,Science,"Mid-Term Exam",92,100,2025-09-22,2025-2026,"David Chen","Science & Mathematics Department"
ACAD-SVIS-2025-036-SOCI-MID,SVIS-2025-036,"Aadhya Rao",CBSE-5,B,"Social Studies","Mid-Term Exam",93,100,2025-09-22,2025-2026,"Sarah Jenkins","Languages & Humanities Department"
ACAD-SVIS-2025-036-HIND-MID,SVIS-2025-036,"Aadhya Rao",CBSE-5,B,Hindi,"Mid-Term Exam",93,100,2025-09-22,2025-2026,"Sarah Jenkins","Languages & Humanities Department"
ACAD-SVIS-2025-036-MATH-UNI,SVIS-2025-036,"Aadhya Rao",CBSE-5,B,Mathematics,"Unit Test 2",43.5,50,2025-12-15,2025-2026,"Clara Higgins","Primary Section (Grades 1-5)"
ACAD-SVIS-2025-036-ENGL-UNI,SVIS-2025-036,"Aadhya Rao",CBSE-5,B,English,"Unit Test 2",46.5,50,2025-12-15,2025-2026,"Sarah Jenkins","Languages & Humanities Department"
ACAD-SVIS-2025-036-SCIE-UNI,SVIS-2025-036,"Aadhya Rao",CBSE-5,B,Science,"Unit Test 2",42.5,50,2025-12-15,2025-2026,"David Chen","Science & Mathematics Department"
ACAD-SVIS-2025-036-SOCI-UNI,SVIS-2025-036,"Aadhya Rao",CBSE-5,B,"Social Studies","Unit Test 2",48.5,50,2025-12-15,2025-2026,"Sarah Jenkins","Languages & Humanities Department"
ACAD-SVIS-2025-036-HIND-UNI,SVIS-2025-036,"Aadhya Rao",CBSE-5,B,Hindi,"Unit Test 2",45.5,50,2025-12-15,2025-2026,"Sarah Jenkins","Languages & Humanities Department"
ACAD-SVIS-2025-036-MATH-FIN,SVIS-2025-036,"Aadhya Rao",CBSE-5,B,Mathematics,"Final Exam",93,100,2026-03-24,2025-2026,"Clara Higgins","Primary Section (Grades 1-5)"
ACAD-SVIS-2025-036-ENGL-FIN,SVIS-2025-036,"Aadhya Rao",CBSE-5,B,English,"Final Exam",91,100,2026-03-24,2025-2026,"Sarah Jenkins","Languages & Humanities Department"
ACAD-SVIS-2025-036-SCIE-FIN,SVIS-2025-036,"Aadhya Rao",CBSE-5,B,Science,"Final Exam",89,100,2026-03-24,2025-2026,"David Chen","Science & Mathematics Department"
ACAD-SVIS-2025-036-SOCI-FIN,SVIS-2025-036,"Aadhya Rao",CBSE-5,B,"Social Studies","Final Exam",92,100,2026-03-24,2025-2026,"Sarah Jenkins","Languages & Humanities Department"
ACAD-SVIS-2025-036-HIND-FIN,SVIS-2025-036,"Aadhya Rao",CBSE-5,B,Hindi,"Final Exam",93,100,2026-03-24,2025-2026,"Sarah Jenkins","Languages & Humanities Department"
ACAD-SVIS-2025-037-MATH-UNI,SVIS-2025-037,"Saanvi Chatterjee",CBSE-5,A,Mathematics,"Unit Test 1",49,50,2025-07-18,2025-2026,"Clara Higgins","Primary Section (Grades 1-5)"
ACAD-SVIS-2025-037-ENGL-UNI,SVIS-2025-037,"Saanvi Chatterjee",CBSE-5,A,English,"Unit Test 1",48,50,2025-07-18,2025-2026,"Sarah Jenkins","Languages & Humanities Department"
ACAD-SVIS-2025-037-SCIE-UNI,SVIS-2025-037,"Saanvi Chatterjee",CBSE-5,A,Science,"Unit Test 1",48,50,2025-07-18,2025-2026,"David Chen","Science & Mathematics Department"
ACAD-SVIS-2025-037-SOCI-UNI,SVIS-2025-037,"Saanvi Chatterjee",CBSE-5,A,"Social Studies","Unit Test 1",47,50,2025-07-18,2025-2026,"Sarah Jenkins","Languages & Humanities Department"
ACAD-SVIS-2025-037-HIND-UNI,SVIS-2025-037,"Saanvi Chatterjee",CBSE-5,A,Hindi,"Unit Test 1",45,50,2025-07-18,2025-2026,"Sarah Jenkins","Languages & Humanities Department"
ACAD-SVIS-2025-037-MATH-MID,SVIS-2025-037,"Saanvi Chatterjee",CBSE-5,A,Mathematics,"Mid-Term Exam",94,100,2025-09-22,2025-2026,"Clara Higgins","Primary Section (Grades 1-5)"
ACAD-SVIS-2025-037-ENGL-MID,SVIS-2025-037,"Saanvi Chatterjee",CBSE-5,A,English,"Mid-Term Exam",90,100,2025-09-22,2025-2026,"Sarah Jenkins","Languages & Humanities Department"
ACAD-SVIS-2025-037-SCIE-MID,SVIS-2025-037,"Saanvi Chatterjee",CBSE-5,A,Science,"Mid-Term Exam",95,100,2025-09-22,2025-2026,"David Chen","Science & Mathematics Department"
ACAD-SVIS-2025-037-SOCI-MID,SVIS-2025-037,"Saanvi Chatterjee",CBSE-5,A,"Social Studies","Mid-Term Exam",91,100,2025-09-22,2025-2026,"Sarah Jenkins","Languages & Humanities Department"
ACAD-SVIS-2025-037-HIND-MID,SVIS-2025-037,"Saanvi Chatterjee",CBSE-5,A,Hindi,"Mid-Term Exam",90,100,2025-09-22,2025-2026,"Sarah Jenkins","Languages & Humanities Department"
ACAD-SVIS-2025-037-MATH-UNI,SVIS-2025-037,"Saanvi Chatterjee",CBSE-5,A,Mathematics,"Unit Test 2",49,50,2025-12-15,2025-2026,"Clara Higgins","Primary Section (Grades 1-5)"
ACAD-SVIS-2025-037-ENGL-UNI,SVIS-2025-037,"Saanvi Chatterjee",CBSE-5,A,English,"Unit Test 2",48,50,2025-12-15,2025-2026,"Sarah Jenkins","Languages & Humanities Department"
ACAD-SVIS-2025-037-SCIE-UNI,SVIS-2025-037,"Saanvi Chatterjee",CBSE-5,A,Science,"Unit Test 2",48,50,2025-12-15,2025-2026,"David Chen","Science & Mathematics Department"
ACAD-SVIS-2025-037-SOCI-UNI,SVIS-2025-037,"Saanvi Chatterjee",CBSE-5,A,"Social Studies","Unit Test 2",47,50,2025-12-15,2025-2026,"Sarah Jenkins","Languages & Humanities Department"
ACAD-SVIS-2025-037-HIND-UNI,SVIS-2025-037,"Saanvi Chatterjee",CBSE-5,A,Hindi,"Unit Test 2",45,50,2025-12-15,2025-2026,"Sarah Jenkins","Languages & Humanities Department"
ACAD-SVIS-2025-037-MATH-FIN,SVIS-2025-037,"Saanvi Chatterjee",CBSE-5,A,Mathematics,"Final Exam",94,100,2026-03-24,2025-2026,"Clara Higgins","Primary Section (Grades 1-5)"
ACAD-SVIS-2025-037-ENGL-FIN,SVIS-2025-037,"Saanvi Chatterjee",CBSE-5,A,English,"Final Exam",95,100,2026-03-24,2025-2026,"Sarah Jenkins","Languages & Humanities Department"
ACAD-SVIS-2025-037-SCIE-FIN,SVIS-2025-037,"Saanvi Chatterjee",CBSE-5,A,Science,"Final Exam",91,100,2026-03-24,2025-2026,"David Chen","Science & Mathematics Department"
ACAD-SVIS-2025-037-SOCI-FIN,SVIS-2025-037,"Saanvi Chatterjee",CBSE-5,A,"Social Studies","Final Exam",95,100,2026-03-24,2025-2026,"Sarah Jenkins","Languages & Humanities Department"
ACAD-SVIS-2025-037-HIND-FIN,SVIS-2025-037,"Saanvi Chatterjee",CBSE-5,A,Hindi,"Final Exam",94,100,2026-03-24,2025-2026,"Sarah Jenkins","Languages & Humanities Department"
ACAD-SVIS-2025-038-MATH-UNI,SVIS-2025-038,"Ira Gupta",CBSE-5,B,Mathematics,"Unit Test 1",45.5,50,2025-07-18,2025-2026,"Clara Higgins","Primary Section (Grades 1-5)"
ACAD-SVIS-2025-038-ENGL-UNI,SVIS-2025-038,"Ira Gupta",CBSE-5,B,English,"Unit Test 1",45.5,50,2025-07-18,2025-2026,"Sarah Jenkins","Languages & Humanities Department"
ACAD-SVIS-2025-038-SCIE-UNI,SVIS-2025-038,"Ira Gupta",CBSE-5,B,Science,"Unit Test 1",49.5,50,2025-07-18,2025-2026,"David Chen","Science & Mathematics Department"
ACAD-SVIS-2025-038-SOCI-UNI,SVIS-2025-038,"Ira Gupta",CBSE-5,B,"Social Studies","Unit Test 1",45.5,50,2025-07-18,2025-2026,"Sarah Jenkins","Languages & Humanities Department"
ACAD-SVIS-2025-038-HIND-UNI,SVIS-2025-038,"Ira Gupta",CBSE-5,B,Hindi,"Unit Test 1",44.5,50,2025-07-18,2025-2026,"Sarah Jenkins","Languages & Humanities Department"
ACAD-SVIS-2025-038-MATH-MID,SVIS-2025-038,"Ira Gupta",CBSE-5,B,Mathematics,"Mid-Term Exam",96,100,2025-09-22,2025-2026,"Clara Higgins","Primary Section (Grades 1-5)"
ACAD-SVIS-2025-038-ENGL-MID,SVIS-2025-038,"Ira Gupta",CBSE-5,B,English,"Mid-Term Exam",92,100,2025-09-22,2025-2026,"Sarah Jenkins","Languages & Humanities Department"
ACAD-SVIS-2025-038-SCIE-MID,SVIS-2025-038,"Ira Gupta",CBSE-5,B,Science,"Mid-Term Exam",96,100,2025-09-22,2025-2026,"David Chen","Science & Mathematics Department"
ACAD-SVIS-2025-038-SOCI-MID,SVIS-2025-038,"Ira Gupta",CBSE-5,B,"Social Studies","Mid-Term Exam",95,100,2025-09-22,2025-2026,"Sarah Jenkins","Languages & Humanities Department"
ACAD-SVIS-2025-038-HIND-MID,SVIS-2025-038,"Ira Gupta",CBSE-5,B,Hindi,"Mid-Term Exam",92,100,2025-09-22,2025-2026,"Sarah Jenkins","Languages & Humanities Department"
ACAD-SVIS-2025-038-MATH-UNI,SVIS-2025-038,"Ira Gupta",CBSE-5,B,Mathematics,"Unit Test 2",45.5,50,2025-12-15,2025-2026,"Clara Higgins","Primary Section (Grades 1-5)"
ACAD-SVIS-2025-038-ENGL-UNI,SVIS-2025-038,"Ira Gupta",CBSE-5,B,English,"Unit Test 2",45.5,50,2025-12-15,2025-2026,"Sarah Jenkins","Languages & Humanities Department"
ACAD-SVIS-2025-038-SCIE-UNI,SVIS-2025-038,"Ira Gupta",CBSE-5,B,Science,"Unit Test 2",49.5,50,2025-12-15,2025-2026,"David Chen","Science & Mathematics Department"
ACAD-SVIS-2025-038-SOCI-UNI,SVIS-2025-038,"Ira Gupta",CBSE-5,B,"Social Studies","Unit Test 2",45.5,50,2025-12-15,2025-2026,"Sarah Jenkins","Languages & Humanities Department"
ACAD-SVIS-2025-038-HIND-UNI,SVIS-2025-038,"Ira Gupta",CBSE-5,B,Hindi,"Unit Test 2",44.5,50,2025-12-15,2025-2026,"Sarah Jenkins","Languages & Humanities Department"
ACAD-SVIS-2025-038-MATH-FIN,SVIS-2025-038,"Ira Gupta",CBSE-5,B,Mathematics,"Final Exam",96,100,2026-03-24,2025-2026,"Clara Higgins","Primary Section (Grades 1-5)"
ACAD-SVIS-2025-038-ENGL-FIN,SVIS-2025-038,"Ira Gupta",CBSE-5,B,English,"Final Exam",95,100,2026-03-24,2025-2026,"Sarah Jenkins","Languages & Humanities Department"
ACAD-SVIS-2025-038-SCIE-FIN,SVIS-2025-038,"Ira Gupta",CBSE-5,B,Science,"Final Exam",95,100,2026-03-24,2025-2026,"David Chen","Science & Mathematics Department"
ACAD-SVIS-2025-038-SOCI-FIN,SVIS-2025-038,"Ira Gupta",CBSE-5,B,"Social Studies","Final Exam",90,100,2026-03-24,2025-2026,"Sarah Jenkins","Languages & Humanities Department"
ACAD-SVIS-2025-038-HIND-FIN,SVIS-2025-038,"Ira Gupta",CBSE-5,B,Hindi,"Final Exam",95,100,2026-03-24,2025-2026,"Sarah Jenkins","Languages & Humanities Department"
ACAD-SVIS-2025-039-MATH-UNI,SVIS-2025-039,"Kavya Choudhury",CBSE-5,A,Mathematics,"Unit Test 1",50,50,2025-07-18,2025-2026,"Clara Higgins","Primary Section (Grades 1-5)"
ACAD-SVIS-2025-039-ENGL-UNI,SVIS-2025-039,"Kavya Choudhury",CBSE-5,A,English,"Unit Test 1",50,50,2025-07-18,2025-2026,"Sarah Jenkins","Languages & Humanities Department"
ACAD-SVIS-2025-039-SCIE-UNI,SVIS-2025-039,"Kavya Choudhury",CBSE-5,A,Science,"Unit Test 1",44,50,2025-07-18,2025-2026,"David Chen","Science & Mathematics Department"
ACAD-SVIS-2025-039-SOCI-UNI,SVIS-2025-039,"Kavya Choudhury",CBSE-5,A,"Social Studies","Unit Test 1",48,50,2025-07-18,2025-2026,"Sarah Jenkins","Languages & Humanities Department"
ACAD-SVIS-2025-039-HIND-UNI,SVIS-2025-039,"Kavya Choudhury",CBSE-5,A,Hindi,"Unit Test 1",46,50,2025-07-18,2025-2026,"Sarah Jenkins","Languages & Humanities Department"
ACAD-SVIS-2025-039-MATH-MID,SVIS-2025-039,"Kavya Choudhury",CBSE-5,A,Mathematics,"Mid-Term Exam",96,100,2025-09-22,2025-2026,"Clara Higgins","Primary Section (Grades 1-5)"
ACAD-SVIS-2025-039-ENGL-MID,SVIS-2025-039,"Kavya Choudhury",CBSE-5,A,English,"Mid-Term Exam",94,100,2025-09-22,2025-2026,"Sarah Jenkins","Languages & Humanities Department"
ACAD-SVIS-2025-039-SCIE-MID,SVIS-2025-039,"Kavya Choudhury",CBSE-5,A,Science,"Mid-Term Exam",97,100,2025-09-22,2025-2026,"David Chen","Science & Mathematics Department"
ACAD-SVIS-2025-039-SOCI-MID,SVIS-2025-039,"Kavya Choudhury",CBSE-5,A,"Social Studies","Mid-Term Exam",92,100,2025-09-22,2025-2026,"Sarah Jenkins","Languages & Humanities Department"
ACAD-SVIS-2025-039-HIND-MID,SVIS-2025-039,"Kavya Choudhury",CBSE-5,A,Hindi,"Mid-Term Exam",94,100,2025-09-22,2025-2026,"Sarah Jenkins","Languages & Humanities Department"
ACAD-SVIS-2025-039-MATH-UNI,SVIS-2025-039,"Kavya Choudhury",CBSE-5,A,Mathematics,"Unit Test 2",50,50,2025-12-15,2025-2026,"Clara Higgins","Primary Section (Grades 1-5)"
ACAD-SVIS-2025-039-ENGL-UNI,SVIS-2025-039,"Kavya Choudhury",CBSE-5,A,English,"Unit Test 2",50,50,2025-12-15,2025-2026,"Sarah Jenkins","Languages & Humanities Department"
ACAD-SVIS-2025-039-SCIE-UNI,SVIS-2025-039,"Kavya Choudhury",CBSE-5,A,Science,"Unit Test 2",44,50,2025-12-15,2025-2026,"David Chen","Science & Mathematics Department"
ACAD-SVIS-2025-039-SOCI-UNI,SVIS-2025-039,"Kavya Choudhury",CBSE-5,A,"Social Studies","Unit Test 2",48,50,2025-12-15,2025-2026,"Sarah Jenkins","Languages & Humanities Department"
ACAD-SVIS-2025-039-HIND-UNI,SVIS-2025-039,"Kavya Choudhury",CBSE-5,A,Hindi,"Unit Test 2",46,50,2025-12-15,2025-2026,"Sarah Jenkins","Languages & Humanities Department"
ACAD-SVIS-2025-039-MATH-FIN,SVIS-2025-039,"Kavya Choudhury",CBSE-5,A,Mathematics,"Final Exam",95,100,2026-03-24,2025-2026,"Clara Higgins","Primary Section (Grades 1-5)"
ACAD-SVIS-2025-039-ENGL-FIN,SVIS-2025-039,"Kavya Choudhury",CBSE-5,A,English,"Final Exam",95,100,2026-03-24,2025-2026,"Sarah Jenkins","Languages & Humanities Department"
ACAD-SVIS-2025-039-SCIE-FIN,SVIS-2025-039,"Kavya Choudhury",CBSE-5,A,Science,"Final Exam",96,100,2026-03-24,2025-2026,"David Chen","Science & Mathematics Department"
ACAD-SVIS-2025-039-SOCI-FIN,SVIS-2025-039,"Kavya Choudhury",CBSE-5,A,"Social Studies","Final Exam",97,100,2026-03-24,2025-2026,"Sarah Jenkins","Languages & Humanities Department"
ACAD-SVIS-2025-039-HIND-FIN,SVIS-2025-039,"Kavya Choudhury",CBSE-5,A,Hindi,"Final Exam",92,100,2026-03-24,2025-2026,"Sarah Jenkins","Languages & Humanities Department"
ACAD-SVIS-2025-040-MATH-UNI,SVIS-2025-040,"Aarav Sharma",CBSE-5,B,Mathematics,"Unit Test 1",24.5,50,2025-07-18,2025-2026,"Clara Higgins","Primary Section (Grades 1-5)"
ACAD-SVIS-2025-040-ENGL-UNI,SVIS-2025-040,"Aarav Sharma",CBSE-5,B,English,"Unit Test 1",28.5,50,2025-07-18,2025-2026,"Sarah Jenkins","Languages & Humanities Department"
ACAD-SVIS-2025-040-SCIE-UNI,SVIS-2025-040,"Aarav Sharma",CBSE-5,B,Science,"Unit Test 1",30.5,50,2025-07-18,2025-2026,"David Chen","Science & Mathematics Department"
ACAD-SVIS-2025-040-SOCI-UNI,SVIS-2025-040,"Aarav Sharma",CBSE-5,B,"Social Studies","Unit Test 1",25.5,50,2025-07-18,2025-2026,"Sarah Jenkins","Languages & Humanities Department"
ACAD-SVIS-2025-040-HIND-UNI,SVIS-2025-040,"Aarav Sharma",CBSE-5,B,Hindi,"Unit Test 1",25.5,50,2025-07-18,2025-2026,"Sarah Jenkins","Languages & Humanities Department"
ACAD-SVIS-2025-040-MATH-MID,SVIS-2025-040,"Aarav Sharma",CBSE-5,B,Mathematics,"Mid-Term Exam",54,100,2025-09-22,2025-2026,"Clara Higgins","Primary Section (Grades 1-5)"
ACAD-SVIS-2025-040-ENGL-MID,SVIS-2025-040,"Aarav Sharma",CBSE-5,B,English,"Mid-Term Exam",57,100,2025-09-22,2025-2026,"Sarah Jenkins","Languages & Humanities Department"
ACAD-SVIS-2025-040-SCIE-MID,SVIS-2025-040,"Aarav Sharma",CBSE-5,B,Science,"Mid-Term Exam",53,100,2025-09-22,2025-2026,"David Chen","Science & Mathematics Department"
ACAD-SVIS-2025-040-SOCI-MID,SVIS-2025-040,"Aarav Sharma",CBSE-5,B,"Social Studies","Mid-Term Exam",56,100,2025-09-22,2025-2026,"Sarah Jenkins","Languages & Humanities Department"
ACAD-SVIS-2025-040-HIND-MID,SVIS-2025-040,"Aarav Sharma",CBSE-5,B,Hindi,"Mid-Term Exam",55,100,2025-09-22,2025-2026,"Sarah Jenkins","Languages & Humanities Department"
ACAD-SVIS-2025-040-MATH-UNI,SVIS-2025-040,"Aarav Sharma",CBSE-5,B,Mathematics,"Unit Test 2",24.5,50,2025-12-15,2025-2026,"Clara Higgins","Primary Section (Grades 1-5)"
ACAD-SVIS-2025-040-ENGL-UNI,SVIS-2025-040,"Aarav Sharma",CBSE-5,B,English,"Unit Test 2",28.5,50,2025-12-15,2025-2026,"Sarah Jenkins","Languages & Humanities Department"
ACAD-SVIS-2025-040-SCIE-UNI,SVIS-2025-040,"Aarav Sharma",CBSE-5,B,Science,"Unit Test 2",30.5,50,2025-12-15,2025-2026,"David Chen","Science & Mathematics Department"
ACAD-SVIS-2025-040-SOCI-UNI,SVIS-2025-040,"Aarav Sharma",CBSE-5,B,"Social Studies","Unit Test 2",25.5,50,2025-12-15,2025-2026,"Sarah Jenkins","Languages & Humanities Department"
ACAD-SVIS-2025-040-HIND-UNI,SVIS-2025-040,"Aarav Sharma",CBSE-5,B,Hindi,"Unit Test 2",25.5,50,2025-12-15,2025-2026,"Sarah Jenkins","Languages & Humanities Department"
ACAD-SVIS-2025-040-MATH-FIN,SVIS-2025-040,"Aarav Sharma",CBSE-5,B,Mathematics,"Final Exam",58,100,2026-03-24,2025-2026,"Clara Higgins","Primary Section (Grades 1-5)"
ACAD-SVIS-2025-040-ENGL-FIN,SVIS-2025-040,"Aarav Sharma",CBSE-5,B,English,"Final Exam",55,100,2026-03-24,2025-2026,"Sarah Jenkins","Languages & Humanities Department"
ACAD-SVIS-2025-040-SCIE-FIN,SVIS-2025-040,"Aarav Sharma",CBSE-5,B,Science,"Final Exam",54,100,2026-03-24,2025-2026,"David Chen","Science & Mathematics Department"
ACAD-SVIS-2025-040-SOCI-FIN,SVIS-2025-040,"Aarav Sharma",CBSE-5,B,"Social Studies","Final Exam",55,100,2026-03-24,2025-2026,"Sarah Jenkins","Languages & Humanities Department"
ACAD-SVIS-2025-040-HIND-FIN,SVIS-2025-040,"Aarav Sharma",CBSE-5,B,Hindi,"Final Exam",56,100,2026-03-24,2025-2026,"Sarah Jenkins","Languages & Humanities Department"
ACAD-SVIS-2025-041-MATH-UNI,SVIS-2025-041,"Vihaan Singh",CBSE-5,A,Mathematics,"Unit Test 1",26,50,2025-07-18,2025-2026,"Clara Higgins","Primary Section (Grades 1-5)"
ACAD-SVIS-2025-041-ENGL-UNI,SVIS-2025-041,"Vihaan Singh",CBSE-5,A,English,"Unit Test 1",25,50,2025-07-18,2025-2026,"Sarah Jenkins","Languages & Humanities Department"
ACAD-SVIS-2025-041-SCIE-UNI,SVIS-2025-041,"Vihaan Singh",CBSE-5,A,Science,"Unit Test 1",31,50,2025-07-18,2025-2026,"David Chen","Science & Mathematics Department"
ACAD-SVIS-2025-041-SOCI-UNI,SVIS-2025-041,"Vihaan Singh",CBSE-5,A,"Social Studies","Unit Test 1",25,50,2025-07-18,2025-2026,"Sarah Jenkins","Languages & Humanities Department"
ACAD-SVIS-2025-041-HIND-UNI,SVIS-2025-041,"Vihaan Singh",CBSE-5,A,Hindi,"Unit Test 1",25,50,2025-07-18,2025-2026,"Sarah Jenkins","Languages & Humanities Department"
ACAD-SVIS-2025-041-MATH-MID,SVIS-2025-041,"Vihaan Singh",CBSE-5,A,Mathematics,"Mid-Term Exam",56,100,2025-09-22,2025-2026,"Clara Higgins","Primary Section (Grades 1-5)"
ACAD-SVIS-2025-041-ENGL-MID,SVIS-2025-041,"Vihaan Singh",CBSE-5,A,English,"Mid-Term Exam",55,100,2025-09-22,2025-2026,"Sarah Jenkins","Languages & Humanities Department"
ACAD-SVIS-2025-041-SCIE-MID,SVIS-2025-041,"Vihaan Singh",CBSE-5,A,Science,"Mid-Term Exam",56,100,2025-09-22,2025-2026,"David Chen","Science & Mathematics Department"
ACAD-SVIS-2025-041-SOCI-MID,SVIS-2025-041,"Vihaan Singh",CBSE-5,A,"Social Studies","Mid-Term Exam",57,100,2025-09-22,2025-2026,"Sarah Jenkins","Languages & Humanities Department"
ACAD-SVIS-2025-041-HIND-MID,SVIS-2025-041,"Vihaan Singh",CBSE-5,A,Hindi,"Mid-Term Exam",54,100,2025-09-22,2025-2026,"Sarah Jenkins","Languages & Humanities Department"
ACAD-SVIS-2025-041-MATH-UNI,SVIS-2025-041,"Vihaan Singh",CBSE-5,A,Mathematics,"Unit Test 2",26,50,2025-12-15,2025-2026,"Clara Higgins","Primary Section (Grades 1-5)"
ACAD-SVIS-2025-041-ENGL-UNI,SVIS-2025-041,"Vihaan Singh",CBSE-5,A,English,"Unit Test 2",25,50,2025-12-15,2025-2026,"Sarah Jenkins","Languages & Humanities Department"
ACAD-SVIS-2025-041-SCIE-UNI,SVIS-2025-041,"Vihaan Singh",CBSE-5,A,Science,"Unit Test 2",31,50,2025-12-15,2025-2026,"David Chen","Science & Mathematics Department"
ACAD-SVIS-2025-041-SOCI-UNI,SVIS-2025-041,"Vihaan Singh",CBSE-5,A,"Social Studies","Unit Test 2",25,50,2025-12-15,2025-2026,"Sarah Jenkins","Languages & Humanities Department"
ACAD-SVIS-2025-041-HIND-UNI,SVIS-2025-041,"Vihaan Singh",CBSE-5,A,Hindi,"Unit Test 2",25,50,2025-12-15,2025-2026,"Sarah Jenkins","Languages & Humanities Department"
ACAD-SVIS-2025-041-MATH-FIN,SVIS-2025-041,"Vihaan Singh",CBSE-5,A,Mathematics,"Final Exam",59,100,2026-03-24,2025-2026,"Clara Higgins","Primary Section (Grades 1-5)"
ACAD-SVIS-2025-041-ENGL-FIN,SVIS-2025-041,"Vihaan Singh",CBSE-5,A,English,"Final Exam",54,100,2026-03-24,2025-2026,"Sarah Jenkins","Languages & Humanities Department"
ACAD-SVIS-2025-041-SCIE-FIN,SVIS-2025-041,"Vihaan Singh",CBSE-5,A,Science,"Final Exam",58,100,2026-03-24,2025-2026,"David Chen","Science & Mathematics Department"
ACAD-SVIS-2025-041-SOCI-FIN,SVIS-2025-041,"Vihaan Singh",CBSE-5,A,"Social Studies","Final Exam",59,100,2026-03-24,2025-2026,"Sarah Jenkins","Languages & Humanities Department"
ACAD-SVIS-2025-041-HIND-FIN,SVIS-2025-041,"Vihaan Singh",CBSE-5,A,Hindi,"Final Exam",53,100,2026-03-24,2025-2026,"Sarah Jenkins","Languages & Humanities Department"
ACAD-SVIS-2025-042-MATH-UNI,SVIS-2025-042,"Reyansh Mehta",CBSE-5,B,Mathematics,"Unit Test 1",25.5,50,2025-07-18,2025-2026,"Clara Higgins","Primary Section (Grades 1-5)"
ACAD-SVIS-2025-042-ENGL-UNI,SVIS-2025-042,"Reyansh Mehta",CBSE-5,B,English,"Unit Test 1",26.5,50,2025-07-18,2025-2026,"Sarah Jenkins","Languages & Humanities Department"
ACAD-SVIS-2025-042-SCIE-UNI,SVIS-2025-042,"Reyansh Mehta",CBSE-5,B,Science,"Unit Test 1",30.5,50,2025-07-18,2025-2026,"David Chen","Science & Mathematics Department"
ACAD-SVIS-2025-042-SOCI-UNI,SVIS-2025-042,"Reyansh Mehta",CBSE-5,B,"Social Studies","Unit Test 1",28.5,50,2025-07-18,2025-2026,"Sarah Jenkins","Languages & Humanities Department"
ACAD-SVIS-2025-042-HIND-UNI,SVIS-2025-042,"Reyansh Mehta",CBSE-5,B,Hindi,"Unit Test 1",31.5,50,2025-07-18,2025-2026,"Sarah Jenkins","Languages & Humanities Department"
ACAD-SVIS-2025-042-MATH-MID,SVIS-2025-042,"Reyansh Mehta",CBSE-5,B,Mathematics,"Mid-Term Exam",60,100,2025-09-22,2025-2026,"Clara Higgins","Primary Section (Grades 1-5)"
ACAD-SVIS-2025-042-ENGL-MID,SVIS-2025-042,"Reyansh Mehta",CBSE-5,B,English,"Mid-Term Exam",56,100,2025-09-22,2025-2026,"Sarah Jenkins","Languages & Humanities Department"
ACAD-SVIS-2025-042-SCIE-MID,SVIS-2025-042,"Reyansh Mehta",CBSE-5,B,Science,"Mid-Term Exam",56,100,2025-09-22,2025-2026,"David Chen","Science & Mathematics Department"
ACAD-SVIS-2025-042-SOCI-MID,SVIS-2025-042,"Reyansh Mehta",CBSE-5,B,"Social Studies","Mid-Term Exam",56,100,2025-09-22,2025-2026,"Sarah Jenkins","Languages & Humanities Department"
ACAD-SVIS-2025-042-HIND-MID,SVIS-2025-042,"Reyansh Mehta",CBSE-5,B,Hindi,"Mid-Term Exam",57,100,2025-09-22,2025-2026,"Sarah Jenkins","Languages & Humanities Department"
ACAD-SVIS-2025-042-MATH-UNI,SVIS-2025-042,"Reyansh Mehta",CBSE-5,B,Mathematics,"Unit Test 2",25.5,50,2025-12-15,2025-2026,"Clara Higgins","Primary Section (Grades 1-5)"
ACAD-SVIS-2025-042-ENGL-UNI,SVIS-2025-042,"Reyansh Mehta",CBSE-5,B,English,"Unit Test 2",26.5,50,2025-12-15,2025-2026,"Sarah Jenkins","Languages & Humanities Department"
ACAD-SVIS-2025-042-SCIE-UNI,SVIS-2025-042,"Reyansh Mehta",CBSE-5,B,Science,"Unit Test 2",30.5,50,2025-12-15,2025-2026,"David Chen","Science & Mathematics Department"
ACAD-SVIS-2025-042-SOCI-UNI,SVIS-2025-042,"Reyansh Mehta",CBSE-5,B,"Social Studies","Unit Test 2",28.5,50,2025-12-15,2025-2026,"Sarah Jenkins","Languages & Humanities Department"
ACAD-SVIS-2025-042-HIND-UNI,SVIS-2025-042,"Reyansh Mehta",CBSE-5,B,Hindi,"Unit Test 2",31.5,50,2025-12-15,2025-2026,"Sarah Jenkins","Languages & Humanities Department"
ACAD-SVIS-2025-042-MATH-FIN,SVIS-2025-042,"Reyansh Mehta",CBSE-5,B,Mathematics,"Final Exam",55,100,2026-03-24,2025-2026,"Clara Higgins","Primary Section (Grades 1-5)"
ACAD-SVIS-2025-042-ENGL-FIN,SVIS-2025-042,"Reyansh Mehta",CBSE-5,B,English,"Final Exam",54,100,2026-03-24,2025-2026,"Sarah Jenkins","Languages & Humanities Department"
ACAD-SVIS-2025-042-SCIE-FIN,SVIS-2025-042,"Reyansh Mehta",CBSE-5,B,Science,"Final Exam",60,100,2026-03-24,2025-2026,"David Chen","Science & Mathematics Department"
ACAD-SVIS-2025-042-SOCI-FIN,SVIS-2025-042,"Reyansh Mehta",CBSE-5,B,"Social Studies","Final Exam",58,100,2026-03-24,2025-2026,"Sarah Jenkins","Languages & Humanities Department"
ACAD-SVIS-2025-042-HIND-FIN,SVIS-2025-042,"Reyansh Mehta",CBSE-5,B,Hindi,"Final Exam",60,100,2026-03-24,2025-2026,"Sarah Jenkins","Languages & Humanities Department"
ACAD-SVIS-2025-043-MATH-UNI,SVIS-2025-043,"Ishaan Verma",CBSE-5,A,Mathematics,"Unit Test 1",27,50,2025-07-18,2025-2026,"Clara Higgins","Primary Section (Grades 1-5)"
ACAD-SVIS-2025-043-ENGL-UNI,SVIS-2025-043,"Ishaan Verma",CBSE-5,A,English,"Unit Test 1",27,50,2025-07-18,2025-2026,"Sarah Jenkins","Languages & Humanities Department"
ACAD-SVIS-2025-043-SCIE-UNI,SVIS-2025-043,"Ishaan Verma",CBSE-5,A,Science,"Unit Test 1",32,50,2025-07-18,2025-2026,"David Chen","Science & Mathematics Department"
ACAD-SVIS-2025-043-SOCI-UNI,SVIS-2025-043,"Ishaan Verma",CBSE-5,A,"Social Studies","Unit Test 1",31,50,2025-07-18,2025-2026,"Sarah Jenkins","Languages & Humanities Department"
ACAD-SVIS-2025-043-HIND-UNI,SVIS-2025-043,"Ishaan Verma",CBSE-5,A,Hindi,"Unit Test 1",28,50,2025-07-18,2025-2026,"Sarah Jenkins","Languages & Humanities Department"
ACAD-SVIS-2025-043-MATH-MID,SVIS-2025-043,"Ishaan Verma",CBSE-5,A,Mathematics,"Mid-Term Exam",61,100,2025-09-22,2025-2026,"Clara Higgins","Primary Section (Grades 1-5)"
ACAD-SVIS-2025-043-ENGL-MID,SVIS-2025-043,"Ishaan Verma",CBSE-5,A,English,"Mid-Term Exam",58,100,2025-09-22,2025-2026,"Sarah Jenkins","Languages & Humanities Department"
ACAD-SVIS-2025-043-SCIE-MID,SVIS-2025-043,"Ishaan Verma",CBSE-5,A,Science,"Mid-Term Exam",57,100,2025-09-22,2025-2026,"David Chen","Science & Mathematics Department"
ACAD-SVIS-2025-043-SOCI-MID,SVIS-2025-043,"Ishaan Verma",CBSE-5,A,"Social Studies","Mid-Term Exam",60,100,2025-09-22,2025-2026,"Sarah Jenkins","Languages & Humanities Department"
ACAD-SVIS-2025-043-HIND-MID,SVIS-2025-043,"Ishaan Verma",CBSE-5,A,Hindi,"Mid-Term Exam",56,100,2025-09-22,2025-2026,"Sarah Jenkins","Languages & Humanities Department"
ACAD-SVIS-2025-043-MATH-UNI,SVIS-2025-043,"Ishaan Verma",CBSE-5,A,Mathematics,"Unit Test 2",27,50,2025-12-15,2025-2026,"Clara Higgins","Primary Section (Grades 1-5)"
ACAD-SVIS-2025-043-ENGL-UNI,SVIS-2025-043,"Ishaan Verma",CBSE-5,A,English,"Unit Test 2",27,50,2025-12-15,2025-2026,"Sarah Jenkins","Languages & Humanities Department"
ACAD-SVIS-2025-043-SCIE-UNI,SVIS-2025-043,"Ishaan Verma",CBSE-5,A,Science,"Unit Test 2",32,50,2025-12-15,2025-2026,"David Chen","Science & Mathematics Department"
ACAD-SVIS-2025-043-SOCI-UNI,SVIS-2025-043,"Ishaan Verma",CBSE-5,A,"Social Studies","Unit Test 2",31,50,2025-12-15,2025-2026,"Sarah Jenkins","Languages & Humanities Department"
ACAD-SVIS-2025-043-HIND-UNI,SVIS-2025-043,"Ishaan Verma",CBSE-5,A,Hindi,"Unit Test 2",28,50,2025-12-15,2025-2026,"Sarah Jenkins","Languages & Humanities Department"
ACAD-SVIS-2025-043-MATH-FIN,SVIS-2025-043,"Ishaan Verma",CBSE-5,A,Mathematics,"Final Exam",56,100,2026-03-24,2025-2026,"Clara Higgins","Primary Section (Grades 1-5)"
ACAD-SVIS-2025-043-ENGL-FIN,SVIS-2025-043,"Ishaan Verma",CBSE-5,A,English,"Final Exam",60,100,2026-03-24,2025-2026,"Sarah Jenkins","Languages & Humanities Department"
ACAD-SVIS-2025-043-SCIE-FIN,SVIS-2025-043,"Ishaan Verma",CBSE-5,A,Science,"Final Exam",60,100,2026-03-24,2025-2026,"David Chen","Science & Mathematics Department"
ACAD-SVIS-2025-043-SOCI-FIN,SVIS-2025-043,"Ishaan Verma",CBSE-5,A,"Social Studies","Final Exam",55,100,2026-03-24,2025-2026,"Sarah Jenkins","Languages & Humanities Department"
ACAD-SVIS-2025-043-HIND-FIN,SVIS-2025-043,"Ishaan Verma",CBSE-5,A,Hindi,"Final Exam",56,100,2026-03-24,2025-2026,"Sarah Jenkins","Languages & Humanities Department"
ACAD-SVIS-2025-044-MATH-UNI,SVIS-2025-044,"Advik Deshmukh",CBSE-5,B,Mathematics,"Unit Test 1",26.5,50,2025-07-18,2025-2026,"Clara Higgins","Primary Section (Grades 1-5)"
ACAD-SVIS-2025-044-ENGL-UNI,SVIS-2025-044,"Advik Deshmukh",CBSE-5,B,English,"Unit Test 1",28.5,50,2025-07-18,2025-2026,"Sarah Jenkins","Languages & Humanities Department"
ACAD-SVIS-2025-044-SCIE-UNI,SVIS-2025-044,"Advik Deshmukh",CBSE-5,B,Science,"Unit Test 1",32.5,50,2025-07-18,2025-2026,"David Chen","Science & Mathematics Department"
ACAD-SVIS-2025-044-SOCI-UNI,SVIS-2025-044,"Advik Deshmukh",CBSE-5,B,"Social Studies","Unit Test 1",31.5,50,2025-07-18,2025-2026,"Sarah Jenkins","Languages & Humanities Department"
ACAD-SVIS-2025-044-HIND-UNI,SVIS-2025-044,"Advik Deshmukh",CBSE-5,B,Hindi,"Unit Test 1",26.5,50,2025-07-18,2025-2026,"Sarah Jenkins","Languages & Humanities Department"
ACAD-SVIS-2025-044-MATH-MID,SVIS-2025-044,"Advik Deshmukh",CBSE-5,B,Mathematics,"Mid-Term Exam",58,100,2025-09-22,2025-2026,"Clara Higgins","Primary Section (Grades 1-5)"
ACAD-SVIS-2025-044-ENGL-MID,SVIS-2025-044,"Advik Deshmukh",CBSE-5,B,English,"Mid-Term Exam",57,100,2025-09-22,2025-2026,"Sarah Jenkins","Languages & Humanities Department"
ACAD-SVIS-2025-044-SCIE-MID,SVIS-2025-044,"Advik Deshmukh",CBSE-5,B,Science,"Mid-Term Exam",61,100,2025-09-22,2025-2026,"David Chen","Science & Mathematics Department"
ACAD-SVIS-2025-044-SOCI-MID,SVIS-2025-044,"Advik Deshmukh",CBSE-5,B,"Social Studies","Mid-Term Exam",58,100,2025-09-22,2025-2026,"Sarah Jenkins","Languages & Humanities Department"
ACAD-SVIS-2025-044-HIND-MID,SVIS-2025-044,"Advik Deshmukh",CBSE-5,B,Hindi,"Mid-Term Exam",62,100,2025-09-22,2025-2026,"Sarah Jenkins","Languages & Humanities Department"
ACAD-SVIS-2025-044-MATH-UNI,SVIS-2025-044,"Advik Deshmukh",CBSE-5,B,Mathematics,"Unit Test 2",26.5,50,2025-12-15,2025-2026,"Clara Higgins","Primary Section (Grades 1-5)"
ACAD-SVIS-2025-044-ENGL-UNI,SVIS-2025-044,"Advik Deshmukh",CBSE-5,B,English,"Unit Test 2",28.5,50,2025-12-15,2025-2026,"Sarah Jenkins","Languages & Humanities Department"
ACAD-SVIS-2025-044-SCIE-UNI,SVIS-2025-044,"Advik Deshmukh",CBSE-5,B,Science,"Unit Test 2",32.5,50,2025-12-15,2025-2026,"David Chen","Science & Mathematics Department"
ACAD-SVIS-2025-044-SOCI-UNI,SVIS-2025-044,"Advik Deshmukh",CBSE-5,B,"Social Studies","Unit Test 2",31.5,50,2025-12-15,2025-2026,"Sarah Jenkins","Languages & Humanities Department"
ACAD-SVIS-2025-044-HIND-UNI,SVIS-2025-044,"Advik Deshmukh",CBSE-5,B,Hindi,"Unit Test 2",26.5,50,2025-12-15,2025-2026,"Sarah Jenkins","Languages & Humanities Department"
ACAD-SVIS-2025-044-MATH-FIN,SVIS-2025-044,"Advik Deshmukh",CBSE-5,B,Mathematics,"Final Exam",62,100,2026-03-24,2025-2026,"Clara Higgins","Primary Section (Grades 1-5)"
ACAD-SVIS-2025-044-ENGL-FIN,SVIS-2025-044,"Advik Deshmukh",CBSE-5,B,English,"Final Exam",56,100,2026-03-24,2025-2026,"Sarah Jenkins","Languages & Humanities Department"
ACAD-SVIS-2025-044-SCIE-FIN,SVIS-2025-044,"Advik Deshmukh",CBSE-5,B,Science,"Final Exam",56,100,2026-03-24,2025-2026,"David Chen","Science & Mathematics Department"
ACAD-SVIS-2025-044-SOCI-FIN,SVIS-2025-044,"Advik Deshmukh",CBSE-5,B,"Social Studies","Final Exam",56,100,2026-03-24,2025-2026,"Sarah Jenkins","Languages & Humanities Department"
ACAD-SVIS-2025-044-HIND-FIN,SVIS-2025-044,"Advik Deshmukh",CBSE-5,B,Hindi,"Final Exam",56,100,2026-03-24,2025-2026,"Sarah Jenkins","Languages & Humanities Department"
ACAD-SVIS-2025-045-MATH-UNI,SVIS-2025-045,"Ananya Shah",CBSE-5,A,Mathematics,"Unit Test 1",33,50,2025-07-18,2025-2026,"Clara Higgins","Primary Section (Grades 1-5)"
ACAD-SVIS-2025-045-ENGL-UNI,SVIS-2025-045,"Ananya Shah",CBSE-5,A,English,"Unit Test 1",28,50,2025-07-18,2025-2026,"Sarah Jenkins","Languages & Humanities Department"
ACAD-SVIS-2025-045-SCIE-UNI,SVIS-2025-045,"Ananya Shah",CBSE-5,A,Science,"Unit Test 1",28,50,2025-07-18,2025-2026,"David Chen","Science & Mathematics Department"
ACAD-SVIS-2025-045-SOCI-UNI,SVIS-2025-045,"Ananya Shah",CBSE-5,A,"Social Studies","Unit Test 1",28,50,2025-07-18,2025-2026,"Sarah Jenkins","Languages & Humanities Department"
ACAD-SVIS-2025-045-HIND-UNI,SVIS-2025-045,"Ananya Shah",CBSE-5,A,Hindi,"Unit Test 1",30,50,2025-07-18,2025-2026,"Sarah Jenkins","Languages & Humanities Department"
ACAD-SVIS-2025-045-MATH-MID,SVIS-2025-045,"Ananya Shah",CBSE-5,A,Mathematics,"Mid-Term Exam",59,100,2025-09-22,2025-2026,"Clara Higgins","Primary Section (Grades 1-5)"
ACAD-SVIS-2025-045-ENGL-MID,SVIS-2025-045,"Ananya Shah",CBSE-5,A,English,"Mid-Term Exam",61,100,2025-09-22,2025-2026,"Sarah Jenkins","Languages & Humanities Department"
ACAD-SVIS-2025-045-SCIE-MID,SVIS-2025-045,"Ananya Shah",CBSE-5,A,Science,"Mid-Term Exam",59,100,2025-09-22,2025-2026,"David Chen","Science & Mathematics Department"
ACAD-SVIS-2025-045-SOCI-MID,SVIS-2025-045,"Ananya Shah",CBSE-5,A,"Social Studies","Mid-Term Exam",60,100,2025-09-22,2025-2026,"Sarah Jenkins","Languages & Humanities Department"
ACAD-SVIS-2025-045-HIND-MID,SVIS-2025-045,"Ananya Shah",CBSE-5,A,Hindi,"Mid-Term Exam",58,100,2025-09-22,2025-2026,"Sarah Jenkins","Languages & Humanities Department"
ACAD-SVIS-2025-045-MATH-UNI,SVIS-2025-045,"Ananya Shah",CBSE-5,A,Mathematics,"Unit Test 2",33,50,2025-12-15,2025-2026,"Clara Higgins","Primary Section (Grades 1-5)"
ACAD-SVIS-2025-045-ENGL-UNI,SVIS-2025-045,"Ananya Shah",CBSE-5,A,English,"Unit Test 2",28,50,2025-12-15,2025-2026,"Sarah Jenkins","Languages & Humanities Department"
ACAD-SVIS-2025-045-SCIE-UNI,SVIS-2025-045,"Ananya Shah",CBSE-5,A,Science,"Unit Test 2",28,50,2025-12-15,2025-2026,"David Chen","Science & Mathematics Department"
ACAD-SVIS-2025-045-SOCI-UNI,SVIS-2025-045,"Ananya Shah",CBSE-5,A,"Social Studies","Unit Test 2",28,50,2025-12-15,2025-2026,"Sarah Jenkins","Languages & Humanities Department"
ACAD-SVIS-2025-045-HIND-UNI,SVIS-2025-045,"Ananya Shah",CBSE-5,A,Hindi,"Unit Test 2",30,50,2025-12-15,2025-2026,"Sarah Jenkins","Languages & Humanities Department"
ACAD-SVIS-2025-045-MATH-FIN,SVIS-2025-045,"Ananya Shah",CBSE-5,A,Mathematics,"Final Exam",58,100,2026-03-24,2025-2026,"Clara Higgins","Primary Section (Grades 1-5)"
ACAD-SVIS-2025-045-ENGL-FIN,SVIS-2025-045,"Ananya Shah",CBSE-5,A,English,"Final Exam",62,100,2026-03-24,2025-2026,"Sarah Jenkins","Languages & Humanities Department"
ACAD-SVIS-2025-045-SCIE-FIN,SVIS-2025-045,"Ananya Shah",CBSE-5,A,Science,"Final Exam",57,100,2026-03-24,2025-2026,"David Chen","Science & Mathematics Department"
ACAD-SVIS-2025-045-SOCI-FIN,SVIS-2025-045,"Ananya Shah",CBSE-5,A,"Social Studies","Final Exam",60,100,2026-03-24,2025-2026,"Sarah Jenkins","Languages & Humanities Department"
ACAD-SVIS-2025-045-HIND-FIN,SVIS-2025-045,"Ananya Shah",CBSE-5,A,Hindi,"Final Exam",61,100,2026-03-24,2025-2026,"Sarah Jenkins","Languages & Humanities Department"
ACAD-SVIS-2025-046-MATH-UNI,SVIS-2025-046,"Aadhya Patel",CBSE-6,A,Mathematics,"Unit Test 1",27.5,50,2025-07-18,2025-2026,"Arthur Pendelton","Middle School (Grades 6-8)"
ACAD-SVIS-2025-046-SCIE-UNI,SVIS-2025-046,"Aadhya Patel",CBSE-6,A,Science,"Unit Test 1",32.5,50,2025-07-18,2025-2026,"David Chen","Science & Mathematics Department"
ACAD-SVIS-2025-046-SOCI-UNI,SVIS-2025-046,"Aadhya Patel",CBSE-6,A,"Social Science","Unit Test 1",32.5,50,2025-07-18,2025-2026,"Arthur Pendelton","Middle School (Grades 6-8)"
ACAD-SVIS-2025-046-ENGL-UNI,SVIS-2025-046,"Aadhya Patel",CBSE-6,A,English,"Unit Test 1",30.5,50,2025-07-18,2025-2026,"Sarah Jenkins","Languages & Humanities Department"
ACAD-SVIS-2025-046-COMP-UNI,SVIS-2025-046,"Aadhya Patel",CBSE-6,A,"Computer Science","Unit Test 1",32.5,50,2025-07-18,2025-2026,"Vikram Patel","Secondary Section (Grades 9-10)"
ACAD-SVIS-2025-046-MATH-MID,SVIS-2025-046,"Aadhya Patel",CBSE-6,A,Mathematics,"Mid-Term Exam",62,100,2025-09-22,2025-2026,"Arthur Pendelton","Middle School (Grades 6-8)"
ACAD-SVIS-2025-046-SCIE-MID,SVIS-2025-046,"Aadhya Patel",CBSE-6,A,Science,"Mid-Term Exam",60,100,2025-09-22,2025-2026,"David Chen","Science & Mathematics Department"
ACAD-SVIS-2025-046-SOCI-MID,SVIS-2025-046,"Aadhya Patel",CBSE-6,A,"Social Science","Mid-Term Exam",64,100,2025-09-22,2025-2026,"Arthur Pendelton","Middle School (Grades 6-8)"
ACAD-SVIS-2025-046-ENGL-MID,SVIS-2025-046,"Aadhya Patel",CBSE-6,A,English,"Mid-Term Exam",61,100,2025-09-22,2025-2026,"Sarah Jenkins","Languages & Humanities Department"
ACAD-SVIS-2025-046-COMP-MID,SVIS-2025-046,"Aadhya Patel",CBSE-6,A,"Computer Science","Mid-Term Exam",61,100,2025-09-22,2025-2026,"Vikram Patel","Secondary Section (Grades 9-10)"
ACAD-SVIS-2025-046-MATH-UNI,SVIS-2025-046,"Aadhya Patel",CBSE-6,A,Mathematics,"Unit Test 2",27.5,50,2025-12-15,2025-2026,"Arthur Pendelton","Middle School (Grades 6-8)"
ACAD-SVIS-2025-046-SCIE-UNI,SVIS-2025-046,"Aadhya Patel",CBSE-6,A,Science,"Unit Test 2",32.5,50,2025-12-15,2025-2026,"David Chen","Science & Mathematics Department"
ACAD-SVIS-2025-046-SOCI-UNI,SVIS-2025-046,"Aadhya Patel",CBSE-6,A,"Social Science","Unit Test 2",32.5,50,2025-12-15,2025-2026,"Arthur Pendelton","Middle School (Grades 6-8)"
ACAD-SVIS-2025-046-ENGL-UNI,SVIS-2025-046,"Aadhya Patel",CBSE-6,A,English,"Unit Test 2",30.5,50,2025-12-15,2025-2026,"Sarah Jenkins","Languages & Humanities Department"
ACAD-SVIS-2025-046-COMP-UNI,SVIS-2025-046,"Aadhya Patel",CBSE-6,A,"Computer Science","Unit Test 2",32.5,50,2025-12-15,2025-2026,"Vikram Patel","Secondary Section (Grades 9-10)"
ACAD-SVIS-2025-046-MATH-FIN,SVIS-2025-046,"Aadhya Patel",CBSE-6,A,Mathematics,"Final Exam",62,100,2026-03-24,2025-2026,"Arthur Pendelton","Middle School (Grades 6-8)"
ACAD-SVIS-2025-046-SCIE-FIN,SVIS-2025-046,"Aadhya Patel",CBSE-6,A,Science,"Final Exam",63,100,2026-03-24,2025-2026,"David Chen","Science & Mathematics Department"
ACAD-SVIS-2025-046-SOCI-FIN,SVIS-2025-046,"Aadhya Patel",CBSE-6,A,"Social Science","Final Exam",62,100,2026-03-24,2025-2026,"Arthur Pendelton","Middle School (Grades 6-8)"
ACAD-SVIS-2025-046-ENGL-FIN,SVIS-2025-046,"Aadhya Patel",CBSE-6,A,English,"Final Exam",63,100,2026-03-24,2025-2026,"Sarah Jenkins","Languages & Humanities Department"
ACAD-SVIS-2025-046-COMP-FIN,SVIS-2025-046,"Aadhya Patel",CBSE-6,A,"Computer Science","Final Exam",58,100,2026-03-24,2025-2026,"Vikram Patel","Secondary Section (Grades 9-10)"
ACAD-SVIS-2025-047-MATH-UNI,SVIS-2025-047,"Saanvi Kulkarni",CBSE-6,B,Mathematics,"Unit Test 1",29,50,2025-07-18,2025-2026,"Arthur Pendelton","Middle School (Grades 6-8)"
ACAD-SVIS-2025-047-SCIE-UNI,SVIS-2025-047,"Saanvi Kulkarni",CBSE-6,B,Science,"Unit Test 1",29,50,2025-07-18,2025-2026,"David Chen","Science & Mathematics Department"
ACAD-SVIS-2025-047-SOCI-UNI,SVIS-2025-047,"Saanvi Kulkarni",CBSE-6,B,"Social Science","Unit Test 1",28,50,2025-07-18,2025-2026,"Arthur Pendelton","Middle School (Grades 6-8)"
ACAD-SVIS-2025-047-ENGL-UNI,SVIS-2025-047,"Saanvi Kulkarni",CBSE-6,B,English,"Unit Test 1",31,50,2025-07-18,2025-2026,"Sarah Jenkins","Languages & Humanities Department"
ACAD-SVIS-2025-047-COMP-UNI,SVIS-2025-047,"Saanvi Kulkarni",CBSE-6,B,"Computer Science","Unit Test 1",30,50,2025-07-18,2025-2026,"Vikram Patel","Secondary Section (Grades 9-10)"
ACAD-SVIS-2025-047-MATH-MID,SVIS-2025-047,"Saanvi Kulkarni",CBSE-6,B,Mathematics,"Mid-Term Exam",59,100,2025-09-22,2025-2026,"Arthur Pendelton","Middle School (Grades 6-8)"
ACAD-SVIS-2025-047-SCIE-MID,SVIS-2025-047,"Saanvi Kulkarni",CBSE-6,B,Science,"Mid-Term Exam",62,100,2025-09-22,2025-2026,"David Chen","Science & Mathematics Department"
ACAD-SVIS-2025-047-SOCI-MID,SVIS-2025-047,"Saanvi Kulkarni",CBSE-6,B,"Social Science","Mid-Term Exam",65,100,2025-09-22,2025-2026,"Arthur Pendelton","Middle School (Grades 6-8)"
ACAD-SVIS-2025-047-ENGL-MID,SVIS-2025-047,"Saanvi Kulkarni",CBSE-6,B,English,"Mid-Term Exam",59,100,2025-09-22,2025-2026,"Sarah Jenkins","Languages & Humanities Department"
ACAD-SVIS-2025-047-COMP-MID,SVIS-2025-047,"Saanvi Kulkarni",CBSE-6,B,"Computer Science","Mid-Term Exam",63,100,2025-09-22,2025-2026,"Vikram Patel","Secondary Section (Grades 9-10)"
ACAD-SVIS-2025-047-MATH-UNI,SVIS-2025-047,"Saanvi Kulkarni",CBSE-6,B,Mathematics,"Unit Test 2",29,50,2025-12-15,2025-2026,"Arthur Pendelton","Middle School (Grades 6-8)"
ACAD-SVIS-2025-047-SCIE-UNI,SVIS-2025-047,"Saanvi Kulkarni",CBSE-6,B,Science,"Unit Test 2",29,50,2025-12-15,2025-2026,"David Chen","Science & Mathematics Department"
ACAD-SVIS-2025-047-SOCI-UNI,SVIS-2025-047,"Saanvi Kulkarni",CBSE-6,B,"Social Science","Unit Test 2",28,50,2025-12-15,2025-2026,"Arthur Pendelton","Middle School (Grades 6-8)"
ACAD-SVIS-2025-047-ENGL-UNI,SVIS-2025-047,"Saanvi Kulkarni",CBSE-6,B,English,"Unit Test 2",31,50,2025-12-15,2025-2026,"Sarah Jenkins","Languages & Humanities Department"
ACAD-SVIS-2025-047-COMP-UNI,SVIS-2025-047,"Saanvi Kulkarni",CBSE-6,B,"Computer Science","Unit Test 2",30,50,2025-12-15,2025-2026,"Vikram Patel","Secondary Section (Grades 9-10)"
ACAD-SVIS-2025-047-MATH-FIN,SVIS-2025-047,"Saanvi Kulkarni",CBSE-6,B,Mathematics,"Final Exam",59,100,2026-03-24,2025-2026,"Arthur Pendelton","Middle School (Grades 6-8)"
ACAD-SVIS-2025-047-SCIE-FIN,SVIS-2025-047,"Saanvi Kulkarni",CBSE-6,B,Science,"Final Exam",63,100,2026-03-24,2025-2026,"David Chen","Science & Mathematics Department"
ACAD-SVIS-2025-047-SOCI-FIN,SVIS-2025-047,"Saanvi Kulkarni",CBSE-6,B,"Social Science","Final Exam",61,100,2026-03-24,2025-2026,"Arthur Pendelton","Middle School (Grades 6-8)"
ACAD-SVIS-2025-047-ENGL-FIN,SVIS-2025-047,"Saanvi Kulkarni",CBSE-6,B,English,"Final Exam",60,100,2026-03-24,2025-2026,"Sarah Jenkins","Languages & Humanities Department"
ACAD-SVIS-2025-047-COMP-FIN,SVIS-2025-047,"Saanvi Kulkarni",CBSE-6,B,"Computer Science","Final Exam",65,100,2026-03-24,2025-2026,"Vikram Patel","Secondary Section (Grades 9-10)"
ACAD-SVIS-2025-048-MATH-UNI,SVIS-2025-048,"Ira Mukherjee",CBSE-6,A,Mathematics,"Unit Test 1",34.5,50,2025-07-18,2025-2026,"Arthur Pendelton","Middle School (Grades 6-8)"
ACAD-SVIS-2025-048-SCIE-UNI,SVIS-2025-048,"Ira Mukherjee",CBSE-6,A,Science,"Unit Test 1",33.5,50,2025-07-18,2025-2026,"David Chen","Science & Mathematics Department"
ACAD-SVIS-2025-048-SOCI-UNI,SVIS-2025-048,"Ira Mukherjee",CBSE-6,A,"Social Science","Unit Test 1",34.5,50,2025-07-18,2025-2026,"Arthur Pendelton","Middle School (Grades 6-8)"
ACAD-SVIS-2025-048-ENGL-UNI,SVIS-2025-048,"Ira Mukherjee",CBSE-6,A,English,"Unit Test 1",28.5,50,2025-07-18,2025-2026,"Sarah Jenkins","Languages & Humanities Department"
ACAD-SVIS-2025-048-COMP-UNI,SVIS-2025-048,"Ira Mukherjee",CBSE-6,A,"Computer Science","Unit Test 1",34.5,50,2025-07-18,2025-2026,"Vikram Patel","Secondary Section (Grades 9-10)"
ACAD-SVIS-2025-048-MATH-MID,SVIS-2025-048,"Ira Mukherjee",CBSE-6,A,Mathematics,"Mid-Term Exam",62,100,2025-09-22,2025-2026,"Arthur Pendelton","Middle School (Grades 6-8)"
ACAD-SVIS-2025-048-SCIE-MID,SVIS-2025-048,"Ira Mukherjee",CBSE-6,A,Science,"Mid-Term Exam",63,100,2025-09-22,2025-2026,"David Chen","Science & Mathematics Department"
ACAD-SVIS-2025-048-SOCI-MID,SVIS-2025-048,"Ira Mukherjee",CBSE-6,A,"Social Science","Mid-Term Exam",62,100,2025-09-22,2025-2026,"Arthur Pendelton","Middle School (Grades 6-8)"
ACAD-SVIS-2025-048-ENGL-MID,SVIS-2025-048,"Ira Mukherjee",CBSE-6,A,English,"Mid-Term Exam",65,100,2025-09-22,2025-2026,"Sarah Jenkins","Languages & Humanities Department"
ACAD-SVIS-2025-048-COMP-MID,SVIS-2025-048,"Ira Mukherjee",CBSE-6,A,"Computer Science","Mid-Term Exam",63,100,2025-09-22,2025-2026,"Vikram Patel","Secondary Section (Grades 9-10)"
ACAD-SVIS-2025-048-MATH-UNI,SVIS-2025-048,"Ira Mukherjee",CBSE-6,A,Mathematics,"Unit Test 2",34.5,50,2025-12-15,2025-2026,"Arthur Pendelton","Middle School (Grades 6-8)"
ACAD-SVIS-2025-048-SCIE-UNI,SVIS-2025-048,"Ira Mukherjee",CBSE-6,A,Science,"Unit Test 2",33.5,50,2025-12-15,2025-2026,"David Chen","Science & Mathematics Department"
ACAD-SVIS-2025-048-SOCI-UNI,SVIS-2025-048,"Ira Mukherjee",CBSE-6,A,"Social Science","Unit Test 2",34.5,50,2025-12-15,2025-2026,"Arthur Pendelton","Middle School (Grades 6-8)"
ACAD-SVIS-2025-048-ENGL-UNI,SVIS-2025-048,"Ira Mukherjee",CBSE-6,A,English,"Unit Test 2",28.5,50,2025-12-15,2025-2026,"Sarah Jenkins","Languages & Humanities Department"
ACAD-SVIS-2025-048-COMP-UNI,SVIS-2025-048,"Ira Mukherjee",CBSE-6,A,"Computer Science","Unit Test 2",34.5,50,2025-12-15,2025-2026,"Vikram Patel","Secondary Section (Grades 9-10)"
ACAD-SVIS-2025-048-MATH-FIN,SVIS-2025-048,"Ira Mukherjee",CBSE-6,A,Mathematics,"Final Exam",61,100,2026-03-24,2025-2026,"Arthur Pendelton","Middle School (Grades 6-8)"
ACAD-SVIS-2025-048-SCIE-FIN,SVIS-2025-048,"Ira Mukherjee",CBSE-6,A,Science,"Final Exam",60,100,2026-03-24,2025-2026,"David Chen","Science & Mathematics Department"
ACAD-SVIS-2025-048-SOCI-FIN,SVIS-2025-048,"Ira Mukherjee",CBSE-6,A,"Social Science","Final Exam",61,100,2026-03-24,2025-2026,"Arthur Pendelton","Middle School (Grades 6-8)"
ACAD-SVIS-2025-048-ENGL-FIN,SVIS-2025-048,"Ira Mukherjee",CBSE-6,A,English,"Final Exam",62,100,2026-03-24,2025-2026,"Sarah Jenkins","Languages & Humanities Department"
ACAD-SVIS-2025-048-COMP-FIN,SVIS-2025-048,"Ira Mukherjee",CBSE-6,A,"Computer Science","Final Exam",64,100,2026-03-24,2025-2026,"Vikram Patel","Secondary Section (Grades 9-10)"
ACAD-SVIS-2025-049-MATH-UNI,SVIS-2025-049,"Kavya Reddy",CBSE-6,B,Mathematics,"Unit Test 1",31,50,2025-07-18,2025-2026,"Arthur Pendelton","Middle School (Grades 6-8)"
ACAD-SVIS-2025-049-SCIE-UNI,SVIS-2025-049,"Kavya Reddy",CBSE-6,B,Science,"Unit Test 1",35,50,2025-07-18,2025-2026,"David Chen","Science & Mathematics Department"
ACAD-SVIS-2025-049-SOCI-UNI,SVIS-2025-049,"Kavya Reddy",CBSE-6,B,"Social Science","Unit Test 1",31,50,2025-07-18,2025-2026,"Arthur Pendelton","Middle School (Grades 6-8)"
ACAD-SVIS-2025-049-ENGL-UNI,SVIS-2025-049,"Kavya Reddy",CBSE-6,B,English,"Unit Test 1",35,50,2025-07-18,2025-2026,"Sarah Jenkins","Languages & Humanities Department"
ACAD-SVIS-2025-049-COMP-UNI,SVIS-2025-049,"Kavya Reddy",CBSE-6,B,"Computer Science","Unit Test 1",33,50,2025-07-18,2025-2026,"Vikram Patel","Secondary Section (Grades 9-10)"
ACAD-SVIS-2025-049-MATH-MID,SVIS-2025-049,"Kavya Reddy",CBSE-6,B,Mathematics,"Mid-Term Exam",67,100,2025-09-22,2025-2026,"Arthur Pendelton","Middle School (Grades 6-8)"
ACAD-SVIS-2025-049-SCIE-MID,SVIS-2025-049,"Kavya Reddy",CBSE-6,B,Science,"Mid-Term Exam",67,100,2025-09-22,2025-2026,"David Chen","Science & Mathematics Department"
ACAD-SVIS-2025-049-SOCI-MID,SVIS-2025-049,"Kavya Reddy",CBSE-6,B,"Social Science","Mid-Term Exam",64,100,2025-09-22,2025-2026,"Arthur Pendelton","Middle School (Grades 6-8)"
ACAD-SVIS-2025-049-ENGL-MID,SVIS-2025-049,"Kavya Reddy",CBSE-6,B,English,"Mid-Term Exam",62,100,2025-09-22,2025-2026,"Sarah Jenkins","Languages & Humanities Department"
ACAD-SVIS-2025-049-COMP-MID,SVIS-2025-049,"Kavya Reddy",CBSE-6,B,"Computer Science","Mid-Term Exam",65,100,2025-09-22,2025-2026,"Vikram Patel","Secondary Section (Grades 9-10)"
ACAD-SVIS-2025-049-MATH-UNI,SVIS-2025-049,"Kavya Reddy",CBSE-6,B,Mathematics,"Unit Test 2",31,50,2025-12-15,2025-2026,"Arthur Pendelton","Middle School (Grades 6-8)"
ACAD-SVIS-2025-049-SCIE-UNI,SVIS-2025-049,"Kavya Reddy",CBSE-6,B,Science,"Unit Test 2",35,50,2025-12-15,2025-2026,"David Chen","Science & Mathematics Department"
ACAD-SVIS-2025-049-SOCI-UNI,SVIS-2025-049,"Kavya Reddy",CBSE-6,B,"Social Science","Unit Test 2",31,50,2025-12-15,2025-2026,"Arthur Pendelton","Middle School (Grades 6-8)"
ACAD-SVIS-2025-049-ENGL-UNI,SVIS-2025-049,"Kavya Reddy",CBSE-6,B,English,"Unit Test 2",35,50,2025-12-15,2025-2026,"Sarah Jenkins","Languages & Humanities Department"
ACAD-SVIS-2025-049-COMP-UNI,SVIS-2025-049,"Kavya Reddy",CBSE-6,B,"Computer Science","Unit Test 2",33,50,2025-12-15,2025-2026,"Vikram Patel","Secondary Section (Grades 9-10)"
ACAD-SVIS-2025-049-MATH-FIN,SVIS-2025-049,"Kavya Reddy",CBSE-6,B,Mathematics,"Final Exam",65,100,2026-03-24,2025-2026,"Arthur Pendelton","Middle School (Grades 6-8)"
ACAD-SVIS-2025-049-SCIE-FIN,SVIS-2025-049,"Kavya Reddy",CBSE-6,B,Science,"Final Exam",62,100,2026-03-24,2025-2026,"David Chen","Science & Mathematics Department"
ACAD-SVIS-2025-049-SOCI-FIN,SVIS-2025-049,"Kavya Reddy",CBSE-6,B,"Social Science","Final Exam",62,100,2026-03-24,2025-2026,"Arthur Pendelton","Middle School (Grades 6-8)"
ACAD-SVIS-2025-049-ENGL-FIN,SVIS-2025-049,"Kavya Reddy",CBSE-6,B,English,"Final Exam",64,100,2026-03-24,2025-2026,"Sarah Jenkins","Languages & Humanities Department"
ACAD-SVIS-2025-049-COMP-FIN,SVIS-2025-049,"Kavya Reddy",CBSE-6,B,"Computer Science","Final Exam",61,100,2026-03-24,2025-2026,"Vikram Patel","Secondary Section (Grades 9-10)"
ACAD-SVIS-2025-050-MATH-UNI,SVIS-2025-050,"Aarav Joshi",CBSE-6,A,Mathematics,"Unit Test 1",30.5,50,2025-07-18,2025-2026,"Arthur Pendelton","Middle School (Grades 6-8)"
ACAD-SVIS-2025-050-SCIE-UNI,SVIS-2025-050,"Aarav Joshi",CBSE-6,A,Science,"Unit Test 1",33.5,50,2025-07-18,2025-2026,"David Chen","Science & Mathematics Department"
ACAD-SVIS-2025-050-SOCI-UNI,SVIS-2025-050,"Aarav Joshi",CBSE-6,A,"Social Science","Unit Test 1",35.5,50,2025-07-18,2025-2026,"Arthur Pendelton","Middle School (Grades 6-8)"
ACAD-SVIS-2025-050-ENGL-UNI,SVIS-2025-050,"Aarav Joshi",CBSE-6,A,English,"Unit Test 1",35.5,50,2025-07-18,2025-2026,"Sarah Jenkins","Languages & Humanities Department"
ACAD-SVIS-2025-050-COMP-UNI,SVIS-2025-050,"Aarav Joshi",CBSE-6,A,"Computer Science","Unit Test 1",33.5,50,2025-07-18,2025-2026,"Vikram Patel","Secondary Section (Grades 9-10)"
ACAD-SVIS-2025-050-MATH-MID,SVIS-2025-050,"Aarav Joshi",CBSE-6,A,Mathematics,"Mid-Term Exam",64,100,2025-09-22,2025-2026,"Arthur Pendelton","Middle School (Grades 6-8)"
ACAD-SVIS-2025-050-SCIE-MID,SVIS-2025-050,"Aarav Joshi",CBSE-6,A,Science,"Mid-Term Exam",68,100,2025-09-22,2025-2026,"David Chen","Science & Mathematics Department"
ACAD-SVIS-2025-050-SOCI-MID,SVIS-2025-050,"Aarav Joshi",CBSE-6,A,"Social Science","Mid-Term Exam",63,100,2025-09-22,2025-2026,"Arthur Pendelton","Middle School (Grades 6-8)"
ACAD-SVIS-2025-050-ENGL-MID,SVIS-2025-050,"Aarav Joshi",CBSE-6,A,English,"Mid-Term Exam",68,100,2025-09-22,2025-2026,"Sarah Jenkins","Languages & Humanities Department"
ACAD-SVIS-2025-050-COMP-MID,SVIS-2025-050,"Aarav Joshi",CBSE-6,A,"Computer Science","Mid-Term Exam",64,100,2025-09-22,2025-2026,"Vikram Patel","Secondary Section (Grades 9-10)"
ACAD-SVIS-2025-050-MATH-UNI,SVIS-2025-050,"Aarav Joshi",CBSE-6,A,Mathematics,"Unit Test 2",30.5,50,2025-12-15,2025-2026,"Arthur Pendelton","Middle School (Grades 6-8)"
ACAD-SVIS-2025-050-SCIE-UNI,SVIS-2025-050,"Aarav Joshi",CBSE-6,A,Science,"Unit Test 2",33.5,50,2025-12-15,2025-2026,"David Chen","Science & Mathematics Department"
ACAD-SVIS-2025-050-SOCI-UNI,SVIS-2025-050,"Aarav Joshi",CBSE-6,A,"Social Science","Unit Test 2",35.5,50,2025-12-15,2025-2026,"Arthur Pendelton","Middle School (Grades 6-8)"
ACAD-SVIS-2025-050-ENGL-UNI,SVIS-2025-050,"Aarav Joshi",CBSE-6,A,English,"Unit Test 2",35.5,50,2025-12-15,2025-2026,"Sarah Jenkins","Languages & Humanities Department"
ACAD-SVIS-2025-050-COMP-UNI,SVIS-2025-050,"Aarav Joshi",CBSE-6,A,"Computer Science","Unit Test 2",33.5,50,2025-12-15,2025-2026,"Vikram Patel","Secondary Section (Grades 9-10)"
ACAD-SVIS-2025-050-MATH-FIN,SVIS-2025-050,"Aarav Joshi",CBSE-6,A,Mathematics,"Final Exam",63,100,2026-03-24,2025-2026,"Arthur Pendelton","Middle School (Grades 6-8)"
ACAD-SVIS-2025-050-SCIE-FIN,SVIS-2025-050,"Aarav Joshi",CBSE-6,A,Science,"Final Exam",66,100,2026-03-24,2025-2026,"David Chen","Science & Mathematics Department"
ACAD-SVIS-2025-050-SOCI-FIN,SVIS-2025-050,"Aarav Joshi",CBSE-6,A,"Social Science","Final Exam",62,100,2026-03-24,2025-2026,"Arthur Pendelton","Middle School (Grades 6-8)"
ACAD-SVIS-2025-050-ENGL-FIN,SVIS-2025-050,"Aarav Joshi",CBSE-6,A,English,"Final Exam",64,100,2026-03-24,2025-2026,"Sarah Jenkins","Languages & Humanities Department"
ACAD-SVIS-2025-050-COMP-FIN,SVIS-2025-050,"Aarav Joshi",CBSE-6,A,"Computer Science","Final Exam",68,100,2026-03-24,2025-2026,"Vikram Patel","Secondary Section (Grades 9-10)"
ACAD-SVIS-2025-051-MATH-UNI,SVIS-2025-051,"Vihaan Banerjee",CBSE-6,B,Mathematics,"Unit Test 1",32,50,2025-07-18,2025-2026,"Arthur Pendelton","Middle School (Grades 6-8)"
ACAD-SVIS-2025-051-SCIE-UNI,SVIS-2025-051,"Vihaan Banerjee",CBSE-6,B,Science,"Unit Test 1",34,50,2025-07-18,2025-2026,"David Chen","Science & Mathematics Department"
ACAD-SVIS-2025-051-SOCI-UNI,SVIS-2025-051,"Vihaan Banerjee",CBSE-6,B,"Social Science","Unit Test 1",31,50,2025-07-18,2025-2026,"Arthur Pendelton","Middle School (Grades 6-8)"
ACAD-SVIS-2025-051-ENGL-UNI,SVIS-2025-051,"Vihaan Banerjee",CBSE-6,B,English,"Unit Test 1",30,50,2025-07-18,2025-2026,"Sarah Jenkins","Languages & Humanities Department"
ACAD-SVIS-2025-051-COMP-UNI,SVIS-2025-051,"Vihaan Banerjee",CBSE-6,B,"Computer Science","Unit Test 1",32,50,2025-07-18,2025-2026,"Vikram Patel","Secondary Section (Grades 9-10)"
ACAD-SVIS-2025-051-MATH-MID,SVIS-2025-051,"Vihaan Banerjee",CBSE-6,B,Mathematics,"Mid-Term Exam",66,100,2025-09-22,2025-2026,"Arthur Pendelton","Middle School (Grades 6-8)"
ACAD-SVIS-2025-051-SCIE-MID,SVIS-2025-051,"Vihaan Banerjee",CBSE-6,B,Science,"Mid-Term Exam",65,100,2025-09-22,2025-2026,"David Chen","Science & Mathematics Department"
ACAD-SVIS-2025-051-SOCI-MID,SVIS-2025-051,"Vihaan Banerjee",CBSE-6,B,"Social Science","Mid-Term Exam",63,100,2025-09-22,2025-2026,"Arthur Pendelton","Middle School (Grades 6-8)"
ACAD-SVIS-2025-051-ENGL-MID,SVIS-2025-051,"Vihaan Banerjee",CBSE-6,B,English,"Mid-Term Exam",68,100,2025-09-22,2025-2026,"Sarah Jenkins","Languages & Humanities Department"
ACAD-SVIS-2025-051-COMP-MID,SVIS-2025-051,"Vihaan Banerjee",CBSE-6,B,"Computer Science","Mid-Term Exam",66,100,2025-09-22,2025-2026,"Vikram Patel","Secondary Section (Grades 9-10)"
ACAD-SVIS-2025-051-MATH-UNI,SVIS-2025-051,"Vihaan Banerjee",CBSE-6,B,Mathematics,"Unit Test 2",32,50,2025-12-15,2025-2026,"Arthur Pendelton","Middle School (Grades 6-8)"
ACAD-SVIS-2025-051-SCIE-UNI,SVIS-2025-051,"Vihaan Banerjee",CBSE-6,B,Science,"Unit Test 2",34,50,2025-12-15,2025-2026,"David Chen","Science & Mathematics Department"
ACAD-SVIS-2025-051-SOCI-UNI,SVIS-2025-051,"Vihaan Banerjee",CBSE-6,B,"Social Science","Unit Test 2",31,50,2025-12-15,2025-2026,"Arthur Pendelton","Middle School (Grades 6-8)"
ACAD-SVIS-2025-051-ENGL-UNI,SVIS-2025-051,"Vihaan Banerjee",CBSE-6,B,English,"Unit Test 2",30,50,2025-12-15,2025-2026,"Sarah Jenkins","Languages & Humanities Department"
ACAD-SVIS-2025-051-COMP-UNI,SVIS-2025-051,"Vihaan Banerjee",CBSE-6,B,"Computer Science","Unit Test 2",32,50,2025-12-15,2025-2026,"Vikram Patel","Secondary Section (Grades 9-10)"
ACAD-SVIS-2025-051-MATH-FIN,SVIS-2025-051,"Vihaan Banerjee",CBSE-6,B,Mathematics,"Final Exam",63,100,2026-03-24,2025-2026,"Arthur Pendelton","Middle School (Grades 6-8)"
ACAD-SVIS-2025-051-SCIE-FIN,SVIS-2025-051,"Vihaan Banerjee",CBSE-6,B,Science,"Final Exam",67,100,2026-03-24,2025-2026,"David Chen","Science & Mathematics Department"
ACAD-SVIS-2025-051-SOCI-FIN,SVIS-2025-051,"Vihaan Banerjee",CBSE-6,B,"Social Science","Final Exam",67,100,2026-03-24,2025-2026,"Arthur Pendelton","Middle School (Grades 6-8)"
ACAD-SVIS-2025-051-ENGL-FIN,SVIS-2025-051,"Vihaan Banerjee",CBSE-6,B,English,"Final Exam",65,100,2026-03-24,2025-2026,"Sarah Jenkins","Languages & Humanities Department"
ACAD-SVIS-2025-051-COMP-FIN,SVIS-2025-051,"Vihaan Banerjee",CBSE-6,B,"Computer Science","Final Exam",67,100,2026-03-24,2025-2026,"Vikram Patel","Secondary Section (Grades 9-10)"
ACAD-SVIS-2025-052-MATH-UNI,SVIS-2025-052,"Reyansh Nair",CBSE-6,A,Mathematics,"Unit Test 1",34.5,50,2025-07-18,2025-2026,"Arthur Pendelton","Middle School (Grades 6-8)"
ACAD-SVIS-2025-052-SCIE-UNI,SVIS-2025-052,"Reyansh Nair",CBSE-6,A,Science,"Unit Test 1",31.5,50,2025-07-18,2025-2026,"David Chen","Science & Mathematics Department"
ACAD-SVIS-2025-052-SOCI-UNI,SVIS-2025-052,"Reyansh Nair",CBSE-6,A,"Social Science","Unit Test 1",35.5,50,2025-07-18,2025-2026,"Arthur Pendelton","Middle School (Grades 6-8)"
ACAD-SVIS-2025-052-ENGL-UNI,SVIS-2025-052,"Reyansh Nair",CBSE-6,A,English,"Unit Test 1",33.5,50,2025-07-18,2025-2026,"Sarah Jenkins","Languages & Humanities Department"
ACAD-SVIS-2025-052-COMP-UNI,SVIS-2025-052,"Reyansh Nair",CBSE-6,A,"Computer Science","Unit Test 1",31.5,50,2025-07-18,2025-2026,"Vikram Patel","Secondary Section (Grades 9-10)"
ACAD-SVIS-2025-052-MATH-MID,SVIS-2025-052,"Reyansh Nair",CBSE-6,A,Mathematics,"Mid-Term Exam",69,100,2025-09-22,2025-2026,"Arthur Pendelton","Middle School (Grades 6-8)"
ACAD-SVIS-2025-052-SCIE-MID,SVIS-2025-052,"Reyansh Nair",CBSE-6,A,Science,"Mid-Term Exam",64,100,2025-09-22,2025-2026,"David Chen","Science & Mathematics Department"
ACAD-SVIS-2025-052-SOCI-MID,SVIS-2025-052,"Reyansh Nair",CBSE-6,A,"Social Science","Mid-Term Exam",65,100,2025-09-22,2025-2026,"Arthur Pendelton","Middle School (Grades 6-8)"
ACAD-SVIS-2025-052-ENGL-MID,SVIS-2025-052,"Reyansh Nair",CBSE-6,A,English,"Mid-Term Exam",68,100,2025-09-22,2025-2026,"Sarah Jenkins","Languages & Humanities Department"
ACAD-SVIS-2025-052-COMP-MID,SVIS-2025-052,"Reyansh Nair",CBSE-6,A,"Computer Science","Mid-Term Exam",68,100,2025-09-22,2025-2026,"Vikram Patel","Secondary Section (Grades 9-10)"
ACAD-SVIS-2025-052-MATH-UNI,SVIS-2025-052,"Reyansh Nair",CBSE-6,A,Mathematics,"Unit Test 2",34.5,50,2025-12-15,2025-2026,"Arthur Pendelton","Middle School (Grades 6-8)"
ACAD-SVIS-2025-052-SCIE-UNI,SVIS-2025-052,"Reyansh Nair",CBSE-6,A,Science,"Unit Test 2",31.5,50,2025-12-15,2025-2026,"David Chen","Science & Mathematics Department"
ACAD-SVIS-2025-052-SOCI-UNI,SVIS-2025-052,"Reyansh Nair",CBSE-6,A,"Social Science","Unit Test 2",35.5,50,2025-12-15,2025-2026,"Arthur Pendelton","Middle School (Grades 6-8)"
ACAD-SVIS-2025-052-ENGL-UNI,SVIS-2025-052,"Reyansh Nair",CBSE-6,A,English,"Unit Test 2",33.5,50,2025-12-15,2025-2026,"Sarah Jenkins","Languages & Humanities Department"
ACAD-SVIS-2025-052-COMP-UNI,SVIS-2025-052,"Reyansh Nair",CBSE-6,A,"Computer Science","Unit Test 2",31.5,50,2025-12-15,2025-2026,"Vikram Patel","Secondary Section (Grades 9-10)"
ACAD-SVIS-2025-052-MATH-FIN,SVIS-2025-052,"Reyansh Nair",CBSE-6,A,Mathematics,"Final Exam",64,100,2026-03-24,2025-2026,"Arthur Pendelton","Middle School (Grades 6-8)"
ACAD-SVIS-2025-052-SCIE-FIN,SVIS-2025-052,"Reyansh Nair",CBSE-6,A,Science,"Final Exam",70,100,2026-03-24,2025-2026,"David Chen","Science & Mathematics Department"
ACAD-SVIS-2025-052-SOCI-FIN,SVIS-2025-052,"Reyansh Nair",CBSE-6,A,"Social Science","Final Exam",69,100,2026-03-24,2025-2026,"Arthur Pendelton","Middle School (Grades 6-8)"
ACAD-SVIS-2025-052-ENGL-FIN,SVIS-2025-052,"Reyansh Nair",CBSE-6,A,English,"Final Exam",69,100,2026-03-24,2025-2026,"Sarah Jenkins","Languages & Humanities Department"
ACAD-SVIS-2025-052-COMP-FIN,SVIS-2025-052,"Reyansh Nair",CBSE-6,A,"Computer Science","Final Exam",64,100,2026-03-24,2025-2026,"Vikram Patel","Secondary Section (Grades 9-10)"
ACAD-SVIS-2025-053-MATH-UNI,SVIS-2025-053,"Ishaan Bhat",CBSE-6,B,Mathematics,"Unit Test 1",33,50,2025-07-18,2025-2026,"Arthur Pendelton","Middle School (Grades 6-8)"
ACAD-SVIS-2025-053-SCIE-UNI,SVIS-2025-053,"Ishaan Bhat",CBSE-6,B,Science,"Unit Test 1",33,50,2025-07-18,2025-2026,"David Chen","Science & Mathematics Department"
ACAD-SVIS-2025-053-SOCI-UNI,SVIS-2025-053,"Ishaan Bhat",CBSE-6,B,"Social Science","Unit Test 1",37,50,2025-07-18,2025-2026,"Arthur Pendelton","Middle School (Grades 6-8)"
ACAD-SVIS-2025-053-ENGL-UNI,SVIS-2025-053,"Ishaan Bhat",CBSE-6,B,English,"Unit Test 1",36,50,2025-07-18,2025-2026,"Sarah Jenkins","Languages & Humanities Department"
ACAD-SVIS-2025-053-COMP-UNI,SVIS-2025-053,"Ishaan Bhat",CBSE-6,B,"Computer Science","Unit Test 1",35,50,2025-07-18,2025-2026,"Vikram Patel","Secondary Section (Grades 9-10)"
ACAD-SVIS-2025-053-MATH-MID,SVIS-2025-053,"Ishaan Bhat",CBSE-6,B,Mathematics,"Mid-Term Exam",70,100,2025-09-22,2025-2026,"Arthur Pendelton","Middle School (Grades 6-8)"
ACAD-SVIS-2025-053-SCIE-MID,SVIS-2025-053,"Ishaan Bhat",CBSE-6,B,Science,"Mid-Term Exam",69,100,2025-09-22,2025-2026,"David Chen","Science & Mathematics Department"
ACAD-SVIS-2025-053-SOCI-MID,SVIS-2025-053,"Ishaan Bhat",CBSE-6,B,"Social Science","Mid-Term Exam",68,100,2025-09-22,2025-2026,"Arthur Pendelton","Middle School (Grades 6-8)"
ACAD-SVIS-2025-053-ENGL-MID,SVIS-2025-053,"Ishaan Bhat",CBSE-6,B,English,"Mid-Term Exam",65,100,2025-09-22,2025-2026,"Sarah Jenkins","Languages & Humanities Department"
ACAD-SVIS-2025-053-COMP-MID,SVIS-2025-053,"Ishaan Bhat",CBSE-6,B,"Computer Science","Mid-Term Exam",66,100,2025-09-22,2025-2026,"Vikram Patel","Secondary Section (Grades 9-10)"
ACAD-SVIS-2025-053-MATH-UNI,SVIS-2025-053,"Ishaan Bhat",CBSE-6,B,Mathematics,"Unit Test 2",33,50,2025-12-15,2025-2026,"Arthur Pendelton","Middle School (Grades 6-8)"
ACAD-SVIS-2025-053-SCIE-UNI,SVIS-2025-053,"Ishaan Bhat",CBSE-6,B,Science,"Unit Test 2",33,50,2025-12-15,2025-2026,"David Chen","Science & Mathematics Department"
ACAD-SVIS-2025-053-SOCI-UNI,SVIS-2025-053,"Ishaan Bhat",CBSE-6,B,"Social Science","Unit Test 2",37,50,2025-12-15,2025-2026,"Arthur Pendelton","Middle School (Grades 6-8)"
ACAD-SVIS-2025-053-ENGL-UNI,SVIS-2025-053,"Ishaan Bhat",CBSE-6,B,English,"Unit Test 2",36,50,2025-12-15,2025-2026,"Sarah Jenkins","Languages & Humanities Department"
ACAD-SVIS-2025-053-COMP-UNI,SVIS-2025-053,"Ishaan Bhat",CBSE-6,B,"Computer Science","Unit Test 2",35,50,2025-12-15,2025-2026,"Vikram Patel","Secondary Section (Grades 9-10)"
ACAD-SVIS-2025-053-MATH-FIN,SVIS-2025-053,"Ishaan Bhat",CBSE-6,B,Mathematics,"Final Exam",68,100,2026-03-24,2025-2026,"Arthur Pendelton","Middle School (Grades 6-8)"
ACAD-SVIS-2025-053-SCIE-FIN,SVIS-2025-053,"Ishaan Bhat",CBSE-6,B,Science,"Final Exam",67,100,2026-03-24,2025-2026,"David Chen","Science & Mathematics Department"
ACAD-SVIS-2025-053-SOCI-FIN,SVIS-2025-053,"Ishaan Bhat",CBSE-6,B,"Social Science","Final Exam",70,100,2026-03-24,2025-2026,"Arthur Pendelton","Middle School (Grades 6-8)"
ACAD-SVIS-2025-053-ENGL-FIN,SVIS-2025-053,"Ishaan Bhat",CBSE-6,B,English,"Final Exam",67,100,2026-03-24,2025-2026,"Sarah Jenkins","Languages & Humanities Department"
ACAD-SVIS-2025-053-COMP-FIN,SVIS-2025-053,"Ishaan Bhat",CBSE-6,B,"Computer Science","Final Exam",71,100,2026-03-24,2025-2026,"Vikram Patel","Secondary Section (Grades 9-10)"
ACAD-SVIS-2025-054-MATH-UNI,SVIS-2025-054,"Advik Ghosh",CBSE-6,A,Mathematics,"Unit Test 1",35.5,50,2025-07-18,2025-2026,"Arthur Pendelton","Middle School (Grades 6-8)"
ACAD-SVIS-2025-054-SCIE-UNI,SVIS-2025-054,"Advik Ghosh",CBSE-6,A,Science,"Unit Test 1",36.5,50,2025-07-18,2025-2026,"David Chen","Science & Mathematics Department"
ACAD-SVIS-2025-054-SOCI-UNI,SVIS-2025-054,"Advik Ghosh",CBSE-6,A,"Social Science","Unit Test 1",37.5,50,2025-07-18,2025-2026,"Arthur Pendelton","Middle School (Grades 6-8)"
ACAD-SVIS-2025-054-ENGL-UNI,SVIS-2025-054,"Advik Ghosh",CBSE-6,A,English,"Unit Test 1",33.5,50,2025-07-18,2025-2026,"Sarah Jenkins","Languages & Humanities Department"
ACAD-SVIS-2025-054-COMP-UNI,SVIS-2025-054,"Advik Ghosh",CBSE-6,A,"Computer Science","Unit Test 1",36.5,50,2025-07-18,2025-2026,"Vikram Patel","Secondary Section (Grades 9-10)"
ACAD-SVIS-2025-054-MATH-MID,SVIS-2025-054,"Advik Ghosh",CBSE-6,A,Mathematics,"Mid-Term Exam",69,100,2025-09-22,2025-2026,"Arthur Pendelton","Middle School (Grades 6-8)"
ACAD-SVIS-2025-054-SCIE-MID,SVIS-2025-054,"Advik Ghosh",CBSE-6,A,Science,"Mid-Term Exam",69,100,2025-09-22,2025-2026,"David Chen","Science & Mathematics Department"
ACAD-SVIS-2025-054-SOCI-MID,SVIS-2025-054,"Advik Ghosh",CBSE-6,A,"Social Science","Mid-Term Exam",69,100,2025-09-22,2025-2026,"Arthur Pendelton","Middle School (Grades 6-8)"
ACAD-SVIS-2025-054-ENGL-MID,SVIS-2025-054,"Advik Ghosh",CBSE-6,A,English,"Mid-Term Exam",72,100,2025-09-22,2025-2026,"Sarah Jenkins","Languages & Humanities Department"
ACAD-SVIS-2025-054-COMP-MID,SVIS-2025-054,"Advik Ghosh",CBSE-6,A,"Computer Science","Mid-Term Exam",72,100,2025-09-22,2025-2026,"Vikram Patel","Secondary Section (Grades 9-10)"
ACAD-SVIS-2025-054-MATH-UNI,SVIS-2025-054,"Advik Ghosh",CBSE-6,A,Mathematics,"Unit Test 2",35.5,50,2025-12-15,2025-2026,"Arthur Pendelton","Middle School (Grades 6-8)"
ACAD-SVIS-2025-054-SCIE-UNI,SVIS-2025-054,"Advik Ghosh",CBSE-6,A,Science,"Unit Test 2",36.5,50,2025-12-15,2025-2026,"David Chen","Science & Mathematics Department"
ACAD-SVIS-2025-054-SOCI-UNI,SVIS-2025-054,"Advik Ghosh",CBSE-6,A,"Social Science","Unit Test 2",37.5,50,2025-12-15,2025-2026,"Arthur Pendelton","Middle School (Grades 6-8)"
ACAD-SVIS-2025-054-ENGL-UNI,SVIS-2025-054,"Advik Ghosh",CBSE-6,A,English,"Unit Test 2",33.5,50,2025-12-15,2025-2026,"Sarah Jenkins","Languages & Humanities Department"
ACAD-SVIS-2025-054-COMP-UNI,SVIS-2025-054,"Advik Ghosh",CBSE-6,A,"Computer Science","Unit Test 2",36.5,50,2025-12-15,2025-2026,"Vikram Patel","Secondary Section (Grades 9-10)"
ACAD-SVIS-2025-054-MATH-FIN,SVIS-2025-054,"Advik Ghosh",CBSE-6,A,Mathematics,"Final Exam",70,100,2026-03-24,2025-2026,"Arthur Pendelton","Middle School (Grades 6-8)"
ACAD-SVIS-2025-054-SCIE-FIN,SVIS-2025-054,"Advik Ghosh",CBSE-6,A,Science,"Final Exam",69,100,2026-03-24,2025-2026,"David Chen","Science & Mathematics Department"
ACAD-SVIS-2025-054-SOCI-FIN,SVIS-2025-054,"Advik Ghosh",CBSE-6,A,"Social Science","Final Exam",72,100,2026-03-24,2025-2026,"Arthur Pendelton","Middle School (Grades 6-8)"
ACAD-SVIS-2025-054-ENGL-FIN,SVIS-2025-054,"Advik Ghosh",CBSE-6,A,English,"Final Exam",71,100,2026-03-24,2025-2026,"Sarah Jenkins","Languages & Humanities Department"
ACAD-SVIS-2025-054-COMP-FIN,SVIS-2025-054,"Advik Ghosh",CBSE-6,A,"Computer Science","Final Exam",70,100,2026-03-24,2025-2026,"Vikram Patel","Secondary Section (Grades 9-10)"
ACAD-SVIS-2025-055-MATH-UNI,SVIS-2025-055,"Ananya Iyer",CBSE-6,B,Mathematics,"Unit Test 1",35,50,2025-07-18,2025-2026,"Arthur Pendelton","Middle School (Grades 6-8)"
ACAD-SVIS-2025-055-SCIE-UNI,SVIS-2025-055,"Ananya Iyer",CBSE-6,B,Science,"Unit Test 1",36,50,2025-07-18,2025-2026,"David Chen","Science & Mathematics Department"
ACAD-SVIS-2025-055-SOCI-UNI,SVIS-2025-055,"Ananya Iyer",CBSE-6,B,"Social Science","Unit Test 1",33,50,2025-07-18,2025-2026,"Arthur Pendelton","Middle School (Grades 6-8)"
ACAD-SVIS-2025-055-ENGL-UNI,SVIS-2025-055,"Ananya Iyer",CBSE-6,B,English,"Unit Test 1",35,50,2025-07-18,2025-2026,"Sarah Jenkins","Languages & Humanities Department"
ACAD-SVIS-2025-055-COMP-UNI,SVIS-2025-055,"Ananya Iyer",CBSE-6,B,"Computer Science","Unit Test 1",35,50,2025-07-18,2025-2026,"Vikram Patel","Secondary Section (Grades 9-10)"
ACAD-SVIS-2025-055-MATH-MID,SVIS-2025-055,"Ananya Iyer",CBSE-6,B,Mathematics,"Mid-Term Exam",67,100,2025-09-22,2025-2026,"Arthur Pendelton","Middle School (Grades 6-8)"
ACAD-SVIS-2025-055-SCIE-MID,SVIS-2025-055,"Ananya Iyer",CBSE-6,B,Science,"Mid-Term Exam",67,100,2025-09-22,2025-2026,"David Chen","Science & Mathematics Department"
ACAD-SVIS-2025-055-SOCI-MID,SVIS-2025-055,"Ananya Iyer",CBSE-6,B,"Social Science","Mid-Term Exam",71,100,2025-09-22,2025-2026,"Arthur Pendelton","Middle School (Grades 6-8)"
ACAD-SVIS-2025-055-ENGL-MID,SVIS-2025-055,"Ananya Iyer",CBSE-6,B,English,"Mid-Term Exam",70,100,2025-09-22,2025-2026,"Sarah Jenkins","Languages & Humanities Department"
ACAD-SVIS-2025-055-COMP-MID,SVIS-2025-055,"Ananya Iyer",CBSE-6,B,"Computer Science","Mid-Term Exam",69,100,2025-09-22,2025-2026,"Vikram Patel","Secondary Section (Grades 9-10)"
ACAD-SVIS-2025-055-MATH-UNI,SVIS-2025-055,"Ananya Iyer",CBSE-6,B,Mathematics,"Unit Test 2",35,50,2025-12-15,2025-2026,"Arthur Pendelton","Middle School (Grades 6-8)"
ACAD-SVIS-2025-055-SCIE-UNI,SVIS-2025-055,"Ananya Iyer",CBSE-6,B,Science,"Unit Test 2",36,50,2025-12-15,2025-2026,"David Chen","Science & Mathematics Department"
ACAD-SVIS-2025-055-SOCI-UNI,SVIS-2025-055,"Ananya Iyer",CBSE-6,B,"Social Science","Unit Test 2",33,50,2025-12-15,2025-2026,"Arthur Pendelton","Middle School (Grades 6-8)"
ACAD-SVIS-2025-055-ENGL-UNI,SVIS-2025-055,"Ananya Iyer",CBSE-6,B,English,"Unit Test 2",35,50,2025-12-15,2025-2026,"Sarah Jenkins","Languages & Humanities Department"
ACAD-SVIS-2025-055-COMP-UNI,SVIS-2025-055,"Ananya Iyer",CBSE-6,B,"Computer Science","Unit Test 2",35,50,2025-12-15,2025-2026,"Vikram Patel","Secondary Section (Grades 9-10)"
ACAD-SVIS-2025-055-MATH-FIN,SVIS-2025-055,"Ananya Iyer",CBSE-6,B,Mathematics,"Final Exam",73,100,2026-03-24,2025-2026,"Arthur Pendelton","Middle School (Grades 6-8)"
ACAD-SVIS-2025-055-SCIE-FIN,SVIS-2025-055,"Ananya Iyer",CBSE-6,B,Science,"Final Exam",70,100,2026-03-24,2025-2026,"David Chen","Science & Mathematics Department"
ACAD-SVIS-2025-055-SOCI-FIN,SVIS-2025-055,"Ananya Iyer",CBSE-6,B,"Social Science","Final Exam",67,100,2026-03-24,2025-2026,"Arthur Pendelton","Middle School (Grades 6-8)"
ACAD-SVIS-2025-055-ENGL-FIN,SVIS-2025-055,"Ananya Iyer",CBSE-6,B,English,"Final Exam",68,100,2026-03-24,2025-2026,"Sarah Jenkins","Languages & Humanities Department"
ACAD-SVIS-2025-055-COMP-FIN,SVIS-2025-055,"Ananya Iyer",CBSE-6,B,"Computer Science","Final Exam",72,100,2026-03-24,2025-2026,"Vikram Patel","Secondary Section (Grades 9-10)"
ACAD-SVIS-2025-056-MATH-UNI,SVIS-2025-056,"Aadhya Rao",CBSE-6,A,Mathematics,"Unit Test 1",37.5,50,2025-07-18,2025-2026,"Arthur Pendelton","Middle School (Grades 6-8)"
ACAD-SVIS-2025-056-SCIE-UNI,SVIS-2025-056,"Aadhya Rao",CBSE-6,A,Science,"Unit Test 1",33.5,50,2025-07-18,2025-2026,"David Chen","Science & Mathematics Department"
ACAD-SVIS-2025-056-SOCI-UNI,SVIS-2025-056,"Aadhya Rao",CBSE-6,A,"Social Science","Unit Test 1",36.5,50,2025-07-18,2025-2026,"Arthur Pendelton","Middle School (Grades 6-8)"
ACAD-SVIS-2025-056-ENGL-UNI,SVIS-2025-056,"Aadhya Rao",CBSE-6,A,English,"Unit Test 1",34.5,50,2025-07-18,2025-2026,"Sarah Jenkins","Languages & Humanities Department"
ACAD-SVIS-2025-056-COMP-UNI,SVIS-2025-056,"Aadhya Rao",CBSE-6,A,"Computer Science","Unit Test 1",37.5,50,2025-07-18,2025-2026,"Vikram Patel","Secondary Section (Grades 9-10)"
ACAD-SVIS-2025-056-MATH-MID,SVIS-2025-056,"Aadhya Rao",CBSE-6,A,Mathematics,"Mid-Term Exam",73,100,2025-09-22,2025-2026,"Arthur Pendelton","Middle School (Grades 6-8)"
ACAD-SVIS-2025-056-SCIE-MID,SVIS-2025-056,"Aadhya Rao",CBSE-6,A,Science,"Mid-Term Exam",70,100,2025-09-22,2025-2026,"David Chen","Science & Mathematics Department"
ACAD-SVIS-2025-056-SOCI-MID,SVIS-2025-056,"Aadhya Rao",CBSE-6,A,"Social Science","Mid-Term Exam",68,100,2025-09-22,2025-2026,"Arthur Pendelton","Middle School (Grades 6-8)"
ACAD-SVIS-2025-056-ENGL-MID,SVIS-2025-056,"Aadhya Rao",CBSE-6,A,English,"Mid-Term Exam",72,100,2025-09-22,2025-2026,"Sarah Jenkins","Languages & Humanities Department"
ACAD-SVIS-2025-056-COMP-MID,SVIS-2025-056,"Aadhya Rao",CBSE-6,A,"Computer Science","Mid-Term Exam",69,100,2025-09-22,2025-2026,"Vikram Patel","Secondary Section (Grades 9-10)"
ACAD-SVIS-2025-056-MATH-UNI,SVIS-2025-056,"Aadhya Rao",CBSE-6,A,Mathematics,"Unit Test 2",37.5,50,2025-12-15,2025-2026,"Arthur Pendelton","Middle School (Grades 6-8)"
ACAD-SVIS-2025-056-SCIE-UNI,SVIS-2025-056,"Aadhya Rao",CBSE-6,A,Science,"Unit Test 2",33.5,50,2025-12-15,2025-2026,"David Chen","Science & Mathematics Department"
ACAD-SVIS-2025-056-SOCI-UNI,SVIS-2025-056,"Aadhya Rao",CBSE-6,A,"Social Science","Unit Test 2",36.5,50,2025-12-15,2025-2026,"Arthur Pendelton","Middle School (Grades 6-8)"
ACAD-SVIS-2025-056-ENGL-UNI,SVIS-2025-056,"Aadhya Rao",CBSE-6,A,English,"Unit Test 2",34.5,50,2025-12-15,2025-2026,"Sarah Jenkins","Languages & Humanities Department"
ACAD-SVIS-2025-056-COMP-UNI,SVIS-2025-056,"Aadhya Rao",CBSE-6,A,"Computer Science","Unit Test 2",37.5,50,2025-12-15,2025-2026,"Vikram Patel","Secondary Section (Grades 9-10)"
ACAD-SVIS-2025-056-MATH-FIN,SVIS-2025-056,"Aadhya Rao",CBSE-6,A,Mathematics,"Final Exam",72,100,2026-03-24,2025-2026,"Arthur Pendelton","Middle School (Grades 6-8)"
ACAD-SVIS-2025-056-SCIE-FIN,SVIS-2025-056,"Aadhya Rao",CBSE-6,A,Science,"Final Exam",73,100,2026-03-24,2025-2026,"David Chen","Science & Mathematics Department"
ACAD-SVIS-2025-056-SOCI-FIN,SVIS-2025-056,"Aadhya Rao",CBSE-6,A,"Social Science","Final Exam",69,100,2026-03-24,2025-2026,"Arthur Pendelton","Middle School (Grades 6-8)"
ACAD-SVIS-2025-056-ENGL-FIN,SVIS-2025-056,"Aadhya Rao",CBSE-6,A,English,"Final Exam",69,100,2026-03-24,2025-2026,"Sarah Jenkins","Languages & Humanities Department"
ACAD-SVIS-2025-056-COMP-FIN,SVIS-2025-056,"Aadhya Rao",CBSE-6,A,"Computer Science","Final Exam",71,100,2026-03-24,2025-2026,"Vikram Patel","Secondary Section (Grades 9-10)"
ACAD-SVIS-2025-057-MATH-UNI,SVIS-2025-057,"Saanvi Chatterjee",CBSE-6,B,Mathematics,"Unit Test 1",39,50,2025-07-18,2025-2026,"Arthur Pendelton","Middle School (Grades 6-8)"
ACAD-SVIS-2025-057-SCIE-UNI,SVIS-2025-057,"Saanvi Chatterjee",CBSE-6,B,Science,"Unit Test 1",37,50,2025-07-18,2025-2026,"David Chen","Science & Mathematics Department"
ACAD-SVIS-2025-057-SOCI-UNI,SVIS-2025-057,"Saanvi Chatterjee",CBSE-6,B,"Social Science","Unit Test 1",38,50,2025-07-18,2025-2026,"Arthur Pendelton","Middle School (Grades 6-8)"
ACAD-SVIS-2025-057-ENGL-UNI,SVIS-2025-057,"Saanvi Chatterjee",CBSE-6,B,English,"Unit Test 1",37,50,2025-07-18,2025-2026,"Sarah Jenkins","Languages & Humanities Department"
ACAD-SVIS-2025-057-COMP-UNI,SVIS-2025-057,"Saanvi Chatterjee",CBSE-6,B,"Computer Science","Unit Test 1",36,50,2025-07-18,2025-2026,"Vikram Patel","Secondary Section (Grades 9-10)"
ACAD-SVIS-2025-057-MATH-MID,SVIS-2025-057,"Saanvi Chatterjee",CBSE-6,B,Mathematics,"Mid-Term Exam",71,100,2025-09-22,2025-2026,"Arthur Pendelton","Middle School (Grades 6-8)"
ACAD-SVIS-2025-057-SCIE-MID,SVIS-2025-057,"Saanvi Chatterjee",CBSE-6,B,Science,"Mid-Term Exam",72,100,2025-09-22,2025-2026,"David Chen","Science & Mathematics Department"
ACAD-SVIS-2025-057-SOCI-MID,SVIS-2025-057,"Saanvi Chatterjee",CBSE-6,B,"Social Science","Mid-Term Exam",72,100,2025-09-22,2025-2026,"Arthur Pendelton","Middle School (Grades 6-8)"
ACAD-SVIS-2025-057-ENGL-MID,SVIS-2025-057,"Saanvi Chatterjee",CBSE-6,B,English,"Mid-Term Exam",75,100,2025-09-22,2025-2026,"Sarah Jenkins","Languages & Humanities Department"
ACAD-SVIS-2025-057-COMP-MID,SVIS-2025-057,"Saanvi Chatterjee",CBSE-6,B,"Computer Science","Mid-Term Exam",75,100,2025-09-22,2025-2026,"Vikram Patel","Secondary Section (Grades 9-10)"
ACAD-SVIS-2025-057-MATH-UNI,SVIS-2025-057,"Saanvi Chatterjee",CBSE-6,B,Mathematics,"Unit Test 2",39,50,2025-12-15,2025-2026,"Arthur Pendelton","Middle School (Grades 6-8)"
ACAD-SVIS-2025-057-SCIE-UNI,SVIS-2025-057,"Saanvi Chatterjee",CBSE-6,B,Science,"Unit Test 2",37,50,2025-12-15,2025-2026,"David Chen","Science & Mathematics Department"
ACAD-SVIS-2025-057-SOCI-UNI,SVIS-2025-057,"Saanvi Chatterjee",CBSE-6,B,"Social Science","Unit Test 2",38,50,2025-12-15,2025-2026,"Arthur Pendelton","Middle School (Grades 6-8)"
ACAD-SVIS-2025-057-ENGL-UNI,SVIS-2025-057,"Saanvi Chatterjee",CBSE-6,B,English,"Unit Test 2",37,50,2025-12-15,2025-2026,"Sarah Jenkins","Languages & Humanities Department"
ACAD-SVIS-2025-057-COMP-UNI,SVIS-2025-057,"Saanvi Chatterjee",CBSE-6,B,"Computer Science","Unit Test 2",36,50,2025-12-15,2025-2026,"Vikram Patel","Secondary Section (Grades 9-10)"
ACAD-SVIS-2025-057-MATH-FIN,SVIS-2025-057,"Saanvi Chatterjee",CBSE-6,B,Mathematics,"Final Exam",69,100,2026-03-24,2025-2026,"Arthur Pendelton","Middle School (Grades 6-8)"
ACAD-SVIS-2025-057-SCIE-FIN,SVIS-2025-057,"Saanvi Chatterjee",CBSE-6,B,Science,"Final Exam",69,100,2026-03-24,2025-2026,"David Chen","Science & Mathematics Department"
ACAD-SVIS-2025-057-SOCI-FIN,SVIS-2025-057,"Saanvi Chatterjee",CBSE-6,B,"Social Science","Final Exam",73,100,2026-03-24,2025-2026,"Arthur Pendelton","Middle School (Grades 6-8)"
ACAD-SVIS-2025-057-ENGL-FIN,SVIS-2025-057,"Saanvi Chatterjee",CBSE-6,B,English,"Final Exam",71,100,2026-03-24,2025-2026,"Sarah Jenkins","Languages & Humanities Department"
ACAD-SVIS-2025-057-COMP-FIN,SVIS-2025-057,"Saanvi Chatterjee",CBSE-6,B,"Computer Science","Final Exam",70,100,2026-03-24,2025-2026,"Vikram Patel","Secondary Section (Grades 9-10)"
ACAD-SVIS-2025-058-MATH-UNI,SVIS-2025-058,"Ira Gupta",CBSE-6,A,Mathematics,"Unit Test 1",38.5,50,2025-07-18,2025-2026,"Arthur Pendelton","Middle School (Grades 6-8)"
ACAD-SVIS-2025-058-SCIE-UNI,SVIS-2025-058,"Ira Gupta",CBSE-6,A,Science,"Unit Test 1",36.5,50,2025-07-18,2025-2026,"David Chen","Science & Mathematics Department"
ACAD-SVIS-2025-058-SOCI-UNI,SVIS-2025-058,"Ira Gupta",CBSE-6,A,"Social Science","Unit Test 1",34.5,50,2025-07-18,2025-2026,"Arthur Pendelton","Middle School (Grades 6-8)"
ACAD-SVIS-2025-058-ENGL-UNI,SVIS-2025-058,"Ira Gupta",CBSE-6,A,English,"Unit Test 1",36.5,50,2025-07-18,2025-2026,"Sarah Jenkins","Languages & Humanities Department"
ACAD-SVIS-2025-058-COMP-UNI,SVIS-2025-058,"Ira Gupta",CBSE-6,A,"Computer Science","Unit Test 1",34.5,50,2025-07-18,2025-2026,"Vikram Patel","Secondary Section (Grades 9-10)"
ACAD-SVIS-2025-058-MATH-MID,SVIS-2025-058,"Ira Gupta",CBSE-6,A,Mathematics,"Mid-Term Exam",73,100,2025-09-22,2025-2026,"Arthur Pendelton","Middle School (Grades 6-8)"
ACAD-SVIS-2025-058-SCIE-MID,SVIS-2025-058,"Ira Gupta",CBSE-6,A,Science,"Mid-Term Exam",72,100,2025-09-22,2025-2026,"David Chen","Science & Mathematics Department"
ACAD-SVIS-2025-058-SOCI-MID,SVIS-2025-058,"Ira Gupta",CBSE-6,A,"Social Science","Mid-Term Exam",76,100,2025-09-22,2025-2026,"Arthur Pendelton","Middle School (Grades 6-8)"
ACAD-SVIS-2025-058-ENGL-MID,SVIS-2025-058,"Ira Gupta",CBSE-6,A,English,"Mid-Term Exam",71,100,2025-09-22,2025-2026,"Sarah Jenkins","Languages & Humanities Department"
ACAD-SVIS-2025-058-COMP-MID,SVIS-2025-058,"Ira Gupta",CBSE-6,A,"Computer Science","Mid-Term Exam",75,100,2025-09-22,2025-2026,"Vikram Patel","Secondary Section (Grades 9-10)"
ACAD-SVIS-2025-058-MATH-UNI,SVIS-2025-058,"Ira Gupta",CBSE-6,A,Mathematics,"Unit Test 2",38.5,50,2025-12-15,2025-2026,"Arthur Pendelton","Middle School (Grades 6-8)"
ACAD-SVIS-2025-058-SCIE-UNI,SVIS-2025-058,"Ira Gupta",CBSE-6,A,Science,"Unit Test 2",36.5,50,2025-12-15,2025-2026,"David Chen","Science & Mathematics Department"
ACAD-SVIS-2025-058-SOCI-UNI,SVIS-2025-058,"Ira Gupta",CBSE-6,A,"Social Science","Unit Test 2",34.5,50,2025-12-15,2025-2026,"Arthur Pendelton","Middle School (Grades 6-8)"
ACAD-SVIS-2025-058-ENGL-UNI,SVIS-2025-058,"Ira Gupta",CBSE-6,A,English,"Unit Test 2",36.5,50,2025-12-15,2025-2026,"Sarah Jenkins","Languages & Humanities Department"
ACAD-SVIS-2025-058-COMP-UNI,SVIS-2025-058,"Ira Gupta",CBSE-6,A,"Computer Science","Unit Test 2",34.5,50,2025-12-15,2025-2026,"Vikram Patel","Secondary Section (Grades 9-10)"
ACAD-SVIS-2025-058-MATH-FIN,SVIS-2025-058,"Ira Gupta",CBSE-6,A,Mathematics,"Final Exam",75,100,2026-03-24,2025-2026,"Arthur Pendelton","Middle School (Grades 6-8)"
ACAD-SVIS-2025-058-SCIE-FIN,SVIS-2025-058,"Ira Gupta",CBSE-6,A,Science,"Final Exam",75,100,2026-03-24,2025-2026,"David Chen","Science & Mathematics Department"
ACAD-SVIS-2025-058-SOCI-FIN,SVIS-2025-058,"Ira Gupta",CBSE-6,A,"Social Science","Final Exam",74,100,2026-03-24,2025-2026,"Arthur Pendelton","Middle School (Grades 6-8)"
ACAD-SVIS-2025-058-ENGL-FIN,SVIS-2025-058,"Ira Gupta",CBSE-6,A,English,"Final Exam",76,100,2026-03-24,2025-2026,"Sarah Jenkins","Languages & Humanities Department"
ACAD-SVIS-2025-058-COMP-FIN,SVIS-2025-058,"Ira Gupta",CBSE-6,A,"Computer Science","Final Exam",75,100,2026-03-24,2025-2026,"Vikram Patel","Secondary Section (Grades 9-10)"
ACAD-SVIS-2025-059-MATH-UNI,SVIS-2025-059,"Kavya Choudhury",CBSE-6,B,Mathematics,"Unit Test 1",37,50,2025-07-18,2025-2026,"Arthur Pendelton","Middle School (Grades 6-8)"
ACAD-SVIS-2025-059-SCIE-UNI,SVIS-2025-059,"Kavya Choudhury",CBSE-6,B,Science,"Unit Test 1",40,50,2025-07-18,2025-2026,"David Chen","Science & Mathematics Department"
ACAD-SVIS-2025-059-SOCI-UNI,SVIS-2025-059,"Kavya Choudhury",CBSE-6,B,"Social Science","Unit Test 1",35,50,2025-07-18,2025-2026,"Arthur Pendelton","Middle School (Grades 6-8)"
ACAD-SVIS-2025-059-ENGL-UNI,SVIS-2025-059,"Kavya Choudhury",CBSE-6,B,English,"Unit Test 1",40,50,2025-07-18,2025-2026,"Sarah Jenkins","Languages & Humanities Department"
ACAD-SVIS-2025-059-COMP-UNI,SVIS-2025-059,"Kavya Choudhury",CBSE-6,B,"Computer Science","Unit Test 1",39,50,2025-07-18,2025-2026,"Vikram Patel","Secondary Section (Grades 9-10)"
ACAD-SVIS-2025-059-MATH-MID,SVIS-2025-059,"Kavya Choudhury",CBSE-6,B,Mathematics,"Mid-Term Exam",77,100,2025-09-22,2025-2026,"Arthur Pendelton","Middle School (Grades 6-8)"
ACAD-SVIS-2025-059-SCIE-MID,SVIS-2025-059,"Kavya Choudhury",CBSE-6,B,Science,"Mid-Term Exam",74,100,2025-09-22,2025-2026,"David Chen","Science & Mathematics Department"
ACAD-SVIS-2025-059-SOCI-MID,SVIS-2025-059,"Kavya Choudhury",CBSE-6,B,"Social Science","Mid-Term Exam",76,100,2025-09-22,2025-2026,"Arthur Pendelton","Middle School (Grades 6-8)"
ACAD-SVIS-2025-059-ENGL-MID,SVIS-2025-059,"Kavya Choudhury",CBSE-6,B,English,"Mid-Term Exam",71,100,2025-09-22,2025-2026,"Sarah Jenkins","Languages & Humanities Department"
ACAD-SVIS-2025-059-COMP-MID,SVIS-2025-059,"Kavya Choudhury",CBSE-6,B,"Computer Science","Mid-Term Exam",76,100,2025-09-22,2025-2026,"Vikram Patel","Secondary Section (Grades 9-10)"
ACAD-SVIS-2025-059-MATH-UNI,SVIS-2025-059,"Kavya Choudhury",CBSE-6,B,Mathematics,"Unit Test 2",37,50,2025-12-15,2025-2026,"Arthur Pendelton","Middle School (Grades 6-8)"
ACAD-SVIS-2025-059-SCIE-UNI,SVIS-2025-059,"Kavya Choudhury",CBSE-6,B,Science,"Unit Test 2",40,50,2025-12-15,2025-2026,"David Chen","Science & Mathematics Department"
ACAD-SVIS-2025-059-SOCI-UNI,SVIS-2025-059,"Kavya Choudhury",CBSE-6,B,"Social Science","Unit Test 2",35,50,2025-12-15,2025-2026,"Arthur Pendelton","Middle School (Grades 6-8)"
ACAD-SVIS-2025-059-ENGL-UNI,SVIS-2025-059,"Kavya Choudhury",CBSE-6,B,English,"Unit Test 2",40,50,2025-12-15,2025-2026,"Sarah Jenkins","Languages & Humanities Department"
ACAD-SVIS-2025-059-COMP-UNI,SVIS-2025-059,"Kavya Choudhury",CBSE-6,B,"Computer Science","Unit Test 2",39,50,2025-12-15,2025-2026,"Vikram Patel","Secondary Section (Grades 9-10)"
ACAD-SVIS-2025-059-MATH-FIN,SVIS-2025-059,"Kavya Choudhury",CBSE-6,B,Mathematics,"Final Exam",74,100,2026-03-24,2025-2026,"Arthur Pendelton","Middle School (Grades 6-8)"
ACAD-SVIS-2025-059-SCIE-FIN,SVIS-2025-059,"Kavya Choudhury",CBSE-6,B,Science,"Final Exam",75,100,2026-03-24,2025-2026,"David Chen","Science & Mathematics Department"
ACAD-SVIS-2025-059-SOCI-FIN,SVIS-2025-059,"Kavya Choudhury",CBSE-6,B,"Social Science","Final Exam",71,100,2026-03-24,2025-2026,"Arthur Pendelton","Middle School (Grades 6-8)"
ACAD-SVIS-2025-059-ENGL-FIN,SVIS-2025-059,"Kavya Choudhury",CBSE-6,B,English,"Final Exam",71,100,2026-03-24,2025-2026,"Sarah Jenkins","Languages & Humanities Department"
ACAD-SVIS-2025-059-COMP-FIN,SVIS-2025-059,"Kavya Choudhury",CBSE-6,B,"Computer Science","Final Exam",76,100,2026-03-24,2025-2026,"Vikram Patel","Secondary Section (Grades 9-10)"
ACAD-SVIS-2025-060-MATH-UNI,SVIS-2025-060,"Aarav Sharma",CBSE-6,A,Mathematics,"Unit Test 1",38.5,50,2025-07-18,2025-2026,"Arthur Pendelton","Middle School (Grades 6-8)"
ACAD-SVIS-2025-060-SCIE-UNI,SVIS-2025-060,"Aarav Sharma",CBSE-6,A,Science,"Unit Test 1",39.5,50,2025-07-18,2025-2026,"David Chen","Science & Mathematics Department"
ACAD-SVIS-2025-060-SOCI-UNI,SVIS-2025-060,"Aarav Sharma",CBSE-6,A,"Social Science","Unit Test 1",38.5,50,2025-07-18,2025-2026,"Arthur Pendelton","Middle School (Grades 6-8)"
ACAD-SVIS-2025-060-ENGL-UNI,SVIS-2025-060,"Aarav Sharma",CBSE-6,A,English,"Unit Test 1",38.5,50,2025-07-18,2025-2026,"Sarah Jenkins","Languages & Humanities Department"
ACAD-SVIS-2025-060-COMP-UNI,SVIS-2025-060,"Aarav Sharma",CBSE-6,A,"Computer Science","Unit Test 1",39.5,50,2025-07-18,2025-2026,"Vikram Patel","Secondary Section (Grades 9-10)"
ACAD-SVIS-2025-060-MATH-MID,SVIS-2025-060,"Aarav Sharma",CBSE-6,A,Mathematics,"Mid-Term Exam",72,100,2025-09-22,2025-2026,"Arthur Pendelton","Middle School (Grades 6-8)"
ACAD-SVIS-2025-060-SCIE-MID,SVIS-2025-060,"Aarav Sharma",CBSE-6,A,Science,"Mid-Term Exam",72,100,2025-09-22,2025-2026,"David Chen","Science & Mathematics Department"
ACAD-SVIS-2025-060-SOCI-MID,SVIS-2025-060,"Aarav Sharma",CBSE-6,A,"Social Science","Mid-Term Exam",78,100,2025-09-22,2025-2026,"Arthur Pendelton","Middle School (Grades 6-8)"
ACAD-SVIS-2025-060-ENGL-MID,SVIS-2025-060,"Aarav Sharma",CBSE-6,A,English,"Mid-Term Exam",76,100,2025-09-22,2025-2026,"Sarah Jenkins","Languages & Humanities Department"
ACAD-SVIS-2025-060-COMP-MID,SVIS-2025-060,"Aarav Sharma",CBSE-6,A,"Computer Science","Mid-Term Exam",73,100,2025-09-22,2025-2026,"Vikram Patel","Secondary Section (Grades 9-10)"
ACAD-SVIS-2025-060-MATH-UNI,SVIS-2025-060,"Aarav Sharma",CBSE-6,A,Mathematics,"Unit Test 2",38.5,50,2025-12-15,2025-2026,"Arthur Pendelton","Middle School (Grades 6-8)"
ACAD-SVIS-2025-060-SCIE-UNI,SVIS-2025-060,"Aarav Sharma",CBSE-6,A,Science,"Unit Test 2",39.5,50,2025-12-15,2025-2026,"David Chen","Science & Mathematics Department"
ACAD-SVIS-2025-060-SOCI-UNI,SVIS-2025-060,"Aarav Sharma",CBSE-6,A,"Social Science","Unit Test 2",38.5,50,2025-12-15,2025-2026,"Arthur Pendelton","Middle School (Grades 6-8)"
ACAD-SVIS-2025-060-ENGL-UNI,SVIS-2025-060,"Aarav Sharma",CBSE-6,A,English,"Unit Test 2",38.5,50,2025-12-15,2025-2026,"Sarah Jenkins","Languages & Humanities Department"
ACAD-SVIS-2025-060-COMP-UNI,SVIS-2025-060,"Aarav Sharma",CBSE-6,A,"Computer Science","Unit Test 2",39.5,50,2025-12-15,2025-2026,"Vikram Patel","Secondary Section (Grades 9-10)"
ACAD-SVIS-2025-060-MATH-FIN,SVIS-2025-060,"Aarav Sharma",CBSE-6,A,Mathematics,"Final Exam",73,100,2026-03-24,2025-2026,"Arthur Pendelton","Middle School (Grades 6-8)"
ACAD-SVIS-2025-060-SCIE-FIN,SVIS-2025-060,"Aarav Sharma",CBSE-6,A,Science,"Final Exam",77,100,2026-03-24,2025-2026,"David Chen","Science & Mathematics Department"
ACAD-SVIS-2025-060-SOCI-FIN,SVIS-2025-060,"Aarav Sharma",CBSE-6,A,"Social Science","Final Exam",77,100,2026-03-24,2025-2026,"Arthur Pendelton","Middle School (Grades 6-8)"
ACAD-SVIS-2025-060-ENGL-FIN,SVIS-2025-060,"Aarav Sharma",CBSE-6,A,English,"Final Exam",76,100,2026-03-24,2025-2026,"Sarah Jenkins","Languages & Humanities Department"
ACAD-SVIS-2025-060-COMP-FIN,SVIS-2025-060,"Aarav Sharma",CBSE-6,A,"Computer Science","Final Exam",72,100,2026-03-24,2025-2026,"Vikram Patel","Secondary Section (Grades 9-10)"
ACAD-SVIS-2025-061-MATH-UNI,SVIS-2025-061,"Vihaan Singh",CBSE-7,A,Mathematics,"Unit Test 1",37,50,2025-07-18,2025-2026,"Arthur Pendelton","Middle School (Grades 6-8)"
ACAD-SVIS-2025-061-SCIE-UNI,SVIS-2025-061,"Vihaan Singh",CBSE-7,A,Science,"Unit Test 1",38,50,2025-07-18,2025-2026,"David Chen","Science & Mathematics Department"
ACAD-SVIS-2025-061-SOCI-UNI,SVIS-2025-061,"Vihaan Singh",CBSE-7,A,"Social Science","Unit Test 1",41,50,2025-07-18,2025-2026,"Arthur Pendelton","Middle School (Grades 6-8)"
ACAD-SVIS-2025-061-ENGL-UNI,SVIS-2025-061,"Vihaan Singh",CBSE-7,A,English,"Unit Test 1",41,50,2025-07-18,2025-2026,"Sarah Jenkins","Languages & Humanities Department"
ACAD-SVIS-2025-061-COMP-UNI,SVIS-2025-061,"Vihaan Singh",CBSE-7,A,"Computer Science","Unit Test 1",40,50,2025-07-18,2025-2026,"Vikram Patel","Secondary Section (Grades 9-10)"
ACAD-SVIS-2025-061-MATH-MID,SVIS-2025-061,"Vihaan Singh",CBSE-7,A,Mathematics,"Mid-Term Exam",74,100,2025-09-22,2025-2026,"Arthur Pendelton","Middle School (Grades 6-8)"
ACAD-SVIS-2025-061-SCIE-MID,SVIS-2025-061,"Vihaan Singh",CBSE-7,A,Science,"Mid-Term Exam",74,100,2025-09-22,2025-2026,"David Chen","Science & Mathematics Department"
ACAD-SVIS-2025-061-SOCI-MID,SVIS-2025-061,"Vihaan Singh",CBSE-7,A,"Social Science","Mid-Term Exam",78,100,2025-09-22,2025-2026,"Arthur Pendelton","Middle School (Grades 6-8)"
ACAD-SVIS-2025-061-ENGL-MID,SVIS-2025-061,"Vihaan Singh",CBSE-7,A,English,"Mid-Term Exam",77,100,2025-09-22,2025-2026,"Sarah Jenkins","Languages & Humanities Department"
ACAD-SVIS-2025-061-COMP-MID,SVIS-2025-061,"Vihaan Singh",CBSE-7,A,"Computer Science","Mid-Term Exam",74,100,2025-09-22,2025-2026,"Vikram Patel","Secondary Section (Grades 9-10)"
ACAD-SVIS-2025-061-MATH-UNI,SVIS-2025-061,"Vihaan Singh",CBSE-7,A,Mathematics,"Unit Test 2",37,50,2025-12-15,2025-2026,"Arthur Pendelton","Middle School (Grades 6-8)"
ACAD-SVIS-2025-061-SCIE-UNI,SVIS-2025-061,"Vihaan Singh",CBSE-7,A,Science,"Unit Test 2",38,50,2025-12-15,2025-2026,"David Chen","Science & Mathematics Department"
ACAD-SVIS-2025-061-SOCI-UNI,SVIS-2025-061,"Vihaan Singh",CBSE-7,A,"Social Science","Unit Test 2",41,50,2025-12-15,2025-2026,"Arthur Pendelton","Middle School (Grades 6-8)"
ACAD-SVIS-2025-061-ENGL-UNI,SVIS-2025-061,"Vihaan Singh",CBSE-7,A,English,"Unit Test 2",41,50,2025-12-15,2025-2026,"Sarah Jenkins","Languages & Humanities Department"
ACAD-SVIS-2025-061-COMP-UNI,SVIS-2025-061,"Vihaan Singh",CBSE-7,A,"Computer Science","Unit Test 2",40,50,2025-12-15,2025-2026,"Vikram Patel","Secondary Section (Grades 9-10)"
ACAD-SVIS-2025-061-MATH-FIN,SVIS-2025-061,"Vihaan Singh",CBSE-7,A,Mathematics,"Final Exam",74,100,2026-03-24,2025-2026,"Arthur Pendelton","Middle School (Grades 6-8)"
ACAD-SVIS-2025-061-SCIE-FIN,SVIS-2025-061,"Vihaan Singh",CBSE-7,A,Science,"Final Exam",79,100,2026-03-24,2025-2026,"David Chen","Science & Mathematics Department"
ACAD-SVIS-2025-061-SOCI-FIN,SVIS-2025-061,"Vihaan Singh",CBSE-7,A,"Social Science","Final Exam",79,100,2026-03-24,2025-2026,"Arthur Pendelton","Middle School (Grades 6-8)"
ACAD-SVIS-2025-061-ENGL-FIN,SVIS-2025-061,"Vihaan Singh",CBSE-7,A,English,"Final Exam",79,100,2026-03-24,2025-2026,"Sarah Jenkins","Languages & Humanities Department"
ACAD-SVIS-2025-061-COMP-FIN,SVIS-2025-061,"Vihaan Singh",CBSE-7,A,"Computer Science","Final Exam",75,100,2026-03-24,2025-2026,"Vikram Patel","Secondary Section (Grades 9-10)"
ACAD-SVIS-2025-062-MATH-UNI,SVIS-2025-062,"Reyansh Mehta",CBSE-7,B,Mathematics,"Unit Test 1",37.5,50,2025-07-18,2025-2026,"Arthur Pendelton","Middle School (Grades 6-8)"
ACAD-SVIS-2025-062-SCIE-UNI,SVIS-2025-062,"Reyansh Mehta",CBSE-7,B,Science,"Unit Test 1",41.5,50,2025-07-18,2025-2026,"David Chen","Science & Mathematics Department"
ACAD-SVIS-2025-062-SOCI-UNI,SVIS-2025-062,"Reyansh Mehta",CBSE-7,B,"Social Science","Unit Test 1",35.5,50,2025-07-18,2025-2026,"Arthur Pendelton","Middle School (Grades 6-8)"
ACAD-SVIS-2025-062-ENGL-UNI,SVIS-2025-062,"Reyansh Mehta",CBSE-7,B,English,"Unit Test 1",38.5,50,2025-07-18,2025-2026,"Sarah Jenkins","Languages & Humanities Department"
ACAD-SVIS-2025-062-COMP-UNI,SVIS-2025-062,"Reyansh Mehta",CBSE-7,B,"Computer Science","Unit Test 1",35.5,50,2025-07-18,2025-2026,"Vikram Patel","Secondary Section (Grades 9-10)"
ACAD-SVIS-2025-062-MATH-MID,SVIS-2025-062,"Reyansh Mehta",CBSE-7,B,Mathematics,"Mid-Term Exam",78,100,2025-09-22,2025-2026,"Arthur Pendelton","Middle School (Grades 6-8)"
ACAD-SVIS-2025-062-SCIE-MID,SVIS-2025-062,"Reyansh Mehta",CBSE-7,B,Science,"Mid-Term Exam",76,100,2025-09-22,2025-2026,"David Chen","Science & Mathematics Department"
ACAD-SVIS-2025-062-SOCI-MID,SVIS-2025-062,"Reyansh Mehta",CBSE-7,B,"Social Science","Mid-Term Exam",80,100,2025-09-22,2025-2026,"Arthur Pendelton","Middle School (Grades 6-8)"
ACAD-SVIS-2025-062-ENGL-MID,SVIS-2025-062,"Reyansh Mehta",CBSE-7,B,English,"Mid-Term Exam",75,100,2025-09-22,2025-2026,"Sarah Jenkins","Languages & Humanities Department"
ACAD-SVIS-2025-062-COMP-MID,SVIS-2025-062,"Reyansh Mehta",CBSE-7,B,"Computer Science","Mid-Term Exam",76,100,2025-09-22,2025-2026,"Vikram Patel","Secondary Section (Grades 9-10)"
ACAD-SVIS-2025-062-MATH-UNI,SVIS-2025-062,"Reyansh Mehta",CBSE-7,B,Mathematics,"Unit Test 2",37.5,50,2025-12-15,2025-2026,"Arthur Pendelton","Middle School (Grades 6-8)"
ACAD-SVIS-2025-062-SCIE-UNI,SVIS-2025-062,"Reyansh Mehta",CBSE-7,B,Science,"Unit Test 2",41.5,50,2025-12-15,2025-2026,"David Chen","Science & Mathematics Department"
ACAD-SVIS-2025-062-SOCI-UNI,SVIS-2025-062,"Reyansh Mehta",CBSE-7,B,"Social Science","Unit Test 2",35.5,50,2025-12-15,2025-2026,"Arthur Pendelton","Middle School (Grades 6-8)"
ACAD-SVIS-2025-062-ENGL-UNI,SVIS-2025-062,"Reyansh Mehta",CBSE-7,B,English,"Unit Test 2",38.5,50,2025-12-15,2025-2026,"Sarah Jenkins","Languages & Humanities Department"
ACAD-SVIS-2025-062-COMP-UNI,SVIS-2025-062,"Reyansh Mehta",CBSE-7,B,"Computer Science","Unit Test 2",35.5,50,2025-12-15,2025-2026,"Vikram Patel","Secondary Section (Grades 9-10)"
ACAD-SVIS-2025-062-MATH-FIN,SVIS-2025-062,"Reyansh Mehta",CBSE-7,B,Mathematics,"Final Exam",80,100,2026-03-24,2025-2026,"Arthur Pendelton","Middle School (Grades 6-8)"
ACAD-SVIS-2025-062-SCIE-FIN,SVIS-2025-062,"Reyansh Mehta",CBSE-7,B,Science,"Final Exam",80,100,2026-03-24,2025-2026,"David Chen","Science & Mathematics Department"
ACAD-SVIS-2025-062-SOCI-FIN,SVIS-2025-062,"Reyansh Mehta",CBSE-7,B,"Social Science","Final Exam",79,100,2026-03-24,2025-2026,"Arthur Pendelton","Middle School (Grades 6-8)"
ACAD-SVIS-2025-062-ENGL-FIN,SVIS-2025-062,"Reyansh Mehta",CBSE-7,B,English,"Final Exam",79,100,2026-03-24,2025-2026,"Sarah Jenkins","Languages & Humanities Department"
ACAD-SVIS-2025-062-COMP-FIN,SVIS-2025-062,"Reyansh Mehta",CBSE-7,B,"Computer Science","Final Exam",76,100,2026-03-24,2025-2026,"Vikram Patel","Secondary Section (Grades 9-10)"
ACAD-SVIS-2025-063-MATH-UNI,SVIS-2025-063,"Ishaan Verma",CBSE-7,A,Mathematics,"Unit Test 1",37,50,2025-07-18,2025-2026,"Arthur Pendelton","Middle School (Grades 6-8)"
ACAD-SVIS-2025-063-SCIE-UNI,SVIS-2025-063,"Ishaan Verma",CBSE-7,A,Science,"Unit Test 1",40,50,2025-07-18,2025-2026,"David Chen","Science & Mathematics Department"
ACAD-SVIS-2025-063-SOCI-UNI,SVIS-2025-063,"Ishaan Verma",CBSE-7,A,"Social Science","Unit Test 1",42,50,2025-07-18,2025-2026,"Arthur Pendelton","Middle School (Grades 6-8)"
ACAD-SVIS-2025-063-ENGL-UNI,SVIS-2025-063,"Ishaan Verma",CBSE-7,A,English,"Unit Test 1",37,50,2025-07-18,2025-2026,"Sarah Jenkins","Languages & Humanities Department"
ACAD-SVIS-2025-063-COMP-UNI,SVIS-2025-063,"Ishaan Verma",CBSE-7,A,"Computer Science","Unit Test 1",37,50,2025-07-18,2025-2026,"Vikram Patel","Secondary Section (Grades 9-10)"
ACAD-SVIS-2025-063-MATH-MID,SVIS-2025-063,"Ishaan Verma",CBSE-7,A,Mathematics,"Mid-Term Exam",78,100,2025-09-22,2025-2026,"Arthur Pendelton","Middle School (Grades 6-8)"
ACAD-SVIS-2025-063-SCIE-MID,SVIS-2025-063,"Ishaan Verma",CBSE-7,A,Science,"Mid-Term Exam",77,100,2025-09-22,2025-2026,"David Chen","Science & Mathematics Department"
ACAD-SVIS-2025-063-SOCI-MID,SVIS-2025-063,"Ishaan Verma",CBSE-7,A,"Social Science","Mid-Term Exam",75,100,2025-09-22,2025-2026,"Arthur Pendelton","Middle School (Grades 6-8)"
ACAD-SVIS-2025-063-ENGL-MID,SVIS-2025-063,"Ishaan Verma",CBSE-7,A,English,"Mid-Term Exam",81,100,2025-09-22,2025-2026,"Sarah Jenkins","Languages & Humanities Department"
ACAD-SVIS-2025-063-COMP-MID,SVIS-2025-063,"Ishaan Verma",CBSE-7,A,"Computer Science","Mid-Term Exam",81,100,2025-09-22,2025-2026,"Vikram Patel","Secondary Section (Grades 9-10)"
ACAD-SVIS-2025-063-MATH-UNI,SVIS-2025-063,"Ishaan Verma",CBSE-7,A,Mathematics,"Unit Test 2",37,50,2025-12-15,2025-2026,"Arthur Pendelton","Middle School (Grades 6-8)"
ACAD-SVIS-2025-063-SCIE-UNI,SVIS-2025-063,"Ishaan Verma",CBSE-7,A,Science,"Unit Test 2",40,50,2025-12-15,2025-2026,"David Chen","Science & Mathematics Department"
ACAD-SVIS-2025-063-SOCI-UNI,SVIS-2025-063,"Ishaan Verma",CBSE-7,A,"Social Science","Unit Test 2",42,50,2025-12-15,2025-2026,"Arthur Pendelton","Middle School (Grades 6-8)"
ACAD-SVIS-2025-063-ENGL-UNI,SVIS-2025-063,"Ishaan Verma",CBSE-7,A,English,"Unit Test 2",37,50,2025-12-15,2025-2026,"Sarah Jenkins","Languages & Humanities Department"
ACAD-SVIS-2025-063-COMP-UNI,SVIS-2025-063,"Ishaan Verma",CBSE-7,A,"Computer Science","Unit Test 2",37,50,2025-12-15,2025-2026,"Vikram Patel","Secondary Section (Grades 9-10)"
ACAD-SVIS-2025-063-MATH-FIN,SVIS-2025-063,"Ishaan Verma",CBSE-7,A,Mathematics,"Final Exam",80,100,2026-03-24,2025-2026,"Arthur Pendelton","Middle School (Grades 6-8)"
ACAD-SVIS-2025-063-SCIE-FIN,SVIS-2025-063,"Ishaan Verma",CBSE-7,A,Science,"Final Exam",79,100,2026-03-24,2025-2026,"David Chen","Science & Mathematics Department"
ACAD-SVIS-2025-063-SOCI-FIN,SVIS-2025-063,"Ishaan Verma",CBSE-7,A,"Social Science","Final Exam",80,100,2026-03-24,2025-2026,"Arthur Pendelton","Middle School (Grades 6-8)"
ACAD-SVIS-2025-063-ENGL-FIN,SVIS-2025-063,"Ishaan Verma",CBSE-7,A,English,"Final Exam",76,100,2026-03-24,2025-2026,"Sarah Jenkins","Languages & Humanities Department"
ACAD-SVIS-2025-063-COMP-FIN,SVIS-2025-063,"Ishaan Verma",CBSE-7,A,"Computer Science","Final Exam",78,100,2026-03-24,2025-2026,"Vikram Patel","Secondary Section (Grades 9-10)"
ACAD-SVIS-2025-064-MATH-UNI,SVIS-2025-064,"Advik Deshmukh",CBSE-7,B,Mathematics,"Unit Test 1",42.5,50,2025-07-18,2025-2026,"Arthur Pendelton","Middle School (Grades 6-8)"
ACAD-SVIS-2025-064-SCIE-UNI,SVIS-2025-064,"Advik Deshmukh",CBSE-7,B,Science,"Unit Test 1",38.5,50,2025-07-18,2025-2026,"David Chen","Science & Mathematics Department"
ACAD-SVIS-2025-064-SOCI-UNI,SVIS-2025-064,"Advik Deshmukh",CBSE-7,B,"Social Science","Unit Test 1",37.5,50,2025-07-18,2025-2026,"Arthur Pendelton","Middle School (Grades 6-8)"
ACAD-SVIS-2025-064-ENGL-UNI,SVIS-2025-064,"Advik Deshmukh",CBSE-7,B,English,"Unit Test 1",42.5,50,2025-07-18,2025-2026,"Sarah Jenkins","Languages & Humanities Department"
ACAD-SVIS-2025-064-COMP-UNI,SVIS-2025-064,"Advik Deshmukh",CBSE-7,B,"Computer Science","Unit Test 1",41.5,50,2025-07-18,2025-2026,"Vikram Patel","Secondary Section (Grades 9-10)"
ACAD-SVIS-2025-064-MATH-MID,SVIS-2025-064,"Advik Deshmukh",CBSE-7,B,Mathematics,"Mid-Term Exam",79,100,2025-09-22,2025-2026,"Arthur Pendelton","Middle School (Grades 6-8)"
ACAD-SVIS-2025-064-SCIE-MID,SVIS-2025-064,"Advik Deshmukh",CBSE-7,B,Science,"Mid-Term Exam",76,100,2025-09-22,2025-2026,"David Chen","Science & Mathematics Department"
ACAD-SVIS-2025-064-SOCI-MID,SVIS-2025-064,"Advik Deshmukh",CBSE-7,B,"Social Science","Mid-Term Exam",81,100,2025-09-22,2025-2026,"Arthur Pendelton","Middle School (Grades 6-8)"
ACAD-SVIS-2025-064-ENGL-MID,SVIS-2025-064,"Advik Deshmukh",CBSE-7,B,English,"Mid-Term Exam",79,100,2025-09-22,2025-2026,"Sarah Jenkins","Languages & Humanities Department"
ACAD-SVIS-2025-064-COMP-MID,SVIS-2025-064,"Advik Deshmukh",CBSE-7,B,"Computer Science","Mid-Term Exam",77,100,2025-09-22,2025-2026,"Vikram Patel","Secondary Section (Grades 9-10)"
ACAD-SVIS-2025-064-MATH-UNI,SVIS-2025-064,"Advik Deshmukh",CBSE-7,B,Mathematics,"Unit Test 2",42.5,50,2025-12-15,2025-2026,"Arthur Pendelton","Middle School (Grades 6-8)"
ACAD-SVIS-2025-064-SCIE-UNI,SVIS-2025-064,"Advik Deshmukh",CBSE-7,B,Science,"Unit Test 2",38.5,50,2025-12-15,2025-2026,"David Chen","Science & Mathematics Department"
ACAD-SVIS-2025-064-SOCI-UNI,SVIS-2025-064,"Advik Deshmukh",CBSE-7,B,"Social Science","Unit Test 2",37.5,50,2025-12-15,2025-2026,"Arthur Pendelton","Middle School (Grades 6-8)"
ACAD-SVIS-2025-064-ENGL-UNI,SVIS-2025-064,"Advik Deshmukh",CBSE-7,B,English,"Unit Test 2",42.5,50,2025-12-15,2025-2026,"Sarah Jenkins","Languages & Humanities Department"
ACAD-SVIS-2025-064-COMP-UNI,SVIS-2025-064,"Advik Deshmukh",CBSE-7,B,"Computer Science","Unit Test 2",41.5,50,2025-12-15,2025-2026,"Vikram Patel","Secondary Section (Grades 9-10)"
ACAD-SVIS-2025-064-MATH-FIN,SVIS-2025-064,"Advik Deshmukh",CBSE-7,B,Mathematics,"Final Exam",81,100,2026-03-24,2025-2026,"Arthur Pendelton","Middle School (Grades 6-8)"
ACAD-SVIS-2025-064-SCIE-FIN,SVIS-2025-064,"Advik Deshmukh",CBSE-7,B,Science,"Final Exam",81,100,2026-03-24,2025-2026,"David Chen","Science & Mathematics Department"
ACAD-SVIS-2025-064-SOCI-FIN,SVIS-2025-064,"Advik Deshmukh",CBSE-7,B,"Social Science","Final Exam",78,100,2026-03-24,2025-2026,"Arthur Pendelton","Middle School (Grades 6-8)"
ACAD-SVIS-2025-064-ENGL-FIN,SVIS-2025-064,"Advik Deshmukh",CBSE-7,B,English,"Final Exam",81,100,2026-03-24,2025-2026,"Sarah Jenkins","Languages & Humanities Department"
ACAD-SVIS-2025-064-COMP-FIN,SVIS-2025-064,"Advik Deshmukh",CBSE-7,B,"Computer Science","Final Exam",79,100,2026-03-24,2025-2026,"Vikram Patel","Secondary Section (Grades 9-10)"
ACAD-SVIS-2025-065-MATH-UNI,SVIS-2025-065,"Ananya Shah",CBSE-7,A,Mathematics,"Unit Test 1",38,50,2025-07-18,2025-2026,"Arthur Pendelton","Middle School (Grades 6-8)"
ACAD-SVIS-2025-065-SCIE-UNI,SVIS-2025-065,"Ananya Shah",CBSE-7,A,Science,"Unit Test 1",40,50,2025-07-18,2025-2026,"David Chen","Science & Mathematics Department"
ACAD-SVIS-2025-065-SOCI-UNI,SVIS-2025-065,"Ananya Shah",CBSE-7,A,"Social Science","Unit Test 1",42,50,2025-07-18,2025-2026,"Arthur Pendelton","Middle School (Grades 6-8)"
ACAD-SVIS-2025-065-ENGL-UNI,SVIS-2025-065,"Ananya Shah",CBSE-7,A,English,"Unit Test 1",43,50,2025-07-18,2025-2026,"Sarah Jenkins","Languages & Humanities Department"
ACAD-SVIS-2025-065-COMP-UNI,SVIS-2025-065,"Ananya Shah",CBSE-7,A,"Computer Science","Unit Test 1",40,50,2025-07-18,2025-2026,"Vikram Patel","Secondary Section (Grades 9-10)"
ACAD-SVIS-2025-065-MATH-MID,SVIS-2025-065,"Ananya Shah",CBSE-7,A,Mathematics,"Mid-Term Exam",77,100,2025-09-22,2025-2026,"Arthur Pendelton","Middle School (Grades 6-8)"
ACAD-SVIS-2025-065-SCIE-MID,SVIS-2025-065,"Ananya Shah",CBSE-7,A,Science,"Mid-Term Exam",83,100,2025-09-22,2025-2026,"David Chen","Science & Mathematics Department"
ACAD-SVIS-2025-065-SOCI-MID,SVIS-2025-065,"Ananya Shah",CBSE-7,A,"Social Science","Mid-Term Exam",78,100,2025-09-22,2025-2026,"Arthur Pendelton","Middle School (Grades 6-8)"
ACAD-SVIS-2025-065-ENGL-MID,SVIS-2025-065,"Ananya Shah",CBSE-7,A,English,"Mid-Term Exam",83,100,2025-09-22,2025-2026,"Sarah Jenkins","Languages & Humanities Department"
ACAD-SVIS-2025-065-COMP-MID,SVIS-2025-065,"Ananya Shah",CBSE-7,A,"Computer Science","Mid-Term Exam",77,100,2025-09-22,2025-2026,"Vikram Patel","Secondary Section (Grades 9-10)"
ACAD-SVIS-2025-065-MATH-UNI,SVIS-2025-065,"Ananya Shah",CBSE-7,A,Mathematics,"Unit Test 2",38,50,2025-12-15,2025-2026,"Arthur Pendelton","Middle School (Grades 6-8)"
ACAD-SVIS-2025-065-SCIE-UNI,SVIS-2025-065,"Ananya Shah",CBSE-7,A,Science,"Unit Test 2",40,50,2025-12-15,2025-2026,"David Chen","Science & Mathematics Department"
ACAD-SVIS-2025-065-SOCI-UNI,SVIS-2025-065,"Ananya Shah",CBSE-7,A,"Social Science","Unit Test 2",42,50,2025-12-15,2025-2026,"Arthur Pendelton","Middle School (Grades 6-8)"
ACAD-SVIS-2025-065-ENGL-UNI,SVIS-2025-065,"Ananya Shah",CBSE-7,A,English,"Unit Test 2",43,50,2025-12-15,2025-2026,"Sarah Jenkins","Languages & Humanities Department"
ACAD-SVIS-2025-065-COMP-UNI,SVIS-2025-065,"Ananya Shah",CBSE-7,A,"Computer Science","Unit Test 2",40,50,2025-12-15,2025-2026,"Vikram Patel","Secondary Section (Grades 9-10)"
ACAD-SVIS-2025-065-MATH-FIN,SVIS-2025-065,"Ananya Shah",CBSE-7,A,Mathematics,"Final Exam",80,100,2026-03-24,2025-2026,"Arthur Pendelton","Middle School (Grades 6-8)"
ACAD-SVIS-2025-065-SCIE-FIN,SVIS-2025-065,"Ananya Shah",CBSE-7,A,Science,"Final Exam",77,100,2026-03-24,2025-2026,"David Chen","Science & Mathematics Department"
ACAD-SVIS-2025-065-SOCI-FIN,SVIS-2025-065,"Ananya Shah",CBSE-7,A,"Social Science","Final Exam",77,100,2026-03-24,2025-2026,"Arthur Pendelton","Middle School (Grades 6-8)"
ACAD-SVIS-2025-065-ENGL-FIN,SVIS-2025-065,"Ananya Shah",CBSE-7,A,English,"Final Exam",80,100,2026-03-24,2025-2026,"Sarah Jenkins","Languages & Humanities Department"
ACAD-SVIS-2025-065-COMP-FIN,SVIS-2025-065,"Ananya Shah",CBSE-7,A,"Computer Science","Final Exam",78,100,2026-03-24,2025-2026,"Vikram Patel","Secondary Section (Grades 9-10)"
ACAD-SVIS-2025-066-MATH-UNI,SVIS-2025-066,"Aadhya Patel",CBSE-7,B,Mathematics,"Unit Test 1",41.5,50,2025-07-18,2025-2026,"Arthur Pendelton","Middle School (Grades 6-8)"
ACAD-SVIS-2025-066-SCIE-UNI,SVIS-2025-066,"Aadhya Patel",CBSE-7,B,Science,"Unit Test 1",40.5,50,2025-07-18,2025-2026,"David Chen","Science & Mathematics Department"
ACAD-SVIS-2025-066-SOCI-UNI,SVIS-2025-066,"Aadhya Patel",CBSE-7,B,"Social Science","Unit Test 1",40.5,50,2025-07-18,2025-2026,"Arthur Pendelton","Middle School (Grades 6-8)"
ACAD-SVIS-2025-066-ENGL-UNI,SVIS-2025-066,"Aadhya Patel",CBSE-7,B,English,"Unit Test 1",39.5,50,2025-07-18,2025-2026,"Sarah Jenkins","Languages & Humanities Department"
ACAD-SVIS-2025-066-COMP-UNI,SVIS-2025-066,"Aadhya Patel",CBSE-7,B,"Computer Science","Unit Test 1",38.5,50,2025-07-18,2025-2026,"Vikram Patel","Secondary Section (Grades 9-10)"
ACAD-SVIS-2025-066-MATH-MID,SVIS-2025-066,"Aadhya Patel",CBSE-7,B,Mathematics,"Mid-Term Exam",81,100,2025-09-22,2025-2026,"Arthur Pendelton","Middle School (Grades 6-8)"
ACAD-SVIS-2025-066-SCIE-MID,SVIS-2025-066,"Aadhya Patel",CBSE-7,B,Science,"Mid-Term Exam",78,100,2025-09-22,2025-2026,"David Chen","Science & Mathematics Department"
ACAD-SVIS-2025-066-SOCI-MID,SVIS-2025-066,"Aadhya Patel",CBSE-7,B,"Social Science","Mid-Term Exam",81,100,2025-09-22,2025-2026,"Arthur Pendelton","Middle School (Grades 6-8)"
ACAD-SVIS-2025-066-ENGL-MID,SVIS-2025-066,"Aadhya Patel",CBSE-7,B,English,"Mid-Term Exam",78,100,2025-09-22,2025-2026,"Sarah Jenkins","Languages & Humanities Department"
ACAD-SVIS-2025-066-COMP-MID,SVIS-2025-066,"Aadhya Patel",CBSE-7,B,"Computer Science","Mid-Term Exam",83,100,2025-09-22,2025-2026,"Vikram Patel","Secondary Section (Grades 9-10)"
ACAD-SVIS-2025-066-MATH-UNI,SVIS-2025-066,"Aadhya Patel",CBSE-7,B,Mathematics,"Unit Test 2",41.5,50,2025-12-15,2025-2026,"Arthur Pendelton","Middle School (Grades 6-8)"
ACAD-SVIS-2025-066-SCIE-UNI,SVIS-2025-066,"Aadhya Patel",CBSE-7,B,Science,"Unit Test 2",40.5,50,2025-12-15,2025-2026,"David Chen","Science & Mathematics Department"
ACAD-SVIS-2025-066-SOCI-UNI,SVIS-2025-066,"Aadhya Patel",CBSE-7,B,"Social Science","Unit Test 2",40.5,50,2025-12-15,2025-2026,"Arthur Pendelton","Middle School (Grades 6-8)"
ACAD-SVIS-2025-066-ENGL-UNI,SVIS-2025-066,"Aadhya Patel",CBSE-7,B,English,"Unit Test 2",39.5,50,2025-12-15,2025-2026,"Sarah Jenkins","Languages & Humanities Department"
ACAD-SVIS-2025-066-COMP-UNI,SVIS-2025-066,"Aadhya Patel",CBSE-7,B,"Computer Science","Unit Test 2",38.5,50,2025-12-15,2025-2026,"Vikram Patel","Secondary Section (Grades 9-10)"
ACAD-SVIS-2025-066-MATH-FIN,SVIS-2025-066,"Aadhya Patel",CBSE-7,B,Mathematics,"Final Exam",82,100,2026-03-24,2025-2026,"Arthur Pendelton","Middle School (Grades 6-8)"
ACAD-SVIS-2025-066-SCIE-FIN,SVIS-2025-066,"Aadhya Patel",CBSE-7,B,Science,"Final Exam",80,100,2026-03-24,2025-2026,"David Chen","Science & Mathematics Department"
ACAD-SVIS-2025-066-SOCI-FIN,SVIS-2025-066,"Aadhya Patel",CBSE-7,B,"Social Science","Final Exam",82,100,2026-03-24,2025-2026,"Arthur Pendelton","Middle School (Grades 6-8)"
ACAD-SVIS-2025-066-ENGL-FIN,SVIS-2025-066,"Aadhya Patel",CBSE-7,B,English,"Final Exam",80,100,2026-03-24,2025-2026,"Sarah Jenkins","Languages & Humanities Department"
ACAD-SVIS-2025-066-COMP-FIN,SVIS-2025-066,"Aadhya Patel",CBSE-7,B,"Computer Science","Final Exam",81,100,2026-03-24,2025-2026,"Vikram Patel","Secondary Section (Grades 9-10)"
ACAD-SVIS-2025-067-MATH-UNI,SVIS-2025-067,"Saanvi Kulkarni",CBSE-7,A,Mathematics,"Unit Test 1",38,50,2025-07-18,2025-2026,"Arthur Pendelton","Middle School (Grades 6-8)"
ACAD-SVIS-2025-067-SCIE-UNI,SVIS-2025-067,"Saanvi Kulkarni",CBSE-7,A,Science,"Unit Test 1",44,50,2025-07-18,2025-2026,"David Chen","Science & Mathematics Department"
ACAD-SVIS-2025-067-SOCI-UNI,SVIS-2025-067,"Saanvi Kulkarni",CBSE-7,A,"Social Science","Unit Test 1",43,50,2025-07-18,2025-2026,"Arthur Pendelton","Middle School (Grades 6-8)"
ACAD-SVIS-2025-067-ENGL-UNI,SVIS-2025-067,"Saanvi Kulkarni",CBSE-7,A,English,"Unit Test 1",42,50,2025-07-18,2025-2026,"Sarah Jenkins","Languages & Humanities Department"
ACAD-SVIS-2025-067-COMP-UNI,SVIS-2025-067,"Saanvi Kulkarni",CBSE-7,A,"Computer Science","Unit Test 1",38,50,2025-07-18,2025-2026,"Vikram Patel","Secondary Section (Grades 9-10)"
ACAD-SVIS-2025-067-MATH-MID,SVIS-2025-067,"Saanvi Kulkarni",CBSE-7,A,Mathematics,"Mid-Term Exam",83,100,2025-09-22,2025-2026,"Arthur Pendelton","Middle School (Grades 6-8)"
ACAD-SVIS-2025-067-SCIE-MID,SVIS-2025-067,"Saanvi Kulkarni",CBSE-7,A,Science,"Mid-Term Exam",81,100,2025-09-22,2025-2026,"David Chen","Science & Mathematics Department"
ACAD-SVIS-2025-067-SOCI-MID,SVIS-2025-067,"Saanvi Kulkarni",CBSE-7,A,"Social Science","Mid-Term Exam",85,100,2025-09-22,2025-2026,"Arthur Pendelton","Middle School (Grades 6-8)"
ACAD-SVIS-2025-067-ENGL-MID,SVIS-2025-067,"Saanvi Kulkarni",CBSE-7,A,English,"Mid-Term Exam",82,100,2025-09-22,2025-2026,"Sarah Jenkins","Languages & Humanities Department"
ACAD-SVIS-2025-067-COMP-MID,SVIS-2025-067,"Saanvi Kulkarni",CBSE-7,A,"Computer Science","Mid-Term Exam",81,100,2025-09-22,2025-2026,"Vikram Patel","Secondary Section (Grades 9-10)"
ACAD-SVIS-2025-067-MATH-UNI,SVIS-2025-067,"Saanvi Kulkarni",CBSE-7,A,Mathematics,"Unit Test 2",38,50,2025-12-15,2025-2026,"Arthur Pendelton","Middle School (Grades 6-8)"
ACAD-SVIS-2025-067-SCIE-UNI,SVIS-2025-067,"Saanvi Kulkarni",CBSE-7,A,Science,"Unit Test 2",44,50,2025-12-15,2025-2026,"David Chen","Science & Mathematics Department"
ACAD-SVIS-2025-067-SOCI-UNI,SVIS-2025-067,"Saanvi Kulkarni",CBSE-7,A,"Social Science","Unit Test 2",43,50,2025-12-15,2025-2026,"Arthur Pendelton","Middle School (Grades 6-8)"
ACAD-SVIS-2025-067-ENGL-UNI,SVIS-2025-067,"Saanvi Kulkarni",CBSE-7,A,English,"Unit Test 2",42,50,2025-12-15,2025-2026,"Sarah Jenkins","Languages & Humanities Department"
ACAD-SVIS-2025-067-COMP-UNI,SVIS-2025-067,"Saanvi Kulkarni",CBSE-7,A,"Computer Science","Unit Test 2",38,50,2025-12-15,2025-2026,"Vikram Patel","Secondary Section (Grades 9-10)"
ACAD-SVIS-2025-067-MATH-FIN,SVIS-2025-067,"Saanvi Kulkarni",CBSE-7,A,Mathematics,"Final Exam",83,100,2026-03-24,2025-2026,"Arthur Pendelton","Middle School (Grades 6-8)"
ACAD-SVIS-2025-067-SCIE-FIN,SVIS-2025-067,"Saanvi Kulkarni",CBSE-7,A,Science,"Final Exam",81,100,2026-03-24,2025-2026,"David Chen","Science & Mathematics Department"
ACAD-SVIS-2025-067-SOCI-FIN,SVIS-2025-067,"Saanvi Kulkarni",CBSE-7,A,"Social Science","Final Exam",84,100,2026-03-24,2025-2026,"Arthur Pendelton","Middle School (Grades 6-8)"
ACAD-SVIS-2025-067-ENGL-FIN,SVIS-2025-067,"Saanvi Kulkarni",CBSE-7,A,English,"Final Exam",83,100,2026-03-24,2025-2026,"Sarah Jenkins","Languages & Humanities Department"
ACAD-SVIS-2025-067-COMP-FIN,SVIS-2025-067,"Saanvi Kulkarni",CBSE-7,A,"Computer Science","Final Exam",83,100,2026-03-24,2025-2026,"Vikram Patel","Secondary Section (Grades 9-10)"
ACAD-SVIS-2025-068-MATH-UNI,SVIS-2025-068,"Ira Mukherjee",CBSE-7,B,Mathematics,"Unit Test 1",39.5,50,2025-07-18,2025-2026,"Arthur Pendelton","Middle School (Grades 6-8)"
ACAD-SVIS-2025-068-SCIE-UNI,SVIS-2025-068,"Ira Mukherjee",CBSE-7,B,Science,"Unit Test 1",44.5,50,2025-07-18,2025-2026,"David Chen","Science & Mathematics Department"
ACAD-SVIS-2025-068-SOCI-UNI,SVIS-2025-068,"Ira Mukherjee",CBSE-7,B,"Social Science","Unit Test 1",41.5,50,2025-07-18,2025-2026,"Arthur Pendelton","Middle School (Grades 6-8)"
ACAD-SVIS-2025-068-ENGL-UNI,SVIS-2025-068,"Ira Mukherjee",CBSE-7,B,English,"Unit Test 1",43.5,50,2025-07-18,2025-2026,"Sarah Jenkins","Languages & Humanities Department"
ACAD-SVIS-2025-068-COMP-UNI,SVIS-2025-068,"Ira Mukherjee",CBSE-7,B,"Computer Science","Unit Test 1",42.5,50,2025-07-18,2025-2026,"Vikram Patel","Secondary Section (Grades 9-10)"
ACAD-SVIS-2025-068-MATH-MID,SVIS-2025-068,"Ira Mukherjee",CBSE-7,B,Mathematics,"Mid-Term Exam",84,100,2025-09-22,2025-2026,"Arthur Pendelton","Middle School (Grades 6-8)"
ACAD-SVIS-2025-068-SCIE-MID,SVIS-2025-068,"Ira Mukherjee",CBSE-7,B,Science,"Mid-Term Exam",85,100,2025-09-22,2025-2026,"David Chen","Science & Mathematics Department"
ACAD-SVIS-2025-068-SOCI-MID,SVIS-2025-068,"Ira Mukherjee",CBSE-7,B,"Social Science","Mid-Term Exam",81,100,2025-09-22,2025-2026,"Arthur Pendelton","Middle School (Grades 6-8)"
ACAD-SVIS-2025-068-ENGL-MID,SVIS-2025-068,"Ira Mukherjee",CBSE-7,B,English,"Mid-Term Exam",83,100,2025-09-22,2025-2026,"Sarah Jenkins","Languages & Humanities Department"
ACAD-SVIS-2025-068-COMP-MID,SVIS-2025-068,"Ira Mukherjee",CBSE-7,B,"Computer Science","Mid-Term Exam",83,100,2025-09-22,2025-2026,"Vikram Patel","Secondary Section (Grades 9-10)"
ACAD-SVIS-2025-068-MATH-UNI,SVIS-2025-068,"Ira Mukherjee",CBSE-7,B,Mathematics,"Unit Test 2",39.5,50,2025-12-15,2025-2026,"Arthur Pendelton","Middle School (Grades 6-8)"
ACAD-SVIS-2025-068-SCIE-UNI,SVIS-2025-068,"Ira Mukherjee",CBSE-7,B,Science,"Unit Test 2",44.5,50,2025-12-15,2025-2026,"David Chen","Science & Mathematics Department"
ACAD-SVIS-2025-068-SOCI-UNI,SVIS-2025-068,"Ira Mukherjee",CBSE-7,B,"Social Science","Unit Test 2",41.5,50,2025-12-15,2025-2026,"Arthur Pendelton","Middle School (Grades 6-8)"
ACAD-SVIS-2025-068-ENGL-UNI,SVIS-2025-068,"Ira Mukherjee",CBSE-7,B,English,"Unit Test 2",43.5,50,2025-12-15,2025-2026,"Sarah Jenkins","Languages & Humanities Department"
ACAD-SVIS-2025-068-COMP-UNI,SVIS-2025-068,"Ira Mukherjee",CBSE-7,B,"Computer Science","Unit Test 2",42.5,50,2025-12-15,2025-2026,"Vikram Patel","Secondary Section (Grades 9-10)"
ACAD-SVIS-2025-068-MATH-FIN,SVIS-2025-068,"Ira Mukherjee",CBSE-7,B,Mathematics,"Final Exam",83,100,2026-03-24,2025-2026,"Arthur Pendelton","Middle School (Grades 6-8)"
ACAD-SVIS-2025-068-SCIE-FIN,SVIS-2025-068,"Ira Mukherjee",CBSE-7,B,Science,"Final Exam",83,100,2026-03-24,2025-2026,"David Chen","Science & Mathematics Department"
ACAD-SVIS-2025-068-SOCI-FIN,SVIS-2025-068,"Ira Mukherjee",CBSE-7,B,"Social Science","Final Exam",84,100,2026-03-24,2025-2026,"Arthur Pendelton","Middle School (Grades 6-8)"
ACAD-SVIS-2025-068-ENGL-FIN,SVIS-2025-068,"Ira Mukherjee",CBSE-7,B,English,"Final Exam",80,100,2026-03-24,2025-2026,"Sarah Jenkins","Languages & Humanities Department"
ACAD-SVIS-2025-068-COMP-FIN,SVIS-2025-068,"Ira Mukherjee",CBSE-7,B,"Computer Science","Final Exam",83,100,2026-03-24,2025-2026,"Vikram Patel","Secondary Section (Grades 9-10)"
ACAD-SVIS-2025-069-MATH-UNI,SVIS-2025-069,"Kavya Reddy",CBSE-7,A,Mathematics,"Unit Test 1",41,50,2025-07-18,2025-2026,"Arthur Pendelton","Middle School (Grades 6-8)"
ACAD-SVIS-2025-069-SCIE-UNI,SVIS-2025-069,"Kavya Reddy",CBSE-7,A,Science,"Unit Test 1",43,50,2025-07-18,2025-2026,"David Chen","Science & Mathematics Department"
ACAD-SVIS-2025-069-SOCI-UNI,SVIS-2025-069,"Kavya Reddy",CBSE-7,A,"Social Science","Unit Test 1",42,50,2025-07-18,2025-2026,"Arthur Pendelton","Middle School (Grades 6-8)"
ACAD-SVIS-2025-069-ENGL-UNI,SVIS-2025-069,"Kavya Reddy",CBSE-7,A,English,"Unit Test 1",41,50,2025-07-18,2025-2026,"Sarah Jenkins","Languages & Humanities Department"
ACAD-SVIS-2025-069-COMP-UNI,SVIS-2025-069,"Kavya Reddy",CBSE-7,A,"Computer Science","Unit Test 1",39,50,2025-07-18,2025-2026,"Vikram Patel","Secondary Section (Grades 9-10)"
ACAD-SVIS-2025-069-MATH-MID,SVIS-2025-069,"Kavya Reddy",CBSE-7,A,Mathematics,"Mid-Term Exam",81,100,2025-09-22,2025-2026,"Arthur Pendelton","Middle School (Grades 6-8)"
ACAD-SVIS-2025-069-SCIE-MID,SVIS-2025-069,"Kavya Reddy",CBSE-7,A,Science,"Mid-Term Exam",82,100,2025-09-22,2025-2026,"David Chen","Science & Mathematics Department"
ACAD-SVIS-2025-069-SOCI-MID,SVIS-2025-069,"Kavya Reddy",CBSE-7,A,"Social Science","Mid-Term Exam",81,100,2025-09-22,2025-2026,"Arthur Pendelton","Middle School (Grades 6-8)"
ACAD-SVIS-2025-069-ENGL-MID,SVIS-2025-069,"Kavya Reddy",CBSE-7,A,English,"Mid-Term Exam",84,100,2025-09-22,2025-2026,"Sarah Jenkins","Languages & Humanities Department"
ACAD-SVIS-2025-069-COMP-MID,SVIS-2025-069,"Kavya Reddy",CBSE-7,A,"Computer Science","Mid-Term Exam",86,100,2025-09-22,2025-2026,"Vikram Patel","Secondary Section (Grades 9-10)"
ACAD-SVIS-2025-069-MATH-UNI,SVIS-2025-069,"Kavya Reddy",CBSE-7,A,Mathematics,"Unit Test 2",41,50,2025-12-15,2025-2026,"Arthur Pendelton","Middle School (Grades 6-8)"
ACAD-SVIS-2025-069-SCIE-UNI,SVIS-2025-069,"Kavya Reddy",CBSE-7,A,Science,"Unit Test 2",43,50,2025-12-15,2025-2026,"David Chen","Science & Mathematics Department"
ACAD-SVIS-2025-069-SOCI-UNI,SVIS-2025-069,"Kavya Reddy",CBSE-7,A,"Social Science","Unit Test 2",42,50,2025-12-15,2025-2026,"Arthur Pendelton","Middle School (Grades 6-8)"
ACAD-SVIS-2025-069-ENGL-UNI,SVIS-2025-069,"Kavya Reddy",CBSE-7,A,English,"Unit Test 2",41,50,2025-12-15,2025-2026,"Sarah Jenkins","Languages & Humanities Department"
ACAD-SVIS-2025-069-COMP-UNI,SVIS-2025-069,"Kavya Reddy",CBSE-7,A,"Computer Science","Unit Test 2",39,50,2025-12-15,2025-2026,"Vikram Patel","Secondary Section (Grades 9-10)"
ACAD-SVIS-2025-069-MATH-FIN,SVIS-2025-069,"Kavya Reddy",CBSE-7,A,Mathematics,"Final Exam",86,100,2026-03-24,2025-2026,"Arthur Pendelton","Middle School (Grades 6-8)"
ACAD-SVIS-2025-069-SCIE-FIN,SVIS-2025-069,"Kavya Reddy",CBSE-7,A,Science,"Final Exam",84,100,2026-03-24,2025-2026,"David Chen","Science & Mathematics Department"
ACAD-SVIS-2025-069-SOCI-FIN,SVIS-2025-069,"Kavya Reddy",CBSE-7,A,"Social Science","Final Exam",82,100,2026-03-24,2025-2026,"Arthur Pendelton","Middle School (Grades 6-8)"
ACAD-SVIS-2025-069-ENGL-FIN,SVIS-2025-069,"Kavya Reddy",CBSE-7,A,English,"Final Exam",87,100,2026-03-24,2025-2026,"Sarah Jenkins","Languages & Humanities Department"
ACAD-SVIS-2025-069-COMP-FIN,SVIS-2025-069,"Kavya Reddy",CBSE-7,A,"Computer Science","Final Exam",81,100,2026-03-24,2025-2026,"Vikram Patel","Secondary Section (Grades 9-10)"
ACAD-SVIS-2025-070-MATH-UNI,SVIS-2025-070,"Aarav Joshi",CBSE-7,B,Mathematics,"Unit Test 1",39.5,50,2025-07-18,2025-2026,"Arthur Pendelton","Middle School (Grades 6-8)"
ACAD-SVIS-2025-070-SCIE-UNI,SVIS-2025-070,"Aarav Joshi",CBSE-7,B,Science,"Unit Test 1",44.5,50,2025-07-18,2025-2026,"David Chen","Science & Mathematics Department"
ACAD-SVIS-2025-070-SOCI-UNI,SVIS-2025-070,"Aarav Joshi",CBSE-7,B,"Social Science","Unit Test 1",41.5,50,2025-07-18,2025-2026,"Arthur Pendelton","Middle School (Grades 6-8)"
ACAD-SVIS-2025-070-ENGL-UNI,SVIS-2025-070,"Aarav Joshi",CBSE-7,B,English,"Unit Test 1",39.5,50,2025-07-18,2025-2026,"Sarah Jenkins","Languages & Humanities Department"
ACAD-SVIS-2025-070-COMP-UNI,SVIS-2025-070,"Aarav Joshi",CBSE-7,B,"Computer Science","Unit Test 1",40.5,50,2025-07-18,2025-2026,"Vikram Patel","Secondary Section (Grades 9-10)"
ACAD-SVIS-2025-070-MATH-MID,SVIS-2025-070,"Aarav Joshi",CBSE-7,B,Mathematics,"Mid-Term Exam",88,100,2025-09-22,2025-2026,"Arthur Pendelton","Middle School (Grades 6-8)"
ACAD-SVIS-2025-070-SCIE-MID,SVIS-2025-070,"Aarav Joshi",CBSE-7,B,Science,"Mid-Term Exam",83,100,2025-09-22,2025-2026,"David Chen","Science & Mathematics Department"
ACAD-SVIS-2025-070-SOCI-MID,SVIS-2025-070,"Aarav Joshi",CBSE-7,B,"Social Science","Mid-Term Exam",86,100,2025-09-22,2025-2026,"Arthur Pendelton","Middle School (Grades 6-8)"
ACAD-SVIS-2025-070-ENGL-MID,SVIS-2025-070,"Aarav Joshi",CBSE-7,B,English,"Mid-Term Exam",84,100,2025-09-22,2025-2026,"Sarah Jenkins","Languages & Humanities Department"
ACAD-SVIS-2025-070-COMP-MID,SVIS-2025-070,"Aarav Joshi",CBSE-7,B,"Computer Science","Mid-Term Exam",83,100,2025-09-22,2025-2026,"Vikram Patel","Secondary Section (Grades 9-10)"
ACAD-SVIS-2025-070-MATH-UNI,SVIS-2025-070,"Aarav Joshi",CBSE-7,B,Mathematics,"Unit Test 2",39.5,50,2025-12-15,2025-2026,"Arthur Pendelton","Middle School (Grades 6-8)"
ACAD-SVIS-2025-070-SCIE-UNI,SVIS-2025-070,"Aarav Joshi",CBSE-7,B,Science,"Unit Test 2",44.5,50,2025-12-15,2025-2026,"David Chen","Science & Mathematics Department"
ACAD-SVIS-2025-070-SOCI-UNI,SVIS-2025-070,"Aarav Joshi",CBSE-7,B,"Social Science","Unit Test 2",41.5,50,2025-12-15,2025-2026,"Arthur Pendelton","Middle School (Grades 6-8)"
ACAD-SVIS-2025-070-ENGL-UNI,SVIS-2025-070,"Aarav Joshi",CBSE-7,B,English,"Unit Test 2",39.5,50,2025-12-15,2025-2026,"Sarah Jenkins","Languages & Humanities Department"
ACAD-SVIS-2025-070-COMP-UNI,SVIS-2025-070,"Aarav Joshi",CBSE-7,B,"Computer Science","Unit Test 2",40.5,50,2025-12-15,2025-2026,"Vikram Patel","Secondary Section (Grades 9-10)"
ACAD-SVIS-2025-070-MATH-FIN,SVIS-2025-070,"Aarav Joshi",CBSE-7,B,Mathematics,"Final Exam",83,100,2026-03-24,2025-2026,"Arthur Pendelton","Middle School (Grades 6-8)"
ACAD-SVIS-2025-070-SCIE-FIN,SVIS-2025-070,"Aarav Joshi",CBSE-7,B,Science,"Final Exam",85,100,2026-03-24,2025-2026,"David Chen","Science & Mathematics Department"
ACAD-SVIS-2025-070-SOCI-FIN,SVIS-2025-070,"Aarav Joshi",CBSE-7,B,"Social Science","Final Exam",85,100,2026-03-24,2025-2026,"Arthur Pendelton","Middle School (Grades 6-8)"
ACAD-SVIS-2025-070-ENGL-FIN,SVIS-2025-070,"Aarav Joshi",CBSE-7,B,English,"Final Exam",84,100,2026-03-24,2025-2026,"Sarah Jenkins","Languages & Humanities Department"
ACAD-SVIS-2025-070-COMP-FIN,SVIS-2025-070,"Aarav Joshi",CBSE-7,B,"Computer Science","Final Exam",82,100,2026-03-24,2025-2026,"Vikram Patel","Secondary Section (Grades 9-10)"
ACAD-SVIS-2025-071-MATH-UNI,SVIS-2025-071,"Vihaan Banerjee",CBSE-7,A,Mathematics,"Unit Test 1",45,50,2025-07-18,2025-2026,"Arthur Pendelton","Middle School (Grades 6-8)"
ACAD-SVIS-2025-071-SCIE-UNI,SVIS-2025-071,"Vihaan Banerjee",CBSE-7,A,Science,"Unit Test 1",46,50,2025-07-18,2025-2026,"David Chen","Science & Mathematics Department"
ACAD-SVIS-2025-071-SOCI-UNI,SVIS-2025-071,"Vihaan Banerjee",CBSE-7,A,"Social Science","Unit Test 1",43,50,2025-07-18,2025-2026,"Arthur Pendelton","Middle School (Grades 6-8)"
ACAD-SVIS-2025-071-ENGL-UNI,SVIS-2025-071,"Vihaan Banerjee",CBSE-7,A,English,"Unit Test 1",40,50,2025-07-18,2025-2026,"Sarah Jenkins","Languages & Humanities Department"
ACAD-SVIS-2025-071-COMP-UNI,SVIS-2025-071,"Vihaan Banerjee",CBSE-7,A,"Computer Science","Unit Test 1",45,50,2025-07-18,2025-2026,"Vikram Patel","Secondary Section (Grades 9-10)"
ACAD-SVIS-2025-071-MATH-MID,SVIS-2025-071,"Vihaan Banerjee",CBSE-7,A,Mathematics,"Mid-Term Exam",86,100,2025-09-22,2025-2026,"Arthur Pendelton","Middle School (Grades 6-8)"
ACAD-SVIS-2025-071-SCIE-MID,SVIS-2025-071,"Vihaan Banerjee",CBSE-7,A,Science,"Mid-Term Exam",85,100,2025-09-22,2025-2026,"David Chen","Science & Mathematics Department"
ACAD-SVIS-2025-071-SOCI-MID,SVIS-2025-071,"Vihaan Banerjee",CBSE-7,A,"Social Science","Mid-Term Exam",84,100,2025-09-22,2025-2026,"Arthur Pendelton","Middle School (Grades 6-8)"
ACAD-SVIS-2025-071-ENGL-MID,SVIS-2025-071,"Vihaan Banerjee",CBSE-7,A,English,"Mid-Term Exam",84,100,2025-09-22,2025-2026,"Sarah Jenkins","Languages & Humanities Department"
ACAD-SVIS-2025-071-COMP-MID,SVIS-2025-071,"Vihaan Banerjee",CBSE-7,A,"Computer Science","Mid-Term Exam",88,100,2025-09-22,2025-2026,"Vikram Patel","Secondary Section (Grades 9-10)"
ACAD-SVIS-2025-071-MATH-UNI,SVIS-2025-071,"Vihaan Banerjee",CBSE-7,A,Mathematics,"Unit Test 2",45,50,2025-12-15,2025-2026,"Arthur Pendelton","Middle School (Grades 6-8)"
ACAD-SVIS-2025-071-SCIE-UNI,SVIS-2025-071,"Vihaan Banerjee",CBSE-7,A,Science,"Unit Test 2",46,50,2025-12-15,2025-2026,"David Chen","Science & Mathematics Department"
ACAD-SVIS-2025-071-SOCI-UNI,SVIS-2025-071,"Vihaan Banerjee",CBSE-7,A,"Social Science","Unit Test 2",43,50,2025-12-15,2025-2026,"Arthur Pendelton","Middle School (Grades 6-8)"
ACAD-SVIS-2025-071-ENGL-UNI,SVIS-2025-071,"Vihaan Banerjee",CBSE-7,A,English,"Unit Test 2",40,50,2025-12-15,2025-2026,"Sarah Jenkins","Languages & Humanities Department"
ACAD-SVIS-2025-071-COMP-UNI,SVIS-2025-071,"Vihaan Banerjee",CBSE-7,A,"Computer Science","Unit Test 2",45,50,2025-12-15,2025-2026,"Vikram Patel","Secondary Section (Grades 9-10)"
ACAD-SVIS-2025-071-MATH-FIN,SVIS-2025-071,"Vihaan Banerjee",CBSE-7,A,Mathematics,"Final Exam",87,100,2026-03-24,2025-2026,"Arthur Pendelton","Middle School (Grades 6-8)"
ACAD-SVIS-2025-071-SCIE-FIN,SVIS-2025-071,"Vihaan Banerjee",CBSE-7,A,Science,"Final Exam",84,100,2026-03-24,2025-2026,"David Chen","Science & Mathematics Department"
ACAD-SVIS-2025-071-SOCI-FIN,SVIS-2025-071,"Vihaan Banerjee",CBSE-7,A,"Social Science","Final Exam",88,100,2026-03-24,2025-2026,"Arthur Pendelton","Middle School (Grades 6-8)"
ACAD-SVIS-2025-071-ENGL-FIN,SVIS-2025-071,"Vihaan Banerjee",CBSE-7,A,English,"Final Exam",85,100,2026-03-24,2025-2026,"Sarah Jenkins","Languages & Humanities Department"
ACAD-SVIS-2025-071-COMP-FIN,SVIS-2025-071,"Vihaan Banerjee",CBSE-7,A,"Computer Science","Final Exam",85,100,2026-03-24,2025-2026,"Vikram Patel","Secondary Section (Grades 9-10)"
ACAD-SVIS-2025-072-MATH-UNI,SVIS-2025-072,"Reyansh Nair",CBSE-7,B,Mathematics,"Unit Test 1",45.5,50,2025-07-18,2025-2026,"Arthur Pendelton","Middle School (Grades 6-8)"
ACAD-SVIS-2025-072-SCIE-UNI,SVIS-2025-072,"Reyansh Nair",CBSE-7,B,Science,"Unit Test 1",41.5,50,2025-07-18,2025-2026,"David Chen","Science & Mathematics Department"
ACAD-SVIS-2025-072-SOCI-UNI,SVIS-2025-072,"Reyansh Nair",CBSE-7,B,"Social Science","Unit Test 1",45.5,50,2025-07-18,2025-2026,"Arthur Pendelton","Middle School (Grades 6-8)"
ACAD-SVIS-2025-072-ENGL-UNI,SVIS-2025-072,"Reyansh Nair",CBSE-7,B,English,"Unit Test 1",42.5,50,2025-07-18,2025-2026,"Sarah Jenkins","Languages & Humanities Department"
ACAD-SVIS-2025-072-COMP-UNI,SVIS-2025-072,"Reyansh Nair",CBSE-7,B,"Computer Science","Unit Test 1",40.5,50,2025-07-18,2025-2026,"Vikram Patel","Secondary Section (Grades 9-10)"
ACAD-SVIS-2025-072-MATH-MID,SVIS-2025-072,"Reyansh Nair",CBSE-7,B,Mathematics,"Mid-Term Exam",88,100,2025-09-22,2025-2026,"Arthur Pendelton","Middle School (Grades 6-8)"
ACAD-SVIS-2025-072-SCIE-MID,SVIS-2025-072,"Reyansh Nair",CBSE-7,B,Science,"Mid-Term Exam",84,100,2025-09-22,2025-2026,"David Chen","Science & Mathematics Department"
ACAD-SVIS-2025-072-SOCI-MID,SVIS-2025-072,"Reyansh Nair",CBSE-7,B,"Social Science","Mid-Term Exam",86,100,2025-09-22,2025-2026,"Arthur Pendelton","Middle School (Grades 6-8)"
ACAD-SVIS-2025-072-ENGL-MID,SVIS-2025-072,"Reyansh Nair",CBSE-7,B,English,"Mid-Term Exam",89,100,2025-09-22,2025-2026,"Sarah Jenkins","Languages & Humanities Department"
ACAD-SVIS-2025-072-COMP-MID,SVIS-2025-072,"Reyansh Nair",CBSE-7,B,"Computer Science","Mid-Term Exam",88,100,2025-09-22,2025-2026,"Vikram Patel","Secondary Section (Grades 9-10)"
ACAD-SVIS-2025-072-MATH-UNI,SVIS-2025-072,"Reyansh Nair",CBSE-7,B,Mathematics,"Unit Test 2",45.5,50,2025-12-15,2025-2026,"Arthur Pendelton","Middle School (Grades 6-8)"
ACAD-SVIS-2025-072-SCIE-UNI,SVIS-2025-072,"Reyansh Nair",CBSE-7,B,Science,"Unit Test 2",41.5,50,2025-12-15,2025-2026,"David Chen","Science & Mathematics Department"
ACAD-SVIS-2025-072-SOCI-UNI,SVIS-2025-072,"Reyansh Nair",CBSE-7,B,"Social Science","Unit Test 2",45.5,50,2025-12-15,2025-2026,"Arthur Pendelton","Middle School (Grades 6-8)"
ACAD-SVIS-2025-072-ENGL-UNI,SVIS-2025-072,"Reyansh Nair",CBSE-7,B,English,"Unit Test 2",42.5,50,2025-12-15,2025-2026,"Sarah Jenkins","Languages & Humanities Department"
ACAD-SVIS-2025-072-COMP-UNI,SVIS-2025-072,"Reyansh Nair",CBSE-7,B,"Computer Science","Unit Test 2",40.5,50,2025-12-15,2025-2026,"Vikram Patel","Secondary Section (Grades 9-10)"
ACAD-SVIS-2025-072-MATH-FIN,SVIS-2025-072,"Reyansh Nair",CBSE-7,B,Mathematics,"Final Exam",89,100,2026-03-24,2025-2026,"Arthur Pendelton","Middle School (Grades 6-8)"
ACAD-SVIS-2025-072-SCIE-FIN,SVIS-2025-072,"Reyansh Nair",CBSE-7,B,Science,"Final Exam",90,100,2026-03-24,2025-2026,"David Chen","Science & Mathematics Department"
ACAD-SVIS-2025-072-SOCI-FIN,SVIS-2025-072,"Reyansh Nair",CBSE-7,B,"Social Science","Final Exam",87,100,2026-03-24,2025-2026,"Arthur Pendelton","Middle School (Grades 6-8)"
ACAD-SVIS-2025-072-ENGL-FIN,SVIS-2025-072,"Reyansh Nair",CBSE-7,B,English,"Final Exam",84,100,2026-03-24,2025-2026,"Sarah Jenkins","Languages & Humanities Department"
ACAD-SVIS-2025-072-COMP-FIN,SVIS-2025-072,"Reyansh Nair",CBSE-7,B,"Computer Science","Final Exam",90,100,2026-03-24,2025-2026,"Vikram Patel","Secondary Section (Grades 9-10)"
ACAD-SVIS-2025-073-MATH-UNI,SVIS-2025-073,"Ishaan Bhat",CBSE-7,A,Mathematics,"Unit Test 1",42,50,2025-07-18,2025-2026,"Arthur Pendelton","Middle School (Grades 6-8)"
ACAD-SVIS-2025-073-SCIE-UNI,SVIS-2025-073,"Ishaan Bhat",CBSE-7,A,Science,"Unit Test 1",43,50,2025-07-18,2025-2026,"David Chen","Science & Mathematics Department"
ACAD-SVIS-2025-073-SOCI-UNI,SVIS-2025-073,"Ishaan Bhat",CBSE-7,A,"Social Science","Unit Test 1",47,50,2025-07-18,2025-2026,"Arthur Pendelton","Middle School (Grades 6-8)"
ACAD-SVIS-2025-073-ENGL-UNI,SVIS-2025-073,"Ishaan Bhat",CBSE-7,A,English,"Unit Test 1",43,50,2025-07-18,2025-2026,"Sarah Jenkins","Languages & Humanities Department"
ACAD-SVIS-2025-073-COMP-UNI,SVIS-2025-073,"Ishaan Bhat",CBSE-7,A,"Computer Science","Unit Test 1",42,50,2025-07-18,2025-2026,"Vikram Patel","Secondary Section (Grades 9-10)"
ACAD-SVIS-2025-073-MATH-MID,SVIS-2025-073,"Ishaan Bhat",CBSE-7,A,Mathematics,"Mid-Term Exam",91,100,2025-09-22,2025-2026,"Arthur Pendelton","Middle School (Grades 6-8)"
ACAD-SVIS-2025-073-SCIE-MID,SVIS-2025-073,"Ishaan Bhat",CBSE-7,A,Science,"Mid-Term Exam",88,100,2025-09-22,2025-2026,"David Chen","Science & Mathematics Department"
ACAD-SVIS-2025-073-SOCI-MID,SVIS-2025-073,"Ishaan Bhat",CBSE-7,A,"Social Science","Mid-Term Exam",86,100,2025-09-22,2025-2026,"Arthur Pendelton","Middle School (Grades 6-8)"
ACAD-SVIS-2025-073-ENGL-MID,SVIS-2025-073,"Ishaan Bhat",CBSE-7,A,English,"Mid-Term Exam",87,100,2025-09-22,2025-2026,"Sarah Jenkins","Languages & Humanities Department"
ACAD-SVIS-2025-073-COMP-MID,SVIS-2025-073,"Ishaan Bhat",CBSE-7,A,"Computer Science","Mid-Term Exam",90,100,2025-09-22,2025-2026,"Vikram Patel","Secondary Section (Grades 9-10)"
ACAD-SVIS-2025-073-MATH-UNI,SVIS-2025-073,"Ishaan Bhat",CBSE-7,A,Mathematics,"Unit Test 2",42,50,2025-12-15,2025-2026,"Arthur Pendelton","Middle School (Grades 6-8)"
ACAD-SVIS-2025-073-SCIE-UNI,SVIS-2025-073,"Ishaan Bhat",CBSE-7,A,Science,"Unit Test 2",43,50,2025-12-15,2025-2026,"David Chen","Science & Mathematics Department"
ACAD-SVIS-2025-073-SOCI-UNI,SVIS-2025-073,"Ishaan Bhat",CBSE-7,A,"Social Science","Unit Test 2",47,50,2025-12-15,2025-2026,"Arthur Pendelton","Middle School (Grades 6-8)"
ACAD-SVIS-2025-073-ENGL-UNI,SVIS-2025-073,"Ishaan Bhat",CBSE-7,A,English,"Unit Test 2",43,50,2025-12-15,2025-2026,"Sarah Jenkins","Languages & Humanities Department"
ACAD-SVIS-2025-073-COMP-UNI,SVIS-2025-073,"Ishaan Bhat",CBSE-7,A,"Computer Science","Unit Test 2",42,50,2025-12-15,2025-2026,"Vikram Patel","Secondary Section (Grades 9-10)"
ACAD-SVIS-2025-073-MATH-FIN,SVIS-2025-073,"Ishaan Bhat",CBSE-7,A,Mathematics,"Final Exam",89,100,2026-03-24,2025-2026,"Arthur Pendelton","Middle School (Grades 6-8)"
ACAD-SVIS-2025-073-SCIE-FIN,SVIS-2025-073,"Ishaan Bhat",CBSE-7,A,Science,"Final Exam",86,100,2026-03-24,2025-2026,"David Chen","Science & Mathematics Department"
ACAD-SVIS-2025-073-SOCI-FIN,SVIS-2025-073,"Ishaan Bhat",CBSE-7,A,"Social Science","Final Exam",85,100,2026-03-24,2025-2026,"Arthur Pendelton","Middle School (Grades 6-8)"
ACAD-SVIS-2025-073-ENGL-FIN,SVIS-2025-073,"Ishaan Bhat",CBSE-7,A,English,"Final Exam",90,100,2026-03-24,2025-2026,"Sarah Jenkins","Languages & Humanities Department"
ACAD-SVIS-2025-073-COMP-FIN,SVIS-2025-073,"Ishaan Bhat",CBSE-7,A,"Computer Science","Final Exam",88,100,2026-03-24,2025-2026,"Vikram Patel","Secondary Section (Grades 9-10)"
ACAD-SVIS-2025-074-MATH-UNI,SVIS-2025-074,"Advik Ghosh",CBSE-7,B,Mathematics,"Unit Test 1",47.5,50,2025-07-18,2025-2026,"Arthur Pendelton","Middle School (Grades 6-8)"
ACAD-SVIS-2025-074-SCIE-UNI,SVIS-2025-074,"Advik Ghosh",CBSE-7,B,Science,"Unit Test 1",45.5,50,2025-07-18,2025-2026,"David Chen","Science & Mathematics Department"
ACAD-SVIS-2025-074-SOCI-UNI,SVIS-2025-074,"Advik Ghosh",CBSE-7,B,"Social Science","Unit Test 1",41.5,50,2025-07-18,2025-2026,"Arthur Pendelton","Middle School (Grades 6-8)"
ACAD-SVIS-2025-074-ENGL-UNI,SVIS-2025-074,"Advik Ghosh",CBSE-7,B,English,"Unit Test 1",41.5,50,2025-07-18,2025-2026,"Sarah Jenkins","Languages & Humanities Department"
ACAD-SVIS-2025-074-COMP-UNI,SVIS-2025-074,"Advik Ghosh",CBSE-7,B,"Computer Science","Unit Test 1",43.5,50,2025-07-18,2025-2026,"Vikram Patel","Secondary Section (Grades 9-10)"
ACAD-SVIS-2025-074-MATH-MID,SVIS-2025-074,"Advik Ghosh",CBSE-7,B,Mathematics,"Mid-Term Exam",90,100,2025-09-22,2025-2026,"Arthur Pendelton","Middle School (Grades 6-8)"
ACAD-SVIS-2025-074-SCIE-MID,SVIS-2025-074,"Advik Ghosh",CBSE-7,B,Science,"Mid-Term Exam",88,100,2025-09-22,2025-2026,"David Chen","Science & Mathematics Department"
ACAD-SVIS-2025-074-SOCI-MID,SVIS-2025-074,"Advik Ghosh",CBSE-7,B,"Social Science","Mid-Term Exam",91,100,2025-09-22,2025-2026,"Arthur Pendelton","Middle School (Grades 6-8)"
ACAD-SVIS-2025-074-ENGL-MID,SVIS-2025-074,"Advik Ghosh",CBSE-7,B,English,"Mid-Term Exam",91,100,2025-09-22,2025-2026,"Sarah Jenkins","Languages & Humanities Department"
ACAD-SVIS-2025-074-COMP-MID,SVIS-2025-074,"Advik Ghosh",CBSE-7,B,"Computer Science","Mid-Term Exam",90,100,2025-09-22,2025-2026,"Vikram Patel","Secondary Section (Grades 9-10)"
ACAD-SVIS-2025-074-MATH-UNI,SVIS-2025-074,"Advik Ghosh",CBSE-7,B,Mathematics,"Unit Test 2",47.5,50,2025-12-15,2025-2026,"Arthur Pendelton","Middle School (Grades 6-8)"
ACAD-SVIS-2025-074-SCIE-UNI,SVIS-2025-074,"Advik Ghosh",CBSE-7,B,Science,"Unit Test 2",45.5,50,2025-12-15,2025-2026,"David Chen","Science & Mathematics Department"
ACAD-SVIS-2025-074-SOCI-UNI,SVIS-2025-074,"Advik Ghosh",CBSE-7,B,"Social Science","Unit Test 2",41.5,50,2025-12-15,2025-2026,"Arthur Pendelton","Middle School (Grades 6-8)"
ACAD-SVIS-2025-074-ENGL-UNI,SVIS-2025-074,"Advik Ghosh",CBSE-7,B,English,"Unit Test 2",41.5,50,2025-12-15,2025-2026,"Sarah Jenkins","Languages & Humanities Department"
ACAD-SVIS-2025-074-COMP-UNI,SVIS-2025-074,"Advik Ghosh",CBSE-7,B,"Computer Science","Unit Test 2",43.5,50,2025-12-15,2025-2026,"Vikram Patel","Secondary Section (Grades 9-10)"
ACAD-SVIS-2025-074-MATH-FIN,SVIS-2025-074,"Advik Ghosh",CBSE-7,B,Mathematics,"Final Exam",87,100,2026-03-24,2025-2026,"Arthur Pendelton","Middle School (Grades 6-8)"
ACAD-SVIS-2025-074-SCIE-FIN,SVIS-2025-074,"Advik Ghosh",CBSE-7,B,Science,"Final Exam",92,100,2026-03-24,2025-2026,"David Chen","Science & Mathematics Department"
ACAD-SVIS-2025-074-SOCI-FIN,SVIS-2025-074,"Advik Ghosh",CBSE-7,B,"Social Science","Final Exam",87,100,2026-03-24,2025-2026,"Arthur Pendelton","Middle School (Grades 6-8)"
ACAD-SVIS-2025-074-ENGL-FIN,SVIS-2025-074,"Advik Ghosh",CBSE-7,B,English,"Final Exam",87,100,2026-03-24,2025-2026,"Sarah Jenkins","Languages & Humanities Department"
ACAD-SVIS-2025-074-COMP-FIN,SVIS-2025-074,"Advik Ghosh",CBSE-7,B,"Computer Science","Final Exam",91,100,2026-03-24,2025-2026,"Vikram Patel","Secondary Section (Grades 9-10)"
ACAD-SVIS-2025-075-MATH-UNI,SVIS-2025-075,"Ananya Iyer",CBSE-7,A,Mathematics,"Unit Test 1",43,50,2025-07-18,2025-2026,"Arthur Pendelton","Middle School (Grades 6-8)"
ACAD-SVIS-2025-075-SCIE-UNI,SVIS-2025-075,"Ananya Iyer",CBSE-7,A,Science,"Unit Test 1",47,50,2025-07-18,2025-2026,"David Chen","Science & Mathematics Department"
ACAD-SVIS-2025-075-SOCI-UNI,SVIS-2025-075,"Ananya Iyer",CBSE-7,A,"Social Science","Unit Test 1",48,50,2025-07-18,2025-2026,"Arthur Pendelton","Middle School (Grades 6-8)"
ACAD-SVIS-2025-075-ENGL-UNI,SVIS-2025-075,"Ananya Iyer",CBSE-7,A,English,"Unit Test 1",44,50,2025-07-18,2025-2026,"Sarah Jenkins","Languages & Humanities Department"
ACAD-SVIS-2025-075-COMP-UNI,SVIS-2025-075,"Ananya Iyer",CBSE-7,A,"Computer Science","Unit Test 1",43,50,2025-07-18,2025-2026,"Vikram Patel","Secondary Section (Grades 9-10)"
ACAD-SVIS-2025-075-MATH-MID,SVIS-2025-075,"Ananya Iyer",CBSE-7,A,Mathematics,"Mid-Term Exam",88,100,2025-09-22,2025-2026,"Arthur Pendelton","Middle School (Grades 6-8)"
ACAD-SVIS-2025-075-SCIE-MID,SVIS-2025-075,"Ananya Iyer",CBSE-7,A,Science,"Mid-Term Exam",87,100,2025-09-22,2025-2026,"David Chen","Science & Mathematics Department"
ACAD-SVIS-2025-075-SOCI-MID,SVIS-2025-075,"Ananya Iyer",CBSE-7,A,"Social Science","Mid-Term Exam",87,100,2025-09-22,2025-2026,"Arthur Pendelton","Middle School (Grades 6-8)"
ACAD-SVIS-2025-075-ENGL-MID,SVIS-2025-075,"Ananya Iyer",CBSE-7,A,English,"Mid-Term Exam",93,100,2025-09-22,2025-2026,"Sarah Jenkins","Languages & Humanities Department"
ACAD-SVIS-2025-075-COMP-MID,SVIS-2025-075,"Ananya Iyer",CBSE-7,A,"Computer Science","Mid-Term Exam",87,100,2025-09-22,2025-2026,"Vikram Patel","Secondary Section (Grades 9-10)"
ACAD-SVIS-2025-075-MATH-UNI,SVIS-2025-075,"Ananya Iyer",CBSE-7,A,Mathematics,"Unit Test 2",43,50,2025-12-15,2025-2026,"Arthur Pendelton","Middle School (Grades 6-8)"
ACAD-SVIS-2025-075-SCIE-UNI,SVIS-2025-075,"Ananya Iyer",CBSE-7,A,Science,"Unit Test 2",47,50,2025-12-15,2025-2026,"David Chen","Science & Mathematics Department"
ACAD-SVIS-2025-075-SOCI-UNI,SVIS-2025-075,"Ananya Iyer",CBSE-7,A,"Social Science","Unit Test 2",48,50,2025-12-15,2025-2026,"Arthur Pendelton","Middle School (Grades 6-8)"
ACAD-SVIS-2025-075-ENGL-UNI,SVIS-2025-075,"Ananya Iyer",CBSE-7,A,English,"Unit Test 2",44,50,2025-12-15,2025-2026,"Sarah Jenkins","Languages & Humanities Department"
ACAD-SVIS-2025-075-COMP-UNI,SVIS-2025-075,"Ananya Iyer",CBSE-7,A,"Computer Science","Unit Test 2",43,50,2025-12-15,2025-2026,"Vikram Patel","Secondary Section (Grades 9-10)"
ACAD-SVIS-2025-075-MATH-FIN,SVIS-2025-075,"Ananya Iyer",CBSE-7,A,Mathematics,"Final Exam",90,100,2026-03-24,2025-2026,"Arthur Pendelton","Middle School (Grades 6-8)"
ACAD-SVIS-2025-075-SCIE-FIN,SVIS-2025-075,"Ananya Iyer",CBSE-7,A,Science,"Final Exam",88,100,2026-03-24,2025-2026,"David Chen","Science & Mathematics Department"
ACAD-SVIS-2025-075-SOCI-FIN,SVIS-2025-075,"Ananya Iyer",CBSE-7,A,"Social Science","Final Exam",91,100,2026-03-24,2025-2026,"Arthur Pendelton","Middle School (Grades 6-8)"
ACAD-SVIS-2025-075-ENGL-FIN,SVIS-2025-075,"Ananya Iyer",CBSE-7,A,English,"Final Exam",87,100,2026-03-24,2025-2026,"Sarah Jenkins","Languages & Humanities Department"
ACAD-SVIS-2025-075-COMP-FIN,SVIS-2025-075,"Ananya Iyer",CBSE-7,A,"Computer Science","Final Exam",93,100,2026-03-24,2025-2026,"Vikram Patel","Secondary Section (Grades 9-10)"
ACAD-SVIS-2025-076-MATH-UNI,SVIS-2025-076,"Aadhya Rao",CBSE-8,A,Mathematics,"Unit Test 1",45.5,50,2025-07-18,2025-2026,"Arthur Pendelton","Middle School (Grades 6-8)"
ACAD-SVIS-2025-076-SCIE-UNI,SVIS-2025-076,"Aadhya Rao",CBSE-8,A,Science,"Unit Test 1",47.5,50,2025-07-18,2025-2026,"David Chen","Science & Mathematics Department"
ACAD-SVIS-2025-076-SOCI-UNI,SVIS-2025-076,"Aadhya Rao",CBSE-8,A,"Social Science","Unit Test 1",46.5,50,2025-07-18,2025-2026,"Arthur Pendelton","Middle School (Grades 6-8)"
ACAD-SVIS-2025-076-ENGL-UNI,SVIS-2025-076,"Aadhya Rao",CBSE-8,A,English,"Unit Test 1",46.5,50,2025-07-18,2025-2026,"Sarah Jenkins","Languages & Humanities Department"
ACAD-SVIS-2025-076-COMP-UNI,SVIS-2025-076,"Aadhya Rao",CBSE-8,A,"Computer Science","Unit Test 1",45.5,50,2025-07-18,2025-2026,"Vikram Patel","Secondary Section (Grades 9-10)"
ACAD-SVIS-2025-076-MATH-MID,SVIS-2025-076,"Aadhya Rao",CBSE-8,A,Mathematics,"Mid-Term Exam",88,100,2025-09-22,2025-2026,"Arthur Pendelton","Middle School (Grades 6-8)"
ACAD-SVIS-2025-076-SCIE-MID,SVIS-2025-076,"Aadhya Rao",CBSE-8,A,Science,"Mid-Term Exam",88,100,2025-09-22,2025-2026,"David Chen","Science & Mathematics Department"
ACAD-SVIS-2025-076-SOCI-MID,SVIS-2025-076,"Aadhya Rao",CBSE-8,A,"Social Science","Mid-Term Exam",88,100,2025-09-22,2025-2026,"Arthur Pendelton","Middle School (Grades 6-8)"
ACAD-SVIS-2025-076-ENGL-MID,SVIS-2025-076,"Aadhya Rao",CBSE-8,A,English,"Mid-Term Exam",90,100,2025-09-22,2025-2026,"Sarah Jenkins","Languages & Humanities Department"
ACAD-SVIS-2025-076-COMP-MID,SVIS-2025-076,"Aadhya Rao",CBSE-8,A,"Computer Science","Mid-Term Exam",89,100,2025-09-22,2025-2026,"Vikram Patel","Secondary Section (Grades 9-10)"
ACAD-SVIS-2025-076-MATH-UNI,SVIS-2025-076,"Aadhya Rao",CBSE-8,A,Mathematics,"Unit Test 2",45.5,50,2025-12-15,2025-2026,"Arthur Pendelton","Middle School (Grades 6-8)"
ACAD-SVIS-2025-076-SCIE-UNI,SVIS-2025-076,"Aadhya Rao",CBSE-8,A,Science,"Unit Test 2",47.5,50,2025-12-15,2025-2026,"David Chen","Science & Mathematics Department"
ACAD-SVIS-2025-076-SOCI-UNI,SVIS-2025-076,"Aadhya Rao",CBSE-8,A,"Social Science","Unit Test 2",46.5,50,2025-12-15,2025-2026,"Arthur Pendelton","Middle School (Grades 6-8)"
ACAD-SVIS-2025-076-ENGL-UNI,SVIS-2025-076,"Aadhya Rao",CBSE-8,A,English,"Unit Test 2",46.5,50,2025-12-15,2025-2026,"Sarah Jenkins","Languages & Humanities Department"
ACAD-SVIS-2025-076-COMP-UNI,SVIS-2025-076,"Aadhya Rao",CBSE-8,A,"Computer Science","Unit Test 2",45.5,50,2025-12-15,2025-2026,"Vikram Patel","Secondary Section (Grades 9-10)"
ACAD-SVIS-2025-076-MATH-FIN,SVIS-2025-076,"Aadhya Rao",CBSE-8,A,Mathematics,"Final Exam",93,100,2026-03-24,2025-2026,"Arthur Pendelton","Middle School (Grades 6-8)"
ACAD-SVIS-2025-076-SCIE-FIN,SVIS-2025-076,"Aadhya Rao",CBSE-8,A,Science,"Final Exam",91,100,2026-03-24,2025-2026,"David Chen","Science & Mathematics Department"
ACAD-SVIS-2025-076-SOCI-FIN,SVIS-2025-076,"Aadhya Rao",CBSE-8,A,"Social Science","Final Exam",93,100,2026-03-24,2025-2026,"Arthur Pendelton","Middle School (Grades 6-8)"
ACAD-SVIS-2025-076-ENGL-FIN,SVIS-2025-076,"Aadhya Rao",CBSE-8,A,English,"Final Exam",88,100,2026-03-24,2025-2026,"Sarah Jenkins","Languages & Humanities Department"
ACAD-SVIS-2025-076-COMP-FIN,SVIS-2025-076,"Aadhya Rao",CBSE-8,A,"Computer Science","Final Exam",91,100,2026-03-24,2025-2026,"Vikram Patel","Secondary Section (Grades 9-10)"
ACAD-SVIS-2025-077-MATH-UNI,SVIS-2025-077,"Saanvi Chatterjee",CBSE-8,B,Mathematics,"Unit Test 1",49,50,2025-07-18,2025-2026,"Arthur Pendelton","Middle School (Grades 6-8)"
ACAD-SVIS-2025-077-SCIE-UNI,SVIS-2025-077,"Saanvi Chatterjee",CBSE-8,B,Science,"Unit Test 1",47,50,2025-07-18,2025-2026,"David Chen","Science & Mathematics Department"
ACAD-SVIS-2025-077-SOCI-UNI,SVIS-2025-077,"Saanvi Chatterjee",CBSE-8,B,"Social Science","Unit Test 1",44,50,2025-07-18,2025-2026,"Arthur Pendelton","Middle School (Grades 6-8)"
ACAD-SVIS-2025-077-ENGL-UNI,SVIS-2025-077,"Saanvi Chatterjee",CBSE-8,B,English,"Unit Test 1",44,50,2025-07-18,2025-2026,"Sarah Jenkins","Languages & Humanities Department"
ACAD-SVIS-2025-077-COMP-UNI,SVIS-2025-077,"Saanvi Chatterjee",CBSE-8,B,"Computer Science","Unit Test 1",46,50,2025-07-18,2025-2026,"Vikram Patel","Secondary Section (Grades 9-10)"
ACAD-SVIS-2025-077-MATH-MID,SVIS-2025-077,"Saanvi Chatterjee",CBSE-8,B,Mathematics,"Mid-Term Exam",94,100,2025-09-22,2025-2026,"Arthur Pendelton","Middle School (Grades 6-8)"
ACAD-SVIS-2025-077-SCIE-MID,SVIS-2025-077,"Saanvi Chatterjee",CBSE-8,B,Science,"Mid-Term Exam",90,100,2025-09-22,2025-2026,"David Chen","Science & Mathematics Department"
ACAD-SVIS-2025-077-SOCI-MID,SVIS-2025-077,"Saanvi Chatterjee",CBSE-8,B,"Social Science","Mid-Term Exam",94,100,2025-09-22,2025-2026,"Arthur Pendelton","Middle School (Grades 6-8)"
ACAD-SVIS-2025-077-ENGL-MID,SVIS-2025-077,"Saanvi Chatterjee",CBSE-8,B,English,"Mid-Term Exam",89,100,2025-09-22,2025-2026,"Sarah Jenkins","Languages & Humanities Department"
ACAD-SVIS-2025-077-COMP-MID,SVIS-2025-077,"Saanvi Chatterjee",CBSE-8,B,"Computer Science","Mid-Term Exam",94,100,2025-09-22,2025-2026,"Vikram Patel","Secondary Section (Grades 9-10)"
ACAD-SVIS-2025-077-MATH-UNI,SVIS-2025-077,"Saanvi Chatterjee",CBSE-8,B,Mathematics,"Unit Test 2",49,50,2025-12-15,2025-2026,"Arthur Pendelton","Middle School (Grades 6-8)"
ACAD-SVIS-2025-077-SCIE-UNI,SVIS-2025-077,"Saanvi Chatterjee",CBSE-8,B,Science,"Unit Test 2",47,50,2025-12-15,2025-2026,"David Chen","Science & Mathematics Department"
ACAD-SVIS-2025-077-SOCI-UNI,SVIS-2025-077,"Saanvi Chatterjee",CBSE-8,B,"Social Science","Unit Test 2",44,50,2025-12-15,2025-2026,"Arthur Pendelton","Middle School (Grades 6-8)"
ACAD-SVIS-2025-077-ENGL-UNI,SVIS-2025-077,"Saanvi Chatterjee",CBSE-8,B,English,"Unit Test 2",44,50,2025-12-15,2025-2026,"Sarah Jenkins","Languages & Humanities Department"
ACAD-SVIS-2025-077-COMP-UNI,SVIS-2025-077,"Saanvi Chatterjee",CBSE-8,B,"Computer Science","Unit Test 2",46,50,2025-12-15,2025-2026,"Vikram Patel","Secondary Section (Grades 9-10)"
ACAD-SVIS-2025-077-MATH-FIN,SVIS-2025-077,"Saanvi Chatterjee",CBSE-8,B,Mathematics,"Final Exam",91,100,2026-03-24,2025-2026,"Arthur Pendelton","Middle School (Grades 6-8)"
ACAD-SVIS-2025-077-SCIE-FIN,SVIS-2025-077,"Saanvi Chatterjee",CBSE-8,B,Science,"Final Exam",95,100,2026-03-24,2025-2026,"David Chen","Science & Mathematics Department"
ACAD-SVIS-2025-077-SOCI-FIN,SVIS-2025-077,"Saanvi Chatterjee",CBSE-8,B,"Social Science","Final Exam",93,100,2026-03-24,2025-2026,"Arthur Pendelton","Middle School (Grades 6-8)"
ACAD-SVIS-2025-077-ENGL-FIN,SVIS-2025-077,"Saanvi Chatterjee",CBSE-8,B,English,"Final Exam",92,100,2026-03-24,2025-2026,"Sarah Jenkins","Languages & Humanities Department"
ACAD-SVIS-2025-077-COMP-FIN,SVIS-2025-077,"Saanvi Chatterjee",CBSE-8,B,"Computer Science","Final Exam",89,100,2026-03-24,2025-2026,"Vikram Patel","Secondary Section (Grades 9-10)"
ACAD-SVIS-2025-078-MATH-UNI,SVIS-2025-078,"Ira Gupta",CBSE-8,A,Mathematics,"Unit Test 1",47.5,50,2025-07-18,2025-2026,"Arthur Pendelton","Middle School (Grades 6-8)"
ACAD-SVIS-2025-078-SCIE-UNI,SVIS-2025-078,"Ira Gupta",CBSE-8,A,Science,"Unit Test 1",47.5,50,2025-07-18,2025-2026,"David Chen","Science & Mathematics Department"
ACAD-SVIS-2025-078-SOCI-UNI,SVIS-2025-078,"Ira Gupta",CBSE-8,A,"Social Science","Unit Test 1",46.5,50,2025-07-18,2025-2026,"Arthur Pendelton","Middle School (Grades 6-8)"
ACAD-SVIS-2025-078-ENGL-UNI,SVIS-2025-078,"Ira Gupta",CBSE-8,A,English,"Unit Test 1",44.5,50,2025-07-18,2025-2026,"Sarah Jenkins","Languages & Humanities Department"
ACAD-SVIS-2025-078-COMP-UNI,SVIS-2025-078,"Ira Gupta",CBSE-8,A,"Computer Science","Unit Test 1",49.5,50,2025-07-18,2025-2026,"Vikram Patel","Secondary Section (Grades 9-10)"
ACAD-SVIS-2025-078-MATH-MID,SVIS-2025-078,"Ira Gupta",CBSE-8,A,Mathematics,"Mid-Term Exam",93,100,2025-09-22,2025-2026,"Arthur Pendelton","Middle School (Grades 6-8)"
ACAD-SVIS-2025-078-SCIE-MID,SVIS-2025-078,"Ira Gupta",CBSE-8,A,Science,"Mid-Term Exam",91,100,2025-09-22,2025-2026,"David Chen","Science & Mathematics Department"
ACAD-SVIS-2025-078-SOCI-MID,SVIS-2025-078,"Ira Gupta",CBSE-8,A,"Social Science","Mid-Term Exam",90,100,2025-09-22,2025-2026,"Arthur Pendelton","Middle School (Grades 6-8)"
ACAD-SVIS-2025-078-ENGL-MID,SVIS-2025-078,"Ira Gupta",CBSE-8,A,English,"Mid-Term Exam",95,100,2025-09-22,2025-2026,"Sarah Jenkins","Languages & Humanities Department"
ACAD-SVIS-2025-078-COMP-MID,SVIS-2025-078,"Ira Gupta",CBSE-8,A,"Computer Science","Mid-Term Exam",90,100,2025-09-22,2025-2026,"Vikram Patel","Secondary Section (Grades 9-10)"
ACAD-SVIS-2025-078-MATH-UNI,SVIS-2025-078,"Ira Gupta",CBSE-8,A,Mathematics,"Unit Test 2",47.5,50,2025-12-15,2025-2026,"Arthur Pendelton","Middle School (Grades 6-8)"
ACAD-SVIS-2025-078-SCIE-UNI,SVIS-2025-078,"Ira Gupta",CBSE-8,A,Science,"Unit Test 2",47.5,50,2025-12-15,2025-2026,"David Chen","Science & Mathematics Department"
ACAD-SVIS-2025-078-SOCI-UNI,SVIS-2025-078,"Ira Gupta",CBSE-8,A,"Social Science","Unit Test 2",46.5,50,2025-12-15,2025-2026,"Arthur Pendelton","Middle School (Grades 6-8)"
ACAD-SVIS-2025-078-ENGL-UNI,SVIS-2025-078,"Ira Gupta",CBSE-8,A,English,"Unit Test 2",44.5,50,2025-12-15,2025-2026,"Sarah Jenkins","Languages & Humanities Department"
ACAD-SVIS-2025-078-COMP-UNI,SVIS-2025-078,"Ira Gupta",CBSE-8,A,"Computer Science","Unit Test 2",49.5,50,2025-12-15,2025-2026,"Vikram Patel","Secondary Section (Grades 9-10)"
ACAD-SVIS-2025-078-MATH-FIN,SVIS-2025-078,"Ira Gupta",CBSE-8,A,Mathematics,"Final Exam",95,100,2026-03-24,2025-2026,"Arthur Pendelton","Middle School (Grades 6-8)"
ACAD-SVIS-2025-078-SCIE-FIN,SVIS-2025-078,"Ira Gupta",CBSE-8,A,Science,"Final Exam",94,100,2026-03-24,2025-2026,"David Chen","Science & Mathematics Department"
ACAD-SVIS-2025-078-SOCI-FIN,SVIS-2025-078,"Ira Gupta",CBSE-8,A,"Social Science","Final Exam",91,100,2026-03-24,2025-2026,"Arthur Pendelton","Middle School (Grades 6-8)"
ACAD-SVIS-2025-078-ENGL-FIN,SVIS-2025-078,"Ira Gupta",CBSE-8,A,English,"Final Exam",92,100,2026-03-24,2025-2026,"Sarah Jenkins","Languages & Humanities Department"
ACAD-SVIS-2025-078-COMP-FIN,SVIS-2025-078,"Ira Gupta",CBSE-8,A,"Computer Science","Final Exam",90,100,2026-03-24,2025-2026,"Vikram Patel","Secondary Section (Grades 9-10)"
ACAD-SVIS-2025-079-MATH-UNI,SVIS-2025-079,"Kavya Choudhury",CBSE-8,B,Mathematics,"Unit Test 1",44,50,2025-07-18,2025-2026,"Arthur Pendelton","Middle School (Grades 6-8)"
ACAD-SVIS-2025-079-SCIE-UNI,SVIS-2025-079,"Kavya Choudhury",CBSE-8,B,Science,"Unit Test 1",44,50,2025-07-18,2025-2026,"David Chen","Science & Mathematics Department"
ACAD-SVIS-2025-079-SOCI-UNI,SVIS-2025-079,"Kavya Choudhury",CBSE-8,B,"Social Science","Unit Test 1",47,50,2025-07-18,2025-2026,"Arthur Pendelton","Middle School (Grades 6-8)"
ACAD-SVIS-2025-079-ENGL-UNI,SVIS-2025-079,"Kavya Choudhury",CBSE-8,B,English,"Unit Test 1",46,50,2025-07-18,2025-2026,"Sarah Jenkins","Languages & Humanities Department"
ACAD-SVIS-2025-079-COMP-UNI,SVIS-2025-079,"Kavya Choudhury",CBSE-8,B,"Computer Science","Unit Test 1",45,50,2025-07-18,2025-2026,"Vikram Patel","Secondary Section (Grades 9-10)"
ACAD-SVIS-2025-079-MATH-MID,SVIS-2025-079,"Kavya Choudhury",CBSE-8,B,Mathematics,"Mid-Term Exam",92,100,2025-09-22,2025-2026,"Arthur Pendelton","Middle School (Grades 6-8)"
ACAD-SVIS-2025-079-SCIE-MID,SVIS-2025-079,"Kavya Choudhury",CBSE-8,B,Science,"Mid-Term Exam",92,100,2025-09-22,2025-2026,"David Chen","Science & Mathematics Department"
ACAD-SVIS-2025-079-SOCI-MID,SVIS-2025-079,"Kavya Choudhury",CBSE-8,B,"Social Science","Mid-Term Exam",94,100,2025-09-22,2025-2026,"Arthur Pendelton","Middle School (Grades 6-8)"
ACAD-SVIS-2025-079-ENGL-MID,SVIS-2025-079,"Kavya Choudhury",CBSE-8,B,English,"Mid-Term Exam",96,100,2025-09-22,2025-2026,"Sarah Jenkins","Languages & Humanities Department"
ACAD-SVIS-2025-079-COMP-MID,SVIS-2025-079,"Kavya Choudhury",CBSE-8,B,"Computer Science","Mid-Term Exam",95,100,2025-09-22,2025-2026,"Vikram Patel","Secondary Section (Grades 9-10)"
ACAD-SVIS-2025-079-MATH-UNI,SVIS-2025-079,"Kavya Choudhury",CBSE-8,B,Mathematics,"Unit Test 2",44,50,2025-12-15,2025-2026,"Arthur Pendelton","Middle School (Grades 6-8)"
ACAD-SVIS-2025-079-SCIE-UNI,SVIS-2025-079,"Kavya Choudhury",CBSE-8,B,Science,"Unit Test 2",44,50,2025-12-15,2025-2026,"David Chen","Science & Mathematics Department"
ACAD-SVIS-2025-079-SOCI-UNI,SVIS-2025-079,"Kavya Choudhury",CBSE-8,B,"Social Science","Unit Test 2",47,50,2025-12-15,2025-2026,"Arthur Pendelton","Middle School (Grades 6-8)"
ACAD-SVIS-2025-079-ENGL-UNI,SVIS-2025-079,"Kavya Choudhury",CBSE-8,B,English,"Unit Test 2",46,50,2025-12-15,2025-2026,"Sarah Jenkins","Languages & Humanities Department"
ACAD-SVIS-2025-079-COMP-UNI,SVIS-2025-079,"Kavya Choudhury",CBSE-8,B,"Computer Science","Unit Test 2",45,50,2025-12-15,2025-2026,"Vikram Patel","Secondary Section (Grades 9-10)"
ACAD-SVIS-2025-079-MATH-FIN,SVIS-2025-079,"Kavya Choudhury",CBSE-8,B,Mathematics,"Final Exam",97,100,2026-03-24,2025-2026,"Arthur Pendelton","Middle School (Grades 6-8)"
ACAD-SVIS-2025-079-SCIE-FIN,SVIS-2025-079,"Kavya Choudhury",CBSE-8,B,Science,"Final Exam",93,100,2026-03-24,2025-2026,"David Chen","Science & Mathematics Department"
ACAD-SVIS-2025-079-SOCI-FIN,SVIS-2025-079,"Kavya Choudhury",CBSE-8,B,"Social Science","Final Exam",92,100,2026-03-24,2025-2026,"Arthur Pendelton","Middle School (Grades 6-8)"
ACAD-SVIS-2025-079-ENGL-FIN,SVIS-2025-079,"Kavya Choudhury",CBSE-8,B,English,"Final Exam",95,100,2026-03-24,2025-2026,"Sarah Jenkins","Languages & Humanities Department"
ACAD-SVIS-2025-079-COMP-FIN,SVIS-2025-079,"Kavya Choudhury",CBSE-8,B,"Computer Science","Final Exam",96,100,2026-03-24,2025-2026,"Vikram Patel","Secondary Section (Grades 9-10)"
ACAD-SVIS-2025-080-MATH-UNI,SVIS-2025-080,"Aarav Sharma",CBSE-8,A,Mathematics,"Unit Test 1",29.5,50,2025-07-18,2025-2026,"Arthur Pendelton","Middle School (Grades 6-8)"
ACAD-SVIS-2025-080-SCIE-UNI,SVIS-2025-080,"Aarav Sharma",CBSE-8,A,Science,"Unit Test 1",28.5,50,2025-07-18,2025-2026,"David Chen","Science & Mathematics Department"
ACAD-SVIS-2025-080-SOCI-UNI,SVIS-2025-080,"Aarav Sharma",CBSE-8,A,"Social Science","Unit Test 1",28.5,50,2025-07-18,2025-2026,"Arthur Pendelton","Middle School (Grades 6-8)"
ACAD-SVIS-2025-080-ENGL-UNI,SVIS-2025-080,"Aarav Sharma",CBSE-8,A,English,"Unit Test 1",26.5,50,2025-07-18,2025-2026,"Sarah Jenkins","Languages & Humanities Department"
ACAD-SVIS-2025-080-COMP-UNI,SVIS-2025-080,"Aarav Sharma",CBSE-8,A,"Computer Science","Unit Test 1",25.5,50,2025-07-18,2025-2026,"Vikram Patel","Secondary Section (Grades 9-10)"
ACAD-SVIS-2025-080-MATH-MID,SVIS-2025-080,"Aarav Sharma",CBSE-8,A,Mathematics,"Mid-Term Exam",54,100,2025-09-22,2025-2026,"Arthur Pendelton","Middle School (Grades 6-8)"
ACAD-SVIS-2025-080-SCIE-MID,SVIS-2025-080,"Aarav Sharma",CBSE-8,A,Science,"Mid-Term Exam",54,100,2025-09-22,2025-2026,"David Chen","Science & Mathematics Department"
ACAD-SVIS-2025-080-SOCI-MID,SVIS-2025-080,"Aarav Sharma",CBSE-8,A,"Social Science","Mid-Term Exam",53,100,2025-09-22,2025-2026,"Arthur Pendelton","Middle School (Grades 6-8)"
ACAD-SVIS-2025-080-ENGL-MID,SVIS-2025-080,"Aarav Sharma",CBSE-8,A,English,"Mid-Term Exam",55,100,2025-09-22,2025-2026,"Sarah Jenkins","Languages & Humanities Department"
ACAD-SVIS-2025-080-COMP-MID,SVIS-2025-080,"Aarav Sharma",CBSE-8,A,"Computer Science","Mid-Term Exam",58,100,2025-09-22,2025-2026,"Vikram Patel","Secondary Section (Grades 9-10)"
ACAD-SVIS-2025-080-MATH-UNI,SVIS-2025-080,"Aarav Sharma",CBSE-8,A,Mathematics,"Unit Test 2",29.5,50,2025-12-15,2025-2026,"Arthur Pendelton","Middle School (Grades 6-8)"
ACAD-SVIS-2025-080-SCIE-UNI,SVIS-2025-080,"Aarav Sharma",CBSE-8,A,Science,"Unit Test 2",28.5,50,2025-12-15,2025-2026,"David Chen","Science & Mathematics Department"
ACAD-SVIS-2025-080-SOCI-UNI,SVIS-2025-080,"Aarav Sharma",CBSE-8,A,"Social Science","Unit Test 2",28.5,50,2025-12-15,2025-2026,"Arthur Pendelton","Middle School (Grades 6-8)"
ACAD-SVIS-2025-080-ENGL-UNI,SVIS-2025-080,"Aarav Sharma",CBSE-8,A,English,"Unit Test 2",26.5,50,2025-12-15,2025-2026,"Sarah Jenkins","Languages & Humanities Department"
ACAD-SVIS-2025-080-COMP-UNI,SVIS-2025-080,"Aarav Sharma",CBSE-8,A,"Computer Science","Unit Test 2",25.5,50,2025-12-15,2025-2026,"Vikram Patel","Secondary Section (Grades 9-10)"
ACAD-SVIS-2025-080-MATH-FIN,SVIS-2025-080,"Aarav Sharma",CBSE-8,A,Mathematics,"Final Exam",55,100,2026-03-24,2025-2026,"Arthur Pendelton","Middle School (Grades 6-8)"
ACAD-SVIS-2025-080-SCIE-FIN,SVIS-2025-080,"Aarav Sharma",CBSE-8,A,Science,"Final Exam",54,100,2026-03-24,2025-2026,"David Chen","Science & Mathematics Department"
ACAD-SVIS-2025-080-SOCI-FIN,SVIS-2025-080,"Aarav Sharma",CBSE-8,A,"Social Science","Final Exam",55,100,2026-03-24,2025-2026,"Arthur Pendelton","Middle School (Grades 6-8)"
ACAD-SVIS-2025-080-ENGL-FIN,SVIS-2025-080,"Aarav Sharma",CBSE-8,A,English,"Final Exam",52,100,2026-03-24,2025-2026,"Sarah Jenkins","Languages & Humanities Department"
ACAD-SVIS-2025-080-COMP-FIN,SVIS-2025-080,"Aarav Sharma",CBSE-8,A,"Computer Science","Final Exam",53,100,2026-03-24,2025-2026,"Vikram Patel","Secondary Section (Grades 9-10)"
ACAD-SVIS-2025-081-MATH-UNI,SVIS-2025-081,"Vihaan Singh",CBSE-8,B,Mathematics,"Unit Test 1",28,50,2025-07-18,2025-2026,"Arthur Pendelton","Middle School (Grades 6-8)"
ACAD-SVIS-2025-081-SCIE-UNI,SVIS-2025-081,"Vihaan Singh",CBSE-8,B,Science,"Unit Test 1",27,50,2025-07-18,2025-2026,"David Chen","Science & Mathematics Department"
ACAD-SVIS-2025-081-SOCI-UNI,SVIS-2025-081,"Vihaan Singh",CBSE-8,B,"Social Science","Unit Test 1",29,50,2025-07-18,2025-2026,"Arthur Pendelton","Middle School (Grades 6-8)"
ACAD-SVIS-2025-081-ENGL-UNI,SVIS-2025-081,"Vihaan Singh",CBSE-8,B,English,"Unit Test 1",29,50,2025-07-18,2025-2026,"Sarah Jenkins","Languages & Humanities Department"
ACAD-SVIS-2025-081-COMP-UNI,SVIS-2025-081,"Vihaan Singh",CBSE-8,B,"Computer Science","Unit Test 1",25,50,2025-07-18,2025-2026,"Vikram Patel","Secondary Section (Grades 9-10)"
ACAD-SVIS-2025-081-MATH-MID,SVIS-2025-081,"Vihaan Singh",CBSE-8,B,Mathematics,"Mid-Term Exam",58,100,2025-09-22,2025-2026,"Arthur Pendelton","Middle School (Grades 6-8)"
ACAD-SVIS-2025-081-SCIE-MID,SVIS-2025-081,"Vihaan Singh",CBSE-8,B,Science,"Mid-Term Exam",53,100,2025-09-22,2025-2026,"David Chen","Science & Mathematics Department"
ACAD-SVIS-2025-081-SOCI-MID,SVIS-2025-081,"Vihaan Singh",CBSE-8,B,"Social Science","Mid-Term Exam",57,100,2025-09-22,2025-2026,"Arthur Pendelton","Middle School (Grades 6-8)"
ACAD-SVIS-2025-081-ENGL-MID,SVIS-2025-081,"Vihaan Singh",CBSE-8,B,English,"Mid-Term Exam",57,100,2025-09-22,2025-2026,"Sarah Jenkins","Languages & Humanities Department"
ACAD-SVIS-2025-081-COMP-MID,SVIS-2025-081,"Vihaan Singh",CBSE-8,B,"Computer Science","Mid-Term Exam",57,100,2025-09-22,2025-2026,"Vikram Patel","Secondary Section (Grades 9-10)"
ACAD-SVIS-2025-081-MATH-UNI,SVIS-2025-081,"Vihaan Singh",CBSE-8,B,Mathematics,"Unit Test 2",28,50,2025-12-15,2025-2026,"Arthur Pendelton","Middle School (Grades 6-8)"
ACAD-SVIS-2025-081-SCIE-UNI,SVIS-2025-081,"Vihaan Singh",CBSE-8,B,Science,"Unit Test 2",27,50,2025-12-15,2025-2026,"David Chen","Science & Mathematics Department"
ACAD-SVIS-2025-081-SOCI-UNI,SVIS-2025-081,"Vihaan Singh",CBSE-8,B,"Social Science","Unit Test 2",29,50,2025-12-15,2025-2026,"Arthur Pendelton","Middle School (Grades 6-8)"
ACAD-SVIS-2025-081-ENGL-UNI,SVIS-2025-081,"Vihaan Singh",CBSE-8,B,English,"Unit Test 2",29,50,2025-12-15,2025-2026,"Sarah Jenkins","Languages & Humanities Department"
ACAD-SVIS-2025-081-COMP-UNI,SVIS-2025-081,"Vihaan Singh",CBSE-8,B,"Computer Science","Unit Test 2",25,50,2025-12-15,2025-2026,"Vikram Patel","Secondary Section (Grades 9-10)"
ACAD-SVIS-2025-081-MATH-FIN,SVIS-2025-081,"Vihaan Singh",CBSE-8,B,Mathematics,"Final Exam",58,100,2026-03-24,2025-2026,"Arthur Pendelton","Middle School (Grades 6-8)"
ACAD-SVIS-2025-081-SCIE-FIN,SVIS-2025-081,"Vihaan Singh",CBSE-8,B,Science,"Final Exam",56,100,2026-03-24,2025-2026,"David Chen","Science & Mathematics Department"
ACAD-SVIS-2025-081-SOCI-FIN,SVIS-2025-081,"Vihaan Singh",CBSE-8,B,"Social Science","Final Exam",55,100,2026-03-24,2025-2026,"Arthur Pendelton","Middle School (Grades 6-8)"
ACAD-SVIS-2025-081-ENGL-FIN,SVIS-2025-081,"Vihaan Singh",CBSE-8,B,English,"Final Exam",55,100,2026-03-24,2025-2026,"Sarah Jenkins","Languages & Humanities Department"
ACAD-SVIS-2025-081-COMP-FIN,SVIS-2025-081,"Vihaan Singh",CBSE-8,B,"Computer Science","Final Exam",55,100,2026-03-24,2025-2026,"Vikram Patel","Secondary Section (Grades 9-10)"
ACAD-SVIS-2025-082-MATH-UNI,SVIS-2025-082,"Reyansh Mehta",CBSE-8,A,Mathematics,"Unit Test 1",27.5,50,2025-07-18,2025-2026,"Arthur Pendelton","Middle School (Grades 6-8)"
ACAD-SVIS-2025-082-SCIE-UNI,SVIS-2025-082,"Reyansh Mehta",CBSE-8,A,Science,"Unit Test 1",31.5,50,2025-07-18,2025-2026,"David Chen","Science & Mathematics Department"
ACAD-SVIS-2025-082-SOCI-UNI,SVIS-2025-082,"Reyansh Mehta",CBSE-8,A,"Social Science","Unit Test 1",27.5,50,2025-07-18,2025-2026,"Arthur Pendelton","Middle School (Grades 6-8)"
ACAD-SVIS-2025-082-ENGL-UNI,SVIS-2025-082,"Reyansh Mehta",CBSE-8,A,English,"Unit Test 1",31.5,50,2025-07-18,2025-2026,"Sarah Jenkins","Languages & Humanities Department"
ACAD-SVIS-2025-082-COMP-UNI,SVIS-2025-082,"Reyansh Mehta",CBSE-8,A,"Computer Science","Unit Test 1",29.5,50,2025-07-18,2025-2026,"Vikram Patel","Secondary Section (Grades 9-10)"
ACAD-SVIS-2025-082-MATH-MID,SVIS-2025-082,"Reyansh Mehta",CBSE-8,A,Mathematics,"Mid-Term Exam",54,100,2025-09-22,2025-2026,"Arthur Pendelton","Middle School (Grades 6-8)"
ACAD-SVIS-2025-082-SCIE-MID,SVIS-2025-082,"Reyansh Mehta",CBSE-8,A,Science,"Mid-Term Exam",57,100,2025-09-22,2025-2026,"David Chen","Science & Mathematics Department"
ACAD-SVIS-2025-082-SOCI-MID,SVIS-2025-082,"Reyansh Mehta",CBSE-8,A,"Social Science","Mid-Term Exam",60,100,2025-09-22,2025-2026,"Arthur Pendelton","Middle School (Grades 6-8)"
ACAD-SVIS-2025-082-ENGL-MID,SVIS-2025-082,"Reyansh Mehta",CBSE-8,A,English,"Mid-Term Exam",57,100,2025-09-22,2025-2026,"Sarah Jenkins","Languages & Humanities Department"
ACAD-SVIS-2025-082-COMP-MID,SVIS-2025-082,"Reyansh Mehta",CBSE-8,A,"Computer Science","Mid-Term Exam",60,100,2025-09-22,2025-2026,"Vikram Patel","Secondary Section (Grades 9-10)"
ACAD-SVIS-2025-082-MATH-UNI,SVIS-2025-082,"Reyansh Mehta",CBSE-8,A,Mathematics,"Unit Test 2",27.5,50,2025-12-15,2025-2026,"Arthur Pendelton","Middle School (Grades 6-8)"
ACAD-SVIS-2025-082-SCIE-UNI,SVIS-2025-082,"Reyansh Mehta",CBSE-8,A,Science,"Unit Test 2",31.5,50,2025-12-15,2025-2026,"David Chen","Science & Mathematics Department"
ACAD-SVIS-2025-082-SOCI-UNI,SVIS-2025-082,"Reyansh Mehta",CBSE-8,A,"Social Science","Unit Test 2",27.5,50,2025-12-15,2025-2026,"Arthur Pendelton","Middle School (Grades 6-8)"
ACAD-SVIS-2025-082-ENGL-UNI,SVIS-2025-082,"Reyansh Mehta",CBSE-8,A,English,"Unit Test 2",31.5,50,2025-12-15,2025-2026,"Sarah Jenkins","Languages & Humanities Department"
ACAD-SVIS-2025-082-COMP-UNI,SVIS-2025-082,"Reyansh Mehta",CBSE-8,A,"Computer Science","Unit Test 2",29.5,50,2025-12-15,2025-2026,"Vikram Patel","Secondary Section (Grades 9-10)"
ACAD-SVIS-2025-082-MATH-FIN,SVIS-2025-082,"Reyansh Mehta",CBSE-8,A,Mathematics,"Final Exam",54,100,2026-03-24,2025-2026,"Arthur Pendelton","Middle School (Grades 6-8)"
ACAD-SVIS-2025-082-SCIE-FIN,SVIS-2025-082,"Reyansh Mehta",CBSE-8,A,Science,"Final Exam",58,100,2026-03-24,2025-2026,"David Chen","Science & Mathematics Department"
ACAD-SVIS-2025-082-SOCI-FIN,SVIS-2025-082,"Reyansh Mehta",CBSE-8,A,"Social Science","Final Exam",57,100,2026-03-24,2025-2026,"Arthur Pendelton","Middle School (Grades 6-8)"
ACAD-SVIS-2025-082-ENGL-FIN,SVIS-2025-082,"Reyansh Mehta",CBSE-8,A,English,"Final Exam",56,100,2026-03-24,2025-2026,"Sarah Jenkins","Languages & Humanities Department"
ACAD-SVIS-2025-082-COMP-FIN,SVIS-2025-082,"Reyansh Mehta",CBSE-8,A,"Computer Science","Final Exam",58,100,2026-03-24,2025-2026,"Vikram Patel","Secondary Section (Grades 9-10)"
ACAD-SVIS-2025-083-MATH-UNI,SVIS-2025-083,"Ishaan Verma",CBSE-8,B,Mathematics,"Unit Test 1",31,50,2025-07-18,2025-2026,"Arthur Pendelton","Middle School (Grades 6-8)"
ACAD-SVIS-2025-083-SCIE-UNI,SVIS-2025-083,"Ishaan Verma",CBSE-8,B,Science,"Unit Test 1",26,50,2025-07-18,2025-2026,"David Chen","Science & Mathematics Department"
ACAD-SVIS-2025-083-SOCI-UNI,SVIS-2025-083,"Ishaan Verma",CBSE-8,B,"Social Science","Unit Test 1",26,50,2025-07-18,2025-2026,"Arthur Pendelton","Middle School (Grades 6-8)"
ACAD-SVIS-2025-083-ENGL-UNI,SVIS-2025-083,"Ishaan Verma",CBSE-8,B,English,"Unit Test 1",29,50,2025-07-18,2025-2026,"Sarah Jenkins","Languages & Humanities Department"
ACAD-SVIS-2025-083-COMP-UNI,SVIS-2025-083,"Ishaan Verma",CBSE-8,B,"Computer Science","Unit Test 1",26,50,2025-07-18,2025-2026,"Vikram Patel","Secondary Section (Grades 9-10)"
ACAD-SVIS-2025-083-MATH-MID,SVIS-2025-083,"Ishaan Verma",CBSE-8,B,Mathematics,"Mid-Term Exam",55,100,2025-09-22,2025-2026,"Arthur Pendelton","Middle School (Grades 6-8)"
ACAD-SVIS-2025-083-SCIE-MID,SVIS-2025-083,"Ishaan Verma",CBSE-8,B,Science,"Mid-Term Exam",56,100,2025-09-22,2025-2026,"David Chen","Science & Mathematics Department"
ACAD-SVIS-2025-083-SOCI-MID,SVIS-2025-083,"Ishaan Verma",CBSE-8,B,"Social Science","Mid-Term Exam",55,100,2025-09-22,2025-2026,"Arthur Pendelton","Middle School (Grades 6-8)"
ACAD-SVIS-2025-083-ENGL-MID,SVIS-2025-083,"Ishaan Verma",CBSE-8,B,English,"Mid-Term Exam",61,100,2025-09-22,2025-2026,"Sarah Jenkins","Languages & Humanities Department"
ACAD-SVIS-2025-083-COMP-MID,SVIS-2025-083,"Ishaan Verma",CBSE-8,B,"Computer Science","Mid-Term Exam",57,100,2025-09-22,2025-2026,"Vikram Patel","Secondary Section (Grades 9-10)"
ACAD-SVIS-2025-083-MATH-UNI,SVIS-2025-083,"Ishaan Verma",CBSE-8,B,Mathematics,"Unit Test 2",31,50,2025-12-15,2025-2026,"Arthur Pendelton","Middle School (Grades 6-8)"
ACAD-SVIS-2025-083-SCIE-UNI,SVIS-2025-083,"Ishaan Verma",CBSE-8,B,Science,"Unit Test 2",26,50,2025-12-15,2025-2026,"David Chen","Science & Mathematics Department"
ACAD-SVIS-2025-083-SOCI-UNI,SVIS-2025-083,"Ishaan Verma",CBSE-8,B,"Social Science","Unit Test 2",26,50,2025-12-15,2025-2026,"Arthur Pendelton","Middle School (Grades 6-8)"
ACAD-SVIS-2025-083-ENGL-UNI,SVIS-2025-083,"Ishaan Verma",CBSE-8,B,English,"Unit Test 2",29,50,2025-12-15,2025-2026,"Sarah Jenkins","Languages & Humanities Department"
ACAD-SVIS-2025-083-COMP-UNI,SVIS-2025-083,"Ishaan Verma",CBSE-8,B,"Computer Science","Unit Test 2",26,50,2025-12-15,2025-2026,"Vikram Patel","Secondary Section (Grades 9-10)"
ACAD-SVIS-2025-083-MATH-FIN,SVIS-2025-083,"Ishaan Verma",CBSE-8,B,Mathematics,"Final Exam",59,100,2026-03-24,2025-2026,"Arthur Pendelton","Middle School (Grades 6-8)"
ACAD-SVIS-2025-083-SCIE-FIN,SVIS-2025-083,"Ishaan Verma",CBSE-8,B,Science,"Final Exam",61,100,2026-03-24,2025-2026,"David Chen","Science & Mathematics Department"
ACAD-SVIS-2025-083-SOCI-FIN,SVIS-2025-083,"Ishaan Verma",CBSE-8,B,"Social Science","Final Exam",55,100,2026-03-24,2025-2026,"Arthur Pendelton","Middle School (Grades 6-8)"
ACAD-SVIS-2025-083-ENGL-FIN,SVIS-2025-083,"Ishaan Verma",CBSE-8,B,English,"Final Exam",61,100,2026-03-24,2025-2026,"Sarah Jenkins","Languages & Humanities Department"
ACAD-SVIS-2025-083-COMP-FIN,SVIS-2025-083,"Ishaan Verma",CBSE-8,B,"Computer Science","Final Exam",56,100,2026-03-24,2025-2026,"Vikram Patel","Secondary Section (Grades 9-10)"
ACAD-SVIS-2025-084-MATH-UNI,SVIS-2025-084,"Advik Deshmukh",CBSE-8,A,Mathematics,"Unit Test 1",28.5,50,2025-07-18,2025-2026,"Arthur Pendelton","Middle School (Grades 6-8)"
ACAD-SVIS-2025-084-SCIE-UNI,SVIS-2025-084,"Advik Deshmukh",CBSE-8,A,Science,"Unit Test 1",26.5,50,2025-07-18,2025-2026,"David Chen","Science & Mathematics Department"
ACAD-SVIS-2025-084-SOCI-UNI,SVIS-2025-084,"Advik Deshmukh",CBSE-8,A,"Social Science","Unit Test 1",32.5,50,2025-07-18,2025-2026,"Arthur Pendelton","Middle School (Grades 6-8)"
ACAD-SVIS-2025-084-ENGL-UNI,SVIS-2025-084,"Advik Deshmukh",CBSE-8,A,English,"Unit Test 1",29.5,50,2025-07-18,2025-2026,"Sarah Jenkins","Languages & Humanities Department"
ACAD-SVIS-2025-084-COMP-UNI,SVIS-2025-084,"Advik Deshmukh",CBSE-8,A,"Computer Science","Unit Test 1",30.5,50,2025-07-18,2025-2026,"Vikram Patel","Secondary Section (Grades 9-10)"
ACAD-SVIS-2025-084-MATH-MID,SVIS-2025-084,"Advik Deshmukh",CBSE-8,A,Mathematics,"Mid-Term Exam",61,100,2025-09-22,2025-2026,"Arthur Pendelton","Middle School (Grades 6-8)"
ACAD-SVIS-2025-084-SCIE-MID,SVIS-2025-084,"Advik Deshmukh",CBSE-8,A,Science,"Mid-Term Exam",57,100,2025-09-22,2025-2026,"David Chen","Science & Mathematics Department"
ACAD-SVIS-2025-084-SOCI-MID,SVIS-2025-084,"Advik Deshmukh",CBSE-8,A,"Social Science","Mid-Term Exam",61,100,2025-09-22,2025-2026,"Arthur Pendelton","Middle School (Grades 6-8)"
ACAD-SVIS-2025-084-ENGL-MID,SVIS-2025-084,"Advik Deshmukh",CBSE-8,A,English,"Mid-Term Exam",57,100,2025-09-22,2025-2026,"Sarah Jenkins","Languages & Humanities Department"
ACAD-SVIS-2025-084-COMP-MID,SVIS-2025-084,"Advik Deshmukh",CBSE-8,A,"Computer Science","Mid-Term Exam",60,100,2025-09-22,2025-2026,"Vikram Patel","Secondary Section (Grades 9-10)"
ACAD-SVIS-2025-084-MATH-UNI,SVIS-2025-084,"Advik Deshmukh",CBSE-8,A,Mathematics,"Unit Test 2",28.5,50,2025-12-15,2025-2026,"Arthur Pendelton","Middle School (Grades 6-8)"
ACAD-SVIS-2025-084-SCIE-UNI,SVIS-2025-084,"Advik Deshmukh",CBSE-8,A,Science,"Unit Test 2",26.5,50,2025-12-15,2025-2026,"David Chen","Science & Mathematics Department"
ACAD-SVIS-2025-084-SOCI-UNI,SVIS-2025-084,"Advik Deshmukh",CBSE-8,A,"Social Science","Unit Test 2",32.5,50,2025-12-15,2025-2026,"Arthur Pendelton","Middle School (Grades 6-8)"
ACAD-SVIS-2025-084-ENGL-UNI,SVIS-2025-084,"Advik Deshmukh",CBSE-8,A,English,"Unit Test 2",29.5,50,2025-12-15,2025-2026,"Sarah Jenkins","Languages & Humanities Department"
ACAD-SVIS-2025-084-COMP-UNI,SVIS-2025-084,"Advik Deshmukh",CBSE-8,A,"Computer Science","Unit Test 2",30.5,50,2025-12-15,2025-2026,"Vikram Patel","Secondary Section (Grades 9-10)"
ACAD-SVIS-2025-084-MATH-FIN,SVIS-2025-084,"Advik Deshmukh",CBSE-8,A,Mathematics,"Final Exam",57,100,2026-03-24,2025-2026,"Arthur Pendelton","Middle School (Grades 6-8)"
ACAD-SVIS-2025-084-SCIE-FIN,SVIS-2025-084,"Advik Deshmukh",CBSE-8,A,Science,"Final Exam",58,100,2026-03-24,2025-2026,"David Chen","Science & Mathematics Department"
ACAD-SVIS-2025-084-SOCI-FIN,SVIS-2025-084,"Advik Deshmukh",CBSE-8,A,"Social Science","Final Exam",60,100,2026-03-24,2025-2026,"Arthur Pendelton","Middle School (Grades 6-8)"
ACAD-SVIS-2025-084-ENGL-FIN,SVIS-2025-084,"Advik Deshmukh",CBSE-8,A,English,"Final Exam",57,100,2026-03-24,2025-2026,"Sarah Jenkins","Languages & Humanities Department"
ACAD-SVIS-2025-084-COMP-FIN,SVIS-2025-084,"Advik Deshmukh",CBSE-8,A,"Computer Science","Final Exam",57,100,2026-03-24,2025-2026,"Vikram Patel","Secondary Section (Grades 9-10)"
ACAD-SVIS-2025-085-MATH-UNI,SVIS-2025-085,"Ananya Shah",CBSE-8,B,Mathematics,"Unit Test 1",30,50,2025-07-18,2025-2026,"Arthur Pendelton","Middle School (Grades 6-8)"
ACAD-SVIS-2025-085-SCIE-UNI,SVIS-2025-085,"Ananya Shah",CBSE-8,B,Science,"Unit Test 1",27,50,2025-07-18,2025-2026,"David Chen","Science & Mathematics Department"
ACAD-SVIS-2025-085-SOCI-UNI,SVIS-2025-085,"Ananya Shah",CBSE-8,B,"Social Science","Unit Test 1",29,50,2025-07-18,2025-2026,"Arthur Pendelton","Middle School (Grades 6-8)"
ACAD-SVIS-2025-085-ENGL-UNI,SVIS-2025-085,"Ananya Shah",CBSE-8,B,English,"Unit Test 1",29,50,2025-07-18,2025-2026,"Sarah Jenkins","Languages & Humanities Department"
ACAD-SVIS-2025-085-COMP-UNI,SVIS-2025-085,"Ananya Shah",CBSE-8,B,"Computer Science","Unit Test 1",33,50,2025-07-18,2025-2026,"Vikram Patel","Secondary Section (Grades 9-10)"
ACAD-SVIS-2025-085-MATH-MID,SVIS-2025-085,"Ananya Shah",CBSE-8,B,Mathematics,"Mid-Term Exam",57,100,2025-09-22,2025-2026,"Arthur Pendelton","Middle School (Grades 6-8)"
ACAD-SVIS-2025-085-SCIE-MID,SVIS-2025-085,"Ananya Shah",CBSE-8,B,Science,"Mid-Term Exam",60,100,2025-09-22,2025-2026,"David Chen","Science & Mathematics Department"
ACAD-SVIS-2025-085-SOCI-MID,SVIS-2025-085,"Ananya Shah",CBSE-8,B,"Social Science","Mid-Term Exam",63,100,2025-09-22,2025-2026,"Arthur Pendelton","Middle School (Grades 6-8)"
ACAD-SVIS-2025-085-ENGL-MID,SVIS-2025-085,"Ananya Shah",CBSE-8,B,English,"Mid-Term Exam",61,100,2025-09-22,2025-2026,"Sarah Jenkins","Languages & Humanities Department"
ACAD-SVIS-2025-085-COMP-MID,SVIS-2025-085,"Ananya Shah",CBSE-8,B,"Computer Science","Mid-Term Exam",59,100,2025-09-22,2025-2026,"Vikram Patel","Secondary Section (Grades 9-10)"
ACAD-SVIS-2025-085-MATH-UNI,SVIS-2025-085,"Ananya Shah",CBSE-8,B,Mathematics,"Unit Test 2",30,50,2025-12-15,2025-2026,"Arthur Pendelton","Middle School (Grades 6-8)"
ACAD-SVIS-2025-085-SCIE-UNI,SVIS-2025-085,"Ananya Shah",CBSE-8,B,Science,"Unit Test 2",27,50,2025-12-15,2025-2026,"David Chen","Science & Mathematics Department"
ACAD-SVIS-2025-085-SOCI-UNI,SVIS-2025-085,"Ananya Shah",CBSE-8,B,"Social Science","Unit Test 2",29,50,2025-12-15,2025-2026,"Arthur Pendelton","Middle School (Grades 6-8)"
ACAD-SVIS-2025-085-ENGL-UNI,SVIS-2025-085,"Ananya Shah",CBSE-8,B,English,"Unit Test 2",29,50,2025-12-15,2025-2026,"Sarah Jenkins","Languages & Humanities Department"
ACAD-SVIS-2025-085-COMP-UNI,SVIS-2025-085,"Ananya Shah",CBSE-8,B,"Computer Science","Unit Test 2",33,50,2025-12-15,2025-2026,"Vikram Patel","Secondary Section (Grades 9-10)"
ACAD-SVIS-2025-085-MATH-FIN,SVIS-2025-085,"Ananya Shah",CBSE-8,B,Mathematics,"Final Exam",59,100,2026-03-24,2025-2026,"Arthur Pendelton","Middle School (Grades 6-8)"
ACAD-SVIS-2025-085-SCIE-FIN,SVIS-2025-085,"Ananya Shah",CBSE-8,B,Science,"Final Exam",58,100,2026-03-24,2025-2026,"David Chen","Science & Mathematics Department"
ACAD-SVIS-2025-085-SOCI-FIN,SVIS-2025-085,"Ananya Shah",CBSE-8,B,"Social Science","Final Exam",60,100,2026-03-24,2025-2026,"Arthur Pendelton","Middle School (Grades 6-8)"
ACAD-SVIS-2025-085-ENGL-FIN,SVIS-2025-085,"Ananya Shah",CBSE-8,B,English,"Final Exam",60,100,2026-03-24,2025-2026,"Sarah Jenkins","Languages & Humanities Department"
ACAD-SVIS-2025-085-COMP-FIN,SVIS-2025-085,"Ananya Shah",CBSE-8,B,"Computer Science","Final Exam",58,100,2026-03-24,2025-2026,"Vikram Patel","Secondary Section (Grades 9-10)"
ACAD-SVIS-2025-086-MATH-UNI,SVIS-2025-086,"Aadhya Patel",CBSE-8,A,Mathematics,"Unit Test 1",29.5,50,2025-07-18,2025-2026,"Arthur Pendelton","Middle School (Grades 6-8)"
ACAD-SVIS-2025-086-SCIE-UNI,SVIS-2025-086,"Aadhya Patel",CBSE-8,A,Science,"Unit Test 1",33.5,50,2025-07-18,2025-2026,"David Chen","Science & Mathematics Department"
ACAD-SVIS-2025-086-SOCI-UNI,SVIS-2025-086,"Aadhya Patel",CBSE-8,A,"Social Science","Unit Test 1",32.5,50,2025-07-18,2025-2026,"Arthur Pendelton","Middle School (Grades 6-8)"
ACAD-SVIS-2025-086-ENGL-UNI,SVIS-2025-086,"Aadhya Patel",CBSE-8,A,English,"Unit Test 1",28.5,50,2025-07-18,2025-2026,"Sarah Jenkins","Languages & Humanities Department"
ACAD-SVIS-2025-086-COMP-UNI,SVIS-2025-086,"Aadhya Patel",CBSE-8,A,"Computer Science","Unit Test 1",32.5,50,2025-07-18,2025-2026,"Vikram Patel","Secondary Section (Grades 9-10)"
ACAD-SVIS-2025-086-MATH-MID,SVIS-2025-086,"Aadhya Patel",CBSE-8,A,Mathematics,"Mid-Term Exam",62,100,2025-09-22,2025-2026,"Arthur Pendelton","Middle School (Grades 6-8)"
ACAD-SVIS-2025-086-SCIE-MID,SVIS-2025-086,"Aadhya Patel",CBSE-8,A,Science,"Mid-Term Exam",60,100,2025-09-22,2025-2026,"David Chen","Science & Mathematics Department"
ACAD-SVIS-2025-086-SOCI-MID,SVIS-2025-086,"Aadhya Patel",CBSE-8,A,"Social Science","Mid-Term Exam",63,100,2025-09-22,2025-2026,"Arthur Pendelton","Middle School (Grades 6-8)"
ACAD-SVIS-2025-086-ENGL-MID,SVIS-2025-086,"Aadhya Patel",CBSE-8,A,English,"Mid-Term Exam",61,100,2025-09-22,2025-2026,"Sarah Jenkins","Languages & Humanities Department"
ACAD-SVIS-2025-086-COMP-MID,SVIS-2025-086,"Aadhya Patel",CBSE-8,A,"Computer Science","Mid-Term Exam",60,100,2025-09-22,2025-2026,"Vikram Patel","Secondary Section (Grades 9-10)"
ACAD-SVIS-2025-086-MATH-UNI,SVIS-2025-086,"Aadhya Patel",CBSE-8,A,Mathematics,"Unit Test 2",29.5,50,2025-12-15,2025-2026,"Arthur Pendelton","Middle School (Grades 6-8)"
ACAD-SVIS-2025-086-SCIE-UNI,SVIS-2025-086,"Aadhya Patel",CBSE-8,A,Science,"Unit Test 2",33.5,50,2025-12-15,2025-2026,"David Chen","Science & Mathematics Department"
ACAD-SVIS-2025-086-SOCI-UNI,SVIS-2025-086,"Aadhya Patel",CBSE-8,A,"Social Science","Unit Test 2",32.5,50,2025-12-15,2025-2026,"Arthur Pendelton","Middle School (Grades 6-8)"
ACAD-SVIS-2025-086-ENGL-UNI,SVIS-2025-086,"Aadhya Patel",CBSE-8,A,English,"Unit Test 2",28.5,50,2025-12-15,2025-2026,"Sarah Jenkins","Languages & Humanities Department"
ACAD-SVIS-2025-086-COMP-UNI,SVIS-2025-086,"Aadhya Patel",CBSE-8,A,"Computer Science","Unit Test 2",32.5,50,2025-12-15,2025-2026,"Vikram Patel","Secondary Section (Grades 9-10)"
ACAD-SVIS-2025-086-MATH-FIN,SVIS-2025-086,"Aadhya Patel",CBSE-8,A,Mathematics,"Final Exam",62,100,2026-03-24,2025-2026,"Arthur Pendelton","Middle School (Grades 6-8)"
ACAD-SVIS-2025-086-SCIE-FIN,SVIS-2025-086,"Aadhya Patel",CBSE-8,A,Science,"Final Exam",60,100,2026-03-24,2025-2026,"David Chen","Science & Mathematics Department"
ACAD-SVIS-2025-086-SOCI-FIN,SVIS-2025-086,"Aadhya Patel",CBSE-8,A,"Social Science","Final Exam",61,100,2026-03-24,2025-2026,"Arthur Pendelton","Middle School (Grades 6-8)"
ACAD-SVIS-2025-086-ENGL-FIN,SVIS-2025-086,"Aadhya Patel",CBSE-8,A,English,"Final Exam",59,100,2026-03-24,2025-2026,"Sarah Jenkins","Languages & Humanities Department"
ACAD-SVIS-2025-086-COMP-FIN,SVIS-2025-086,"Aadhya Patel",CBSE-8,A,"Computer Science","Final Exam",62,100,2026-03-24,2025-2026,"Vikram Patel","Secondary Section (Grades 9-10)"
ACAD-SVIS-2025-087-MATH-UNI,SVIS-2025-087,"Saanvi Kulkarni",CBSE-8,B,Mathematics,"Unit Test 1",31,50,2025-07-18,2025-2026,"Arthur Pendelton","Middle School (Grades 6-8)"
ACAD-SVIS-2025-087-SCIE-UNI,SVIS-2025-087,"Saanvi Kulkarni",CBSE-8,B,Science,"Unit Test 1",30,50,2025-07-18,2025-2026,"David Chen","Science & Mathematics Department"
ACAD-SVIS-2025-087-SOCI-UNI,SVIS-2025-087,"Saanvi Kulkarni",CBSE-8,B,"Social Science","Unit Test 1",30,50,2025-07-18,2025-2026,"Arthur Pendelton","Middle School (Grades 6-8)"
ACAD-SVIS-2025-087-ENGL-UNI,SVIS-2025-087,"Saanvi Kulkarni",CBSE-8,B,English,"Unit Test 1",34,50,2025-07-18,2025-2026,"Sarah Jenkins","Languages & Humanities Department"
ACAD-SVIS-2025-087-COMP-UNI,SVIS-2025-087,"Saanvi Kulkarni",CBSE-8,B,"Computer Science","Unit Test 1",30,50,2025-07-18,2025-2026,"Vikram Patel","Secondary Section (Grades 9-10)"
ACAD-SVIS-2025-087-MATH-MID,SVIS-2025-087,"Saanvi Kulkarni",CBSE-8,B,Mathematics,"Mid-Term Exam",59,100,2025-09-22,2025-2026,"Arthur Pendelton","Middle School (Grades 6-8)"
ACAD-SVIS-2025-087-SCIE-MID,SVIS-2025-087,"Saanvi Kulkarni",CBSE-8,B,Science,"Mid-Term Exam",62,100,2025-09-22,2025-2026,"David Chen","Science & Mathematics Department"
ACAD-SVIS-2025-087-SOCI-MID,SVIS-2025-087,"Saanvi Kulkarni",CBSE-8,B,"Social Science","Mid-Term Exam",59,100,2025-09-22,2025-2026,"Arthur Pendelton","Middle School (Grades 6-8)"
ACAD-SVIS-2025-087-ENGL-MID,SVIS-2025-087,"Saanvi Kulkarni",CBSE-8,B,English,"Mid-Term Exam",64,100,2025-09-22,2025-2026,"Sarah Jenkins","Languages & Humanities Department"
ACAD-SVIS-2025-087-COMP-MID,SVIS-2025-087,"Saanvi Kulkarni",CBSE-8,B,"Computer Science","Mid-Term Exam",60,100,2025-09-22,2025-2026,"Vikram Patel","Secondary Section (Grades 9-10)"
ACAD-SVIS-2025-087-MATH-UNI,SVIS-2025-087,"Saanvi Kulkarni",CBSE-8,B,Mathematics,"Unit Test 2",31,50,2025-12-15,2025-2026,"Arthur Pendelton","Middle School (Grades 6-8)"
ACAD-SVIS-2025-087-SCIE-UNI,SVIS-2025-087,"Saanvi Kulkarni",CBSE-8,B,Science,"Unit Test 2",30,50,2025-12-15,2025-2026,"David Chen","Science & Mathematics Department"
ACAD-SVIS-2025-087-SOCI-UNI,SVIS-2025-087,"Saanvi Kulkarni",CBSE-8,B,"Social Science","Unit Test 2",30,50,2025-12-15,2025-2026,"Arthur Pendelton","Middle School (Grades 6-8)"
ACAD-SVIS-2025-087-ENGL-UNI,SVIS-2025-087,"Saanvi Kulkarni",CBSE-8,B,English,"Unit Test 2",34,50,2025-12-15,2025-2026,"Sarah Jenkins","Languages & Humanities Department"
ACAD-SVIS-2025-087-COMP-UNI,SVIS-2025-087,"Saanvi Kulkarni",CBSE-8,B,"Computer Science","Unit Test 2",30,50,2025-12-15,2025-2026,"Vikram Patel","Secondary Section (Grades 9-10)"
ACAD-SVIS-2025-087-MATH-FIN,SVIS-2025-087,"Saanvi Kulkarni",CBSE-8,B,Mathematics,"Final Exam",60,100,2026-03-24,2025-2026,"Arthur Pendelton","Middle School (Grades 6-8)"
ACAD-SVIS-2025-087-SCIE-FIN,SVIS-2025-087,"Saanvi Kulkarni",CBSE-8,B,Science,"Final Exam",64,100,2026-03-24,2025-2026,"David Chen","Science & Mathematics Department"
ACAD-SVIS-2025-087-SOCI-FIN,SVIS-2025-087,"Saanvi Kulkarni",CBSE-8,B,"Social Science","Final Exam",61,100,2026-03-24,2025-2026,"Arthur Pendelton","Middle School (Grades 6-8)"
ACAD-SVIS-2025-087-ENGL-FIN,SVIS-2025-087,"Saanvi Kulkarni",CBSE-8,B,English,"Final Exam",62,100,2026-03-24,2025-2026,"Sarah Jenkins","Languages & Humanities Department"
ACAD-SVIS-2025-087-COMP-FIN,SVIS-2025-087,"Saanvi Kulkarni",CBSE-8,B,"Computer Science","Final Exam",65,100,2026-03-24,2025-2026,"Vikram Patel","Secondary Section (Grades 9-10)"
ACAD-SVIS-2025-088-MATH-UNI,SVIS-2025-088,"Ira Mukherjee",CBSE-8,A,Mathematics,"Unit Test 1",31.5,50,2025-07-18,2025-2026,"Arthur Pendelton","Middle School (Grades 6-8)"
ACAD-SVIS-2025-088-SCIE-UNI,SVIS-2025-088,"Ira Mukherjee",CBSE-8,A,Science,"Unit Test 1",33.5,50,2025-07-18,2025-2026,"David Chen","Science & Mathematics Department"
ACAD-SVIS-2025-088-SOCI-UNI,SVIS-2025-088,"Ira Mukherjee",CBSE-8,A,"Social Science","Unit Test 1",29.5,50,2025-07-18,2025-2026,"Arthur Pendelton","Middle School (Grades 6-8)"
ACAD-SVIS-2025-088-ENGL-UNI,SVIS-2025-088,"Ira Mukherjee",CBSE-8,A,English,"Unit Test 1",28.5,50,2025-07-18,2025-2026,"Sarah Jenkins","Languages & Humanities Department"
ACAD-SVIS-2025-088-COMP-UNI,SVIS-2025-088,"Ira Mukherjee",CBSE-8,A,"Computer Science","Unit Test 1",33.5,50,2025-07-18,2025-2026,"Vikram Patel","Secondary Section (Grades 9-10)"
ACAD-SVIS-2025-088-MATH-MID,SVIS-2025-088,"Ira Mukherjee",CBSE-8,A,Mathematics,"Mid-Term Exam",61,100,2025-09-22,2025-2026,"Arthur Pendelton","Middle School (Grades 6-8)"
ACAD-SVIS-2025-088-SCIE-MID,SVIS-2025-088,"Ira Mukherjee",CBSE-8,A,Science,"Mid-Term Exam",64,100,2025-09-22,2025-2026,"David Chen","Science & Mathematics Department"
ACAD-SVIS-2025-088-SOCI-MID,SVIS-2025-088,"Ira Mukherjee",CBSE-8,A,"Social Science","Mid-Term Exam",65,100,2025-09-22,2025-2026,"Arthur Pendelton","Middle School (Grades 6-8)"
ACAD-SVIS-2025-088-ENGL-MID,SVIS-2025-088,"Ira Mukherjee",CBSE-8,A,English,"Mid-Term Exam",63,100,2025-09-22,2025-2026,"Sarah Jenkins","Languages & Humanities Department"
ACAD-SVIS-2025-088-COMP-MID,SVIS-2025-088,"Ira Mukherjee",CBSE-8,A,"Computer Science","Mid-Term Exam",63,100,2025-09-22,2025-2026,"Vikram Patel","Secondary Section (Grades 9-10)"
ACAD-SVIS-2025-088-MATH-UNI,SVIS-2025-088,"Ira Mukherjee",CBSE-8,A,Mathematics,"Unit Test 2",31.5,50,2025-12-15,2025-2026,"Arthur Pendelton","Middle School (Grades 6-8)"
ACAD-SVIS-2025-088-SCIE-UNI,SVIS-2025-088,"Ira Mukherjee",CBSE-8,A,Science,"Unit Test 2",33.5,50,2025-12-15,2025-2026,"David Chen","Science & Mathematics Department"
ACAD-SVIS-2025-088-SOCI-UNI,SVIS-2025-088,"Ira Mukherjee",CBSE-8,A,"Social Science","Unit Test 2",29.5,50,2025-12-15,2025-2026,"Arthur Pendelton","Middle School (Grades 6-8)"
ACAD-SVIS-2025-088-ENGL-UNI,SVIS-2025-088,"Ira Mukherjee",CBSE-8,A,English,"Unit Test 2",28.5,50,2025-12-15,2025-2026,"Sarah Jenkins","Languages & Humanities Department"
ACAD-SVIS-2025-088-COMP-UNI,SVIS-2025-088,"Ira Mukherjee",CBSE-8,A,"Computer Science","Unit Test 2",33.5,50,2025-12-15,2025-2026,"Vikram Patel","Secondary Section (Grades 9-10)"
ACAD-SVIS-2025-088-MATH-FIN,SVIS-2025-088,"Ira Mukherjee",CBSE-8,A,Mathematics,"Final Exam",65,100,2026-03-24,2025-2026,"Arthur Pendelton","Middle School (Grades 6-8)"
ACAD-SVIS-2025-088-SCIE-FIN,SVIS-2025-088,"Ira Mukherjee",CBSE-8,A,Science,"Final Exam",66,100,2026-03-24,2025-2026,"David Chen","Science & Mathematics Department"
ACAD-SVIS-2025-088-SOCI-FIN,SVIS-2025-088,"Ira Mukherjee",CBSE-8,A,"Social Science","Final Exam",66,100,2026-03-24,2025-2026,"Arthur Pendelton","Middle School (Grades 6-8)"
ACAD-SVIS-2025-088-ENGL-FIN,SVIS-2025-088,"Ira Mukherjee",CBSE-8,A,English,"Final Exam",62,100,2026-03-24,2025-2026,"Sarah Jenkins","Languages & Humanities Department"
ACAD-SVIS-2025-088-COMP-FIN,SVIS-2025-088,"Ira Mukherjee",CBSE-8,A,"Computer Science","Final Exam",61,100,2026-03-24,2025-2026,"Vikram Patel","Secondary Section (Grades 9-10)"
ACAD-SVIS-2025-089-MATH-UNI,SVIS-2025-089,"Kavya Reddy",CBSE-8,B,Mathematics,"Unit Test 1",31,50,2025-07-18,2025-2026,"Arthur Pendelton","Middle School (Grades 6-8)"
ACAD-SVIS-2025-089-SCIE-UNI,SVIS-2025-089,"Kavya Reddy",CBSE-8,B,Science,"Unit Test 1",32,50,2025-07-18,2025-2026,"David Chen","Science & Mathematics Department"
ACAD-SVIS-2025-089-SOCI-UNI,SVIS-2025-089,"Kavya Reddy",CBSE-8,B,"Social Science","Unit Test 1",32,50,2025-07-18,2025-2026,"Arthur Pendelton","Middle School (Grades 6-8)"
ACAD-SVIS-2025-089-ENGL-UNI,SVIS-2025-089,"Kavya Reddy",CBSE-8,B,English,"Unit Test 1",29,50,2025-07-18,2025-2026,"Sarah Jenkins","Languages & Humanities Department"
ACAD-SVIS-2025-089-COMP-UNI,SVIS-2025-089,"Kavya Reddy",CBSE-8,B,"Computer Science","Unit Test 1",33,50,2025-07-18,2025-2026,"Vikram Patel","Secondary Section (Grades 9-10)"
ACAD-SVIS-2025-089-MATH-MID,SVIS-2025-089,"Kavya Reddy",CBSE-8,B,Mathematics,"Mid-Term Exam",62,100,2025-09-22,2025-2026,"Arthur Pendelton","Middle School (Grades 6-8)"
ACAD-SVIS-2025-089-SCIE-MID,SVIS-2025-089,"Kavya Reddy",CBSE-8,B,Science,"Mid-Term Exam",65,100,2025-09-22,2025-2026,"David Chen","Science & Mathematics Department"
ACAD-SVIS-2025-089-SOCI-MID,SVIS-2025-089,"Kavya Reddy",CBSE-8,B,"Social Science","Mid-Term Exam",66,100,2025-09-22,2025-2026,"Arthur Pendelton","Middle School (Grades 6-8)"
ACAD-SVIS-2025-089-ENGL-MID,SVIS-2025-089,"Kavya Reddy",CBSE-8,B,English,"Mid-Term Exam",61,100,2025-09-22,2025-2026,"Sarah Jenkins","Languages & Humanities Department"
ACAD-SVIS-2025-089-COMP-MID,SVIS-2025-089,"Kavya Reddy",CBSE-8,B,"Computer Science","Mid-Term Exam",61,100,2025-09-22,2025-2026,"Vikram Patel","Secondary Section (Grades 9-10)"
ACAD-SVIS-2025-089-MATH-UNI,SVIS-2025-089,"Kavya Reddy",CBSE-8,B,Mathematics,"Unit Test 2",31,50,2025-12-15,2025-2026,"Arthur Pendelton","Middle School (Grades 6-8)"
ACAD-SVIS-2025-089-SCIE-UNI,SVIS-2025-089,"Kavya Reddy",CBSE-8,B,Science,"Unit Test 2",32,50,2025-12-15,2025-2026,"David Chen","Science & Mathematics Department"
ACAD-SVIS-2025-089-SOCI-UNI,SVIS-2025-089,"Kavya Reddy",CBSE-8,B,"Social Science","Unit Test 2",32,50,2025-12-15,2025-2026,"Arthur Pendelton","Middle School (Grades 6-8)"
ACAD-SVIS-2025-089-ENGL-UNI,SVIS-2025-089,"Kavya Reddy",CBSE-8,B,English,"Unit Test 2",29,50,2025-12-15,2025-2026,"Sarah Jenkins","Languages & Humanities Department"
ACAD-SVIS-2025-089-COMP-UNI,SVIS-2025-089,"Kavya Reddy",CBSE-8,B,"Computer Science","Unit Test 2",33,50,2025-12-15,2025-2026,"Vikram Patel","Secondary Section (Grades 9-10)"
ACAD-SVIS-2025-089-MATH-FIN,SVIS-2025-089,"Kavya Reddy",CBSE-8,B,Mathematics,"Final Exam",62,100,2026-03-24,2025-2026,"Arthur Pendelton","Middle School (Grades 6-8)"
ACAD-SVIS-2025-089-SCIE-FIN,SVIS-2025-089,"Kavya Reddy",CBSE-8,B,Science,"Final Exam",63,100,2026-03-24,2025-2026,"David Chen","Science & Mathematics Department"
ACAD-SVIS-2025-089-SOCI-FIN,SVIS-2025-089,"Kavya Reddy",CBSE-8,B,"Social Science","Final Exam",62,100,2026-03-24,2025-2026,"Arthur Pendelton","Middle School (Grades 6-8)"
ACAD-SVIS-2025-089-ENGL-FIN,SVIS-2025-089,"Kavya Reddy",CBSE-8,B,English,"Final Exam",62,100,2026-03-24,2025-2026,"Sarah Jenkins","Languages & Humanities Department"
ACAD-SVIS-2025-089-COMP-FIN,SVIS-2025-089,"Kavya Reddy",CBSE-8,B,"Computer Science","Final Exam",65,100,2026-03-24,2025-2026,"Vikram Patel","Secondary Section (Grades 9-10)"
ACAD-SVIS-2025-090-MATH-UNI,SVIS-2025-090,"Aarav Joshi",CBSE-8,A,Mathematics,"Unit Test 1",29.5,50,2025-07-18,2025-2026,"Arthur Pendelton","Middle School (Grades 6-8)"
ACAD-SVIS-2025-090-SCIE-UNI,SVIS-2025-090,"Aarav Joshi",CBSE-8,A,Science,"Unit Test 1",32.5,50,2025-07-18,2025-2026,"David Chen","Science & Mathematics Department"
ACAD-SVIS-2025-090-SOCI-UNI,SVIS-2025-090,"Aarav Joshi",CBSE-8,A,"Social Science","Unit Test 1",35.5,50,2025-07-18,2025-2026,"Arthur Pendelton","Middle School (Grades 6-8)"
ACAD-SVIS-2025-090-ENGL-UNI,SVIS-2025-090,"Aarav Joshi",CBSE-8,A,English,"Unit Test 1",31.5,50,2025-07-18,2025-2026,"Sarah Jenkins","Languages & Humanities Department"
ACAD-SVIS-2025-090-COMP-UNI,SVIS-2025-090,"Aarav Joshi",CBSE-8,A,"Computer Science","Unit Test 1",32.5,50,2025-07-18,2025-2026,"Vikram Patel","Secondary Section (Grades 9-10)"
ACAD-SVIS-2025-090-MATH-MID,SVIS-2025-090,"Aarav Joshi",CBSE-8,A,Mathematics,"Mid-Term Exam",63,100,2025-09-22,2025-2026,"Arthur Pendelton","Middle School (Grades 6-8)"
ACAD-SVIS-2025-090-SCIE-MID,SVIS-2025-090,"Aarav Joshi",CBSE-8,A,Science,"Mid-Term Exam",66,100,2025-09-22,2025-2026,"David Chen","Science & Mathematics Department"
ACAD-SVIS-2025-090-SOCI-MID,SVIS-2025-090,"Aarav Joshi",CBSE-8,A,"Social Science","Mid-Term Exam",67,100,2025-09-22,2025-2026,"Arthur Pendelton","Middle School (Grades 6-8)"
ACAD-SVIS-2025-090-ENGL-MID,SVIS-2025-090,"Aarav Joshi",CBSE-8,A,English,"Mid-Term Exam",66,100,2025-09-22,2025-2026,"Sarah Jenkins","Languages & Humanities Department"
ACAD-SVIS-2025-090-COMP-MID,SVIS-2025-090,"Aarav Joshi",CBSE-8,A,"Computer Science","Mid-Term Exam",62,100,2025-09-22,2025-2026,"Vikram Patel","Secondary Section (Grades 9-10)"
ACAD-SVIS-2025-090-MATH-UNI,SVIS-2025-090,"Aarav Joshi",CBSE-8,A,Mathematics,"Unit Test 2",29.5,50,2025-12-15,2025-2026,"Arthur Pendelton","Middle School (Grades 6-8)"
ACAD-SVIS-2025-090-SCIE-UNI,SVIS-2025-090,"Aarav Joshi",CBSE-8,A,Science,"Unit Test 2",32.5,50,2025-12-15,2025-2026,"David Chen","Science & Mathematics Department"
ACAD-SVIS-2025-090-SOCI-UNI,SVIS-2025-090,"Aarav Joshi",CBSE-8,A,"Social Science","Unit Test 2",35.5,50,2025-12-15,2025-2026,"Arthur Pendelton","Middle School (Grades 6-8)"
ACAD-SVIS-2025-090-ENGL-UNI,SVIS-2025-090,"Aarav Joshi",CBSE-8,A,English,"Unit Test 2",31.5,50,2025-12-15,2025-2026,"Sarah Jenkins","Languages & Humanities Department"
ACAD-SVIS-2025-090-COMP-UNI,SVIS-2025-090,"Aarav Joshi",CBSE-8,A,"Computer Science","Unit Test 2",32.5,50,2025-12-15,2025-2026,"Vikram Patel","Secondary Section (Grades 9-10)"
ACAD-SVIS-2025-090-MATH-FIN,SVIS-2025-090,"Aarav Joshi",CBSE-8,A,Mathematics,"Final Exam",66,100,2026-03-24,2025-2026,"Arthur Pendelton","Middle School (Grades 6-8)"
ACAD-SVIS-2025-090-SCIE-FIN,SVIS-2025-090,"Aarav Joshi",CBSE-8,A,Science,"Final Exam",63,100,2026-03-24,2025-2026,"David Chen","Science & Mathematics Department"
ACAD-SVIS-2025-090-SOCI-FIN,SVIS-2025-090,"Aarav Joshi",CBSE-8,A,"Social Science","Final Exam",62,100,2026-03-24,2025-2026,"Arthur Pendelton","Middle School (Grades 6-8)"
ACAD-SVIS-2025-090-ENGL-FIN,SVIS-2025-090,"Aarav Joshi",CBSE-8,A,English,"Final Exam",63,100,2026-03-24,2025-2026,"Sarah Jenkins","Languages & Humanities Department"
ACAD-SVIS-2025-090-COMP-FIN,SVIS-2025-090,"Aarav Joshi",CBSE-8,A,"Computer Science","Final Exam",64,100,2026-03-24,2025-2026,"Vikram Patel","Secondary Section (Grades 9-10)"
ACAD-SVIS-2025-091-MATH-UNI,SVIS-2025-091,"Vihaan Banerjee",CBSE-9,A,Mathematics,"Unit Test 1",24.8,50,2025-07-18,2025-2026,"Rajesh Kulkarni","Secondary Section (Grades 9-10)"
ACAD-SVIS-2025-091-SCIE-UNI,SVIS-2025-091,"Vihaan Banerjee",CBSE-9,A,Science,"Unit Test 1",32,50,2025-07-18,2025-2026,"David Chen","Science & Mathematics Department"
ACAD-SVIS-2025-091-SOCI-UNI,SVIS-2025-091,"Vihaan Banerjee",CBSE-9,A,"Social Science","Unit Test 1",30,50,2025-07-18,2025-2026,"Sarah Jenkins","Languages & Humanities Department"
ACAD-SVIS-2025-091-ENGL-UNI,SVIS-2025-091,"Vihaan Banerjee",CBSE-9,A,English,"Unit Test 1",34,50,2025-07-18,2025-2026,"Sarah Jenkins","Languages & Humanities Department"
ACAD-SVIS-2025-091-INFO-UNI,SVIS-2025-091,"Vihaan Banerjee",CBSE-9,A,"Information Technology","Unit Test 1",32,50,2025-07-18,2025-2026,"Vikram Patel","Secondary Section (Grades 9-10)"
ACAD-SVIS-2025-091-MATH-MID,SVIS-2025-091,"Vihaan Banerjee",CBSE-9,A,Mathematics,"Mid-Term Exam",48.8,100,2025-09-22,2025-2026,"Rajesh Kulkarni","Secondary Section (Grades 9-10)"
ACAD-SVIS-2025-091-SCIE-MID,SVIS-2025-091,"Vihaan Banerjee",CBSE-9,A,Science,"Mid-Term Exam",67,100,2025-09-22,2025-2026,"David Chen","Science & Mathematics Department"
ACAD-SVIS-2025-091-SOCI-MID,SVIS-2025-091,"Vihaan Banerjee",CBSE-9,A,"Social Science","Mid-Term Exam",68,100,2025-09-22,2025-2026,"Sarah Jenkins","Languages & Humanities Department"
ACAD-SVIS-2025-091-ENGL-MID,SVIS-2025-091,"Vihaan Banerjee",CBSE-9,A,English,"Mid-Term Exam",65,100,2025-09-22,2025-2026,"Sarah Jenkins","Languages & Humanities Department"
ACAD-SVIS-2025-091-INFO-MID,SVIS-2025-091,"Vihaan Banerjee",CBSE-9,A,"Information Technology","Mid-Term Exam",67,100,2025-09-22,2025-2026,"Vikram Patel","Secondary Section (Grades 9-10)"
ACAD-SVIS-2025-091-MATH-UNI,SVIS-2025-091,"Vihaan Banerjee",CBSE-9,A,Mathematics,"Unit Test 2",36.7,50,2025-12-15,2025-2026,"Rajesh Kulkarni","Secondary Section (Grades 9-10)"
ACAD-SVIS-2025-091-SCIE-UNI,SVIS-2025-091,"Vihaan Banerjee",CBSE-9,A,Science,"Unit Test 2",32,50,2025-12-15,2025-2026,"David Chen","Science & Mathematics Department"
ACAD-SVIS-2025-091-SOCI-UNI,SVIS-2025-091,"Vihaan Banerjee",CBSE-9,A,"Social Science","Unit Test 2",30,50,2025-12-15,2025-2026,"Sarah Jenkins","Languages & Humanities Department"
ACAD-SVIS-2025-091-ENGL-UNI,SVIS-2025-091,"Vihaan Banerjee",CBSE-9,A,English,"Unit Test 2",34,50,2025-12-15,2025-2026,"Sarah Jenkins","Languages & Humanities Department"
ACAD-SVIS-2025-091-INFO-UNI,SVIS-2025-091,"Vihaan Banerjee",CBSE-9,A,"Information Technology","Unit Test 2",32,50,2025-12-15,2025-2026,"Vikram Patel","Secondary Section (Grades 9-10)"
ACAD-SVIS-2025-091-MATH-FIN,SVIS-2025-091,"Vihaan Banerjee",CBSE-9,A,Mathematics,"Final Exam",74,100,2026-03-24,2025-2026,"Rajesh Kulkarni","Secondary Section (Grades 9-10)"
ACAD-SVIS-2025-091-SCIE-FIN,SVIS-2025-091,"Vihaan Banerjee",CBSE-9,A,Science,"Final Exam",64,100,2026-03-24,2025-2026,"David Chen","Science & Mathematics Department"
ACAD-SVIS-2025-091-SOCI-FIN,SVIS-2025-091,"Vihaan Banerjee",CBSE-9,A,"Social Science","Final Exam",69,100,2026-03-24,2025-2026,"Sarah Jenkins","Languages & Humanities Department"
ACAD-SVIS-2025-091-ENGL-FIN,SVIS-2025-091,"Vihaan Banerjee",CBSE-9,A,English,"Final Exam",69,100,2026-03-24,2025-2026,"Sarah Jenkins","Languages & Humanities Department"
ACAD-SVIS-2025-091-INFO-FIN,SVIS-2025-091,"Vihaan Banerjee",CBSE-9,A,"Information Technology","Final Exam",68,100,2026-03-24,2025-2026,"Vikram Patel","Secondary Section (Grades 9-10)"
ACAD-SVIS-2025-092-MATH-UNI,SVIS-2025-092,"Reyansh Nair",CBSE-9,B,Mathematics,"Unit Test 1",21.1,50,2025-07-18,2025-2026,"Rajesh Kulkarni","Secondary Section (Grades 9-10)"
ACAD-SVIS-2025-092-SCIE-UNI,SVIS-2025-092,"Reyansh Nair",CBSE-9,B,Science,"Unit Test 1",34.5,50,2025-07-18,2025-2026,"David Chen","Science & Mathematics Department"
ACAD-SVIS-2025-092-SOCI-UNI,SVIS-2025-092,"Reyansh Nair",CBSE-9,B,"Social Science","Unit Test 1",31.5,50,2025-07-18,2025-2026,"Sarah Jenkins","Languages & Humanities Department"
ACAD-SVIS-2025-092-ENGL-UNI,SVIS-2025-092,"Reyansh Nair",CBSE-9,B,English,"Unit Test 1",36.5,50,2025-07-18,2025-2026,"Sarah Jenkins","Languages & Humanities Department"
ACAD-SVIS-2025-092-INFO-UNI,SVIS-2025-092,"Reyansh Nair",CBSE-9,B,"Information Technology","Unit Test 1",30.5,50,2025-07-18,2025-2026,"Vikram Patel","Secondary Section (Grades 9-10)"
ACAD-SVIS-2025-092-MATH-MID,SVIS-2025-092,"Reyansh Nair",CBSE-9,B,Mathematics,"Mid-Term Exam",50.6,100,2025-09-22,2025-2026,"Rajesh Kulkarni","Secondary Section (Grades 9-10)"
ACAD-SVIS-2025-092-SCIE-MID,SVIS-2025-092,"Reyansh Nair",CBSE-9,B,Science,"Mid-Term Exam",69,100,2025-09-22,2025-2026,"David Chen","Science & Mathematics Department"
ACAD-SVIS-2025-092-SOCI-MID,SVIS-2025-092,"Reyansh Nair",CBSE-9,B,"Social Science","Mid-Term Exam",68,100,2025-09-22,2025-2026,"Sarah Jenkins","Languages & Humanities Department"
ACAD-SVIS-2025-092-ENGL-MID,SVIS-2025-092,"Reyansh Nair",CBSE-9,B,English,"Mid-Term Exam",70,100,2025-09-22,2025-2026,"Sarah Jenkins","Languages & Humanities Department"
ACAD-SVIS-2025-092-INFO-MID,SVIS-2025-092,"Reyansh Nair",CBSE-9,B,"Information Technology","Mid-Term Exam",65,100,2025-09-22,2025-2026,"Vikram Patel","Secondary Section (Grades 9-10)"
ACAD-SVIS-2025-092-MATH-UNI,SVIS-2025-092,"Reyansh Nair",CBSE-9,B,Mathematics,"Unit Test 2",33.2,50,2025-12-15,2025-2026,"Rajesh Kulkarni","Secondary Section (Grades 9-10)"
ACAD-SVIS-2025-092-SCIE-UNI,SVIS-2025-092,"Reyansh Nair",CBSE-9,B,Science,"Unit Test 2",34.5,50,2025-12-15,2025-2026,"David Chen","Science & Mathematics Department"
ACAD-SVIS-2025-092-SOCI-UNI,SVIS-2025-092,"Reyansh Nair",CBSE-9,B,"Social Science","Unit Test 2",31.5,50,2025-12-15,2025-2026,"Sarah Jenkins","Languages & Humanities Department"
ACAD-SVIS-2025-092-ENGL-UNI,SVIS-2025-092,"Reyansh Nair",CBSE-9,B,English,"Unit Test 2",36.5,50,2025-12-15,2025-2026,"Sarah Jenkins","Languages & Humanities Department"
ACAD-SVIS-2025-092-INFO-UNI,SVIS-2025-092,"Reyansh Nair",CBSE-9,B,"Information Technology","Unit Test 2",30.5,50,2025-12-15,2025-2026,"Vikram Patel","Secondary Section (Grades 9-10)"
ACAD-SVIS-2025-092-MATH-FIN,SVIS-2025-092,"Reyansh Nair",CBSE-9,B,Mathematics,"Final Exam",76,100,2026-03-24,2025-2026,"Rajesh Kulkarni","Secondary Section (Grades 9-10)"
ACAD-SVIS-2025-092-SCIE-FIN,SVIS-2025-092,"Reyansh Nair",CBSE-9,B,Science,"Final Exam",65,100,2026-03-24,2025-2026,"David Chen","Science & Mathematics Department"
ACAD-SVIS-2025-092-SOCI-FIN,SVIS-2025-092,"Reyansh Nair",CBSE-9,B,"Social Science","Final Exam",67,100,2026-03-24,2025-2026,"Sarah Jenkins","Languages & Humanities Department"
ACAD-SVIS-2025-092-ENGL-FIN,SVIS-2025-092,"Reyansh Nair",CBSE-9,B,English,"Final Exam",67,100,2026-03-24,2025-2026,"Sarah Jenkins","Languages & Humanities Department"
ACAD-SVIS-2025-092-INFO-FIN,SVIS-2025-092,"Reyansh Nair",CBSE-9,B,"Information Technology","Final Exam",69,100,2026-03-24,2025-2026,"Vikram Patel","Secondary Section (Grades 9-10)"
ACAD-SVIS-2025-093-MATH-UNI,SVIS-2025-093,"Ishaan Bhat",CBSE-9,A,Mathematics,"Unit Test 1",27.5,50,2025-07-18,2025-2026,"Rajesh Kulkarni","Secondary Section (Grades 9-10)"
ACAD-SVIS-2025-093-SCIE-UNI,SVIS-2025-093,"Ishaan Bhat",CBSE-9,A,Science,"Unit Test 1",37,50,2025-07-18,2025-2026,"David Chen","Science & Mathematics Department"
ACAD-SVIS-2025-093-SOCI-UNI,SVIS-2025-093,"Ishaan Bhat",CBSE-9,A,"Social Science","Unit Test 1",34,50,2025-07-18,2025-2026,"Sarah Jenkins","Languages & Humanities Department"
ACAD-SVIS-2025-093-ENGL-UNI,SVIS-2025-093,"Ishaan Bhat",CBSE-9,A,English,"Unit Test 1",31,50,2025-07-18,2025-2026,"Sarah Jenkins","Languages & Humanities Department"
ACAD-SVIS-2025-093-INFO-UNI,SVIS-2025-093,"Ishaan Bhat",CBSE-9,A,"Information Technology","Unit Test 1",32,50,2025-07-18,2025-2026,"Vikram Patel","Secondary Section (Grades 9-10)"
ACAD-SVIS-2025-093-MATH-MID,SVIS-2025-093,"Ishaan Bhat",CBSE-9,A,Mathematics,"Mid-Term Exam",50.3,100,2025-09-22,2025-2026,"Rajesh Kulkarni","Secondary Section (Grades 9-10)"
ACAD-SVIS-2025-093-SCIE-MID,SVIS-2025-093,"Ishaan Bhat",CBSE-9,A,Science,"Mid-Term Exam",66,100,2025-09-22,2025-2026,"David Chen","Science & Mathematics Department"
ACAD-SVIS-2025-093-SOCI-MID,SVIS-2025-093,"Ishaan Bhat",CBSE-9,A,"Social Science","Mid-Term Exam",67,100,2025-09-22,2025-2026,"Sarah Jenkins","Languages & Humanities Department"
ACAD-SVIS-2025-093-ENGL-MID,SVIS-2025-093,"Ishaan Bhat",CBSE-9,A,English,"Mid-Term Exam",71,100,2025-09-22,2025-2026,"Sarah Jenkins","Languages & Humanities Department"
ACAD-SVIS-2025-093-INFO-MID,SVIS-2025-093,"Ishaan Bhat",CBSE-9,A,"Information Technology","Mid-Term Exam",68,100,2025-09-22,2025-2026,"Vikram Patel","Secondary Section (Grades 9-10)"
ACAD-SVIS-2025-093-MATH-UNI,SVIS-2025-093,"Ishaan Bhat",CBSE-9,A,Mathematics,"Unit Test 2",39.6,50,2025-12-15,2025-2026,"Rajesh Kulkarni","Secondary Section (Grades 9-10)"
ACAD-SVIS-2025-093-SCIE-UNI,SVIS-2025-093,"Ishaan Bhat",CBSE-9,A,Science,"Unit Test 2",37,50,2025-12-15,2025-2026,"David Chen","Science & Mathematics Department"
ACAD-SVIS-2025-093-SOCI-UNI,SVIS-2025-093,"Ishaan Bhat",CBSE-9,A,"Social Science","Unit Test 2",34,50,2025-12-15,2025-2026,"Sarah Jenkins","Languages & Humanities Department"
ACAD-SVIS-2025-093-ENGL-UNI,SVIS-2025-093,"Ishaan Bhat",CBSE-9,A,English,"Unit Test 2",31,50,2025-12-15,2025-2026,"Sarah Jenkins","Languages & Humanities Department"
ACAD-SVIS-2025-093-INFO-UNI,SVIS-2025-093,"Ishaan Bhat",CBSE-9,A,"Information Technology","Unit Test 2",32,50,2025-12-15,2025-2026,"Vikram Patel","Secondary Section (Grades 9-10)"
ACAD-SVIS-2025-093-MATH-FIN,SVIS-2025-093,"Ishaan Bhat",CBSE-9,A,Mathematics,"Final Exam",75,100,2026-03-24,2025-2026,"Rajesh Kulkarni","Secondary Section (Grades 9-10)"
ACAD-SVIS-2025-093-SCIE-FIN,SVIS-2025-093,"Ishaan Bhat",CBSE-9,A,Science,"Final Exam",67,100,2026-03-24,2025-2026,"David Chen","Science & Mathematics Department"
ACAD-SVIS-2025-093-SOCI-FIN,SVIS-2025-093,"Ishaan Bhat",CBSE-9,A,"Social Science","Final Exam",68,100,2026-03-24,2025-2026,"Sarah Jenkins","Languages & Humanities Department"
ACAD-SVIS-2025-093-ENGL-FIN,SVIS-2025-093,"Ishaan Bhat",CBSE-9,A,English,"Final Exam",65,100,2026-03-24,2025-2026,"Sarah Jenkins","Languages & Humanities Department"
ACAD-SVIS-2025-093-INFO-FIN,SVIS-2025-093,"Ishaan Bhat",CBSE-9,A,"Information Technology","Final Exam",68,100,2026-03-24,2025-2026,"Vikram Patel","Secondary Section (Grades 9-10)"
ACAD-SVIS-2025-094-MATH-UNI,SVIS-2025-094,"Advik Ghosh",CBSE-9,B,Mathematics,"Unit Test 1",24.8,50,2025-07-18,2025-2026,"Rajesh Kulkarni","Secondary Section (Grades 9-10)"
ACAD-SVIS-2025-094-SCIE-UNI,SVIS-2025-094,"Advik Ghosh",CBSE-9,B,Science,"Unit Test 1",37.5,50,2025-07-18,2025-2026,"David Chen","Science & Mathematics Department"
ACAD-SVIS-2025-094-SOCI-UNI,SVIS-2025-094,"Advik Ghosh",CBSE-9,B,"Social Science","Unit Test 1",35.5,50,2025-07-18,2025-2026,"Sarah Jenkins","Languages & Humanities Department"
ACAD-SVIS-2025-094-ENGL-UNI,SVIS-2025-094,"Advik Ghosh",CBSE-9,B,English,"Unit Test 1",37.5,50,2025-07-18,2025-2026,"Sarah Jenkins","Languages & Humanities Department"
ACAD-SVIS-2025-094-INFO-UNI,SVIS-2025-094,"Advik Ghosh",CBSE-9,B,"Information Technology","Unit Test 1",35.5,50,2025-07-18,2025-2026,"Vikram Patel","Secondary Section (Grades 9-10)"
ACAD-SVIS-2025-094-MATH-MID,SVIS-2025-094,"Advik Ghosh",CBSE-9,B,Mathematics,"Mid-Term Exam",49.1,100,2025-09-22,2025-2026,"Rajesh Kulkarni","Secondary Section (Grades 9-10)"
ACAD-SVIS-2025-094-SCIE-MID,SVIS-2025-094,"Advik Ghosh",CBSE-9,B,Science,"Mid-Term Exam",68,100,2025-09-22,2025-2026,"David Chen","Science & Mathematics Department"
ACAD-SVIS-2025-094-SOCI-MID,SVIS-2025-094,"Advik Ghosh",CBSE-9,B,"Social Science","Mid-Term Exam",72,100,2025-09-22,2025-2026,"Sarah Jenkins","Languages & Humanities Department"
ACAD-SVIS-2025-094-ENGL-MID,SVIS-2025-094,"Advik Ghosh",CBSE-9,B,English,"Mid-Term Exam",70,100,2025-09-22,2025-2026,"Sarah Jenkins","Languages & Humanities Department"
ACAD-SVIS-2025-094-INFO-MID,SVIS-2025-094,"Advik Ghosh",CBSE-9,B,"Information Technology","Mid-Term Exam",70,100,2025-09-22,2025-2026,"Vikram Patel","Secondary Section (Grades 9-10)"
ACAD-SVIS-2025-094-MATH-UNI,SVIS-2025-094,"Advik Ghosh",CBSE-9,B,Mathematics,"Unit Test 2",37.1,50,2025-12-15,2025-2026,"Rajesh Kulkarni","Secondary Section (Grades 9-10)"
ACAD-SVIS-2025-094-SCIE-UNI,SVIS-2025-094,"Advik Ghosh",CBSE-9,B,Science,"Unit Test 2",37.5,50,2025-12-15,2025-2026,"David Chen","Science & Mathematics Department"
ACAD-SVIS-2025-094-SOCI-UNI,SVIS-2025-094,"Advik Ghosh",CBSE-9,B,"Social Science","Unit Test 2",35.5,50,2025-12-15,2025-2026,"Sarah Jenkins","Languages & Humanities Department"
ACAD-SVIS-2025-094-ENGL-UNI,SVIS-2025-094,"Advik Ghosh",CBSE-9,B,English,"Unit Test 2",37.5,50,2025-12-15,2025-2026,"Sarah Jenkins","Languages & Humanities Department"
ACAD-SVIS-2025-094-INFO-UNI,SVIS-2025-094,"Advik Ghosh",CBSE-9,B,"Information Technology","Unit Test 2",35.5,50,2025-12-15,2025-2026,"Vikram Patel","Secondary Section (Grades 9-10)"
ACAD-SVIS-2025-094-MATH-FIN,SVIS-2025-094,"Advik Ghosh",CBSE-9,B,Mathematics,"Final Exam",74,100,2026-03-24,2025-2026,"Rajesh Kulkarni","Secondary Section (Grades 9-10)"
ACAD-SVIS-2025-094-SCIE-FIN,SVIS-2025-094,"Advik Ghosh",CBSE-9,B,Science,"Final Exam",68,100,2026-03-24,2025-2026,"David Chen","Science & Mathematics Department"
ACAD-SVIS-2025-094-SOCI-FIN,SVIS-2025-094,"Advik Ghosh",CBSE-9,B,"Social Science","Final Exam",70,100,2026-03-24,2025-2026,"Sarah Jenkins","Languages & Humanities Department"
ACAD-SVIS-2025-094-ENGL-FIN,SVIS-2025-094,"Advik Ghosh",CBSE-9,B,English,"Final Exam",71,100,2026-03-24,2025-2026,"Sarah Jenkins","Languages & Humanities Department"
ACAD-SVIS-2025-094-INFO-FIN,SVIS-2025-094,"Advik Ghosh",CBSE-9,B,"Information Technology","Final Exam",66,100,2026-03-24,2025-2026,"Vikram Patel","Secondary Section (Grades 9-10)"
ACAD-SVIS-2025-095-MATH-UNI,SVIS-2025-095,"Ananya Iyer",CBSE-9,A,Mathematics,"Unit Test 1",28.2,50,2025-07-18,2025-2026,"Rajesh Kulkarni","Secondary Section (Grades 9-10)"
ACAD-SVIS-2025-095-SCIE-UNI,SVIS-2025-095,"Ananya Iyer",CBSE-9,A,Science,"Unit Test 1",33,50,2025-07-18,2025-2026,"David Chen","Science & Mathematics Department"
ACAD-SVIS-2025-095-SOCI-UNI,SVIS-2025-095,"Ananya Iyer",CBSE-9,A,"Social Science","Unit Test 1",32,50,2025-07-18,2025-2026,"Sarah Jenkins","Languages & Humanities Department"
ACAD-SVIS-2025-095-ENGL-UNI,SVIS-2025-095,"Ananya Iyer",CBSE-9,A,English,"Unit Test 1",38,50,2025-07-18,2025-2026,"Sarah Jenkins","Languages & Humanities Department"
ACAD-SVIS-2025-095-INFO-UNI,SVIS-2025-095,"Ananya Iyer",CBSE-9,A,"Information Technology","Unit Test 1",33,50,2025-07-18,2025-2026,"Vikram Patel","Secondary Section (Grades 9-10)"
ACAD-SVIS-2025-095-MATH-MID,SVIS-2025-095,"Ananya Iyer",CBSE-9,A,Mathematics,"Mid-Term Exam",50.8,100,2025-09-22,2025-2026,"Rajesh Kulkarni","Secondary Section (Grades 9-10)"
ACAD-SVIS-2025-095-SCIE-MID,SVIS-2025-095,"Ananya Iyer",CBSE-9,A,Science,"Mid-Term Exam",69,100,2025-09-22,2025-2026,"David Chen","Science & Mathematics Department"
ACAD-SVIS-2025-095-SOCI-MID,SVIS-2025-095,"Ananya Iyer",CBSE-9,A,"Social Science","Mid-Term Exam",68,100,2025-09-22,2025-2026,"Sarah Jenkins","Languages & Humanities Department"
ACAD-SVIS-2025-095-ENGL-MID,SVIS-2025-095,"Ananya Iyer",CBSE-9,A,English,"Mid-Term Exam",67,100,2025-09-22,2025-2026,"Sarah Jenkins","Languages & Humanities Department"
ACAD-SVIS-2025-095-INFO-MID,SVIS-2025-095,"Ananya Iyer",CBSE-9,A,"Information Technology","Mid-Term Exam",72,100,2025-09-22,2025-2026,"Vikram Patel","Secondary Section (Grades 9-10)"
ACAD-SVIS-2025-095-MATH-UNI,SVIS-2025-095,"Ananya Iyer",CBSE-9,A,Mathematics,"Unit Test 2",40.5,50,2025-12-15,2025-2026,"Rajesh Kulkarni","Secondary Section (Grades 9-10)"
ACAD-SVIS-2025-095-SCIE-UNI,SVIS-2025-095,"Ananya Iyer",CBSE-9,A,Science,"Unit Test 2",33,50,2025-12-15,2025-2026,"David Chen","Science & Mathematics Department"
ACAD-SVIS-2025-095-SOCI-UNI,SVIS-2025-095,"Ananya Iyer",CBSE-9,A,"Social Science","Unit Test 2",32,50,2025-12-15,2025-2026,"Sarah Jenkins","Languages & Humanities Department"
ACAD-SVIS-2025-095-ENGL-UNI,SVIS-2025-095,"Ananya Iyer",CBSE-9,A,English,"Unit Test 2",38,50,2025-12-15,2025-2026,"Sarah Jenkins","Languages & Humanities Department"
ACAD-SVIS-2025-095-INFO-UNI,SVIS-2025-095,"Ananya Iyer",CBSE-9,A,"Information Technology","Unit Test 2",33,50,2025-12-15,2025-2026,"Vikram Patel","Secondary Section (Grades 9-10)"
ACAD-SVIS-2025-095-MATH-FIN,SVIS-2025-095,"Ananya Iyer",CBSE-9,A,Mathematics,"Final Exam",77,100,2026-03-24,2025-2026,"Rajesh Kulkarni","Secondary Section (Grades 9-10)"
ACAD-SVIS-2025-095-SCIE-FIN,SVIS-2025-095,"Ananya Iyer",CBSE-9,A,Science,"Final Exam",67,100,2026-03-24,2025-2026,"David Chen","Science & Mathematics Department"
ACAD-SVIS-2025-095-SOCI-FIN,SVIS-2025-095,"Ananya Iyer",CBSE-9,A,"Social Science","Final Exam",70,100,2026-03-24,2025-2026,"Sarah Jenkins","Languages & Humanities Department"
ACAD-SVIS-2025-095-ENGL-FIN,SVIS-2025-095,"Ananya Iyer",CBSE-9,A,English,"Final Exam",70,100,2026-03-24,2025-2026,"Sarah Jenkins","Languages & Humanities Department"
ACAD-SVIS-2025-095-INFO-FIN,SVIS-2025-095,"Ananya Iyer",CBSE-9,A,"Information Technology","Final Exam",72,100,2026-03-24,2025-2026,"Vikram Patel","Secondary Section (Grades 9-10)"
ACAD-SVIS-2025-096-MATH-UNI,SVIS-2025-096,"Aadhya Rao",CBSE-9,B,Mathematics,"Unit Test 1",27.6,50,2025-07-18,2025-2026,"Rajesh Kulkarni","Secondary Section (Grades 9-10)"
ACAD-SVIS-2025-096-SCIE-UNI,SVIS-2025-096,"Aadhya Rao",CBSE-9,B,Science,"Unit Test 1",34.5,50,2025-07-18,2025-2026,"David Chen","Science & Mathematics Department"
ACAD-SVIS-2025-096-SOCI-UNI,SVIS-2025-096,"Aadhya Rao",CBSE-9,B,"Social Science","Unit Test 1",34.5,50,2025-07-18,2025-2026,"Sarah Jenkins","Languages & Humanities Department"
ACAD-SVIS-2025-096-ENGL-UNI,SVIS-2025-096,"Aadhya Rao",CBSE-9,B,English,"Unit Test 1",34.5,50,2025-07-18,2025-2026,"Sarah Jenkins","Languages & Humanities Department"
ACAD-SVIS-2025-096-INFO-UNI,SVIS-2025-096,"Aadhya Rao",CBSE-9,B,"Information Technology","Unit Test 1",33.5,50,2025-07-18,2025-2026,"Vikram Patel","Secondary Section (Grades 9-10)"
ACAD-SVIS-2025-096-MATH-MID,SVIS-2025-096,"Aadhya Rao",CBSE-9,B,Mathematics,"Mid-Term Exam",49.5,100,2025-09-22,2025-2026,"Rajesh Kulkarni","Secondary Section (Grades 9-10)"
ACAD-SVIS-2025-096-SCIE-MID,SVIS-2025-096,"Aadhya Rao",CBSE-9,B,Science,"Mid-Term Exam",72,100,2025-09-22,2025-2026,"David Chen","Science & Mathematics Department"
ACAD-SVIS-2025-096-SOCI-MID,SVIS-2025-096,"Aadhya Rao",CBSE-9,B,"Social Science","Mid-Term Exam",74,100,2025-09-22,2025-2026,"Sarah Jenkins","Languages & Humanities Department"
ACAD-SVIS-2025-096-ENGL-MID,SVIS-2025-096,"Aadhya Rao",CBSE-9,B,English,"Mid-Term Exam",70,100,2025-09-22,2025-2026,"Sarah Jenkins","Languages & Humanities Department"
ACAD-SVIS-2025-096-INFO-MID,SVIS-2025-096,"Aadhya Rao",CBSE-9,B,"Information Technology","Mid-Term Exam",68,100,2025-09-22,2025-2026,"Vikram Patel","Secondary Section (Grades 9-10)"
ACAD-SVIS-2025-096-MATH-UNI,SVIS-2025-096,"Aadhya Rao",CBSE-9,B,Mathematics,"Unit Test 2",40,50,2025-12-15,2025-2026,"Rajesh Kulkarni","Secondary Section (Grades 9-10)"
ACAD-SVIS-2025-096-SCIE-UNI,SVIS-2025-096,"Aadhya Rao",CBSE-9,B,Science,"Unit Test 2",34.5,50,2025-12-15,2025-2026,"David Chen","Science & Mathematics Department"
ACAD-SVIS-2025-096-SOCI-UNI,SVIS-2025-096,"Aadhya Rao",CBSE-9,B,"Social Science","Unit Test 2",34.5,50,2025-12-15,2025-2026,"Sarah Jenkins","Languages & Humanities Department"
ACAD-SVIS-2025-096-ENGL-UNI,SVIS-2025-096,"Aadhya Rao",CBSE-9,B,English,"Unit Test 2",34.5,50,2025-12-15,2025-2026,"Sarah Jenkins","Languages & Humanities Department"
ACAD-SVIS-2025-096-INFO-UNI,SVIS-2025-096,"Aadhya Rao",CBSE-9,B,"Information Technology","Unit Test 2",33.5,50,2025-12-15,2025-2026,"Vikram Patel","Secondary Section (Grades 9-10)"
ACAD-SVIS-2025-096-MATH-FIN,SVIS-2025-096,"Aadhya Rao",CBSE-9,B,Mathematics,"Final Exam",81,100,2026-03-24,2025-2026,"Rajesh Kulkarni","Secondary Section (Grades 9-10)"
ACAD-SVIS-2025-096-SCIE-FIN,SVIS-2025-096,"Aadhya Rao",CBSE-9,B,Science,"Final Exam",73,100,2026-03-24,2025-2026,"David Chen","Science & Mathematics Department"
ACAD-SVIS-2025-096-SOCI-FIN,SVIS-2025-096,"Aadhya Rao",CBSE-9,B,"Social Science","Final Exam",69,100,2026-03-24,2025-2026,"Sarah Jenkins","Languages & Humanities Department"
ACAD-SVIS-2025-096-ENGL-FIN,SVIS-2025-096,"Aadhya Rao",CBSE-9,B,English,"Final Exam",71,100,2026-03-24,2025-2026,"Sarah Jenkins","Languages & Humanities Department"
ACAD-SVIS-2025-096-INFO-FIN,SVIS-2025-096,"Aadhya Rao",CBSE-9,B,"Information Technology","Final Exam",73,100,2026-03-24,2025-2026,"Vikram Patel","Secondary Section (Grades 9-10)"
ACAD-SVIS-2025-097-MATH-UNI,SVIS-2025-097,"Saanvi Chatterjee",CBSE-9,A,Mathematics,"Unit Test 1",23.9,50,2025-07-18,2025-2026,"Rajesh Kulkarni","Secondary Section (Grades 9-10)"
ACAD-SVIS-2025-097-SCIE-UNI,SVIS-2025-097,"Saanvi Chatterjee",CBSE-9,A,Science,"Unit Test 1",36,50,2025-07-18,2025-2026,"David Chen","Science & Mathematics Department"
ACAD-SVIS-2025-097-SOCI-UNI,SVIS-2025-097,"Saanvi Chatterjee",CBSE-9,A,"Social Science","Unit Test 1",39,50,2025-07-18,2025-2026,"Sarah Jenkins","Languages & Humanities Department"
ACAD-SVIS-2025-097-ENGL-UNI,SVIS-2025-097,"Saanvi Chatterjee",CBSE-9,A,English,"Unit Test 1",34,50,2025-07-18,2025-2026,"Sarah Jenkins","Languages & Humanities Department"
ACAD-SVIS-2025-097-INFO-UNI,SVIS-2025-097,"Saanvi Chatterjee",CBSE-9,A,"Information Technology","Unit Test 1",35,50,2025-07-18,2025-2026,"Vikram Patel","Secondary Section (Grades 9-10)"
ACAD-SVIS-2025-097-MATH-MID,SVIS-2025-097,"Saanvi Chatterjee",CBSE-9,A,Mathematics,"Mid-Term Exam",56.3,100,2025-09-22,2025-2026,"Rajesh Kulkarni","Secondary Section (Grades 9-10)"
ACAD-SVIS-2025-097-SCIE-MID,SVIS-2025-097,"Saanvi Chatterjee",CBSE-9,A,Science,"Mid-Term Exam",72,100,2025-09-22,2025-2026,"David Chen","Science & Mathematics Department"
ACAD-SVIS-2025-097-SOCI-MID,SVIS-2025-097,"Saanvi Chatterjee",CBSE-9,A,"Social Science","Mid-Term Exam",74,100,2025-09-22,2025-2026,"Sarah Jenkins","Languages & Humanities Department"
ACAD-SVIS-2025-097-ENGL-MID,SVIS-2025-097,"Saanvi Chatterjee",CBSE-9,A,English,"Mid-Term Exam",70,100,2025-09-22,2025-2026,"Sarah Jenkins","Languages & Humanities Department"
ACAD-SVIS-2025-097-INFO-MID,SVIS-2025-097,"Saanvi Chatterjee",CBSE-9,A,"Information Technology","Mid-Term Exam",74,100,2025-09-22,2025-2026,"Vikram Patel","Secondary Section (Grades 9-10)"
ACAD-SVIS-2025-097-MATH-UNI,SVIS-2025-097,"Saanvi Chatterjee",CBSE-9,A,Mathematics,"Unit Test 2",36.4,50,2025-12-15,2025-2026,"Rajesh Kulkarni","Secondary Section (Grades 9-10)"
ACAD-SVIS-2025-097-SCIE-UNI,SVIS-2025-097,"Saanvi Chatterjee",CBSE-9,A,Science,"Unit Test 2",36,50,2025-12-15,2025-2026,"David Chen","Science & Mathematics Department"
ACAD-SVIS-2025-097-SOCI-UNI,SVIS-2025-097,"Saanvi Chatterjee",CBSE-9,A,"Social Science","Unit Test 2",39,50,2025-12-15,2025-2026,"Sarah Jenkins","Languages & Humanities Department"
ACAD-SVIS-2025-097-ENGL-UNI,SVIS-2025-097,"Saanvi Chatterjee",CBSE-9,A,English,"Unit Test 2",34,50,2025-12-15,2025-2026,"Sarah Jenkins","Languages & Humanities Department"
ACAD-SVIS-2025-097-INFO-UNI,SVIS-2025-097,"Saanvi Chatterjee",CBSE-9,A,"Information Technology","Unit Test 2",35,50,2025-12-15,2025-2026,"Vikram Patel","Secondary Section (Grades 9-10)"
ACAD-SVIS-2025-097-MATH-FIN,SVIS-2025-097,"Saanvi Chatterjee",CBSE-9,A,Mathematics,"Final Exam",80,100,2026-03-24,2025-2026,"Rajesh Kulkarni","Secondary Section (Grades 9-10)"
ACAD-SVIS-2025-097-SCIE-FIN,SVIS-2025-097,"Saanvi Chatterjee",CBSE-9,A,Science,"Final Exam",72,100,2026-03-24,2025-2026,"David Chen","Science & Mathematics Department"
ACAD-SVIS-2025-097-SOCI-FIN,SVIS-2025-097,"Saanvi Chatterjee",CBSE-9,A,"Social Science","Final Exam",69,100,2026-03-24,2025-2026,"Sarah Jenkins","Languages & Humanities Department"
ACAD-SVIS-2025-097-ENGL-FIN,SVIS-2025-097,"Saanvi Chatterjee",CBSE-9,A,English,"Final Exam",70,100,2026-03-24,2025-2026,"Sarah Jenkins","Languages & Humanities Department"
ACAD-SVIS-2025-097-INFO-FIN,SVIS-2025-097,"Saanvi Chatterjee",CBSE-9,A,"Information Technology","Final Exam",69,100,2026-03-24,2025-2026,"Vikram Patel","Secondary Section (Grades 9-10)"
ACAD-SVIS-2025-098-MATH-UNI,SVIS-2025-098,"Ira Gupta",CBSE-9,B,Mathematics,"Unit Test 1",26.3,50,2025-07-18,2025-2026,"Rajesh Kulkarni","Secondary Section (Grades 9-10)"
ACAD-SVIS-2025-098-SCIE-UNI,SVIS-2025-098,"Ira Gupta",CBSE-9,B,Science,"Unit Test 1",37.5,50,2025-07-18,2025-2026,"David Chen","Science & Mathematics Department"
ACAD-SVIS-2025-098-SOCI-UNI,SVIS-2025-098,"Ira Gupta",CBSE-9,B,"Social Science","Unit Test 1",37.5,50,2025-07-18,2025-2026,"Sarah Jenkins","Languages & Humanities Department"
ACAD-SVIS-2025-098-ENGL-UNI,SVIS-2025-098,"Ira Gupta",CBSE-9,B,English,"Unit Test 1",35.5,50,2025-07-18,2025-2026,"Sarah Jenkins","Languages & Humanities Department"
ACAD-SVIS-2025-098-INFO-UNI,SVIS-2025-098,"Ira Gupta",CBSE-9,B,"Information Technology","Unit Test 1",34.5,50,2025-07-18,2025-2026,"Vikram Patel","Secondary Section (Grades 9-10)"
ACAD-SVIS-2025-098-MATH-MID,SVIS-2025-098,"Ira Gupta",CBSE-9,B,Mathematics,"Mid-Term Exam",57,100,2025-09-22,2025-2026,"Rajesh Kulkarni","Secondary Section (Grades 9-10)"
ACAD-SVIS-2025-098-SCIE-MID,SVIS-2025-098,"Ira Gupta",CBSE-9,B,Science,"Mid-Term Exam",72,100,2025-09-22,2025-2026,"David Chen","Science & Mathematics Department"
ACAD-SVIS-2025-098-SOCI-MID,SVIS-2025-098,"Ira Gupta",CBSE-9,B,"Social Science","Mid-Term Exam",71,100,2025-09-22,2025-2026,"Sarah Jenkins","Languages & Humanities Department"
ACAD-SVIS-2025-098-ENGL-MID,SVIS-2025-098,"Ira Gupta",CBSE-9,B,English,"Mid-Term Exam",72,100,2025-09-22,2025-2026,"Sarah Jenkins","Languages & Humanities Department"
ACAD-SVIS-2025-098-INFO-MID,SVIS-2025-098,"Ira Gupta",CBSE-9,B,"Information Technology","Mid-Term Exam",73,100,2025-09-22,2025-2026,"Vikram Patel","Secondary Section (Grades 9-10)"
ACAD-SVIS-2025-098-MATH-UNI,SVIS-2025-098,"Ira Gupta",CBSE-9,B,Mathematics,"Unit Test 2",38.9,50,2025-12-15,2025-2026,"Rajesh Kulkarni","Secondary Section (Grades 9-10)"
ACAD-SVIS-2025-098-SCIE-UNI,SVIS-2025-098,"Ira Gupta",CBSE-9,B,Science,"Unit Test 2",37.5,50,2025-12-15,2025-2026,"David Chen","Science & Mathematics Department"
ACAD-SVIS-2025-098-SOCI-UNI,SVIS-2025-098,"Ira Gupta",CBSE-9,B,"Social Science","Unit Test 2",37.5,50,2025-12-15,2025-2026,"Sarah Jenkins","Languages & Humanities Department"
ACAD-SVIS-2025-098-ENGL-UNI,SVIS-2025-098,"Ira Gupta",CBSE-9,B,English,"Unit Test 2",35.5,50,2025-12-15,2025-2026,"Sarah Jenkins","Languages & Humanities Department"
ACAD-SVIS-2025-098-INFO-UNI,SVIS-2025-098,"Ira Gupta",CBSE-9,B,"Information Technology","Unit Test 2",34.5,50,2025-12-15,2025-2026,"Vikram Patel","Secondary Section (Grades 9-10)"
ACAD-SVIS-2025-098-MATH-FIN,SVIS-2025-098,"Ira Gupta",CBSE-9,B,Mathematics,"Final Exam",78,100,2026-03-24,2025-2026,"Rajesh Kulkarni","Secondary Section (Grades 9-10)"
ACAD-SVIS-2025-098-SCIE-FIN,SVIS-2025-098,"Ira Gupta",CBSE-9,B,Science,"Final Exam",72,100,2026-03-24,2025-2026,"David Chen","Science & Mathematics Department"
ACAD-SVIS-2025-098-SOCI-FIN,SVIS-2025-098,"Ira Gupta",CBSE-9,B,"Social Science","Final Exam",70,100,2026-03-24,2025-2026,"Sarah Jenkins","Languages & Humanities Department"
ACAD-SVIS-2025-098-ENGL-FIN,SVIS-2025-098,"Ira Gupta",CBSE-9,B,English,"Final Exam",71,100,2026-03-24,2025-2026,"Sarah Jenkins","Languages & Humanities Department"
ACAD-SVIS-2025-098-INFO-FIN,SVIS-2025-098,"Ira Gupta",CBSE-9,B,"Information Technology","Final Exam",75,100,2026-03-24,2025-2026,"Vikram Patel","Secondary Section (Grades 9-10)"
ACAD-SVIS-2025-099-MATH-UNI,SVIS-2025-099,"Kavya Choudhury",CBSE-9,A,Mathematics,"Unit Test 1",29.6,50,2025-07-18,2025-2026,"Rajesh Kulkarni","Secondary Section (Grades 9-10)"
ACAD-SVIS-2025-099-SCIE-UNI,SVIS-2025-099,"Kavya Choudhury",CBSE-9,A,Science,"Unit Test 1",36,50,2025-07-18,2025-2026,"David Chen","Science & Mathematics Department"
ACAD-SVIS-2025-099-SOCI-UNI,SVIS-2025-099,"Kavya Choudhury",CBSE-9,A,"Social Science","Unit Test 1",38,50,2025-07-18,2025-2026,"Sarah Jenkins","Languages & Humanities Department"
ACAD-SVIS-2025-099-ENGL-UNI,SVIS-2025-099,"Kavya Choudhury",CBSE-9,A,English,"Unit Test 1",39,50,2025-07-18,2025-2026,"Sarah Jenkins","Languages & Humanities Department"
ACAD-SVIS-2025-099-INFO-UNI,SVIS-2025-099,"Kavya Choudhury",CBSE-9,A,"Information Technology","Unit Test 1",36,50,2025-07-18,2025-2026,"Vikram Patel","Secondary Section (Grades 9-10)"
ACAD-SVIS-2025-099-MATH-MID,SVIS-2025-099,"Kavya Choudhury",CBSE-9,A,Mathematics,"Mid-Term Exam",51.8,100,2025-09-22,2025-2026,"Rajesh Kulkarni","Secondary Section (Grades 9-10)"
ACAD-SVIS-2025-099-SCIE-MID,SVIS-2025-099,"Kavya Choudhury",CBSE-9,A,Science,"Mid-Term Exam",76,100,2025-09-22,2025-2026,"David Chen","Science & Mathematics Department"
ACAD-SVIS-2025-099-SOCI-MID,SVIS-2025-099,"Kavya Choudhury",CBSE-9,A,"Social Science","Mid-Term Exam",71,100,2025-09-22,2025-2026,"Sarah Jenkins","Languages & Humanities Department"
ACAD-SVIS-2025-099-ENGL-MID,SVIS-2025-099,"Kavya Choudhury",CBSE-9,A,English,"Mid-Term Exam",72,100,2025-09-22,2025-2026,"Sarah Jenkins","Languages & Humanities Department"
ACAD-SVIS-2025-099-INFO-MID,SVIS-2025-099,"Kavya Choudhury",CBSE-9,A,"Information Technology","Mid-Term Exam",72,100,2025-09-22,2025-2026,"Vikram Patel","Secondary Section (Grades 9-10)"
ACAD-SVIS-2025-099-MATH-UNI,SVIS-2025-099,"Kavya Choudhury",CBSE-9,A,Mathematics,"Unit Test 2",42.3,50,2025-12-15,2025-2026,"Rajesh Kulkarni","Secondary Section (Grades 9-10)"
ACAD-SVIS-2025-099-SCIE-UNI,SVIS-2025-099,"Kavya Choudhury",CBSE-9,A,Science,"Unit Test 2",36,50,2025-12-15,2025-2026,"David Chen","Science & Mathematics Department"
ACAD-SVIS-2025-099-SOCI-UNI,SVIS-2025-099,"Kavya Choudhury",CBSE-9,A,"Social Science","Unit Test 2",38,50,2025-12-15,2025-2026,"Sarah Jenkins","Languages & Humanities Department"
ACAD-SVIS-2025-099-ENGL-UNI,SVIS-2025-099,"Kavya Choudhury",CBSE-9,A,English,"Unit Test 2",39,50,2025-12-15,2025-2026,"Sarah Jenkins","Languages & Humanities Department"
ACAD-SVIS-2025-099-INFO-UNI,SVIS-2025-099,"Kavya Choudhury",CBSE-9,A,"Information Technology","Unit Test 2",36,50,2025-12-15,2025-2026,"Vikram Patel","Secondary Section (Grades 9-10)"
ACAD-SVIS-2025-099-MATH-FIN,SVIS-2025-099,"Kavya Choudhury",CBSE-9,A,Mathematics,"Final Exam",85,100,2026-03-24,2025-2026,"Rajesh Kulkarni","Secondary Section (Grades 9-10)"
ACAD-SVIS-2025-099-SCIE-FIN,SVIS-2025-099,"Kavya Choudhury",CBSE-9,A,Science,"Final Exam",73,100,2026-03-24,2025-2026,"David Chen","Science & Mathematics Department"
ACAD-SVIS-2025-099-SOCI-FIN,SVIS-2025-099,"Kavya Choudhury",CBSE-9,A,"Social Science","Final Exam",71,100,2026-03-24,2025-2026,"Sarah Jenkins","Languages & Humanities Department"
ACAD-SVIS-2025-099-ENGL-FIN,SVIS-2025-099,"Kavya Choudhury",CBSE-9,A,English,"Final Exam",76,100,2026-03-24,2025-2026,"Sarah Jenkins","Languages & Humanities Department"
ACAD-SVIS-2025-099-INFO-FIN,SVIS-2025-099,"Kavya Choudhury",CBSE-9,A,"Information Technology","Final Exam",72,100,2026-03-24,2025-2026,"Vikram Patel","Secondary Section (Grades 9-10)"
ACAD-SVIS-2025-100-MATH-UNI,SVIS-2025-100,"Aarav Sharma",CBSE-9,B,Mathematics,"Unit Test 1",26,50,2025-07-18,2025-2026,"Rajesh Kulkarni","Secondary Section (Grades 9-10)"
ACAD-SVIS-2025-100-SCIE-UNI,SVIS-2025-100,"Aarav Sharma",CBSE-9,B,Science,"Unit Test 1",38.5,50,2025-07-18,2025-2026,"David Chen","Science & Mathematics Department"
ACAD-SVIS-2025-100-SOCI-UNI,SVIS-2025-100,"Aarav Sharma",CBSE-9,B,"Social Science","Unit Test 1",37.5,50,2025-07-18,2025-2026,"Sarah Jenkins","Languages & Humanities Department"
ACAD-SVIS-2025-100-ENGL-UNI,SVIS-2025-100,"Aarav Sharma",CBSE-9,B,English,"Unit Test 1",35.5,50,2025-07-18,2025-2026,"Sarah Jenkins","Languages & Humanities Department"
ACAD-SVIS-2025-100-INFO-UNI,SVIS-2025-100,"Aarav Sharma",CBSE-9,B,"Information Technology","Unit Test 1",39.5,50,2025-07-18,2025-2026,"Vikram Patel","Secondary Section (Grades 9-10)"
ACAD-SVIS-2025-100-MATH-MID,SVIS-2025-100,"Aarav Sharma",CBSE-9,B,Mathematics,"Mid-Term Exam",56.5,100,2025-09-22,2025-2026,"Rajesh Kulkarni","Secondary Section (Grades 9-10)"
ACAD-SVIS-2025-100-SCIE-MID,SVIS-2025-100,"Aarav Sharma",CBSE-9,B,Science,"Mid-Term Exam",78,100,2025-09-22,2025-2026,"David Chen","Science & Mathematics Department"
ACAD-SVIS-2025-100-SOCI-MID,SVIS-2025-100,"Aarav Sharma",CBSE-9,B,"Social Science","Mid-Term Exam",75,100,2025-09-22,2025-2026,"Sarah Jenkins","Languages & Humanities Department"
ACAD-SVIS-2025-100-ENGL-MID,SVIS-2025-100,"Aarav Sharma",CBSE-9,B,English,"Mid-Term Exam",77,100,2025-09-22,2025-2026,"Sarah Jenkins","Languages & Humanities Department"
ACAD-SVIS-2025-100-INFO-MID,SVIS-2025-100,"Aarav Sharma",CBSE-9,B,"Information Technology","Mid-Term Exam",74,100,2025-09-22,2025-2026,"Vikram Patel","Secondary Section (Grades 9-10)"
ACAD-SVIS-2025-100-MATH-UNI,SVIS-2025-100,"Aarav Sharma",CBSE-9,B,Mathematics,"Unit Test 2",38.8,50,2025-12-15,2025-2026,"Rajesh Kulkarni","Secondary Section (Grades 9-10)"
ACAD-SVIS-2025-100-SCIE-UNI,SVIS-2025-100,"Aarav Sharma",CBSE-9,B,Science,"Unit Test 2",38.5,50,2025-12-15,2025-2026,"David Chen","Science & Mathematics Department"
ACAD-SVIS-2025-100-SOCI-UNI,SVIS-2025-100,"Aarav Sharma",CBSE-9,B,"Social Science","Unit Test 2",37.5,50,2025-12-15,2025-2026,"Sarah Jenkins","Languages & Humanities Department"
ACAD-SVIS-2025-100-ENGL-UNI,SVIS-2025-100,"Aarav Sharma",CBSE-9,B,English,"Unit Test 2",35.5,50,2025-12-15,2025-2026,"Sarah Jenkins","Languages & Humanities Department"
ACAD-SVIS-2025-100-INFO-UNI,SVIS-2025-100,"Aarav Sharma",CBSE-9,B,"Information Technology","Unit Test 2",39.5,50,2025-12-15,2025-2026,"Vikram Patel","Secondary Section (Grades 9-10)"
ACAD-SVIS-2025-100-MATH-FIN,SVIS-2025-100,"Aarav Sharma",CBSE-9,B,Mathematics,"Final Exam",80,100,2026-03-24,2025-2026,"Rajesh Kulkarni","Secondary Section (Grades 9-10)"
ACAD-SVIS-2025-100-SCIE-FIN,SVIS-2025-100,"Aarav Sharma",CBSE-9,B,Science,"Final Exam",76,100,2026-03-24,2025-2026,"David Chen","Science & Mathematics Department"
ACAD-SVIS-2025-100-SOCI-FIN,SVIS-2025-100,"Aarav Sharma",CBSE-9,B,"Social Science","Final Exam",78,100,2026-03-24,2025-2026,"Sarah Jenkins","Languages & Humanities Department"
ACAD-SVIS-2025-100-ENGL-FIN,SVIS-2025-100,"Aarav Sharma",CBSE-9,B,English,"Final Exam",78,100,2026-03-24,2025-2026,"Sarah Jenkins","Languages & Humanities Department"
ACAD-SVIS-2025-100-INFO-FIN,SVIS-2025-100,"Aarav Sharma",CBSE-9,B,"Information Technology","Final Exam",77,100,2026-03-24,2025-2026,"Vikram Patel","Secondary Section (Grades 9-10)"
ACAD-SVIS-2025-101-MATH-UNI,SVIS-2025-101,"Vihaan Singh",CBSE-9,A,Mathematics,"Unit Test 1",29.4,50,2025-07-18,2025-2026,"Rajesh Kulkarni","Secondary Section (Grades 9-10)"
ACAD-SVIS-2025-101-SCIE-UNI,SVIS-2025-101,"Vihaan Singh",CBSE-9,A,Science,"Unit Test 1",38,50,2025-07-18,2025-2026,"David Chen","Science & Mathematics Department"
ACAD-SVIS-2025-101-SOCI-UNI,SVIS-2025-101,"Vihaan Singh",CBSE-9,A,"Social Science","Unit Test 1",39,50,2025-07-18,2025-2026,"Sarah Jenkins","Languages & Humanities Department"
ACAD-SVIS-2025-101-ENGL-UNI,SVIS-2025-101,"Vihaan Singh",CBSE-9,A,English,"Unit Test 1",41,50,2025-07-18,2025-2026,"Sarah Jenkins","Languages & Humanities Department"
ACAD-SVIS-2025-101-INFO-UNI,SVIS-2025-101,"Vihaan Singh",CBSE-9,A,"Information Technology","Unit Test 1",39,50,2025-07-18,2025-2026,"Vikram Patel","Secondary Section (Grades 9-10)"
ACAD-SVIS-2025-101-MATH-MID,SVIS-2025-101,"Vihaan Singh",CBSE-9,A,Mathematics,"Mid-Term Exam",58.2,100,2025-09-22,2025-2026,"Rajesh Kulkarni","Secondary Section (Grades 9-10)"
ACAD-SVIS-2025-101-SCIE-MID,SVIS-2025-101,"Vihaan Singh",CBSE-9,A,Science,"Mid-Term Exam",74,100,2025-09-22,2025-2026,"David Chen","Science & Mathematics Department"
ACAD-SVIS-2025-101-SOCI-MID,SVIS-2025-101,"Vihaan Singh",CBSE-9,A,"Social Science","Mid-Term Exam",78,100,2025-09-22,2025-2026,"Sarah Jenkins","Languages & Humanities Department"
ACAD-SVIS-2025-101-ENGL-MID,SVIS-2025-101,"Vihaan Singh",CBSE-9,A,English,"Mid-Term Exam",73,100,2025-09-22,2025-2026,"Sarah Jenkins","Languages & Humanities Department"
ACAD-SVIS-2025-101-INFO-MID,SVIS-2025-101,"Vihaan Singh",CBSE-9,A,"Information Technology","Mid-Term Exam",73,100,2025-09-22,2025-2026,"Vikram Patel","Secondary Section (Grades 9-10)"
ACAD-SVIS-2025-101-MATH-UNI,SVIS-2025-101,"Vihaan Singh",CBSE-9,A,Mathematics,"Unit Test 2",42.2,50,2025-12-15,2025-2026,"Rajesh Kulkarni","Secondary Section (Grades 9-10)"
ACAD-SVIS-2025-101-SCIE-UNI,SVIS-2025-101,"Vihaan Singh",CBSE-9,A,Science,"Unit Test 2",38,50,2025-12-15,2025-2026,"David Chen","Science & Mathematics Department"
ACAD-SVIS-2025-101-SOCI-UNI,SVIS-2025-101,"Vihaan Singh",CBSE-9,A,"Social Science","Unit Test 2",39,50,2025-12-15,2025-2026,"Sarah Jenkins","Languages & Humanities Department"
ACAD-SVIS-2025-101-ENGL-UNI,SVIS-2025-101,"Vihaan Singh",CBSE-9,A,English,"Unit Test 2",41,50,2025-12-15,2025-2026,"Sarah Jenkins","Languages & Humanities Department"
ACAD-SVIS-2025-101-INFO-UNI,SVIS-2025-101,"Vihaan Singh",CBSE-9,A,"Information Technology","Unit Test 2",39,50,2025-12-15,2025-2026,"Vikram Patel","Secondary Section (Grades 9-10)"
ACAD-SVIS-2025-101-MATH-FIN,SVIS-2025-101,"Vihaan Singh",CBSE-9,A,Mathematics,"Final Exam",83,100,2026-03-24,2025-2026,"Rajesh Kulkarni","Secondary Section (Grades 9-10)"
ACAD-SVIS-2025-101-SCIE-FIN,SVIS-2025-101,"Vihaan Singh",CBSE-9,A,Science,"Final Exam",73,100,2026-03-24,2025-2026,"David Chen","Science & Mathematics Department"
ACAD-SVIS-2025-101-SOCI-FIN,SVIS-2025-101,"Vihaan Singh",CBSE-9,A,"Social Science","Final Exam",74,100,2026-03-24,2025-2026,"Sarah Jenkins","Languages & Humanities Department"
ACAD-SVIS-2025-101-ENGL-FIN,SVIS-2025-101,"Vihaan Singh",CBSE-9,A,English,"Final Exam",75,100,2026-03-24,2025-2026,"Sarah Jenkins","Languages & Humanities Department"
ACAD-SVIS-2025-101-INFO-FIN,SVIS-2025-101,"Vihaan Singh",CBSE-9,A,"Information Technology","Final Exam",79,100,2026-03-24,2025-2026,"Vikram Patel","Secondary Section (Grades 9-10)"
ACAD-SVIS-2025-102-MATH-UNI,SVIS-2025-102,"Reyansh Mehta",CBSE-9,B,Mathematics,"Unit Test 1",25.7,50,2025-07-18,2025-2026,"Rajesh Kulkarni","Secondary Section (Grades 9-10)"
ACAD-SVIS-2025-102-SCIE-UNI,SVIS-2025-102,"Reyansh Mehta",CBSE-9,B,Science,"Unit Test 1",41.5,50,2025-07-18,2025-2026,"David Chen","Science & Mathematics Department"
ACAD-SVIS-2025-102-SOCI-UNI,SVIS-2025-102,"Reyansh Mehta",CBSE-9,B,"Social Science","Unit Test 1",38.5,50,2025-07-18,2025-2026,"Sarah Jenkins","Languages & Humanities Department"
ACAD-SVIS-2025-102-ENGL-UNI,SVIS-2025-102,"Reyansh Mehta",CBSE-9,B,English,"Unit Test 1",38.5,50,2025-07-18,2025-2026,"Sarah Jenkins","Languages & Humanities Department"
ACAD-SVIS-2025-102-INFO-UNI,SVIS-2025-102,"Reyansh Mehta",CBSE-9,B,"Information Technology","Unit Test 1",40.5,50,2025-07-18,2025-2026,"Vikram Patel","Secondary Section (Grades 9-10)"
ACAD-SVIS-2025-102-MATH-MID,SVIS-2025-102,"Reyansh Mehta",CBSE-9,B,Mathematics,"Mid-Term Exam",58,100,2025-09-22,2025-2026,"Rajesh Kulkarni","Secondary Section (Grades 9-10)"
ACAD-SVIS-2025-102-SCIE-MID,SVIS-2025-102,"Reyansh Mehta",CBSE-9,B,Science,"Mid-Term Exam",78,100,2025-09-22,2025-2026,"David Chen","Science & Mathematics Department"
ACAD-SVIS-2025-102-SOCI-MID,SVIS-2025-102,"Reyansh Mehta",CBSE-9,B,"Social Science","Mid-Term Exam",76,100,2025-09-22,2025-2026,"Sarah Jenkins","Languages & Humanities Department"
ACAD-SVIS-2025-102-ENGL-MID,SVIS-2025-102,"Reyansh Mehta",CBSE-9,B,English,"Mid-Term Exam",77,100,2025-09-22,2025-2026,"Sarah Jenkins","Languages & Humanities Department"
ACAD-SVIS-2025-102-INFO-MID,SVIS-2025-102,"Reyansh Mehta",CBSE-9,B,"Information Technology","Mid-Term Exam",74,100,2025-09-22,2025-2026,"Vikram Patel","Secondary Section (Grades 9-10)"
ACAD-SVIS-2025-102-MATH-UNI,SVIS-2025-102,"Reyansh Mehta",CBSE-9,B,Mathematics,"Unit Test 2",38.7,50,2025-12-15,2025-2026,"Rajesh Kulkarni","Secondary Section (Grades 9-10)"
ACAD-SVIS-2025-102-SCIE-UNI,SVIS-2025-102,"Reyansh Mehta",CBSE-9,B,Science,"Unit Test 2",41.5,50,2025-12-15,2025-2026,"David Chen","Science & Mathematics Department"
ACAD-SVIS-2025-102-SOCI-UNI,SVIS-2025-102,"Reyansh Mehta",CBSE-9,B,"Social Science","Unit Test 2",38.5,50,2025-12-15,2025-2026,"Sarah Jenkins","Languages & Humanities Department"
ACAD-SVIS-2025-102-ENGL-UNI,SVIS-2025-102,"Reyansh Mehta",CBSE-9,B,English,"Unit Test 2",38.5,50,2025-12-15,2025-2026,"Sarah Jenkins","Languages & Humanities Department"
ACAD-SVIS-2025-102-INFO-UNI,SVIS-2025-102,"Reyansh Mehta",CBSE-9,B,"Information Technology","Unit Test 2",40.5,50,2025-12-15,2025-2026,"Vikram Patel","Secondary Section (Grades 9-10)"
ACAD-SVIS-2025-102-MATH-FIN,SVIS-2025-102,"Reyansh Mehta",CBSE-9,B,Mathematics,"Final Exam",82,100,2026-03-24,2025-2026,"Rajesh Kulkarni","Secondary Section (Grades 9-10)"
ACAD-SVIS-2025-102-SCIE-FIN,SVIS-2025-102,"Reyansh Mehta",CBSE-9,B,Science,"Final Exam",78,100,2026-03-24,2025-2026,"David Chen","Science & Mathematics Department"
ACAD-SVIS-2025-102-SOCI-FIN,SVIS-2025-102,"Reyansh Mehta",CBSE-9,B,"Social Science","Final Exam",75,100,2026-03-24,2025-2026,"Sarah Jenkins","Languages & Humanities Department"
ACAD-SVIS-2025-102-ENGL-FIN,SVIS-2025-102,"Reyansh Mehta",CBSE-9,B,English,"Final Exam",79,100,2026-03-24,2025-2026,"Sarah Jenkins","Languages & Humanities Department"
ACAD-SVIS-2025-102-INFO-FIN,SVIS-2025-102,"Reyansh Mehta",CBSE-9,B,"Information Technology","Final Exam",78,100,2026-03-24,2025-2026,"Vikram Patel","Secondary Section (Grades 9-10)"
ACAD-SVIS-2025-103-MATH-UNI,SVIS-2025-103,"Ishaan Verma",CBSE-9,A,Mathematics,"Unit Test 1",26.1,50,2025-07-18,2025-2026,"Rajesh Kulkarni","Secondary Section (Grades 9-10)"
ACAD-SVIS-2025-103-SCIE-UNI,SVIS-2025-103,"Ishaan Verma",CBSE-9,A,Science,"Unit Test 1",41,50,2025-07-18,2025-2026,"David Chen","Science & Mathematics Department"
ACAD-SVIS-2025-103-SOCI-UNI,SVIS-2025-103,"Ishaan Verma",CBSE-9,A,"Social Science","Unit Test 1",37,50,2025-07-18,2025-2026,"Sarah Jenkins","Languages & Humanities Department"
ACAD-SVIS-2025-103-ENGL-UNI,SVIS-2025-103,"Ishaan Verma",CBSE-9,A,English,"Unit Test 1",40,50,2025-07-18,2025-2026,"Sarah Jenkins","Languages & Humanities Department"
ACAD-SVIS-2025-103-INFO-UNI,SVIS-2025-103,"Ishaan Verma",CBSE-9,A,"Information Technology","Unit Test 1",36,50,2025-07-18,2025-2026,"Vikram Patel","Secondary Section (Grades 9-10)"
ACAD-SVIS-2025-103-MATH-MID,SVIS-2025-103,"Ishaan Verma",CBSE-9,A,Mathematics,"Mid-Term Exam",56.7,100,2025-09-22,2025-2026,"Rajesh Kulkarni","Secondary Section (Grades 9-10)"
ACAD-SVIS-2025-103-SCIE-MID,SVIS-2025-103,"Ishaan Verma",CBSE-9,A,Science,"Mid-Term Exam",76,100,2025-09-22,2025-2026,"David Chen","Science & Mathematics Department"
ACAD-SVIS-2025-103-SOCI-MID,SVIS-2025-103,"Ishaan Verma",CBSE-9,A,"Social Science","Mid-Term Exam",77,100,2025-09-22,2025-2026,"Sarah Jenkins","Languages & Humanities Department"
ACAD-SVIS-2025-103-ENGL-MID,SVIS-2025-103,"Ishaan Verma",CBSE-9,A,English,"Mid-Term Exam",75,100,2025-09-22,2025-2026,"Sarah Jenkins","Languages & Humanities Department"
ACAD-SVIS-2025-103-INFO-MID,SVIS-2025-103,"Ishaan Verma",CBSE-9,A,"Information Technology","Mid-Term Exam",81,100,2025-09-22,2025-2026,"Vikram Patel","Secondary Section (Grades 9-10)"
ACAD-SVIS-2025-103-MATH-UNI,SVIS-2025-103,"Ishaan Verma",CBSE-9,A,Mathematics,"Unit Test 2",39.1,50,2025-12-15,2025-2026,"Rajesh Kulkarni","Secondary Section (Grades 9-10)"
ACAD-SVIS-2025-103-SCIE-UNI,SVIS-2025-103,"Ishaan Verma",CBSE-9,A,Science,"Unit Test 2",41,50,2025-12-15,2025-2026,"David Chen","Science & Mathematics Department"
ACAD-SVIS-2025-103-SOCI-UNI,SVIS-2025-103,"Ishaan Verma",CBSE-9,A,"Social Science","Unit Test 2",37,50,2025-12-15,2025-2026,"Sarah Jenkins","Languages & Humanities Department"
ACAD-SVIS-2025-103-ENGL-UNI,SVIS-2025-103,"Ishaan Verma",CBSE-9,A,English,"Unit Test 2",40,50,2025-12-15,2025-2026,"Sarah Jenkins","Languages & Humanities Department"
ACAD-SVIS-2025-103-INFO-UNI,SVIS-2025-103,"Ishaan Verma",CBSE-9,A,"Information Technology","Unit Test 2",36,50,2025-12-15,2025-2026,"Vikram Patel","Secondary Section (Grades 9-10)"
ACAD-SVIS-2025-103-MATH-FIN,SVIS-2025-103,"Ishaan Verma",CBSE-9,A,Mathematics,"Final Exam",85,100,2026-03-24,2025-2026,"Rajesh Kulkarni","Secondary Section (Grades 9-10)"
ACAD-SVIS-2025-103-SCIE-FIN,SVIS-2025-103,"Ishaan Verma",CBSE-9,A,Science,"Final Exam",76,100,2026-03-24,2025-2026,"David Chen","Science & Mathematics Department"
ACAD-SVIS-2025-103-SOCI-FIN,SVIS-2025-103,"Ishaan Verma",CBSE-9,A,"Social Science","Final Exam",81,100,2026-03-24,2025-2026,"Sarah Jenkins","Languages & Humanities Department"
ACAD-SVIS-2025-103-ENGL-FIN,SVIS-2025-103,"Ishaan Verma",CBSE-9,A,English,"Final Exam",80,100,2026-03-24,2025-2026,"Sarah Jenkins","Languages & Humanities Department"
ACAD-SVIS-2025-103-INFO-FIN,SVIS-2025-103,"Ishaan Verma",CBSE-9,A,"Information Technology","Final Exam",76,100,2026-03-24,2025-2026,"Vikram Patel","Secondary Section (Grades 9-10)"
ACAD-SVIS-2025-104-MATH-UNI,SVIS-2025-104,"Advik Deshmukh",CBSE-9,B,Mathematics,"Unit Test 1",30.4,50,2025-07-18,2025-2026,"Rajesh Kulkarni","Secondary Section (Grades 9-10)"
ACAD-SVIS-2025-104-SCIE-UNI,SVIS-2025-104,"Advik Deshmukh",CBSE-9,B,Science,"Unit Test 1",38.5,50,2025-07-18,2025-2026,"David Chen","Science & Mathematics Department"
ACAD-SVIS-2025-104-SOCI-UNI,SVIS-2025-104,"Advik Deshmukh",CBSE-9,B,"Social Science","Unit Test 1",37.5,50,2025-07-18,2025-2026,"Sarah Jenkins","Languages & Humanities Department"
ACAD-SVIS-2025-104-ENGL-UNI,SVIS-2025-104,"Advik Deshmukh",CBSE-9,B,English,"Unit Test 1",38.5,50,2025-07-18,2025-2026,"Sarah Jenkins","Languages & Humanities Department"
ACAD-SVIS-2025-104-INFO-UNI,SVIS-2025-104,"Advik Deshmukh",CBSE-9,B,"Information Technology","Unit Test 1",41.5,50,2025-07-18,2025-2026,"Vikram Patel","Secondary Section (Grades 9-10)"
ACAD-SVIS-2025-104-MATH-MID,SVIS-2025-104,"Advik Deshmukh",CBSE-9,B,Mathematics,"Mid-Term Exam",61.5,100,2025-09-22,2025-2026,"Rajesh Kulkarni","Secondary Section (Grades 9-10)"
ACAD-SVIS-2025-104-SCIE-MID,SVIS-2025-104,"Advik Deshmukh",CBSE-9,B,Science,"Mid-Term Exam",82,100,2025-09-22,2025-2026,"David Chen","Science & Mathematics Department"
ACAD-SVIS-2025-104-SOCI-MID,SVIS-2025-104,"Advik Deshmukh",CBSE-9,B,"Social Science","Mid-Term Exam",77,100,2025-09-22,2025-2026,"Sarah Jenkins","Languages & Humanities Department"
ACAD-SVIS-2025-104-ENGL-MID,SVIS-2025-104,"Advik Deshmukh",CBSE-9,B,English,"Mid-Term Exam",81,100,2025-09-22,2025-2026,"Sarah Jenkins","Languages & Humanities Department"
ACAD-SVIS-2025-104-INFO-MID,SVIS-2025-104,"Advik Deshmukh",CBSE-9,B,"Information Technology","Mid-Term Exam",77,100,2025-09-22,2025-2026,"Vikram Patel","Secondary Section (Grades 9-10)"
ACAD-SVIS-2025-104-MATH-UNI,SVIS-2025-104,"Advik Deshmukh",CBSE-9,B,Mathematics,"Unit Test 2",43.6,50,2025-12-15,2025-2026,"Rajesh Kulkarni","Secondary Section (Grades 9-10)"
ACAD-SVIS-2025-104-SCIE-UNI,SVIS-2025-104,"Advik Deshmukh",CBSE-9,B,Science,"Unit Test 2",38.5,50,2025-12-15,2025-2026,"David Chen","Science & Mathematics Department"
ACAD-SVIS-2025-104-SOCI-UNI,SVIS-2025-104,"Advik Deshmukh",CBSE-9,B,"Social Science","Unit Test 2",37.5,50,2025-12-15,2025-2026,"Sarah Jenkins","Languages & Humanities Department"
ACAD-SVIS-2025-104-ENGL-UNI,SVIS-2025-104,"Advik Deshmukh",CBSE-9,B,English,"Unit Test 2",38.5,50,2025-12-15,2025-2026,"Sarah Jenkins","Languages & Humanities Department"
ACAD-SVIS-2025-104-INFO-UNI,SVIS-2025-104,"Advik Deshmukh",CBSE-9,B,"Information Technology","Unit Test 2",41.5,50,2025-12-15,2025-2026,"Vikram Patel","Secondary Section (Grades 9-10)"
ACAD-SVIS-2025-104-MATH-FIN,SVIS-2025-104,"Advik Deshmukh",CBSE-9,B,Mathematics,"Final Exam",88,100,2026-03-24,2025-2026,"Rajesh Kulkarni","Secondary Section (Grades 9-10)"
ACAD-SVIS-2025-104-SCIE-FIN,SVIS-2025-104,"Advik Deshmukh",CBSE-9,B,Science,"Final Exam",81,100,2026-03-24,2025-2026,"David Chen","Science & Mathematics Department"
ACAD-SVIS-2025-104-SOCI-FIN,SVIS-2025-104,"Advik Deshmukh",CBSE-9,B,"Social Science","Final Exam",79,100,2026-03-24,2025-2026,"Sarah Jenkins","Languages & Humanities Department"
ACAD-SVIS-2025-104-ENGL-FIN,SVIS-2025-104,"Advik Deshmukh",CBSE-9,B,English,"Final Exam",76,100,2026-03-24,2025-2026,"Sarah Jenkins","Languages & Humanities Department"
ACAD-SVIS-2025-104-INFO-FIN,SVIS-2025-104,"Advik Deshmukh",CBSE-9,B,"Information Technology","Final Exam",78,100,2026-03-24,2025-2026,"Vikram Patel","Secondary Section (Grades 9-10)"
ACAD-SVIS-2025-105-MATH-UNI,SVIS-2025-105,"Ananya Shah",CBSE-9,A,Mathematics,"Unit Test 1",31.8,50,2025-07-18,2025-2026,"Rajesh Kulkarni","Secondary Section (Grades 9-10)"
ACAD-SVIS-2025-105-SCIE-UNI,SVIS-2025-105,"Ananya Shah",CBSE-9,A,Science,"Unit Test 1",43,50,2025-07-18,2025-2026,"David Chen","Science & Mathematics Department"
ACAD-SVIS-2025-105-SOCI-UNI,SVIS-2025-105,"Ananya Shah",CBSE-9,A,"Social Science","Unit Test 1",42,50,2025-07-18,2025-2026,"Sarah Jenkins","Languages & Humanities Department"
ACAD-SVIS-2025-105-ENGL-UNI,SVIS-2025-105,"Ananya Shah",CBSE-9,A,English,"Unit Test 1",41,50,2025-07-18,2025-2026,"Sarah Jenkins","Languages & Humanities Department"
ACAD-SVIS-2025-105-INFO-UNI,SVIS-2025-105,"Ananya Shah",CBSE-9,A,"Information Technology","Unit Test 1",42,50,2025-07-18,2025-2026,"Vikram Patel","Secondary Section (Grades 9-10)"
ACAD-SVIS-2025-105-MATH-MID,SVIS-2025-105,"Ananya Shah",CBSE-9,A,Mathematics,"Mid-Term Exam",57.2,100,2025-09-22,2025-2026,"Rajesh Kulkarni","Secondary Section (Grades 9-10)"
ACAD-SVIS-2025-105-SCIE-MID,SVIS-2025-105,"Ananya Shah",CBSE-9,A,Science,"Mid-Term Exam",80,100,2025-09-22,2025-2026,"David Chen","Science & Mathematics Department"
ACAD-SVIS-2025-105-SOCI-MID,SVIS-2025-105,"Ananya Shah",CBSE-9,A,"Social Science","Mid-Term Exam",82,100,2025-09-22,2025-2026,"Sarah Jenkins","Languages & Humanities Department"
ACAD-SVIS-2025-105-ENGL-MID,SVIS-2025-105,"Ananya Shah",CBSE-9,A,English,"Mid-Term Exam",82,100,2025-09-22,2025-2026,"Sarah Jenkins","Languages & Humanities Department"
ACAD-SVIS-2025-105-INFO-MID,SVIS-2025-105,"Ananya Shah",CBSE-9,A,"Information Technology","Mid-Term Exam",80,100,2025-09-22,2025-2026,"Vikram Patel","Secondary Section (Grades 9-10)"
ACAD-SVIS-2025-105-MATH-UNI,SVIS-2025-105,"Ananya Shah",CBSE-9,A,Mathematics,"Unit Test 2",45,50,2025-12-15,2025-2026,"Rajesh Kulkarni","Secondary Section (Grades 9-10)"
ACAD-SVIS-2025-105-SCIE-UNI,SVIS-2025-105,"Ananya Shah",CBSE-9,A,Science,"Unit Test 2",43,50,2025-12-15,2025-2026,"David Chen","Science & Mathematics Department"
ACAD-SVIS-2025-105-SOCI-UNI,SVIS-2025-105,"Ananya Shah",CBSE-9,A,"Social Science","Unit Test 2",42,50,2025-12-15,2025-2026,"Sarah Jenkins","Languages & Humanities Department"
ACAD-SVIS-2025-105-ENGL-UNI,SVIS-2025-105,"Ananya Shah",CBSE-9,A,English,"Unit Test 2",41,50,2025-12-15,2025-2026,"Sarah Jenkins","Languages & Humanities Department"
ACAD-SVIS-2025-105-INFO-UNI,SVIS-2025-105,"Ananya Shah",CBSE-9,A,"Information Technology","Unit Test 2",42,50,2025-12-15,2025-2026,"Vikram Patel","Secondary Section (Grades 9-10)"
ACAD-SVIS-2025-105-MATH-FIN,SVIS-2025-105,"Ananya Shah",CBSE-9,A,Mathematics,"Final Exam",85,100,2026-03-24,2025-2026,"Rajesh Kulkarni","Secondary Section (Grades 9-10)"
ACAD-SVIS-2025-105-SCIE-FIN,SVIS-2025-105,"Ananya Shah",CBSE-9,A,Science,"Final Exam",81,100,2026-03-24,2025-2026,"David Chen","Science & Mathematics Department"
ACAD-SVIS-2025-105-SOCI-FIN,SVIS-2025-105,"Ananya Shah",CBSE-9,A,"Social Science","Final Exam",82,100,2026-03-24,2025-2026,"Sarah Jenkins","Languages & Humanities Department"
ACAD-SVIS-2025-105-ENGL-FIN,SVIS-2025-105,"Ananya Shah",CBSE-9,A,English,"Final Exam",80,100,2026-03-24,2025-2026,"Sarah Jenkins","Languages & Humanities Department"
ACAD-SVIS-2025-105-INFO-FIN,SVIS-2025-105,"Ananya Shah",CBSE-9,A,"Information Technology","Final Exam",78,100,2026-03-24,2025-2026,"Vikram Patel","Secondary Section (Grades 9-10)"
ACAD-SVIS-2025-106-MATH-UNI,SVIS-2025-106,"Aadhya Patel",CBSE-10,A,Mathematics,"Unit Test 1",43.5,50,2025-07-18,2025-2026,"Rajesh Kulkarni","Secondary Section (Grades 9-10)"
ACAD-SVIS-2025-106-SCIE-UNI,SVIS-2025-106,"Aadhya Patel",CBSE-10,A,Science,"Unit Test 1",42.5,50,2025-07-18,2025-2026,"David Chen","Science & Mathematics Department"
ACAD-SVIS-2025-106-SOCI-UNI,SVIS-2025-106,"Aadhya Patel",CBSE-10,A,"Social Science","Unit Test 1",39.5,50,2025-07-18,2025-2026,"Sarah Jenkins","Languages & Humanities Department"
ACAD-SVIS-2025-106-ENGL-UNI,SVIS-2025-106,"Aadhya Patel",CBSE-10,A,English,"Unit Test 1",43.5,50,2025-07-18,2025-2026,"Sarah Jenkins","Languages & Humanities Department"
ACAD-SVIS-2025-106-INFO-UNI,SVIS-2025-106,"Aadhya Patel",CBSE-10,A,"Information Technology","Unit Test 1",42.5,50,2025-07-18,2025-2026,"Vikram Patel","Secondary Section (Grades 9-10)"
ACAD-SVIS-2025-106-MATH-MID,SVIS-2025-106,"Aadhya Patel",CBSE-10,A,Mathematics,"Mid-Term Exam",78,100,2025-09-22,2025-2026,"Rajesh Kulkarni","Secondary Section (Grades 9-10)"
ACAD-SVIS-2025-106-SCIE-MID,SVIS-2025-106,"Aadhya Patel",CBSE-10,A,Science,"Mid-Term Exam",84,100,2025-09-22,2025-2026,"David Chen","Science & Mathematics Department"
ACAD-SVIS-2025-106-SOCI-MID,SVIS-2025-106,"Aadhya Patel",CBSE-10,A,"Social Science","Mid-Term Exam",81,100,2025-09-22,2025-2026,"Sarah Jenkins","Languages & Humanities Department"
ACAD-SVIS-2025-106-ENGL-MID,SVIS-2025-106,"Aadhya Patel",CBSE-10,A,English,"Mid-Term Exam",83,100,2025-09-22,2025-2026,"Sarah Jenkins","Languages & Humanities Department"
ACAD-SVIS-2025-106-INFO-MID,SVIS-2025-106,"Aadhya Patel",CBSE-10,A,"Information Technology","Mid-Term Exam",81,100,2025-09-22,2025-2026,"Vikram Patel","Secondary Section (Grades 9-10)"
ACAD-SVIS-2025-106-MATH-UNI,SVIS-2025-106,"Aadhya Patel",CBSE-10,A,Mathematics,"Unit Test 2",43.5,50,2025-12-15,2025-2026,"Rajesh Kulkarni","Secondary Section (Grades 9-10)"
ACAD-SVIS-2025-106-SCIE-UNI,SVIS-2025-106,"Aadhya Patel",CBSE-10,A,Science,"Unit Test 2",42.5,50,2025-12-15,2025-2026,"David Chen","Science & Mathematics Department"
ACAD-SVIS-2025-106-SOCI-UNI,SVIS-2025-106,"Aadhya Patel",CBSE-10,A,"Social Science","Unit Test 2",39.5,50,2025-12-15,2025-2026,"Sarah Jenkins","Languages & Humanities Department"
ACAD-SVIS-2025-106-ENGL-UNI,SVIS-2025-106,"Aadhya Patel",CBSE-10,A,English,"Unit Test 2",43.5,50,2025-12-15,2025-2026,"Sarah Jenkins","Languages & Humanities Department"
ACAD-SVIS-2025-106-INFO-UNI,SVIS-2025-106,"Aadhya Patel",CBSE-10,A,"Information Technology","Unit Test 2",42.5,50,2025-12-15,2025-2026,"Vikram Patel","Secondary Section (Grades 9-10)"
ACAD-SVIS-2025-106-MATH-FIN,SVIS-2025-106,"Aadhya Patel",CBSE-10,A,Mathematics,"Final Exam",79,100,2026-03-24,2025-2026,"Rajesh Kulkarni","Secondary Section (Grades 9-10)"
ACAD-SVIS-2025-106-SCIE-FIN,SVIS-2025-106,"Aadhya Patel",CBSE-10,A,Science,"Final Exam",81,100,2026-03-24,2025-2026,"David Chen","Science & Mathematics Department"
ACAD-SVIS-2025-106-SOCI-FIN,SVIS-2025-106,"Aadhya Patel",CBSE-10,A,"Social Science","Final Exam",81,100,2026-03-24,2025-2026,"Sarah Jenkins","Languages & Humanities Department"
ACAD-SVIS-2025-106-ENGL-FIN,SVIS-2025-106,"Aadhya Patel",CBSE-10,A,English,"Final Exam",84,100,2026-03-24,2025-2026,"Sarah Jenkins","Languages & Humanities Department"
ACAD-SVIS-2025-106-INFO-FIN,SVIS-2025-106,"Aadhya Patel",CBSE-10,A,"Information Technology","Final Exam",81,100,2026-03-24,2025-2026,"Vikram Patel","Secondary Section (Grades 9-10)"
ACAD-SVIS-2025-107-MATH-UNI,SVIS-2025-107,"Saanvi Kulkarni",CBSE-10,B,Mathematics,"Unit Test 1",39,50,2025-07-18,2025-2026,"Rajesh Kulkarni","Secondary Section (Grades 9-10)"
ACAD-SVIS-2025-107-SCIE-UNI,SVIS-2025-107,"Saanvi Kulkarni",CBSE-10,B,Science,"Unit Test 1",39,50,2025-07-18,2025-2026,"David Chen","Science & Mathematics Department"
ACAD-SVIS-2025-107-SOCI-UNI,SVIS-2025-107,"Saanvi Kulkarni",CBSE-10,B,"Social Science","Unit Test 1",39,50,2025-07-18,2025-2026,"Sarah Jenkins","Languages & Humanities Department"
ACAD-SVIS-2025-107-ENGL-UNI,SVIS-2025-107,"Saanvi Kulkarni",CBSE-10,B,English,"Unit Test 1",44,50,2025-07-18,2025-2026,"Sarah Jenkins","Languages & Humanities Department"
ACAD-SVIS-2025-107-INFO-UNI,SVIS-2025-107,"Saanvi Kulkarni",CBSE-10,B,"Information Technology","Unit Test 1",41,50,2025-07-18,2025-2026,"Vikram Patel","Secondary Section (Grades 9-10)"
ACAD-SVIS-2025-107-MATH-MID,SVIS-2025-107,"Saanvi Kulkarni",CBSE-10,B,Mathematics,"Mid-Term Exam",82,100,2025-09-22,2025-2026,"Rajesh Kulkarni","Secondary Section (Grades 9-10)"
ACAD-SVIS-2025-107-SCIE-MID,SVIS-2025-107,"Saanvi Kulkarni",CBSE-10,B,Science,"Mid-Term Exam",79,100,2025-09-22,2025-2026,"David Chen","Science & Mathematics Department"
ACAD-SVIS-2025-107-SOCI-MID,SVIS-2025-107,"Saanvi Kulkarni",CBSE-10,B,"Social Science","Mid-Term Exam",80,100,2025-09-22,2025-2026,"Sarah Jenkins","Languages & Humanities Department"
ACAD-SVIS-2025-107-ENGL-MID,SVIS-2025-107,"Saanvi Kulkarni",CBSE-10,B,English,"Mid-Term Exam",83,100,2025-09-22,2025-2026,"Sarah Jenkins","Languages & Humanities Department"
ACAD-SVIS-2025-107-INFO-MID,SVIS-2025-107,"Saanvi Kulkarni",CBSE-10,B,"Information Technology","Mid-Term Exam",84,100,2025-09-22,2025-2026,"Vikram Patel","Secondary Section (Grades 9-10)"
ACAD-SVIS-2025-107-MATH-UNI,SVIS-2025-107,"Saanvi Kulkarni",CBSE-10,B,Mathematics,"Unit Test 2",39,50,2025-12-15,2025-2026,"Rajesh Kulkarni","Secondary Section (Grades 9-10)"
ACAD-SVIS-2025-107-SCIE-UNI,SVIS-2025-107,"Saanvi Kulkarni",CBSE-10,B,Science,"Unit Test 2",39,50,2025-12-15,2025-2026,"David Chen","Science & Mathematics Department"
ACAD-SVIS-2025-107-SOCI-UNI,SVIS-2025-107,"Saanvi Kulkarni",CBSE-10,B,"Social Science","Unit Test 2",39,50,2025-12-15,2025-2026,"Sarah Jenkins","Languages & Humanities Department"
ACAD-SVIS-2025-107-ENGL-UNI,SVIS-2025-107,"Saanvi Kulkarni",CBSE-10,B,English,"Unit Test 2",44,50,2025-12-15,2025-2026,"Sarah Jenkins","Languages & Humanities Department"
ACAD-SVIS-2025-107-INFO-UNI,SVIS-2025-107,"Saanvi Kulkarni",CBSE-10,B,"Information Technology","Unit Test 2",41,50,2025-12-15,2025-2026,"Vikram Patel","Secondary Section (Grades 9-10)"
ACAD-SVIS-2025-107-MATH-FIN,SVIS-2025-107,"Saanvi Kulkarni",CBSE-10,B,Mathematics,"Final Exam",81,100,2026-03-24,2025-2026,"Rajesh Kulkarni","Secondary Section (Grades 9-10)"
ACAD-SVIS-2025-107-SCIE-FIN,SVIS-2025-107,"Saanvi Kulkarni",CBSE-10,B,Science,"Final Exam",85,100,2026-03-24,2025-2026,"David Chen","Science & Mathematics Department"
ACAD-SVIS-2025-107-SOCI-FIN,SVIS-2025-107,"Saanvi Kulkarni",CBSE-10,B,"Social Science","Final Exam",79,100,2026-03-24,2025-2026,"Sarah Jenkins","Languages & Humanities Department"
ACAD-SVIS-2025-107-ENGL-FIN,SVIS-2025-107,"Saanvi Kulkarni",CBSE-10,B,English,"Final Exam",79,100,2026-03-24,2025-2026,"Sarah Jenkins","Languages & Humanities Department"
ACAD-SVIS-2025-107-INFO-FIN,SVIS-2025-107,"Saanvi Kulkarni",CBSE-10,B,"Information Technology","Final Exam",80,100,2026-03-24,2025-2026,"Vikram Patel","Secondary Section (Grades 9-10)"
ACAD-SVIS-2025-108-MATH-UNI,SVIS-2025-108,"Ira Mukherjee",CBSE-10,A,Mathematics,"Unit Test 1",41.5,50,2025-07-18,2025-2026,"Rajesh Kulkarni","Secondary Section (Grades 9-10)"
ACAD-SVIS-2025-108-SCIE-UNI,SVIS-2025-108,"Ira Mukherjee",CBSE-10,A,Science,"Unit Test 1",38.5,50,2025-07-18,2025-2026,"David Chen","Science & Mathematics Department"
ACAD-SVIS-2025-108-SOCI-UNI,SVIS-2025-108,"Ira Mukherjee",CBSE-10,A,"Social Science","Unit Test 1",38.5,50,2025-07-18,2025-2026,"Sarah Jenkins","Languages & Humanities Department"
ACAD-SVIS-2025-108-ENGL-UNI,SVIS-2025-108,"Ira Mukherjee",CBSE-10,A,English,"Unit Test 1",41.5,50,2025-07-18,2025-2026,"Sarah Jenkins","Languages & Humanities Department"
ACAD-SVIS-2025-108-INFO-UNI,SVIS-2025-108,"Ira Mukherjee",CBSE-10,A,"Information Technology","Unit Test 1",41.5,50,2025-07-18,2025-2026,"Vikram Patel","Secondary Section (Grades 9-10)"
ACAD-SVIS-2025-108-MATH-MID,SVIS-2025-108,"Ira Mukherjee",CBSE-10,A,Mathematics,"Mid-Term Exam",82,100,2025-09-22,2025-2026,"Rajesh Kulkarni","Secondary Section (Grades 9-10)"
ACAD-SVIS-2025-108-SCIE-MID,SVIS-2025-108,"Ira Mukherjee",CBSE-10,A,Science,"Mid-Term Exam",84,100,2025-09-22,2025-2026,"David Chen","Science & Mathematics Department"
ACAD-SVIS-2025-108-SOCI-MID,SVIS-2025-108,"Ira Mukherjee",CBSE-10,A,"Social Science","Mid-Term Exam",82,100,2025-09-22,2025-2026,"Sarah Jenkins","Languages & Humanities Department"
ACAD-SVIS-2025-108-ENGL-MID,SVIS-2025-108,"Ira Mukherjee",CBSE-10,A,English,"Mid-Term Exam",86,100,2025-09-22,2025-2026,"Sarah Jenkins","Languages & Humanities Department"
ACAD-SVIS-2025-108-INFO-MID,SVIS-2025-108,"Ira Mukherjee",CBSE-10,A,"Information Technology","Mid-Term Exam",81,100,2025-09-22,2025-2026,"Vikram Patel","Secondary Section (Grades 9-10)"
ACAD-SVIS-2025-108-MATH-UNI,SVIS-2025-108,"Ira Mukherjee",CBSE-10,A,Mathematics,"Unit Test 2",41.5,50,2025-12-15,2025-2026,"Rajesh Kulkarni","Secondary Section (Grades 9-10)"
ACAD-SVIS-2025-108-SCIE-UNI,SVIS-2025-108,"Ira Mukherjee",CBSE-10,A,Science,"Unit Test 2",38.5,50,2025-12-15,2025-2026,"David Chen","Science & Mathematics Department"
ACAD-SVIS-2025-108-SOCI-UNI,SVIS-2025-108,"Ira Mukherjee",CBSE-10,A,"Social Science","Unit Test 2",38.5,50,2025-12-15,2025-2026,"Sarah Jenkins","Languages & Humanities Department"
ACAD-SVIS-2025-108-ENGL-UNI,SVIS-2025-108,"Ira Mukherjee",CBSE-10,A,English,"Unit Test 2",41.5,50,2025-12-15,2025-2026,"Sarah Jenkins","Languages & Humanities Department"
ACAD-SVIS-2025-108-INFO-UNI,SVIS-2025-108,"Ira Mukherjee",CBSE-10,A,"Information Technology","Unit Test 2",41.5,50,2025-12-15,2025-2026,"Vikram Patel","Secondary Section (Grades 9-10)"
ACAD-SVIS-2025-108-MATH-FIN,SVIS-2025-108,"Ira Mukherjee",CBSE-10,A,Mathematics,"Final Exam",86,100,2026-03-24,2025-2026,"Rajesh Kulkarni","Secondary Section (Grades 9-10)"
ACAD-SVIS-2025-108-SCIE-FIN,SVIS-2025-108,"Ira Mukherjee",CBSE-10,A,Science,"Final Exam",82,100,2026-03-24,2025-2026,"David Chen","Science & Mathematics Department"
ACAD-SVIS-2025-108-SOCI-FIN,SVIS-2025-108,"Ira Mukherjee",CBSE-10,A,"Social Science","Final Exam",82,100,2026-03-24,2025-2026,"Sarah Jenkins","Languages & Humanities Department"
ACAD-SVIS-2025-108-ENGL-FIN,SVIS-2025-108,"Ira Mukherjee",CBSE-10,A,English,"Final Exam",84,100,2026-03-24,2025-2026,"Sarah Jenkins","Languages & Humanities Department"
ACAD-SVIS-2025-108-INFO-FIN,SVIS-2025-108,"Ira Mukherjee",CBSE-10,A,"Information Technology","Final Exam",85,100,2026-03-24,2025-2026,"Vikram Patel","Secondary Section (Grades 9-10)"
ACAD-SVIS-2025-109-MATH-UNI,SVIS-2025-109,"Kavya Reddy",CBSE-10,B,Mathematics,"Unit Test 1",43,50,2025-07-18,2025-2026,"Rajesh Kulkarni","Secondary Section (Grades 9-10)"
ACAD-SVIS-2025-109-SCIE-UNI,SVIS-2025-109,"Kavya Reddy",CBSE-10,B,Science,"Unit Test 1",45,50,2025-07-18,2025-2026,"David Chen","Science & Mathematics Department"
ACAD-SVIS-2025-109-SOCI-UNI,SVIS-2025-109,"Kavya Reddy",CBSE-10,B,"Social Science","Unit Test 1",39,50,2025-07-18,2025-2026,"Sarah Jenkins","Languages & Humanities Department"
ACAD-SVIS-2025-109-ENGL-UNI,SVIS-2025-109,"Kavya Reddy",CBSE-10,B,English,"Unit Test 1",41,50,2025-07-18,2025-2026,"Sarah Jenkins","Languages & Humanities Department"
ACAD-SVIS-2025-109-INFO-UNI,SVIS-2025-109,"Kavya Reddy",CBSE-10,B,"Information Technology","Unit Test 1",41,50,2025-07-18,2025-2026,"Vikram Patel","Secondary Section (Grades 9-10)"
ACAD-SVIS-2025-109-MATH-MID,SVIS-2025-109,"Kavya Reddy",CBSE-10,B,Mathematics,"Mid-Term Exam",87,100,2025-09-22,2025-2026,"Rajesh Kulkarni","Secondary Section (Grades 9-10)"
ACAD-SVIS-2025-109-SCIE-MID,SVIS-2025-109,"Kavya Reddy",CBSE-10,B,Science,"Mid-Term Exam",86,100,2025-09-22,2025-2026,"David Chen","Science & Mathematics Department"
ACAD-SVIS-2025-109-SOCI-MID,SVIS-2025-109,"Kavya Reddy",CBSE-10,B,"Social Science","Mid-Term Exam",81,100,2025-09-22,2025-2026,"Sarah Jenkins","Languages & Humanities Department"
ACAD-SVIS-2025-109-ENGL-MID,SVIS-2025-109,"Kavya Reddy",CBSE-10,B,English,"Mid-Term Exam",86,100,2025-09-22,2025-2026,"Sarah Jenkins","Languages & Humanities Department"
ACAD-SVIS-2025-109-INFO-MID,SVIS-2025-109,"Kavya Reddy",CBSE-10,B,"Information Technology","Mid-Term Exam",81,100,2025-09-22,2025-2026,"Vikram Patel","Secondary Section (Grades 9-10)"
ACAD-SVIS-2025-109-MATH-UNI,SVIS-2025-109,"Kavya Reddy",CBSE-10,B,Mathematics,"Unit Test 2",43,50,2025-12-15,2025-2026,"Rajesh Kulkarni","Secondary Section (Grades 9-10)"
ACAD-SVIS-2025-109-SCIE-UNI,SVIS-2025-109,"Kavya Reddy",CBSE-10,B,Science,"Unit Test 2",45,50,2025-12-15,2025-2026,"David Chen","Science & Mathematics Department"
ACAD-SVIS-2025-109-SOCI-UNI,SVIS-2025-109,"Kavya Reddy",CBSE-10,B,"Social Science","Unit Test 2",39,50,2025-12-15,2025-2026,"Sarah Jenkins","Languages & Humanities Department"
ACAD-SVIS-2025-109-ENGL-UNI,SVIS-2025-109,"Kavya Reddy",CBSE-10,B,English,"Unit Test 2",41,50,2025-12-15,2025-2026,"Sarah Jenkins","Languages & Humanities Department"
ACAD-SVIS-2025-109-INFO-UNI,SVIS-2025-109,"Kavya Reddy",CBSE-10,B,"Information Technology","Unit Test 2",41,50,2025-12-15,2025-2026,"Vikram Patel","Secondary Section (Grades 9-10)"
ACAD-SVIS-2025-109-MATH-FIN,SVIS-2025-109,"Kavya Reddy",CBSE-10,B,Mathematics,"Final Exam",86,100,2026-03-24,2025-2026,"Rajesh Kulkarni","Secondary Section (Grades 9-10)"
ACAD-SVIS-2025-109-SCIE-FIN,SVIS-2025-109,"Kavya Reddy",CBSE-10,B,Science,"Final Exam",82,100,2026-03-24,2025-2026,"David Chen","Science & Mathematics Department"
ACAD-SVIS-2025-109-SOCI-FIN,SVIS-2025-109,"Kavya Reddy",CBSE-10,B,"Social Science","Final Exam",84,100,2026-03-24,2025-2026,"Sarah Jenkins","Languages & Humanities Department"
ACAD-SVIS-2025-109-ENGL-FIN,SVIS-2025-109,"Kavya Reddy",CBSE-10,B,English,"Final Exam",82,100,2026-03-24,2025-2026,"Sarah Jenkins","Languages & Humanities Department"
ACAD-SVIS-2025-109-INFO-FIN,SVIS-2025-109,"Kavya Reddy",CBSE-10,B,"Information Technology","Final Exam",84,100,2026-03-24,2025-2026,"Vikram Patel","Secondary Section (Grades 9-10)"
ACAD-SVIS-2025-110-MATH-UNI,SVIS-2025-110,"Aarav Joshi",CBSE-10,A,Mathematics,"Unit Test 1",43.5,50,2025-07-18,2025-2026,"Rajesh Kulkarni","Secondary Section (Grades 9-10)"
ACAD-SVIS-2025-110-SCIE-UNI,SVIS-2025-110,"Aarav Joshi",CBSE-10,A,Science,"Unit Test 1",40.5,50,2025-07-18,2025-2026,"David Chen","Science & Mathematics Department"
ACAD-SVIS-2025-110-SOCI-UNI,SVIS-2025-110,"Aarav Joshi",CBSE-10,A,"Social Science","Unit Test 1",43.5,50,2025-07-18,2025-2026,"Sarah Jenkins","Languages & Humanities Department"
ACAD-SVIS-2025-110-ENGL-UNI,SVIS-2025-110,"Aarav Joshi",CBSE-10,A,English,"Unit Test 1",40.5,50,2025-07-18,2025-2026,"Sarah Jenkins","Languages & Humanities Department"
ACAD-SVIS-2025-110-INFO-UNI,SVIS-2025-110,"Aarav Joshi",CBSE-10,A,"Information Technology","Unit Test 1",39.5,50,2025-07-18,2025-2026,"Vikram Patel","Secondary Section (Grades 9-10)"
ACAD-SVIS-2025-110-MATH-MID,SVIS-2025-110,"Aarav Joshi",CBSE-10,A,Mathematics,"Mid-Term Exam",87,100,2025-09-22,2025-2026,"Rajesh Kulkarni","Secondary Section (Grades 9-10)"
ACAD-SVIS-2025-110-SCIE-MID,SVIS-2025-110,"Aarav Joshi",CBSE-10,A,Science,"Mid-Term Exam",83,100,2025-09-22,2025-2026,"David Chen","Science & Mathematics Department"
ACAD-SVIS-2025-110-SOCI-MID,SVIS-2025-110,"Aarav Joshi",CBSE-10,A,"Social Science","Mid-Term Exam",82,100,2025-09-22,2025-2026,"Sarah Jenkins","Languages & Humanities Department"
ACAD-SVIS-2025-110-ENGL-MID,SVIS-2025-110,"Aarav Joshi",CBSE-10,A,English,"Mid-Term Exam",86,100,2025-09-22,2025-2026,"Sarah Jenkins","Languages & Humanities Department"
ACAD-SVIS-2025-110-INFO-MID,SVIS-2025-110,"Aarav Joshi",CBSE-10,A,"Information Technology","Mid-Term Exam",87,100,2025-09-22,2025-2026,"Vikram Patel","Secondary Section (Grades 9-10)"
ACAD-SVIS-2025-110-MATH-UNI,SVIS-2025-110,"Aarav Joshi",CBSE-10,A,Mathematics,"Unit Test 2",43.5,50,2025-12-15,2025-2026,"Rajesh Kulkarni","Secondary Section (Grades 9-10)"
ACAD-SVIS-2025-110-SCIE-UNI,SVIS-2025-110,"Aarav Joshi",CBSE-10,A,Science,"Unit Test 2",40.5,50,2025-12-15,2025-2026,"David Chen","Science & Mathematics Department"
ACAD-SVIS-2025-110-SOCI-UNI,SVIS-2025-110,"Aarav Joshi",CBSE-10,A,"Social Science","Unit Test 2",43.5,50,2025-12-15,2025-2026,"Sarah Jenkins","Languages & Humanities Department"
ACAD-SVIS-2025-110-ENGL-UNI,SVIS-2025-110,"Aarav Joshi",CBSE-10,A,English,"Unit Test 2",40.5,50,2025-12-15,2025-2026,"Sarah Jenkins","Languages & Humanities Department"
ACAD-SVIS-2025-110-INFO-UNI,SVIS-2025-110,"Aarav Joshi",CBSE-10,A,"Information Technology","Unit Test 2",39.5,50,2025-12-15,2025-2026,"Vikram Patel","Secondary Section (Grades 9-10)"
ACAD-SVIS-2025-110-MATH-FIN,SVIS-2025-110,"Aarav Joshi",CBSE-10,A,Mathematics,"Final Exam",86,100,2026-03-24,2025-2026,"Rajesh Kulkarni","Secondary Section (Grades 9-10)"
ACAD-SVIS-2025-110-SCIE-FIN,SVIS-2025-110,"Aarav Joshi",CBSE-10,A,Science,"Final Exam",84,100,2026-03-24,2025-2026,"David Chen","Science & Mathematics Department"
ACAD-SVIS-2025-110-SOCI-FIN,SVIS-2025-110,"Aarav Joshi",CBSE-10,A,"Social Science","Final Exam",86,100,2026-03-24,2025-2026,"Sarah Jenkins","Languages & Humanities Department"
ACAD-SVIS-2025-110-ENGL-FIN,SVIS-2025-110,"Aarav Joshi",CBSE-10,A,English,"Final Exam",86,100,2026-03-24,2025-2026,"Sarah Jenkins","Languages & Humanities Department"
ACAD-SVIS-2025-110-INFO-FIN,SVIS-2025-110,"Aarav Joshi",CBSE-10,A,"Information Technology","Final Exam",88,100,2026-03-24,2025-2026,"Vikram Patel","Secondary Section (Grades 9-10)"
ACAD-SVIS-2025-111-MATH-UNI,SVIS-2025-111,"Vihaan Banerjee",CBSE-10,B,Mathematics,"Unit Test 1",44,50,2025-07-18,2025-2026,"Rajesh Kulkarni","Secondary Section (Grades 9-10)"
ACAD-SVIS-2025-111-SCIE-UNI,SVIS-2025-111,"Vihaan Banerjee",CBSE-10,B,Science,"Unit Test 1",40,50,2025-07-18,2025-2026,"David Chen","Science & Mathematics Department"
ACAD-SVIS-2025-111-SOCI-UNI,SVIS-2025-111,"Vihaan Banerjee",CBSE-10,B,"Social Science","Unit Test 1",40,50,2025-07-18,2025-2026,"Sarah Jenkins","Languages & Humanities Department"
ACAD-SVIS-2025-111-ENGL-UNI,SVIS-2025-111,"Vihaan Banerjee",CBSE-10,B,English,"Unit Test 1",41,50,2025-07-18,2025-2026,"Sarah Jenkins","Languages & Humanities Department"
ACAD-SVIS-2025-111-INFO-UNI,SVIS-2025-111,"Vihaan Banerjee",CBSE-10,B,"Information Technology","Unit Test 1",42,50,2025-07-18,2025-2026,"Vikram Patel","Secondary Section (Grades 9-10)"
ACAD-SVIS-2025-111-MATH-MID,SVIS-2025-111,"Vihaan Banerjee",CBSE-10,B,Mathematics,"Mid-Term Exam",83,100,2025-09-22,2025-2026,"Rajesh Kulkarni","Secondary Section (Grades 9-10)"
ACAD-SVIS-2025-111-SCIE-MID,SVIS-2025-111,"Vihaan Banerjee",CBSE-10,B,Science,"Mid-Term Exam",89,100,2025-09-22,2025-2026,"David Chen","Science & Mathematics Department"
ACAD-SVIS-2025-111-SOCI-MID,SVIS-2025-111,"Vihaan Banerjee",CBSE-10,B,"Social Science","Mid-Term Exam",87,100,2025-09-22,2025-2026,"Sarah Jenkins","Languages & Humanities Department"
ACAD-SVIS-2025-111-ENGL-MID,SVIS-2025-111,"Vihaan Banerjee",CBSE-10,B,English,"Mid-Term Exam",84,100,2025-09-22,2025-2026,"Sarah Jenkins","Languages & Humanities Department"
ACAD-SVIS-2025-111-INFO-MID,SVIS-2025-111,"Vihaan Banerjee",CBSE-10,B,"Information Technology","Mid-Term Exam",86,100,2025-09-22,2025-2026,"Vikram Patel","Secondary Section (Grades 9-10)"
ACAD-SVIS-2025-111-MATH-UNI,SVIS-2025-111,"Vihaan Banerjee",CBSE-10,B,Mathematics,"Unit Test 2",44,50,2025-12-15,2025-2026,"Rajesh Kulkarni","Secondary Section (Grades 9-10)"
ACAD-SVIS-2025-111-SCIE-UNI,SVIS-2025-111,"Vihaan Banerjee",CBSE-10,B,Science,"Unit Test 2",40,50,2025-12-15,2025-2026,"David Chen","Science & Mathematics Department"
ACAD-SVIS-2025-111-SOCI-UNI,SVIS-2025-111,"Vihaan Banerjee",CBSE-10,B,"Social Science","Unit Test 2",40,50,2025-12-15,2025-2026,"Sarah Jenkins","Languages & Humanities Department"
ACAD-SVIS-2025-111-ENGL-UNI,SVIS-2025-111,"Vihaan Banerjee",CBSE-10,B,English,"Unit Test 2",41,50,2025-12-15,2025-2026,"Sarah Jenkins","Languages & Humanities Department"
ACAD-SVIS-2025-111-INFO-UNI,SVIS-2025-111,"Vihaan Banerjee",CBSE-10,B,"Information Technology","Unit Test 2",42,50,2025-12-15,2025-2026,"Vikram Patel","Secondary Section (Grades 9-10)"
ACAD-SVIS-2025-111-MATH-FIN,SVIS-2025-111,"Vihaan Banerjee",CBSE-10,B,Mathematics,"Final Exam",88,100,2026-03-24,2025-2026,"Rajesh Kulkarni","Secondary Section (Grades 9-10)"
ACAD-SVIS-2025-111-SCIE-FIN,SVIS-2025-111,"Vihaan Banerjee",CBSE-10,B,Science,"Final Exam",88,100,2026-03-24,2025-2026,"David Chen","Science & Mathematics Department"
ACAD-SVIS-2025-111-SOCI-FIN,SVIS-2025-111,"Vihaan Banerjee",CBSE-10,B,"Social Science","Final Exam",87,100,2026-03-24,2025-2026,"Sarah Jenkins","Languages & Humanities Department"
ACAD-SVIS-2025-111-ENGL-FIN,SVIS-2025-111,"Vihaan Banerjee",CBSE-10,B,English,"Final Exam",84,100,2026-03-24,2025-2026,"Sarah Jenkins","Languages & Humanities Department"
ACAD-SVIS-2025-111-INFO-FIN,SVIS-2025-111,"Vihaan Banerjee",CBSE-10,B,"Information Technology","Final Exam",86,100,2026-03-24,2025-2026,"Vikram Patel","Secondary Section (Grades 9-10)"
ACAD-SVIS-2025-112-MATH-UNI,SVIS-2025-112,"Reyansh Nair",CBSE-10,A,Mathematics,"Unit Test 1",40.5,50,2025-07-18,2025-2026,"Rajesh Kulkarni","Secondary Section (Grades 9-10)"
ACAD-SVIS-2025-112-SCIE-UNI,SVIS-2025-112,"Reyansh Nair",CBSE-10,A,Science,"Unit Test 1",41.5,50,2025-07-18,2025-2026,"David Chen","Science & Mathematics Department"
ACAD-SVIS-2025-112-SOCI-UNI,SVIS-2025-112,"Reyansh Nair",CBSE-10,A,"Social Science","Unit Test 1",41.5,50,2025-07-18,2025-2026,"Sarah Jenkins","Languages & Humanities Department"
ACAD-SVIS-2025-112-ENGL-UNI,SVIS-2025-112,"Reyansh Nair",CBSE-10,A,English,"Unit Test 1",42.5,50,2025-07-18,2025-2026,"Sarah Jenkins","Languages & Humanities Department"
ACAD-SVIS-2025-112-INFO-UNI,SVIS-2025-112,"Reyansh Nair",CBSE-10,A,"Information Technology","Unit Test 1",40.5,50,2025-07-18,2025-2026,"Vikram Patel","Secondary Section (Grades 9-10)"
ACAD-SVIS-2025-112-MATH-MID,SVIS-2025-112,"Reyansh Nair",CBSE-10,A,Mathematics,"Mid-Term Exam",87,100,2025-09-22,2025-2026,"Rajesh Kulkarni","Secondary Section (Grades 9-10)"
ACAD-SVIS-2025-112-SCIE-MID,SVIS-2025-112,"Reyansh Nair",CBSE-10,A,Science,"Mid-Term Exam",90,100,2025-09-22,2025-2026,"David Chen","Science & Mathematics Department"
ACAD-SVIS-2025-112-SOCI-MID,SVIS-2025-112,"Reyansh Nair",CBSE-10,A,"Social Science","Mid-Term Exam",85,100,2025-09-22,2025-2026,"Sarah Jenkins","Languages & Humanities Department"
ACAD-SVIS-2025-112-ENGL-MID,SVIS-2025-112,"Reyansh Nair",CBSE-10,A,English,"Mid-Term Exam",88,100,2025-09-22,2025-2026,"Sarah Jenkins","Languages & Humanities Department"
ACAD-SVIS-2025-112-INFO-MID,SVIS-2025-112,"Reyansh Nair",CBSE-10,A,"Information Technology","Mid-Term Exam",89,100,2025-09-22,2025-2026,"Vikram Patel","Secondary Section (Grades 9-10)"
ACAD-SVIS-2025-112-MATH-UNI,SVIS-2025-112,"Reyansh Nair",CBSE-10,A,Mathematics,"Unit Test 2",40.5,50,2025-12-15,2025-2026,"Rajesh Kulkarni","Secondary Section (Grades 9-10)"
ACAD-SVIS-2025-112-SCIE-UNI,SVIS-2025-112,"Reyansh Nair",CBSE-10,A,Science,"Unit Test 2",41.5,50,2025-12-15,2025-2026,"David Chen","Science & Mathematics Department"
ACAD-SVIS-2025-112-SOCI-UNI,SVIS-2025-112,"Reyansh Nair",CBSE-10,A,"Social Science","Unit Test 2",41.5,50,2025-12-15,2025-2026,"Sarah Jenkins","Languages & Humanities Department"
ACAD-SVIS-2025-112-ENGL-UNI,SVIS-2025-112,"Reyansh Nair",CBSE-10,A,English,"Unit Test 2",42.5,50,2025-12-15,2025-2026,"Sarah Jenkins","Languages & Humanities Department"
ACAD-SVIS-2025-112-INFO-UNI,SVIS-2025-112,"Reyansh Nair",CBSE-10,A,"Information Technology","Unit Test 2",40.5,50,2025-12-15,2025-2026,"Vikram Patel","Secondary Section (Grades 9-10)"
ACAD-SVIS-2025-112-MATH-FIN,SVIS-2025-112,"Reyansh Nair",CBSE-10,A,Mathematics,"Final Exam",84,100,2026-03-24,2025-2026,"Rajesh Kulkarni","Secondary Section (Grades 9-10)"
ACAD-SVIS-2025-112-SCIE-FIN,SVIS-2025-112,"Reyansh Nair",CBSE-10,A,Science,"Final Exam",84,100,2026-03-24,2025-2026,"David Chen","Science & Mathematics Department"
ACAD-SVIS-2025-112-SOCI-FIN,SVIS-2025-112,"Reyansh Nair",CBSE-10,A,"Social Science","Final Exam",87,100,2026-03-24,2025-2026,"Sarah Jenkins","Languages & Humanities Department"
ACAD-SVIS-2025-112-ENGL-FIN,SVIS-2025-112,"Reyansh Nair",CBSE-10,A,English,"Final Exam",87,100,2026-03-24,2025-2026,"Sarah Jenkins","Languages & Humanities Department"
ACAD-SVIS-2025-112-INFO-FIN,SVIS-2025-112,"Reyansh Nair",CBSE-10,A,"Information Technology","Final Exam",89,100,2026-03-24,2025-2026,"Vikram Patel","Secondary Section (Grades 9-10)"
ACAD-SVIS-2025-113-MATH-UNI,SVIS-2025-113,"Ishaan Bhat",CBSE-10,B,Mathematics,"Unit Test 1",42,50,2025-07-18,2025-2026,"Rajesh Kulkarni","Secondary Section (Grades 9-10)"
ACAD-SVIS-2025-113-SCIE-UNI,SVIS-2025-113,"Ishaan Bhat",CBSE-10,B,Science,"Unit Test 1",41,50,2025-07-18,2025-2026,"David Chen","Science & Mathematics Department"
ACAD-SVIS-2025-113-SOCI-UNI,SVIS-2025-113,"Ishaan Bhat",CBSE-10,B,"Social Science","Unit Test 1",45,50,2025-07-18,2025-2026,"Sarah Jenkins","Languages & Humanities Department"
ACAD-SVIS-2025-113-ENGL-UNI,SVIS-2025-113,"Ishaan Bhat",CBSE-10,B,English,"Unit Test 1",43,50,2025-07-18,2025-2026,"Sarah Jenkins","Languages & Humanities Department"
ACAD-SVIS-2025-113-INFO-UNI,SVIS-2025-113,"Ishaan Bhat",CBSE-10,B,"Information Technology","Unit Test 1",43,50,2025-07-18,2025-2026,"Vikram Patel","Secondary Section (Grades 9-10)"
ACAD-SVIS-2025-113-MATH-MID,SVIS-2025-113,"Ishaan Bhat",CBSE-10,B,Mathematics,"Mid-Term Exam",87,100,2025-09-22,2025-2026,"Rajesh Kulkarni","Secondary Section (Grades 9-10)"
ACAD-SVIS-2025-113-SCIE-MID,SVIS-2025-113,"Ishaan Bhat",CBSE-10,B,Science,"Mid-Term Exam",87,100,2025-09-22,2025-2026,"David Chen","Science & Mathematics Department"
ACAD-SVIS-2025-113-SOCI-MID,SVIS-2025-113,"Ishaan Bhat",CBSE-10,B,"Social Science","Mid-Term Exam",88,100,2025-09-22,2025-2026,"Sarah Jenkins","Languages & Humanities Department"
ACAD-SVIS-2025-113-ENGL-MID,SVIS-2025-113,"Ishaan Bhat",CBSE-10,B,English,"Mid-Term Exam",88,100,2025-09-22,2025-2026,"Sarah Jenkins","Languages & Humanities Department"
ACAD-SVIS-2025-113-INFO-MID,SVIS-2025-113,"Ishaan Bhat",CBSE-10,B,"Information Technology","Mid-Term Exam",89,100,2025-09-22,2025-2026,"Vikram Patel","Secondary Section (Grades 9-10)"
ACAD-SVIS-2025-113-MATH-UNI,SVIS-2025-113,"Ishaan Bhat",CBSE-10,B,Mathematics,"Unit Test 2",42,50,2025-12-15,2025-2026,"Rajesh Kulkarni","Secondary Section (Grades 9-10)"
ACAD-SVIS-2025-113-SCIE-UNI,SVIS-2025-113,"Ishaan Bhat",CBSE-10,B,Science,"Unit Test 2",41,50,2025-12-15,2025-2026,"David Chen","Science & Mathematics Department"
ACAD-SVIS-2025-113-SOCI-UNI,SVIS-2025-113,"Ishaan Bhat",CBSE-10,B,"Social Science","Unit Test 2",45,50,2025-12-15,2025-2026,"Sarah Jenkins","Languages & Humanities Department"
ACAD-SVIS-2025-113-ENGL-UNI,SVIS-2025-113,"Ishaan Bhat",CBSE-10,B,English,"Unit Test 2",43,50,2025-12-15,2025-2026,"Sarah Jenkins","Languages & Humanities Department"
ACAD-SVIS-2025-113-INFO-UNI,SVIS-2025-113,"Ishaan Bhat",CBSE-10,B,"Information Technology","Unit Test 2",43,50,2025-12-15,2025-2026,"Vikram Patel","Secondary Section (Grades 9-10)"
ACAD-SVIS-2025-113-MATH-FIN,SVIS-2025-113,"Ishaan Bhat",CBSE-10,B,Mathematics,"Final Exam",90,100,2026-03-24,2025-2026,"Rajesh Kulkarni","Secondary Section (Grades 9-10)"
ACAD-SVIS-2025-113-SCIE-FIN,SVIS-2025-113,"Ishaan Bhat",CBSE-10,B,Science,"Final Exam",89,100,2026-03-24,2025-2026,"David Chen","Science & Mathematics Department"
ACAD-SVIS-2025-113-SOCI-FIN,SVIS-2025-113,"Ishaan Bhat",CBSE-10,B,"Social Science","Final Exam",87,100,2026-03-24,2025-2026,"Sarah Jenkins","Languages & Humanities Department"
ACAD-SVIS-2025-113-ENGL-FIN,SVIS-2025-113,"Ishaan Bhat",CBSE-10,B,English,"Final Exam",86,100,2026-03-24,2025-2026,"Sarah Jenkins","Languages & Humanities Department"
ACAD-SVIS-2025-113-INFO-FIN,SVIS-2025-113,"Ishaan Bhat",CBSE-10,B,"Information Technology","Final Exam",87,100,2026-03-24,2025-2026,"Vikram Patel","Secondary Section (Grades 9-10)"
ACAD-SVIS-2025-114-MATH-UNI,SVIS-2025-114,"Advik Ghosh",CBSE-10,A,Mathematics,"Unit Test 1",45.5,50,2025-07-18,2025-2026,"Rajesh Kulkarni","Secondary Section (Grades 9-10)"
ACAD-SVIS-2025-114-SCIE-UNI,SVIS-2025-114,"Advik Ghosh",CBSE-10,A,Science,"Unit Test 1",42.5,50,2025-07-18,2025-2026,"David Chen","Science & Mathematics Department"
ACAD-SVIS-2025-114-SOCI-UNI,SVIS-2025-114,"Advik Ghosh",CBSE-10,A,"Social Science","Unit Test 1",44.5,50,2025-07-18,2025-2026,"Sarah Jenkins","Languages & Humanities Department"
ACAD-SVIS-2025-114-ENGL-UNI,SVIS-2025-114,"Advik Ghosh",CBSE-10,A,English,"Unit Test 1",41.5,50,2025-07-18,2025-2026,"Sarah Jenkins","Languages & Humanities Department"
ACAD-SVIS-2025-114-INFO-UNI,SVIS-2025-114,"Advik Ghosh",CBSE-10,A,"Information Technology","Unit Test 1",44.5,50,2025-07-18,2025-2026,"Vikram Patel","Secondary Section (Grades 9-10)"
ACAD-SVIS-2025-114-MATH-MID,SVIS-2025-114,"Advik Ghosh",CBSE-10,A,Mathematics,"Mid-Term Exam",89,100,2025-09-22,2025-2026,"Rajesh Kulkarni","Secondary Section (Grades 9-10)"
ACAD-SVIS-2025-114-SCIE-MID,SVIS-2025-114,"Advik Ghosh",CBSE-10,A,Science,"Mid-Term Exam",87,100,2025-09-22,2025-2026,"David Chen","Science & Mathematics Department"
ACAD-SVIS-2025-114-SOCI-MID,SVIS-2025-114,"Advik Ghosh",CBSE-10,A,"Social Science","Mid-Term Exam",87,100,2025-09-22,2025-2026,"Sarah Jenkins","Languages & Humanities Department"
ACAD-SVIS-2025-114-ENGL-MID,SVIS-2025-114,"Advik Ghosh",CBSE-10,A,English,"Mid-Term Exam",86,100,2025-09-22,2025-2026,"Sarah Jenkins","Languages & Humanities Department"
ACAD-SVIS-2025-114-INFO-MID,SVIS-2025-114,"Advik Ghosh",CBSE-10,A,"Information Technology","Mid-Term Exam",92,100,2025-09-22,2025-2026,"Vikram Patel","Secondary Section (Grades 9-10)"
ACAD-SVIS-2025-114-MATH-UNI,SVIS-2025-114,"Advik Ghosh",CBSE-10,A,Mathematics,"Unit Test 2",45.5,50,2025-12-15,2025-2026,"Rajesh Kulkarni","Secondary Section (Grades 9-10)"
ACAD-SVIS-2025-114-SCIE-UNI,SVIS-2025-114,"Advik Ghosh",CBSE-10,A,Science,"Unit Test 2",42.5,50,2025-12-15,2025-2026,"David Chen","Science & Mathematics Department"
ACAD-SVIS-2025-114-SOCI-UNI,SVIS-2025-114,"Advik Ghosh",CBSE-10,A,"Social Science","Unit Test 2",44.5,50,2025-12-15,2025-2026,"Sarah Jenkins","Languages & Humanities Department"
ACAD-SVIS-2025-114-ENGL-UNI,SVIS-2025-114,"Advik Ghosh",CBSE-10,A,English,"Unit Test 2",41.5,50,2025-12-15,2025-2026,"Sarah Jenkins","Languages & Humanities Department"
ACAD-SVIS-2025-114-INFO-UNI,SVIS-2025-114,"Advik Ghosh",CBSE-10,A,"Information Technology","Unit Test 2",44.5,50,2025-12-15,2025-2026,"Vikram Patel","Secondary Section (Grades 9-10)"
ACAD-SVIS-2025-114-MATH-FIN,SVIS-2025-114,"Advik Ghosh",CBSE-10,A,Mathematics,"Final Exam",91,100,2026-03-24,2025-2026,"Rajesh Kulkarni","Secondary Section (Grades 9-10)"
ACAD-SVIS-2025-114-SCIE-FIN,SVIS-2025-114,"Advik Ghosh",CBSE-10,A,Science,"Final Exam",91,100,2026-03-24,2025-2026,"David Chen","Science & Mathematics Department"
ACAD-SVIS-2025-114-SOCI-FIN,SVIS-2025-114,"Advik Ghosh",CBSE-10,A,"Social Science","Final Exam",89,100,2026-03-24,2025-2026,"Sarah Jenkins","Languages & Humanities Department"
ACAD-SVIS-2025-114-ENGL-FIN,SVIS-2025-114,"Advik Ghosh",CBSE-10,A,English,"Final Exam",88,100,2026-03-24,2025-2026,"Sarah Jenkins","Languages & Humanities Department"
ACAD-SVIS-2025-114-INFO-FIN,SVIS-2025-114,"Advik Ghosh",CBSE-10,A,"Information Technology","Final Exam",92,100,2026-03-24,2025-2026,"Vikram Patel","Secondary Section (Grades 9-10)"
ACAD-SVIS-2025-115-MATH-UNI,SVIS-2025-115,"Ananya Iyer",CBSE-10,B,Mathematics,"Unit Test 1",45,50,2025-07-18,2025-2026,"Rajesh Kulkarni","Secondary Section (Grades 9-10)"
ACAD-SVIS-2025-115-SCIE-UNI,SVIS-2025-115,"Ananya Iyer",CBSE-10,B,Science,"Unit Test 1",43,50,2025-07-18,2025-2026,"David Chen","Science & Mathematics Department"
ACAD-SVIS-2025-115-SOCI-UNI,SVIS-2025-115,"Ananya Iyer",CBSE-10,B,"Social Science","Unit Test 1",48,50,2025-07-18,2025-2026,"Sarah Jenkins","Languages & Humanities Department"
ACAD-SVIS-2025-115-ENGL-UNI,SVIS-2025-115,"Ananya Iyer",CBSE-10,B,English,"Unit Test 1",42,50,2025-07-18,2025-2026,"Sarah Jenkins","Languages & Humanities Department"
ACAD-SVIS-2025-115-INFO-UNI,SVIS-2025-115,"Ananya Iyer",CBSE-10,B,"Information Technology","Unit Test 1",42,50,2025-07-18,2025-2026,"Vikram Patel","Secondary Section (Grades 9-10)"
ACAD-SVIS-2025-115-MATH-MID,SVIS-2025-115,"Ananya Iyer",CBSE-10,B,Mathematics,"Mid-Term Exam",89,100,2025-09-22,2025-2026,"Rajesh Kulkarni","Secondary Section (Grades 9-10)"
ACAD-SVIS-2025-115-SCIE-MID,SVIS-2025-115,"Ananya Iyer",CBSE-10,B,Science,"Mid-Term Exam",88,100,2025-09-22,2025-2026,"David Chen","Science & Mathematics Department"
ACAD-SVIS-2025-115-SOCI-MID,SVIS-2025-115,"Ananya Iyer",CBSE-10,B,"Social Science","Mid-Term Exam",87,100,2025-09-22,2025-2026,"Sarah Jenkins","Languages & Humanities Department"
ACAD-SVIS-2025-115-ENGL-MID,SVIS-2025-115,"Ananya Iyer",CBSE-10,B,English,"Mid-Term Exam",89,100,2025-09-22,2025-2026,"Sarah Jenkins","Languages & Humanities Department"
ACAD-SVIS-2025-115-INFO-MID,SVIS-2025-115,"Ananya Iyer",CBSE-10,B,"Information Technology","Mid-Term Exam",91,100,2025-09-22,2025-2026,"Vikram Patel","Secondary Section (Grades 9-10)"
ACAD-SVIS-2025-115-MATH-UNI,SVIS-2025-115,"Ananya Iyer",CBSE-10,B,Mathematics,"Unit Test 2",45,50,2025-12-15,2025-2026,"Rajesh Kulkarni","Secondary Section (Grades 9-10)"
ACAD-SVIS-2025-115-SCIE-UNI,SVIS-2025-115,"Ananya Iyer",CBSE-10,B,Science,"Unit Test 2",43,50,2025-12-15,2025-2026,"David Chen","Science & Mathematics Department"
ACAD-SVIS-2025-115-SOCI-UNI,SVIS-2025-115,"Ananya Iyer",CBSE-10,B,"Social Science","Unit Test 2",48,50,2025-12-15,2025-2026,"Sarah Jenkins","Languages & Humanities Department"
ACAD-SVIS-2025-115-ENGL-UNI,SVIS-2025-115,"Ananya Iyer",CBSE-10,B,English,"Unit Test 2",42,50,2025-12-15,2025-2026,"Sarah Jenkins","Languages & Humanities Department"
ACAD-SVIS-2025-115-INFO-UNI,SVIS-2025-115,"Ananya Iyer",CBSE-10,B,"Information Technology","Unit Test 2",42,50,2025-12-15,2025-2026,"Vikram Patel","Secondary Section (Grades 9-10)"
ACAD-SVIS-2025-115-MATH-FIN,SVIS-2025-115,"Ananya Iyer",CBSE-10,B,Mathematics,"Final Exam",87,100,2026-03-24,2025-2026,"Rajesh Kulkarni","Secondary Section (Grades 9-10)"
ACAD-SVIS-2025-115-SCIE-FIN,SVIS-2025-115,"Ananya Iyer",CBSE-10,B,Science,"Final Exam",88,100,2026-03-24,2025-2026,"David Chen","Science & Mathematics Department"
ACAD-SVIS-2025-115-SOCI-FIN,SVIS-2025-115,"Ananya Iyer",CBSE-10,B,"Social Science","Final Exam",93,100,2026-03-24,2025-2026,"Sarah Jenkins","Languages & Humanities Department"
ACAD-SVIS-2025-115-ENGL-FIN,SVIS-2025-115,"Ananya Iyer",CBSE-10,B,English,"Final Exam",90,100,2026-03-24,2025-2026,"Sarah Jenkins","Languages & Humanities Department"
ACAD-SVIS-2025-115-INFO-FIN,SVIS-2025-115,"Ananya Iyer",CBSE-10,B,"Information Technology","Final Exam",88,100,2026-03-24,2025-2026,"Vikram Patel","Secondary Section (Grades 9-10)"
ACAD-SVIS-2025-116-MATH-UNI,SVIS-2025-116,"Aadhya Rao",CBSE-10,A,Mathematics,"Unit Test 1",42.5,50,2025-07-18,2025-2026,"Rajesh Kulkarni","Secondary Section (Grades 9-10)"
ACAD-SVIS-2025-116-SCIE-UNI,SVIS-2025-116,"Aadhya Rao",CBSE-10,A,Science,"Unit Test 1",43.5,50,2025-07-18,2025-2026,"David Chen","Science & Mathematics Department"
ACAD-SVIS-2025-116-SOCI-UNI,SVIS-2025-116,"Aadhya Rao",CBSE-10,A,"Social Science","Unit Test 1",44.5,50,2025-07-18,2025-2026,"Sarah Jenkins","Languages & Humanities Department"
ACAD-SVIS-2025-116-ENGL-UNI,SVIS-2025-116,"Aadhya Rao",CBSE-10,A,English,"Unit Test 1",44.5,50,2025-07-18,2025-2026,"Sarah Jenkins","Languages & Humanities Department"
ACAD-SVIS-2025-116-INFO-UNI,SVIS-2025-116,"Aadhya Rao",CBSE-10,A,"Information Technology","Unit Test 1",43.5,50,2025-07-18,2025-2026,"Vikram Patel","Secondary Section (Grades 9-10)"
ACAD-SVIS-2025-116-MATH-MID,SVIS-2025-116,"Aadhya Rao",CBSE-10,A,Mathematics,"Mid-Term Exam",91,100,2025-09-22,2025-2026,"Rajesh Kulkarni","Secondary Section (Grades 9-10)"
ACAD-SVIS-2025-116-SCIE-MID,SVIS-2025-116,"Aadhya Rao",CBSE-10,A,Science,"Mid-Term Exam",91,100,2025-09-22,2025-2026,"David Chen","Science & Mathematics Department"
ACAD-SVIS-2025-116-SOCI-MID,SVIS-2025-116,"Aadhya Rao",CBSE-10,A,"Social Science","Mid-Term Exam",91,100,2025-09-22,2025-2026,"Sarah Jenkins","Languages & Humanities Department"
ACAD-SVIS-2025-116-ENGL-MID,SVIS-2025-116,"Aadhya Rao",CBSE-10,A,English,"Mid-Term Exam",92,100,2025-09-22,2025-2026,"Sarah Jenkins","Languages & Humanities Department"
ACAD-SVIS-2025-116-INFO-MID,SVIS-2025-116,"Aadhya Rao",CBSE-10,A,"Information Technology","Mid-Term Exam",92,100,2025-09-22,2025-2026,"Vikram Patel","Secondary Section (Grades 9-10)"
ACAD-SVIS-2025-116-MATH-UNI,SVIS-2025-116,"Aadhya Rao",CBSE-10,A,Mathematics,"Unit Test 2",42.5,50,2025-12-15,2025-2026,"Rajesh Kulkarni","Secondary Section (Grades 9-10)"
ACAD-SVIS-2025-116-SCIE-UNI,SVIS-2025-116,"Aadhya Rao",CBSE-10,A,Science,"Unit Test 2",43.5,50,2025-12-15,2025-2026,"David Chen","Science & Mathematics Department"
ACAD-SVIS-2025-116-SOCI-UNI,SVIS-2025-116,"Aadhya Rao",CBSE-10,A,"Social Science","Unit Test 2",44.5,50,2025-12-15,2025-2026,"Sarah Jenkins","Languages & Humanities Department"
ACAD-SVIS-2025-116-ENGL-UNI,SVIS-2025-116,"Aadhya Rao",CBSE-10,A,English,"Unit Test 2",44.5,50,2025-12-15,2025-2026,"Sarah Jenkins","Languages & Humanities Department"
ACAD-SVIS-2025-116-INFO-UNI,SVIS-2025-116,"Aadhya Rao",CBSE-10,A,"Information Technology","Unit Test 2",43.5,50,2025-12-15,2025-2026,"Vikram Patel","Secondary Section (Grades 9-10)"
ACAD-SVIS-2025-116-MATH-FIN,SVIS-2025-116,"Aadhya Rao",CBSE-10,A,Mathematics,"Final Exam",91,100,2026-03-24,2025-2026,"Rajesh Kulkarni","Secondary Section (Grades 9-10)"
ACAD-SVIS-2025-116-SCIE-FIN,SVIS-2025-116,"Aadhya Rao",CBSE-10,A,Science,"Final Exam",88,100,2026-03-24,2025-2026,"David Chen","Science & Mathematics Department"
ACAD-SVIS-2025-116-SOCI-FIN,SVIS-2025-116,"Aadhya Rao",CBSE-10,A,"Social Science","Final Exam",89,100,2026-03-24,2025-2026,"Sarah Jenkins","Languages & Humanities Department"
ACAD-SVIS-2025-116-ENGL-FIN,SVIS-2025-116,"Aadhya Rao",CBSE-10,A,English,"Final Exam",88,100,2026-03-24,2025-2026,"Sarah Jenkins","Languages & Humanities Department"
ACAD-SVIS-2025-116-INFO-FIN,SVIS-2025-116,"Aadhya Rao",CBSE-10,A,"Information Technology","Final Exam",93,100,2026-03-24,2025-2026,"Vikram Patel","Secondary Section (Grades 9-10)"
ACAD-SVIS-2025-117-MATH-UNI,SVIS-2025-117,"Saanvi Chatterjee",CBSE-10,B,Mathematics,"Unit Test 1",43,50,2025-07-18,2025-2026,"Rajesh Kulkarni","Secondary Section (Grades 9-10)"
ACAD-SVIS-2025-117-SCIE-UNI,SVIS-2025-117,"Saanvi Chatterjee",CBSE-10,B,Science,"Unit Test 1",46,50,2025-07-18,2025-2026,"David Chen","Science & Mathematics Department"
ACAD-SVIS-2025-117-SOCI-UNI,SVIS-2025-117,"Saanvi Chatterjee",CBSE-10,B,"Social Science","Unit Test 1",43,50,2025-07-18,2025-2026,"Sarah Jenkins","Languages & Humanities Department"
ACAD-SVIS-2025-117-ENGL-UNI,SVIS-2025-117,"Saanvi Chatterjee",CBSE-10,B,English,"Unit Test 1",43,50,2025-07-18,2025-2026,"Sarah Jenkins","Languages & Humanities Department"
ACAD-SVIS-2025-117-INFO-UNI,SVIS-2025-117,"Saanvi Chatterjee",CBSE-10,B,"Information Technology","Unit Test 1",46,50,2025-07-18,2025-2026,"Vikram Patel","Secondary Section (Grades 9-10)"
ACAD-SVIS-2025-117-MATH-MID,SVIS-2025-117,"Saanvi Chatterjee",CBSE-10,B,Mathematics,"Mid-Term Exam",89,100,2025-09-22,2025-2026,"Rajesh Kulkarni","Secondary Section (Grades 9-10)"
ACAD-SVIS-2025-117-SCIE-MID,SVIS-2025-117,"Saanvi Chatterjee",CBSE-10,B,Science,"Mid-Term Exam",89,100,2025-09-22,2025-2026,"David Chen","Science & Mathematics Department"
ACAD-SVIS-2025-117-SOCI-MID,SVIS-2025-117,"Saanvi Chatterjee",CBSE-10,B,"Social Science","Mid-Term Exam",95,100,2025-09-22,2025-2026,"Sarah Jenkins","Languages & Humanities Department"
ACAD-SVIS-2025-117-ENGL-MID,SVIS-2025-117,"Saanvi Chatterjee",CBSE-10,B,English,"Mid-Term Exam",91,100,2025-09-22,2025-2026,"Sarah Jenkins","Languages & Humanities Department"
ACAD-SVIS-2025-117-INFO-MID,SVIS-2025-117,"Saanvi Chatterjee",CBSE-10,B,"Information Technology","Mid-Term Exam",95,100,2025-09-22,2025-2026,"Vikram Patel","Secondary Section (Grades 9-10)"
ACAD-SVIS-2025-117-MATH-UNI,SVIS-2025-117,"Saanvi Chatterjee",CBSE-10,B,Mathematics,"Unit Test 2",43,50,2025-12-15,2025-2026,"Rajesh Kulkarni","Secondary Section (Grades 9-10)"
ACAD-SVIS-2025-117-SCIE-UNI,SVIS-2025-117,"Saanvi Chatterjee",CBSE-10,B,Science,"Unit Test 2",46,50,2025-12-15,2025-2026,"David Chen","Science & Mathematics Department"
ACAD-SVIS-2025-117-SOCI-UNI,SVIS-2025-117,"Saanvi Chatterjee",CBSE-10,B,"Social Science","Unit Test 2",43,50,2025-12-15,2025-2026,"Sarah Jenkins","Languages & Humanities Department"
ACAD-SVIS-2025-117-ENGL-UNI,SVIS-2025-117,"Saanvi Chatterjee",CBSE-10,B,English,"Unit Test 2",43,50,2025-12-15,2025-2026,"Sarah Jenkins","Languages & Humanities Department"
ACAD-SVIS-2025-117-INFO-UNI,SVIS-2025-117,"Saanvi Chatterjee",CBSE-10,B,"Information Technology","Unit Test 2",46,50,2025-12-15,2025-2026,"Vikram Patel","Secondary Section (Grades 9-10)"
ACAD-SVIS-2025-117-MATH-FIN,SVIS-2025-117,"Saanvi Chatterjee",CBSE-10,B,Mathematics,"Final Exam",92,100,2026-03-24,2025-2026,"Rajesh Kulkarni","Secondary Section (Grades 9-10)"
ACAD-SVIS-2025-117-SCIE-FIN,SVIS-2025-117,"Saanvi Chatterjee",CBSE-10,B,Science,"Final Exam",92,100,2026-03-24,2025-2026,"David Chen","Science & Mathematics Department"
ACAD-SVIS-2025-117-SOCI-FIN,SVIS-2025-117,"Saanvi Chatterjee",CBSE-10,B,"Social Science","Final Exam",95,100,2026-03-24,2025-2026,"Sarah Jenkins","Languages & Humanities Department"
ACAD-SVIS-2025-117-ENGL-FIN,SVIS-2025-117,"Saanvi Chatterjee",CBSE-10,B,English,"Final Exam",95,100,2026-03-24,2025-2026,"Sarah Jenkins","Languages & Humanities Department"
ACAD-SVIS-2025-117-INFO-FIN,SVIS-2025-117,"Saanvi Chatterjee",CBSE-10,B,"Information Technology","Final Exam",95,100,2026-03-24,2025-2026,"Vikram Patel","Secondary Section (Grades 9-10)"
ACAD-SVIS-2025-118-MATH-UNI,SVIS-2025-118,"Ira Gupta",CBSE-10,A,Mathematics,"Unit Test 1",44.5,50,2025-07-18,2025-2026,"Rajesh Kulkarni","Secondary Section (Grades 9-10)"
ACAD-SVIS-2025-118-SCIE-UNI,SVIS-2025-118,"Ira Gupta",CBSE-10,A,Science,"Unit Test 1",49.5,50,2025-07-18,2025-2026,"David Chen","Science & Mathematics Department"
ACAD-SVIS-2025-118-SOCI-UNI,SVIS-2025-118,"Ira Gupta",CBSE-10,A,"Social Science","Unit Test 1",49.5,50,2025-07-18,2025-2026,"Sarah Jenkins","Languages & Humanities Department"
ACAD-SVIS-2025-118-ENGL-UNI,SVIS-2025-118,"Ira Gupta",CBSE-10,A,English,"Unit Test 1",43.5,50,2025-07-18,2025-2026,"Sarah Jenkins","Languages & Humanities Department"
ACAD-SVIS-2025-118-INFO-UNI,SVIS-2025-118,"Ira Gupta",CBSE-10,A,"Information Technology","Unit Test 1",46.5,50,2025-07-18,2025-2026,"Vikram Patel","Secondary Section (Grades 9-10)"
ACAD-SVIS-2025-118-MATH-MID,SVIS-2025-118,"Ira Gupta",CBSE-10,A,Mathematics,"Mid-Term Exam",90,100,2025-09-22,2025-2026,"Rajesh Kulkarni","Secondary Section (Grades 9-10)"
ACAD-SVIS-2025-118-SCIE-MID,SVIS-2025-118,"Ira Gupta",CBSE-10,A,Science,"Mid-Term Exam",94,100,2025-09-22,2025-2026,"David Chen","Science & Mathematics Department"
ACAD-SVIS-2025-118-SOCI-MID,SVIS-2025-118,"Ira Gupta",CBSE-10,A,"Social Science","Mid-Term Exam",94,100,2025-09-22,2025-2026,"Sarah Jenkins","Languages & Humanities Department"
ACAD-SVIS-2025-118-ENGL-MID,SVIS-2025-118,"Ira Gupta",CBSE-10,A,English,"Mid-Term Exam",95,100,2025-09-22,2025-2026,"Sarah Jenkins","Languages & Humanities Department"
ACAD-SVIS-2025-118-INFO-MID,SVIS-2025-118,"Ira Gupta",CBSE-10,A,"Information Technology","Mid-Term Exam",96,100,2025-09-22,2025-2026,"Vikram Patel","Secondary Section (Grades 9-10)"
ACAD-SVIS-2025-118-MATH-UNI,SVIS-2025-118,"Ira Gupta",CBSE-10,A,Mathematics,"Unit Test 2",44.5,50,2025-12-15,2025-2026,"Rajesh Kulkarni","Secondary Section (Grades 9-10)"
ACAD-SVIS-2025-118-SCIE-UNI,SVIS-2025-118,"Ira Gupta",CBSE-10,A,Science,"Unit Test 2",49.5,50,2025-12-15,2025-2026,"David Chen","Science & Mathematics Department"
ACAD-SVIS-2025-118-SOCI-UNI,SVIS-2025-118,"Ira Gupta",CBSE-10,A,"Social Science","Unit Test 2",49.5,50,2025-12-15,2025-2026,"Sarah Jenkins","Languages & Humanities Department"
ACAD-SVIS-2025-118-ENGL-UNI,SVIS-2025-118,"Ira Gupta",CBSE-10,A,English,"Unit Test 2",43.5,50,2025-12-15,2025-2026,"Sarah Jenkins","Languages & Humanities Department"
ACAD-SVIS-2025-118-INFO-UNI,SVIS-2025-118,"Ira Gupta",CBSE-10,A,"Information Technology","Unit Test 2",46.5,50,2025-12-15,2025-2026,"Vikram Patel","Secondary Section (Grades 9-10)"
ACAD-SVIS-2025-118-MATH-FIN,SVIS-2025-118,"Ira Gupta",CBSE-10,A,Mathematics,"Final Exam",92,100,2026-03-24,2025-2026,"Rajesh Kulkarni","Secondary Section (Grades 9-10)"
ACAD-SVIS-2025-118-SCIE-FIN,SVIS-2025-118,"Ira Gupta",CBSE-10,A,Science,"Final Exam",96,100,2026-03-24,2025-2026,"David Chen","Science & Mathematics Department"
ACAD-SVIS-2025-118-SOCI-FIN,SVIS-2025-118,"Ira Gupta",CBSE-10,A,"Social Science","Final Exam",93,100,2026-03-24,2025-2026,"Sarah Jenkins","Languages & Humanities Department"
ACAD-SVIS-2025-118-ENGL-FIN,SVIS-2025-118,"Ira Gupta",CBSE-10,A,English,"Final Exam",92,100,2026-03-24,2025-2026,"Sarah Jenkins","Languages & Humanities Department"
ACAD-SVIS-2025-118-INFO-FIN,SVIS-2025-118,"Ira Gupta",CBSE-10,A,"Information Technology","Final Exam",91,100,2026-03-24,2025-2026,"Vikram Patel","Secondary Section (Grades 9-10)"
ACAD-SVIS-2025-119-MATH-UNI,SVIS-2025-119,"Kavya Choudhury",CBSE-10,B,Mathematics,"Unit Test 1",46,50,2025-07-18,2025-2026,"Rajesh Kulkarni","Secondary Section (Grades 9-10)"
ACAD-SVIS-2025-119-SCIE-UNI,SVIS-2025-119,"Kavya Choudhury",CBSE-10,B,Science,"Unit Test 1",50,50,2025-07-18,2025-2026,"David Chen","Science & Mathematics Department"
ACAD-SVIS-2025-119-SOCI-UNI,SVIS-2025-119,"Kavya Choudhury",CBSE-10,B,"Social Science","Unit Test 1",47,50,2025-07-18,2025-2026,"Sarah Jenkins","Languages & Humanities Department"
ACAD-SVIS-2025-119-ENGL-UNI,SVIS-2025-119,"Kavya Choudhury",CBSE-10,B,English,"Unit Test 1",50,50,2025-07-18,2025-2026,"Sarah Jenkins","Languages & Humanities Department"
ACAD-SVIS-2025-119-INFO-UNI,SVIS-2025-119,"Kavya Choudhury",CBSE-10,B,"Information Technology","Unit Test 1",45,50,2025-07-18,2025-2026,"Vikram Patel","Secondary Section (Grades 9-10)"
ACAD-SVIS-2025-119-MATH-MID,SVIS-2025-119,"Kavya Choudhury",CBSE-10,B,Mathematics,"Mid-Term Exam",94,100,2025-09-22,2025-2026,"Rajesh Kulkarni","Secondary Section (Grades 9-10)"
ACAD-SVIS-2025-119-SCIE-MID,SVIS-2025-119,"Kavya Choudhury",CBSE-10,B,Science,"Mid-Term Exam",97,100,2025-09-22,2025-2026,"David Chen","Science & Mathematics Department"
ACAD-SVIS-2025-119-SOCI-MID,SVIS-2025-119,"Kavya Choudhury",CBSE-10,B,"Social Science","Mid-Term Exam",93,100,2025-09-22,2025-2026,"Sarah Jenkins","Languages & Humanities Department"
ACAD-SVIS-2025-119-ENGL-MID,SVIS-2025-119,"Kavya Choudhury",CBSE-10,B,English,"Mid-Term Exam",92,100,2025-09-22,2025-2026,"Sarah Jenkins","Languages & Humanities Department"
ACAD-SVIS-2025-119-INFO-MID,SVIS-2025-119,"Kavya Choudhury",CBSE-10,B,"Information Technology","Mid-Term Exam",94,100,2025-09-22,2025-2026,"Vikram Patel","Secondary Section (Grades 9-10)"
ACAD-SVIS-2025-119-MATH-UNI,SVIS-2025-119,"Kavya Choudhury",CBSE-10,B,Mathematics,"Unit Test 2",46,50,2025-12-15,2025-2026,"Rajesh Kulkarni","Secondary Section (Grades 9-10)"
ACAD-SVIS-2025-119-SCIE-UNI,SVIS-2025-119,"Kavya Choudhury",CBSE-10,B,Science,"Unit Test 2",50,50,2025-12-15,2025-2026,"David Chen","Science & Mathematics Department"
ACAD-SVIS-2025-119-SOCI-UNI,SVIS-2025-119,"Kavya Choudhury",CBSE-10,B,"Social Science","Unit Test 2",47,50,2025-12-15,2025-2026,"Sarah Jenkins","Languages & Humanities Department"
ACAD-SVIS-2025-119-ENGL-UNI,SVIS-2025-119,"Kavya Choudhury",CBSE-10,B,English,"Unit Test 2",50,50,2025-12-15,2025-2026,"Sarah Jenkins","Languages & Humanities Department"
ACAD-SVIS-2025-119-INFO-UNI,SVIS-2025-119,"Kavya Choudhury",CBSE-10,B,"Information Technology","Unit Test 2",45,50,2025-12-15,2025-2026,"Vikram Patel","Secondary Section (Grades 9-10)"
ACAD-SVIS-2025-119-MATH-FIN,SVIS-2025-119,"Kavya Choudhury",CBSE-10,B,Mathematics,"Final Exam",93,100,2026-03-24,2025-2026,"Rajesh Kulkarni","Secondary Section (Grades 9-10)"
ACAD-SVIS-2025-119-SCIE-FIN,SVIS-2025-119,"Kavya Choudhury",CBSE-10,B,Science,"Final Exam",91,100,2026-03-24,2025-2026,"David Chen","Science & Mathematics Department"
ACAD-SVIS-2025-119-SOCI-FIN,SVIS-2025-119,"Kavya Choudhury",CBSE-10,B,"Social Science","Final Exam",94,100,2026-03-24,2025-2026,"Sarah Jenkins","Languages & Humanities Department"
ACAD-SVIS-2025-119-ENGL-FIN,SVIS-2025-119,"Kavya Choudhury",CBSE-10,B,English,"Final Exam",97,100,2026-03-24,2025-2026,"Sarah Jenkins","Languages & Humanities Department"
ACAD-SVIS-2025-119-INFO-FIN,SVIS-2025-119,"Kavya Choudhury",CBSE-10,B,"Information Technology","Final Exam",95,100,2026-03-24,2025-2026,"Vikram Patel","Secondary Section (Grades 9-10)"
ACAD-SVIS-2025-120-MATH-UNI,SVIS-2025-120,"Aarav Sharma",CBSE-10,A,Mathematics,"Unit Test 1",29.5,50,2025-07-18,2025-2026,"Rajesh Kulkarni","Secondary Section (Grades 9-10)"
ACAD-SVIS-2025-120-SCIE-UNI,SVIS-2025-120,"Aarav Sharma",CBSE-10,A,Science,"Unit Test 1",25.5,50,2025-07-18,2025-2026,"David Chen","Science & Mathematics Department"
ACAD-SVIS-2025-120-SOCI-UNI,SVIS-2025-120,"Aarav Sharma",CBSE-10,A,"Social Science","Unit Test 1",30.5,50,2025-07-18,2025-2026,"Sarah Jenkins","Languages & Humanities Department"
ACAD-SVIS-2025-120-ENGL-UNI,SVIS-2025-120,"Aarav Sharma",CBSE-10,A,English,"Unit Test 1",25.5,50,2025-07-18,2025-2026,"Sarah Jenkins","Languages & Humanities Department"
ACAD-SVIS-2025-120-INFO-UNI,SVIS-2025-120,"Aarav Sharma",CBSE-10,A,"Information Technology","Unit Test 1",27.5,50,2025-07-18,2025-2026,"Vikram Patel","Secondary Section (Grades 9-10)"
ACAD-SVIS-2025-120-MATH-MID,SVIS-2025-120,"Aarav Sharma",CBSE-10,A,Mathematics,"Mid-Term Exam",58,100,2025-09-22,2025-2026,"Rajesh Kulkarni","Secondary Section (Grades 9-10)"
ACAD-SVIS-2025-120-SCIE-MID,SVIS-2025-120,"Aarav Sharma",CBSE-10,A,Science,"Mid-Term Exam",55,100,2025-09-22,2025-2026,"David Chen","Science & Mathematics Department"
ACAD-SVIS-2025-120-SOCI-MID,SVIS-2025-120,"Aarav Sharma",CBSE-10,A,"Social Science","Mid-Term Exam",52,100,2025-09-22,2025-2026,"Sarah Jenkins","Languages & Humanities Department"
ACAD-SVIS-2025-120-ENGL-MID,SVIS-2025-120,"Aarav Sharma",CBSE-10,A,English,"Mid-Term Exam",58,100,2025-09-22,2025-2026,"Sarah Jenkins","Languages & Humanities Department"
ACAD-SVIS-2025-120-INFO-MID,SVIS-2025-120,"Aarav Sharma",CBSE-10,A,"Information Technology","Mid-Term Exam",53,100,2025-09-22,2025-2026,"Vikram Patel","Secondary Section (Grades 9-10)"
ACAD-SVIS-2025-120-MATH-UNI,SVIS-2025-120,"Aarav Sharma",CBSE-10,A,Mathematics,"Unit Test 2",29.5,50,2025-12-15,2025-2026,"Rajesh Kulkarni","Secondary Section (Grades 9-10)"
ACAD-SVIS-2025-120-SCIE-UNI,SVIS-2025-120,"Aarav Sharma",CBSE-10,A,Science,"Unit Test 2",25.5,50,2025-12-15,2025-2026,"David Chen","Science & Mathematics Department"
ACAD-SVIS-2025-120-SOCI-UNI,SVIS-2025-120,"Aarav Sharma",CBSE-10,A,"Social Science","Unit Test 2",30.5,50,2025-12-15,2025-2026,"Sarah Jenkins","Languages & Humanities Department"
ACAD-SVIS-2025-120-ENGL-UNI,SVIS-2025-120,"Aarav Sharma",CBSE-10,A,English,"Unit Test 2",25.5,50,2025-12-15,2025-2026,"Sarah Jenkins","Languages & Humanities Department"
ACAD-SVIS-2025-120-INFO-UNI,SVIS-2025-120,"Aarav Sharma",CBSE-10,A,"Information Technology","Unit Test 2",27.5,50,2025-12-15,2025-2026,"Vikram Patel","Secondary Section (Grades 9-10)"
ACAD-SVIS-2025-120-MATH-FIN,SVIS-2025-120,"Aarav Sharma",CBSE-10,A,Mathematics,"Final Exam",54,100,2026-03-24,2025-2026,"Rajesh Kulkarni","Secondary Section (Grades 9-10)"
ACAD-SVIS-2025-120-SCIE-FIN,SVIS-2025-120,"Aarav Sharma",CBSE-10,A,Science,"Final Exam",53,100,2026-03-24,2025-2026,"David Chen","Science & Mathematics Department"
ACAD-SVIS-2025-120-SOCI-FIN,SVIS-2025-120,"Aarav Sharma",CBSE-10,A,"Social Science","Final Exam",52,100,2026-03-24,2025-2026,"Sarah Jenkins","Languages & Humanities Department"
ACAD-SVIS-2025-120-ENGL-FIN,SVIS-2025-120,"Aarav Sharma",CBSE-10,A,English,"Final Exam",53,100,2026-03-24,2025-2026,"Sarah Jenkins","Languages & Humanities Department"
ACAD-SVIS-2025-120-INFO-FIN,SVIS-2025-120,"Aarav Sharma",CBSE-10,A,"Information Technology","Final Exam",57,100,2026-03-24,2025-2026,"Vikram Patel","Secondary Section (Grades 9-10)"
ACAD-SVIS-2025-121-PHYS-UNI,SVIS-2025-121,"Vihaan Singh",CBSE-11,A,Physics,"Unit Test 1",28,50,2025-07-18,2025-2026,"Anita Sharma","Higher Secondary Section (Grades 11-12)"
ACAD-SVIS-2025-121-CHEM-UNI,SVIS-2025-121,"Vihaan Singh",CBSE-11,A,Chemistry,"Unit Test 1",28,50,2025-07-18,2025-2026,"David Chen","Science & Mathematics Department"
ACAD-SVIS-2025-121-MATH-UNI,SVIS-2025-121,"Vihaan Singh",CBSE-11,A,Mathematics,"Unit Test 1",26,50,2025-07-18,2025-2026,"Rajesh Kulkarni","Secondary Section (Grades 9-10)"
ACAD-SVIS-2025-121-ENGL-UNI,SVIS-2025-121,"Vihaan Singh",CBSE-11,A,"English Core","Unit Test 1",28,50,2025-07-18,2025-2026,"Sarah Jenkins","Languages & Humanities Department"
ACAD-SVIS-2025-121-COMP-UNI,SVIS-2025-121,"Vihaan Singh",CBSE-11,A,"Computer Science","Unit Test 1",26,50,2025-07-18,2025-2026,"Vikram Patel","Secondary Section (Grades 9-10)"
ACAD-SVIS-2025-121-PHYS-MID,SVIS-2025-121,"Vihaan Singh",CBSE-11,A,Physics,"Mid-Term Exam",59,100,2025-09-22,2025-2026,"Anita Sharma","Higher Secondary Section (Grades 11-12)"
ACAD-SVIS-2025-121-CHEM-MID,SVIS-2025-121,"Vihaan Singh",CBSE-11,A,Chemistry,"Mid-Term Exam",55,100,2025-09-22,2025-2026,"David Chen","Science & Mathematics Department"
ACAD-SVIS-2025-121-MATH-MID,SVIS-2025-121,"Vihaan Singh",CBSE-11,A,Mathematics,"Mid-Term Exam",57,100,2025-09-22,2025-2026,"Rajesh Kulkarni","Secondary Section (Grades 9-10)"
ACAD-SVIS-2025-121-ENGL-MID,SVIS-2025-121,"Vihaan Singh",CBSE-11,A,"English Core","Mid-Term Exam",54,100,2025-09-22,2025-2026,"Sarah Jenkins","Languages & Humanities Department"
ACAD-SVIS-2025-121-COMP-MID,SVIS-2025-121,"Vihaan Singh",CBSE-11,A,"Computer Science","Mid-Term Exam",55,100,2025-09-22,2025-2026,"Vikram Patel","Secondary Section (Grades 9-10)"
ACAD-SVIS-2025-121-PHYS-UNI,SVIS-2025-121,"Vihaan Singh",CBSE-11,A,Physics,"Unit Test 2",28,50,2025-12-15,2025-2026,"Anita Sharma","Higher Secondary Section (Grades 11-12)"
ACAD-SVIS-2025-121-CHEM-UNI,SVIS-2025-121,"Vihaan Singh",CBSE-11,A,Chemistry,"Unit Test 2",28,50,2025-12-15,2025-2026,"David Chen","Science & Mathematics Department"
ACAD-SVIS-2025-121-MATH-UNI,SVIS-2025-121,"Vihaan Singh",CBSE-11,A,Mathematics,"Unit Test 2",26,50,2025-12-15,2025-2026,"Rajesh Kulkarni","Secondary Section (Grades 9-10)"
ACAD-SVIS-2025-121-ENGL-UNI,SVIS-2025-121,"Vihaan Singh",CBSE-11,A,"English Core","Unit Test 2",28,50,2025-12-15,2025-2026,"Sarah Jenkins","Languages & Humanities Department"
ACAD-SVIS-2025-121-COMP-UNI,SVIS-2025-121,"Vihaan Singh",CBSE-11,A,"Computer Science","Unit Test 2",26,50,2025-12-15,2025-2026,"Vikram Patel","Secondary Section (Grades 9-10)"
ACAD-SVIS-2025-121-PHYS-FIN,SVIS-2025-121,"Vihaan Singh",CBSE-11,A,Physics,"Final Exam",59,100,2026-03-24,2025-2026,"Anita Sharma","Higher Secondary Section (Grades 11-12)"
ACAD-SVIS-2025-121-CHEM-FIN,SVIS-2025-121,"Vihaan Singh",CBSE-11,A,Chemistry,"Final Exam",55,100,2026-03-24,2025-2026,"David Chen","Science & Mathematics Department"
ACAD-SVIS-2025-121-MATH-FIN,SVIS-2025-121,"Vihaan Singh",CBSE-11,A,Mathematics,"Final Exam",53,100,2026-03-24,2025-2026,"Rajesh Kulkarni","Secondary Section (Grades 9-10)"
ACAD-SVIS-2025-121-ENGL-FIN,SVIS-2025-121,"Vihaan Singh",CBSE-11,A,"English Core","Final Exam",57,100,2026-03-24,2025-2026,"Sarah Jenkins","Languages & Humanities Department"
ACAD-SVIS-2025-121-COMP-FIN,SVIS-2025-121,"Vihaan Singh",CBSE-11,A,"Computer Science","Final Exam",55,100,2026-03-24,2025-2026,"Vikram Patel","Secondary Section (Grades 9-10)"
ACAD-SVIS-2025-122-PHYS-UNI,SVIS-2025-122,"Reyansh Mehta",CBSE-11,B,Physics,"Unit Test 1",29.5,50,2025-07-18,2025-2026,"Anita Sharma","Higher Secondary Section (Grades 11-12)"
ACAD-SVIS-2025-122-CHEM-UNI,SVIS-2025-122,"Reyansh Mehta",CBSE-11,B,Chemistry,"Unit Test 1",28.5,50,2025-07-18,2025-2026,"David Chen","Science & Mathematics Department"
ACAD-SVIS-2025-122-MATH-UNI,SVIS-2025-122,"Reyansh Mehta",CBSE-11,B,Mathematics,"Unit Test 1",28.5,50,2025-07-18,2025-2026,"Rajesh Kulkarni","Secondary Section (Grades 9-10)"
ACAD-SVIS-2025-122-ENGL-UNI,SVIS-2025-122,"Reyansh Mehta",CBSE-11,B,"English Core","Unit Test 1",29.5,50,2025-07-18,2025-2026,"Sarah Jenkins","Languages & Humanities Department"
ACAD-SVIS-2025-122-COMP-UNI,SVIS-2025-122,"Reyansh Mehta",CBSE-11,B,"Computer Science","Unit Test 1",28.5,50,2025-07-18,2025-2026,"Vikram Patel","Secondary Section (Grades 9-10)"
ACAD-SVIS-2025-122-PHYS-MID,SVIS-2025-122,"Reyansh Mehta",CBSE-11,B,Physics,"Mid-Term Exam",58,100,2025-09-22,2025-2026,"Anita Sharma","Higher Secondary Section (Grades 11-12)"
ACAD-SVIS-2025-122-CHEM-MID,SVIS-2025-122,"Reyansh Mehta",CBSE-11,B,Chemistry,"Mid-Term Exam",59,100,2025-09-22,2025-2026,"David Chen","Science & Mathematics Department"
ACAD-SVIS-2025-122-MATH-MID,SVIS-2025-122,"Reyansh Mehta",CBSE-11,B,Mathematics,"Mid-Term Exam",57,100,2025-09-22,2025-2026,"Rajesh Kulkarni","Secondary Section (Grades 9-10)"
ACAD-SVIS-2025-122-ENGL-MID,SVIS-2025-122,"Reyansh Mehta",CBSE-11,B,"English Core","Mid-Term Exam",54,100,2025-09-22,2025-2026,"Sarah Jenkins","Languages & Humanities Department"
ACAD-SVIS-2025-122-COMP-MID,SVIS-2025-122,"Reyansh Mehta",CBSE-11,B,"Computer Science","Mid-Term Exam",54,100,2025-09-22,2025-2026,"Vikram Patel","Secondary Section (Grades 9-10)"
ACAD-SVIS-2025-122-PHYS-UNI,SVIS-2025-122,"Reyansh Mehta",CBSE-11,B,Physics,"Unit Test 2",29.5,50,2025-12-15,2025-2026,"Anita Sharma","Higher Secondary Section (Grades 11-12)"
ACAD-SVIS-2025-122-CHEM-UNI,SVIS-2025-122,"Reyansh Mehta",CBSE-11,B,Chemistry,"Unit Test 2",28.5,50,2025-12-15,2025-2026,"David Chen","Science & Mathematics Department"
ACAD-SVIS-2025-122-MATH-UNI,SVIS-2025-122,"Reyansh Mehta",CBSE-11,B,Mathematics,"Unit Test 2",28.5,50,2025-12-15,2025-2026,"Rajesh Kulkarni","Secondary Section (Grades 9-10)"
ACAD-SVIS-2025-122-ENGL-UNI,SVIS-2025-122,"Reyansh Mehta",CBSE-11,B,"English Core","Unit Test 2",29.5,50,2025-12-15,2025-2026,"Sarah Jenkins","Languages & Humanities Department"
ACAD-SVIS-2025-122-COMP-UNI,SVIS-2025-122,"Reyansh Mehta",CBSE-11,B,"Computer Science","Unit Test 2",28.5,50,2025-12-15,2025-2026,"Vikram Patel","Secondary Section (Grades 9-10)"
ACAD-SVIS-2025-122-PHYS-FIN,SVIS-2025-122,"Reyansh Mehta",CBSE-11,B,Physics,"Final Exam",60,100,2026-03-24,2025-2026,"Anita Sharma","Higher Secondary Section (Grades 11-12)"
ACAD-SVIS-2025-122-CHEM-FIN,SVIS-2025-122,"Reyansh Mehta",CBSE-11,B,Chemistry,"Final Exam",57,100,2026-03-24,2025-2026,"David Chen","Science & Mathematics Department"
ACAD-SVIS-2025-122-MATH-FIN,SVIS-2025-122,"Reyansh Mehta",CBSE-11,B,Mathematics,"Final Exam",57,100,2026-03-24,2025-2026,"Rajesh Kulkarni","Secondary Section (Grades 9-10)"
ACAD-SVIS-2025-122-ENGL-FIN,SVIS-2025-122,"Reyansh Mehta",CBSE-11,B,"English Core","Final Exam",60,100,2026-03-24,2025-2026,"Sarah Jenkins","Languages & Humanities Department"
ACAD-SVIS-2025-122-COMP-FIN,SVIS-2025-122,"Reyansh Mehta",CBSE-11,B,"Computer Science","Final Exam",59,100,2026-03-24,2025-2026,"Vikram Patel","Secondary Section (Grades 9-10)"
ACAD-SVIS-2025-123-PHYS-UNI,SVIS-2025-123,"Ishaan Verma",CBSE-11,A,Physics,"Unit Test 1",28,50,2025-07-18,2025-2026,"Anita Sharma","Higher Secondary Section (Grades 11-12)"
ACAD-SVIS-2025-123-CHEM-UNI,SVIS-2025-123,"Ishaan Verma",CBSE-11,A,Chemistry,"Unit Test 1",32,50,2025-07-18,2025-2026,"David Chen","Science & Mathematics Department"
ACAD-SVIS-2025-123-MATH-UNI,SVIS-2025-123,"Ishaan Verma",CBSE-11,A,Mathematics,"Unit Test 1",28,50,2025-07-18,2025-2026,"Rajesh Kulkarni","Secondary Section (Grades 9-10)"
ACAD-SVIS-2025-123-ENGL-UNI,SVIS-2025-123,"Ishaan Verma",CBSE-11,A,"English Core","Unit Test 1",29,50,2025-07-18,2025-2026,"Sarah Jenkins","Languages & Humanities Department"
ACAD-SVIS-2025-123-COMP-UNI,SVIS-2025-123,"Ishaan Verma",CBSE-11,A,"Computer Science","Unit Test 1",32,50,2025-07-18,2025-2026,"Vikram Patel","Secondary Section (Grades 9-10)"
ACAD-SVIS-2025-123-PHYS-MID,SVIS-2025-123,"Ishaan Verma",CBSE-11,A,Physics,"Mid-Term Exam",58,100,2025-09-22,2025-2026,"Anita Sharma","Higher Secondary Section (Grades 11-12)"
ACAD-SVIS-2025-123-CHEM-MID,SVIS-2025-123,"Ishaan Verma",CBSE-11,A,Chemistry,"Mid-Term Exam",55,100,2025-09-22,2025-2026,"David Chen","Science & Mathematics Department"
ACAD-SVIS-2025-123-MATH-MID,SVIS-2025-123,"Ishaan Verma",CBSE-11,A,Mathematics,"Mid-Term Exam",61,100,2025-09-22,2025-2026,"Rajesh Kulkarni","Secondary Section (Grades 9-10)"
ACAD-SVIS-2025-123-ENGL-MID,SVIS-2025-123,"Ishaan Verma",CBSE-11,A,"English Core","Mid-Term Exam",58,100,2025-09-22,2025-2026,"Sarah Jenkins","Languages & Humanities Department"
ACAD-SVIS-2025-123-COMP-MID,SVIS-2025-123,"Ishaan Verma",CBSE-11,A,"Computer Science","Mid-Term Exam",58,100,2025-09-22,2025-2026,"Vikram Patel","Secondary Section (Grades 9-10)"
ACAD-SVIS-2025-123-PHYS-UNI,SVIS-2025-123,"Ishaan Verma",CBSE-11,A,Physics,"Unit Test 2",28,50,2025-12-15,2025-2026,"Anita Sharma","Higher Secondary Section (Grades 11-12)"
ACAD-SVIS-2025-123-CHEM-UNI,SVIS-2025-123,"Ishaan Verma",CBSE-11,A,Chemistry,"Unit Test 2",32,50,2025-12-15,2025-2026,"David Chen","Science & Mathematics Department"
ACAD-SVIS-2025-123-MATH-UNI,SVIS-2025-123,"Ishaan Verma",CBSE-11,A,Mathematics,"Unit Test 2",28,50,2025-12-15,2025-2026,"Rajesh Kulkarni","Secondary Section (Grades 9-10)"
ACAD-SVIS-2025-123-ENGL-UNI,SVIS-2025-123,"Ishaan Verma",CBSE-11,A,"English Core","Unit Test 2",29,50,2025-12-15,2025-2026,"Sarah Jenkins","Languages & Humanities Department"
ACAD-SVIS-2025-123-COMP-UNI,SVIS-2025-123,"Ishaan Verma",CBSE-11,A,"Computer Science","Unit Test 2",32,50,2025-12-15,2025-2026,"Vikram Patel","Secondary Section (Grades 9-10)"
ACAD-SVIS-2025-123-PHYS-FIN,SVIS-2025-123,"Ishaan Verma",CBSE-11,A,Physics,"Final Exam",56,100,2026-03-24,2025-2026,"Anita Sharma","Higher Secondary Section (Grades 11-12)"
ACAD-SVIS-2025-123-CHEM-FIN,SVIS-2025-123,"Ishaan Verma",CBSE-11,A,Chemistry,"Final Exam",57,100,2026-03-24,2025-2026,"David Chen","Science & Mathematics Department"
ACAD-SVIS-2025-123-MATH-FIN,SVIS-2025-123,"Ishaan Verma",CBSE-11,A,Mathematics,"Final Exam",57,100,2026-03-24,2025-2026,"Rajesh Kulkarni","Secondary Section (Grades 9-10)"
ACAD-SVIS-2025-123-ENGL-FIN,SVIS-2025-123,"Ishaan Verma",CBSE-11,A,"English Core","Final Exam",60,100,2026-03-24,2025-2026,"Sarah Jenkins","Languages & Humanities Department"
ACAD-SVIS-2025-123-COMP-FIN,SVIS-2025-123,"Ishaan Verma",CBSE-11,A,"Computer Science","Final Exam",56,100,2026-03-24,2025-2026,"Vikram Patel","Secondary Section (Grades 9-10)"
ACAD-SVIS-2025-124-PHYS-UNI,SVIS-2025-124,"Advik Deshmukh",CBSE-11,B,Physics,"Unit Test 1",31.5,50,2025-07-18,2025-2026,"Anita Sharma","Higher Secondary Section (Grades 11-12)"
ACAD-SVIS-2025-124-CHEM-UNI,SVIS-2025-124,"Advik Deshmukh",CBSE-11,B,Chemistry,"Unit Test 1",29.5,50,2025-07-18,2025-2026,"David Chen","Science & Mathematics Department"
ACAD-SVIS-2025-124-MATH-UNI,SVIS-2025-124,"Advik Deshmukh",CBSE-11,B,Mathematics,"Unit Test 1",29.5,50,2025-07-18,2025-2026,"Rajesh Kulkarni","Secondary Section (Grades 9-10)"
ACAD-SVIS-2025-124-ENGL-UNI,SVIS-2025-124,"Advik Deshmukh",CBSE-11,B,"English Core","Unit Test 1",27.5,50,2025-07-18,2025-2026,"Sarah Jenkins","Languages & Humanities Department"
ACAD-SVIS-2025-124-COMP-UNI,SVIS-2025-124,"Advik Deshmukh",CBSE-11,B,"Computer Science","Unit Test 1",31.5,50,2025-07-18,2025-2026,"Vikram Patel","Secondary Section (Grades 9-10)"
ACAD-SVIS-2025-124-PHYS-MID,SVIS-2025-124,"Advik Deshmukh",CBSE-11,B,Physics,"Mid-Term Exam",60,100,2025-09-22,2025-2026,"Anita Sharma","Higher Secondary Section (Grades 11-12)"
ACAD-SVIS-2025-124-CHEM-MID,SVIS-2025-124,"Advik Deshmukh",CBSE-11,B,Chemistry,"Mid-Term Exam",59,100,2025-09-22,2025-2026,"David Chen","Science & Mathematics Department"
ACAD-SVIS-2025-124-MATH-MID,SVIS-2025-124,"Advik Deshmukh",CBSE-11,B,Mathematics,"Mid-Term Exam",58,100,2025-09-22,2025-2026,"Rajesh Kulkarni","Secondary Section (Grades 9-10)"
ACAD-SVIS-2025-124-ENGL-MID,SVIS-2025-124,"Advik Deshmukh",CBSE-11,B,"English Core","Mid-Term Exam",62,100,2025-09-22,2025-2026,"Sarah Jenkins","Languages & Humanities Department"
ACAD-SVIS-2025-124-COMP-MID,SVIS-2025-124,"Advik Deshmukh",CBSE-11,B,"Computer Science","Mid-Term Exam",56,100,2025-09-22,2025-2026,"Vikram Patel","Secondary Section (Grades 9-10)"
ACAD-SVIS-2025-124-PHYS-UNI,SVIS-2025-124,"Advik Deshmukh",CBSE-11,B,Physics,"Unit Test 2",31.5,50,2025-12-15,2025-2026,"Anita Sharma","Higher Secondary Section (Grades 11-12)"
ACAD-SVIS-2025-124-CHEM-UNI,SVIS-2025-124,"Advik Deshmukh",CBSE-11,B,Chemistry,"Unit Test 2",29.5,50,2025-12-15,2025-2026,"David Chen","Science & Mathematics Department"
ACAD-SVIS-2025-124-MATH-UNI,SVIS-2025-124,"Advik Deshmukh",CBSE-11,B,Mathematics,"Unit Test 2",29.5,50,2025-12-15,2025-2026,"Rajesh Kulkarni","Secondary Section (Grades 9-10)"
ACAD-SVIS-2025-124-ENGL-UNI,SVIS-2025-124,"Advik Deshmukh",CBSE-11,B,"English Core","Unit Test 2",27.5,50,2025-12-15,2025-2026,"Sarah Jenkins","Languages & Humanities Department"
ACAD-SVIS-2025-124-COMP-UNI,SVIS-2025-124,"Advik Deshmukh",CBSE-11,B,"Computer Science","Unit Test 2",31.5,50,2025-12-15,2025-2026,"Vikram Patel","Secondary Section (Grades 9-10)"
ACAD-SVIS-2025-124-PHYS-FIN,SVIS-2025-124,"Advik Deshmukh",CBSE-11,B,Physics,"Final Exam",58,100,2026-03-24,2025-2026,"Anita Sharma","Higher Secondary Section (Grades 11-12)"
ACAD-SVIS-2025-124-CHEM-FIN,SVIS-2025-124,"Advik Deshmukh",CBSE-11,B,Chemistry,"Final Exam",57,100,2026-03-24,2025-2026,"David Chen","Science & Mathematics Department"
ACAD-SVIS-2025-124-MATH-FIN,SVIS-2025-124,"Advik Deshmukh",CBSE-11,B,Mathematics,"Final Exam",62,100,2026-03-24,2025-2026,"Rajesh Kulkarni","Secondary Section (Grades 9-10)"
ACAD-SVIS-2025-124-ENGL-FIN,SVIS-2025-124,"Advik Deshmukh",CBSE-11,B,"English Core","Final Exam",57,100,2026-03-24,2025-2026,"Sarah Jenkins","Languages & Humanities Department"
ACAD-SVIS-2025-124-COMP-FIN,SVIS-2025-124,"Advik Deshmukh",CBSE-11,B,"Computer Science","Final Exam",58,100,2026-03-24,2025-2026,"Vikram Patel","Secondary Section (Grades 9-10)"
ACAD-SVIS-2025-125-PHYS-UNI,SVIS-2025-125,"Ananya Shah",CBSE-11,A,Physics,"Unit Test 1",30,50,2025-07-18,2025-2026,"Anita Sharma","Higher Secondary Section (Grades 11-12)"
ACAD-SVIS-2025-125-CHEM-UNI,SVIS-2025-125,"Ananya Shah",CBSE-11,A,Chemistry,"Unit Test 1",33,50,2025-07-18,2025-2026,"David Chen","Science & Mathematics Department"
ACAD-SVIS-2025-125-MATH-UNI,SVIS-2025-125,"Ananya Shah",CBSE-11,A,Mathematics,"Unit Test 1",32,50,2025-07-18,2025-2026,"Rajesh Kulkarni","Secondary Section (Grades 9-10)"
ACAD-SVIS-2025-125-ENGL-UNI,SVIS-2025-125,"Ananya Shah",CBSE-11,A,"English Core","Unit Test 1",32,50,2025-07-18,2025-2026,"Sarah Jenkins","Languages & Humanities Department"
ACAD-SVIS-2025-125-COMP-UNI,SVIS-2025-125,"Ananya Shah",CBSE-11,A,"Computer Science","Unit Test 1",31,50,2025-07-18,2025-2026,"Vikram Patel","Secondary Section (Grades 9-10)"
ACAD-SVIS-2025-125-PHYS-MID,SVIS-2025-125,"Ananya Shah",CBSE-11,A,Physics,"Mid-Term Exam",62,100,2025-09-22,2025-2026,"Anita Sharma","Higher Secondary Section (Grades 11-12)"
ACAD-SVIS-2025-125-CHEM-MID,SVIS-2025-125,"Ananya Shah",CBSE-11,A,Chemistry,"Mid-Term Exam",60,100,2025-09-22,2025-2026,"David Chen","Science & Mathematics Department"
ACAD-SVIS-2025-125-MATH-MID,SVIS-2025-125,"Ananya Shah",CBSE-11,A,Mathematics,"Mid-Term Exam",61,100,2025-09-22,2025-2026,"Rajesh Kulkarni","Secondary Section (Grades 9-10)"
ACAD-SVIS-2025-125-ENGL-MID,SVIS-2025-125,"Ananya Shah",CBSE-11,A,"English Core","Mid-Term Exam",59,100,2025-09-22,2025-2026,"Sarah Jenkins","Languages & Humanities Department"
ACAD-SVIS-2025-125-COMP-MID,SVIS-2025-125,"Ananya Shah",CBSE-11,A,"Computer Science","Mid-Term Exam",60,100,2025-09-22,2025-2026,"Vikram Patel","Secondary Section (Grades 9-10)"
ACAD-SVIS-2025-125-PHYS-UNI,SVIS-2025-125,"Ananya Shah",CBSE-11,A,Physics,"Unit Test 2",30,50,2025-12-15,2025-2026,"Anita Sharma","Higher Secondary Section (Grades 11-12)"
ACAD-SVIS-2025-125-CHEM-UNI,SVIS-2025-125,"Ananya Shah",CBSE-11,A,Chemistry,"Unit Test 2",33,50,2025-12-15,2025-2026,"David Chen","Science & Mathematics Department"
ACAD-SVIS-2025-125-MATH-UNI,SVIS-2025-125,"Ananya Shah",CBSE-11,A,Mathematics,"Unit Test 2",32,50,2025-12-15,2025-2026,"Rajesh Kulkarni","Secondary Section (Grades 9-10)"
ACAD-SVIS-2025-125-ENGL-UNI,SVIS-2025-125,"Ananya Shah",CBSE-11,A,"English Core","Unit Test 2",32,50,2025-12-15,2025-2026,"Sarah Jenkins","Languages & Humanities Department"
ACAD-SVIS-2025-125-COMP-UNI,SVIS-2025-125,"Ananya Shah",CBSE-11,A,"Computer Science","Unit Test 2",31,50,2025-12-15,2025-2026,"Vikram Patel","Secondary Section (Grades 9-10)"
ACAD-SVIS-2025-125-PHYS-FIN,SVIS-2025-125,"Ananya Shah",CBSE-11,A,Physics,"Final Exam",57,100,2026-03-24,2025-2026,"Anita Sharma","Higher Secondary Section (Grades 11-12)"
ACAD-SVIS-2025-125-CHEM-FIN,SVIS-2025-125,"Ananya Shah",CBSE-11,A,Chemistry,"Final Exam",62,100,2026-03-24,2025-2026,"David Chen","Science & Mathematics Department"
ACAD-SVIS-2025-125-MATH-FIN,SVIS-2025-125,"Ananya Shah",CBSE-11,A,Mathematics,"Final Exam",59,100,2026-03-24,2025-2026,"Rajesh Kulkarni","Secondary Section (Grades 9-10)"
ACAD-SVIS-2025-125-ENGL-FIN,SVIS-2025-125,"Ananya Shah",CBSE-11,A,"English Core","Final Exam",58,100,2026-03-24,2025-2026,"Sarah Jenkins","Languages & Humanities Department"
ACAD-SVIS-2025-125-COMP-FIN,SVIS-2025-125,"Ananya Shah",CBSE-11,A,"Computer Science","Final Exam",62,100,2026-03-24,2025-2026,"Vikram Patel","Secondary Section (Grades 9-10)"
ACAD-SVIS-2025-126-PHYS-UNI,SVIS-2025-126,"Aadhya Patel",CBSE-11,B,Physics,"Unit Test 1",29.5,50,2025-07-18,2025-2026,"Anita Sharma","Higher Secondary Section (Grades 11-12)"
ACAD-SVIS-2025-126-CHEM-UNI,SVIS-2025-126,"Aadhya Patel",CBSE-11,B,Chemistry,"Unit Test 1",32.5,50,2025-07-18,2025-2026,"David Chen","Science & Mathematics Department"
ACAD-SVIS-2025-126-MATH-UNI,SVIS-2025-126,"Aadhya Patel",CBSE-11,B,Mathematics,"Unit Test 1",29.5,50,2025-07-18,2025-2026,"Rajesh Kulkarni","Secondary Section (Grades 9-10)"
ACAD-SVIS-2025-126-ENGL-UNI,SVIS-2025-126,"Aadhya Patel",CBSE-11,B,"English Core","Unit Test 1",27.5,50,2025-07-18,2025-2026,"Sarah Jenkins","Languages & Humanities Department"
ACAD-SVIS-2025-126-COMP-UNI,SVIS-2025-126,"Aadhya Patel",CBSE-11,B,"Computer Science","Unit Test 1",31.5,50,2025-07-18,2025-2026,"Vikram Patel","Secondary Section (Grades 9-10)"
ACAD-SVIS-2025-126-PHYS-MID,SVIS-2025-126,"Aadhya Patel",CBSE-11,B,Physics,"Mid-Term Exam",63,100,2025-09-22,2025-2026,"Anita Sharma","Higher Secondary Section (Grades 11-12)"
ACAD-SVIS-2025-126-CHEM-MID,SVIS-2025-126,"Aadhya Patel",CBSE-11,B,Chemistry,"Mid-Term Exam",64,100,2025-09-22,2025-2026,"David Chen","Science & Mathematics Department"
ACAD-SVIS-2025-126-MATH-MID,SVIS-2025-126,"Aadhya Patel",CBSE-11,B,Mathematics,"Mid-Term Exam",59,100,2025-09-22,2025-2026,"Rajesh Kulkarni","Secondary Section (Grades 9-10)"
ACAD-SVIS-2025-126-ENGL-MID,SVIS-2025-126,"Aadhya Patel",CBSE-11,B,"English Core","Mid-Term Exam",59,100,2025-09-22,2025-2026,"Sarah Jenkins","Languages & Humanities Department"
ACAD-SVIS-2025-126-COMP-MID,SVIS-2025-126,"Aadhya Patel",CBSE-11,B,"Computer Science","Mid-Term Exam",59,100,2025-09-22,2025-2026,"Vikram Patel","Secondary Section (Grades 9-10)"
ACAD-SVIS-2025-126-PHYS-UNI,SVIS-2025-126,"Aadhya Patel",CBSE-11,B,Physics,"Unit Test 2",29.5,50,2025-12-15,2025-2026,"Anita Sharma","Higher Secondary Section (Grades 11-12)"
ACAD-SVIS-2025-126-CHEM-UNI,SVIS-2025-126,"Aadhya Patel",CBSE-11,B,Chemistry,"Unit Test 2",32.5,50,2025-12-15,2025-2026,"David Chen","Science & Mathematics Department"
ACAD-SVIS-2025-126-MATH-UNI,SVIS-2025-126,"Aadhya Patel",CBSE-11,B,Mathematics,"Unit Test 2",29.5,50,2025-12-15,2025-2026,"Rajesh Kulkarni","Secondary Section (Grades 9-10)"
ACAD-SVIS-2025-126-ENGL-UNI,SVIS-2025-126,"Aadhya Patel",CBSE-11,B,"English Core","Unit Test 2",27.5,50,2025-12-15,2025-2026,"Sarah Jenkins","Languages & Humanities Department"
ACAD-SVIS-2025-126-COMP-UNI,SVIS-2025-126,"Aadhya Patel",CBSE-11,B,"Computer Science","Unit Test 2",31.5,50,2025-12-15,2025-2026,"Vikram Patel","Secondary Section (Grades 9-10)"
ACAD-SVIS-2025-126-PHYS-FIN,SVIS-2025-126,"Aadhya Patel",CBSE-11,B,Physics,"Final Exam",63,100,2026-03-24,2025-2026,"Anita Sharma","Higher Secondary Section (Grades 11-12)"
ACAD-SVIS-2025-126-CHEM-FIN,SVIS-2025-126,"Aadhya Patel",CBSE-11,B,Chemistry,"Final Exam",61,100,2026-03-24,2025-2026,"David Chen","Science & Mathematics Department"
ACAD-SVIS-2025-126-MATH-FIN,SVIS-2025-126,"Aadhya Patel",CBSE-11,B,Mathematics,"Final Exam",63,100,2026-03-24,2025-2026,"Rajesh Kulkarni","Secondary Section (Grades 9-10)"
ACAD-SVIS-2025-126-ENGL-FIN,SVIS-2025-126,"Aadhya Patel",CBSE-11,B,"English Core","Final Exam",63,100,2026-03-24,2025-2026,"Sarah Jenkins","Languages & Humanities Department"
ACAD-SVIS-2025-126-COMP-FIN,SVIS-2025-126,"Aadhya Patel",CBSE-11,B,"Computer Science","Final Exam",63,100,2026-03-24,2025-2026,"Vikram Patel","Secondary Section (Grades 9-10)"
ACAD-SVIS-2025-127-PHYS-UNI,SVIS-2025-127,"Saanvi Kulkarni",CBSE-11,A,Physics,"Unit Test 1",34,50,2025-07-18,2025-2026,"Anita Sharma","Higher Secondary Section (Grades 11-12)"
ACAD-SVIS-2025-127-CHEM-UNI,SVIS-2025-127,"Saanvi Kulkarni",CBSE-11,A,Chemistry,"Unit Test 1",30,50,2025-07-18,2025-2026,"David Chen","Science & Mathematics Department"
ACAD-SVIS-2025-127-MATH-UNI,SVIS-2025-127,"Saanvi Kulkarni",CBSE-11,A,Mathematics,"Unit Test 1",34,50,2025-07-18,2025-2026,"Rajesh Kulkarni","Secondary Section (Grades 9-10)"
ACAD-SVIS-2025-127-ENGL-UNI,SVIS-2025-127,"Saanvi Kulkarni",CBSE-11,A,"English Core","Unit Test 1",29,50,2025-07-18,2025-2026,"Sarah Jenkins","Languages & Humanities Department"
ACAD-SVIS-2025-127-COMP-UNI,SVIS-2025-127,"Saanvi Kulkarni",CBSE-11,A,"Computer Science","Unit Test 1",31,50,2025-07-18,2025-2026,"Vikram Patel","Secondary Section (Grades 9-10)"
ACAD-SVIS-2025-127-PHYS-MID,SVIS-2025-127,"Saanvi Kulkarni",CBSE-11,A,Physics,"Mid-Term Exam",62,100,2025-09-22,2025-2026,"Anita Sharma","Higher Secondary Section (Grades 11-12)"
ACAD-SVIS-2025-127-CHEM-MID,SVIS-2025-127,"Saanvi Kulkarni",CBSE-11,A,Chemistry,"Mid-Term Exam",62,100,2025-09-22,2025-2026,"David Chen","Science & Mathematics Department"
ACAD-SVIS-2025-127-MATH-MID,SVIS-2025-127,"Saanvi Kulkarni",CBSE-11,A,Mathematics,"Mid-Term Exam",62,100,2025-09-22,2025-2026,"Rajesh Kulkarni","Secondary Section (Grades 9-10)"
ACAD-SVIS-2025-127-ENGL-MID,SVIS-2025-127,"Saanvi Kulkarni",CBSE-11,A,"English Core","Mid-Term Exam",63,100,2025-09-22,2025-2026,"Sarah Jenkins","Languages & Humanities Department"
ACAD-SVIS-2025-127-COMP-MID,SVIS-2025-127,"Saanvi Kulkarni",CBSE-11,A,"Computer Science","Mid-Term Exam",65,100,2025-09-22,2025-2026,"Vikram Patel","Secondary Section (Grades 9-10)"
ACAD-SVIS-2025-127-PHYS-UNI,SVIS-2025-127,"Saanvi Kulkarni",CBSE-11,A,Physics,"Unit Test 2",34,50,2025-12-15,2025-2026,"Anita Sharma","Higher Secondary Section (Grades 11-12)"
ACAD-SVIS-2025-127-CHEM-UNI,SVIS-2025-127,"Saanvi Kulkarni",CBSE-11,A,Chemistry,"Unit Test 2",30,50,2025-12-15,2025-2026,"David Chen","Science & Mathematics Department"
ACAD-SVIS-2025-127-MATH-UNI,SVIS-2025-127,"Saanvi Kulkarni",CBSE-11,A,Mathematics,"Unit Test 2",34,50,2025-12-15,2025-2026,"Rajesh Kulkarni","Secondary Section (Grades 9-10)"
ACAD-SVIS-2025-127-ENGL-UNI,SVIS-2025-127,"Saanvi Kulkarni",CBSE-11,A,"English Core","Unit Test 2",29,50,2025-12-15,2025-2026,"Sarah Jenkins","Languages & Humanities Department"
ACAD-SVIS-2025-127-COMP-UNI,SVIS-2025-127,"Saanvi Kulkarni",CBSE-11,A,"Computer Science","Unit Test 2",31,50,2025-12-15,2025-2026,"Vikram Patel","Secondary Section (Grades 9-10)"
ACAD-SVIS-2025-127-PHYS-FIN,SVIS-2025-127,"Saanvi Kulkarni",CBSE-11,A,Physics,"Final Exam",59,100,2026-03-24,2025-2026,"Anita Sharma","Higher Secondary Section (Grades 11-12)"
ACAD-SVIS-2025-127-CHEM-FIN,SVIS-2025-127,"Saanvi Kulkarni",CBSE-11,A,Chemistry,"Final Exam",61,100,2026-03-24,2025-2026,"David Chen","Science & Mathematics Department"
ACAD-SVIS-2025-127-MATH-FIN,SVIS-2025-127,"Saanvi Kulkarni",CBSE-11,A,Mathematics,"Final Exam",64,100,2026-03-24,2025-2026,"Rajesh Kulkarni","Secondary Section (Grades 9-10)"
ACAD-SVIS-2025-127-ENGL-FIN,SVIS-2025-127,"Saanvi Kulkarni",CBSE-11,A,"English Core","Final Exam",63,100,2026-03-24,2025-2026,"Sarah Jenkins","Languages & Humanities Department"
ACAD-SVIS-2025-127-COMP-FIN,SVIS-2025-127,"Saanvi Kulkarni",CBSE-11,A,"Computer Science","Final Exam",61,100,2026-03-24,2025-2026,"Vikram Patel","Secondary Section (Grades 9-10)"
ACAD-SVIS-2025-128-PHYS-UNI,SVIS-2025-128,"Ira Mukherjee",CBSE-11,B,Physics,"Unit Test 1",33.5,50,2025-07-18,2025-2026,"Anita Sharma","Higher Secondary Section (Grades 11-12)"
ACAD-SVIS-2025-128-CHEM-UNI,SVIS-2025-128,"Ira Mukherjee",CBSE-11,B,Chemistry,"Unit Test 1",29.5,50,2025-07-18,2025-2026,"David Chen","Science & Mathematics Department"
ACAD-SVIS-2025-128-MATH-UNI,SVIS-2025-128,"Ira Mukherjee",CBSE-11,B,Mathematics,"Unit Test 1",28.5,50,2025-07-18,2025-2026,"Rajesh Kulkarni","Secondary Section (Grades 9-10)"
ACAD-SVIS-2025-128-ENGL-UNI,SVIS-2025-128,"Ira Mukherjee",CBSE-11,B,"English Core","Unit Test 1",34.5,50,2025-07-18,2025-2026,"Sarah Jenkins","Languages & Humanities Department"
ACAD-SVIS-2025-128-COMP-UNI,SVIS-2025-128,"Ira Mukherjee",CBSE-11,B,"Computer Science","Unit Test 1",28.5,50,2025-07-18,2025-2026,"Vikram Patel","Secondary Section (Grades 9-10)"
ACAD-SVIS-2025-128-PHYS-MID,SVIS-2025-128,"Ira Mukherjee",CBSE-11,B,Physics,"Mid-Term Exam",64,100,2025-09-22,2025-2026,"Anita Sharma","Higher Secondary Section (Grades 11-12)"
ACAD-SVIS-2025-128-CHEM-MID,SVIS-2025-128,"Ira Mukherjee",CBSE-11,B,Chemistry,"Mid-Term Exam",63,100,2025-09-22,2025-2026,"David Chen","Science & Mathematics Department"
ACAD-SVIS-2025-128-MATH-MID,SVIS-2025-128,"Ira Mukherjee",CBSE-11,B,Mathematics,"Mid-Term Exam",66,100,2025-09-22,2025-2026,"Rajesh Kulkarni","Secondary Section (Grades 9-10)"
ACAD-SVIS-2025-128-ENGL-MID,SVIS-2025-128,"Ira Mukherjee",CBSE-11,B,"English Core","Mid-Term Exam",62,100,2025-09-22,2025-2026,"Sarah Jenkins","Languages & Humanities Department"
ACAD-SVIS-2025-128-COMP-MID,SVIS-2025-128,"Ira Mukherjee",CBSE-11,B,"Computer Science","Mid-Term Exam",60,100,2025-09-22,2025-2026,"Vikram Patel","Secondary Section (Grades 9-10)"
ACAD-SVIS-2025-128-PHYS-UNI,SVIS-2025-128,"Ira Mukherjee",CBSE-11,B,Physics,"Unit Test 2",33.5,50,2025-12-15,2025-2026,"Anita Sharma","Higher Secondary Section (Grades 11-12)"
ACAD-SVIS-2025-128-CHEM-UNI,SVIS-2025-128,"Ira Mukherjee",CBSE-11,B,Chemistry,"Unit Test 2",29.5,50,2025-12-15,2025-2026,"David Chen","Science & Mathematics Department"
ACAD-SVIS-2025-128-MATH-UNI,SVIS-2025-128,"Ira Mukherjee",CBSE-11,B,Mathematics,"Unit Test 2",28.5,50,2025-12-15,2025-2026,"Rajesh Kulkarni","Secondary Section (Grades 9-10)"
ACAD-SVIS-2025-128-ENGL-UNI,SVIS-2025-128,"Ira Mukherjee",CBSE-11,B,"English Core","Unit Test 2",34.5,50,2025-12-15,2025-2026,"Sarah Jenkins","Languages & Humanities Department"
ACAD-SVIS-2025-128-COMP-UNI,SVIS-2025-128,"Ira Mukherjee",CBSE-11,B,"Computer Science","Unit Test 2",28.5,50,2025-12-15,2025-2026,"Vikram Patel","Secondary Section (Grades 9-10)"
ACAD-SVIS-2025-128-PHYS-FIN,SVIS-2025-128,"Ira Mukherjee",CBSE-11,B,Physics,"Final Exam",64,100,2026-03-24,2025-2026,"Anita Sharma","Higher Secondary Section (Grades 11-12)"
ACAD-SVIS-2025-128-CHEM-FIN,SVIS-2025-128,"Ira Mukherjee",CBSE-11,B,Chemistry,"Final Exam",61,100,2026-03-24,2025-2026,"David Chen","Science & Mathematics Department"
ACAD-SVIS-2025-128-MATH-FIN,SVIS-2025-128,"Ira Mukherjee",CBSE-11,B,Mathematics,"Final Exam",60,100,2026-03-24,2025-2026,"Rajesh Kulkarni","Secondary Section (Grades 9-10)"
ACAD-SVIS-2025-128-ENGL-FIN,SVIS-2025-128,"Ira Mukherjee",CBSE-11,B,"English Core","Final Exam",63,100,2026-03-24,2025-2026,"Sarah Jenkins","Languages & Humanities Department"
ACAD-SVIS-2025-128-COMP-FIN,SVIS-2025-128,"Ira Mukherjee",CBSE-11,B,"Computer Science","Final Exam",63,100,2026-03-24,2025-2026,"Vikram Patel","Secondary Section (Grades 9-10)"
ACAD-SVIS-2025-129-PHYS-UNI,SVIS-2025-129,"Kavya Reddy",CBSE-11,A,Physics,"Unit Test 1",30,50,2025-07-18,2025-2026,"Anita Sharma","Higher Secondary Section (Grades 11-12)"
ACAD-SVIS-2025-129-CHEM-UNI,SVIS-2025-129,"Kavya Reddy",CBSE-11,A,Chemistry,"Unit Test 1",30,50,2025-07-18,2025-2026,"David Chen","Science & Mathematics Department"
ACAD-SVIS-2025-129-MATH-UNI,SVIS-2025-129,"Kavya Reddy",CBSE-11,A,Mathematics,"Unit Test 1",29,50,2025-07-18,2025-2026,"Rajesh Kulkarni","Secondary Section (Grades 9-10)"
ACAD-SVIS-2025-129-ENGL-UNI,SVIS-2025-129,"Kavya Reddy",CBSE-11,A,"English Core","Unit Test 1",32,50,2025-07-18,2025-2026,"Sarah Jenkins","Languages & Humanities Department"
ACAD-SVIS-2025-129-COMP-UNI,SVIS-2025-129,"Kavya Reddy",CBSE-11,A,"Computer Science","Unit Test 1",33,50,2025-07-18,2025-2026,"Vikram Patel","Secondary Section (Grades 9-10)"
ACAD-SVIS-2025-129-PHYS-MID,SVIS-2025-129,"Kavya Reddy",CBSE-11,A,Physics,"Mid-Term Exam",66,100,2025-09-22,2025-2026,"Anita Sharma","Higher Secondary Section (Grades 11-12)"
ACAD-SVIS-2025-129-CHEM-MID,SVIS-2025-129,"Kavya Reddy",CBSE-11,A,Chemistry,"Mid-Term Exam",61,100,2025-09-22,2025-2026,"David Chen","Science & Mathematics Department"
ACAD-SVIS-2025-129-MATH-MID,SVIS-2025-129,"Kavya Reddy",CBSE-11,A,Mathematics,"Mid-Term Exam",62,100,2025-09-22,2025-2026,"Rajesh Kulkarni","Secondary Section (Grades 9-10)"
ACAD-SVIS-2025-129-ENGL-MID,SVIS-2025-129,"Kavya Reddy",CBSE-11,A,"English Core","Mid-Term Exam",61,100,2025-09-22,2025-2026,"Sarah Jenkins","Languages & Humanities Department"
ACAD-SVIS-2025-129-COMP-MID,SVIS-2025-129,"Kavya Reddy",CBSE-11,A,"Computer Science","Mid-Term Exam",62,100,2025-09-22,2025-2026,"Vikram Patel","Secondary Section (Grades 9-10)"
ACAD-SVIS-2025-129-PHYS-UNI,SVIS-2025-129,"Kavya Reddy",CBSE-11,A,Physics,"Unit Test 2",30,50,2025-12-15,2025-2026,"Anita Sharma","Higher Secondary Section (Grades 11-12)"
ACAD-SVIS-2025-129-CHEM-UNI,SVIS-2025-129,"Kavya Reddy",CBSE-11,A,Chemistry,"Unit Test 2",30,50,2025-12-15,2025-2026,"David Chen","Science & Mathematics Department"
ACAD-SVIS-2025-129-MATH-UNI,SVIS-2025-129,"Kavya Reddy",CBSE-11,A,Mathematics,"Unit Test 2",29,50,2025-12-15,2025-2026,"Rajesh Kulkarni","Secondary Section (Grades 9-10)"
ACAD-SVIS-2025-129-ENGL-UNI,SVIS-2025-129,"Kavya Reddy",CBSE-11,A,"English Core","Unit Test 2",32,50,2025-12-15,2025-2026,"Sarah Jenkins","Languages & Humanities Department"
ACAD-SVIS-2025-129-COMP-UNI,SVIS-2025-129,"Kavya Reddy",CBSE-11,A,"Computer Science","Unit Test 2",33,50,2025-12-15,2025-2026,"Vikram Patel","Secondary Section (Grades 9-10)"
ACAD-SVIS-2025-129-PHYS-FIN,SVIS-2025-129,"Kavya Reddy",CBSE-11,A,Physics,"Final Exam",67,100,2026-03-24,2025-2026,"Anita Sharma","Higher Secondary Section (Grades 11-12)"
ACAD-SVIS-2025-129-CHEM-FIN,SVIS-2025-129,"Kavya Reddy",CBSE-11,A,Chemistry,"Final Exam",62,100,2026-03-24,2025-2026,"David Chen","Science & Mathematics Department"
ACAD-SVIS-2025-129-MATH-FIN,SVIS-2025-129,"Kavya Reddy",CBSE-11,A,Mathematics,"Final Exam",64,100,2026-03-24,2025-2026,"Rajesh Kulkarni","Secondary Section (Grades 9-10)"
ACAD-SVIS-2025-129-ENGL-FIN,SVIS-2025-129,"Kavya Reddy",CBSE-11,A,"English Core","Final Exam",67,100,2026-03-24,2025-2026,"Sarah Jenkins","Languages & Humanities Department"
ACAD-SVIS-2025-129-COMP-FIN,SVIS-2025-129,"Kavya Reddy",CBSE-11,A,"Computer Science","Final Exam",64,100,2026-03-24,2025-2026,"Vikram Patel","Secondary Section (Grades 9-10)"
ACAD-SVIS-2025-130-PHYS-UNI,SVIS-2025-130,"Aarav Joshi",CBSE-11,B,Physics,"Unit Test 1",33.5,50,2025-07-18,2025-2026,"Anita Sharma","Higher Secondary Section (Grades 11-12)"
ACAD-SVIS-2025-130-CHEM-UNI,SVIS-2025-130,"Aarav Joshi",CBSE-11,B,Chemistry,"Unit Test 1",31.5,50,2025-07-18,2025-2026,"David Chen","Science & Mathematics Department"
ACAD-SVIS-2025-130-MATH-UNI,SVIS-2025-130,"Aarav Joshi",CBSE-11,B,Mathematics,"Unit Test 1",35.5,50,2025-07-18,2025-2026,"Rajesh Kulkarni","Secondary Section (Grades 9-10)"
ACAD-SVIS-2025-130-ENGL-UNI,SVIS-2025-130,"Aarav Joshi",CBSE-11,B,"English Core","Unit Test 1",35.5,50,2025-07-18,2025-2026,"Sarah Jenkins","Languages & Humanities Department"
ACAD-SVIS-2025-130-COMP-UNI,SVIS-2025-130,"Aarav Joshi",CBSE-11,B,"Computer Science","Unit Test 1",33.5,50,2025-07-18,2025-2026,"Vikram Patel","Secondary Section (Grades 9-10)"
ACAD-SVIS-2025-130-PHYS-MID,SVIS-2025-130,"Aarav Joshi",CBSE-11,B,Physics,"Mid-Term Exam",68,100,2025-09-22,2025-2026,"Anita Sharma","Higher Secondary Section (Grades 11-12)"
ACAD-SVIS-2025-130-CHEM-MID,SVIS-2025-130,"Aarav Joshi",CBSE-11,B,Chemistry,"Mid-Term Exam",66,100,2025-09-22,2025-2026,"David Chen","Science & Mathematics Department"
ACAD-SVIS-2025-130-MATH-MID,SVIS-2025-130,"Aarav Joshi",CBSE-11,B,Mathematics,"Mid-Term Exam",64,100,2025-09-22,2025-2026,"Rajesh Kulkarni","Secondary Section (Grades 9-10)"
ACAD-SVIS-2025-130-ENGL-MID,SVIS-2025-130,"Aarav Joshi",CBSE-11,B,"English Core","Mid-Term Exam",62,100,2025-09-22,2025-2026,"Sarah Jenkins","Languages & Humanities Department"
ACAD-SVIS-2025-130-COMP-MID,SVIS-2025-130,"Aarav Joshi",CBSE-11,B,"Computer Science","Mid-Term Exam",63,100,2025-09-22,2025-2026,"Vikram Patel","Secondary Section (Grades 9-10)"
ACAD-SVIS-2025-130-PHYS-UNI,SVIS-2025-130,"Aarav Joshi",CBSE-11,B,Physics,"Unit Test 2",33.5,50,2025-12-15,2025-2026,"Anita Sharma","Higher Secondary Section (Grades 11-12)"
ACAD-SVIS-2025-130-CHEM-UNI,SVIS-2025-130,"Aarav Joshi",CBSE-11,B,Chemistry,"Unit Test 2",31.5,50,2025-12-15,2025-2026,"David Chen","Science & Mathematics Department"
ACAD-SVIS-2025-130-MATH-UNI,SVIS-2025-130,"Aarav Joshi",CBSE-11,B,Mathematics,"Unit Test 2",35.5,50,2025-12-15,2025-2026,"Rajesh Kulkarni","Secondary Section (Grades 9-10)"
ACAD-SVIS-2025-130-ENGL-UNI,SVIS-2025-130,"Aarav Joshi",CBSE-11,B,"English Core","Unit Test 2",35.5,50,2025-12-15,2025-2026,"Sarah Jenkins","Languages & Humanities Department"
ACAD-SVIS-2025-130-COMP-UNI,SVIS-2025-130,"Aarav Joshi",CBSE-11,B,"Computer Science","Unit Test 2",33.5,50,2025-12-15,2025-2026,"Vikram Patel","Secondary Section (Grades 9-10)"
ACAD-SVIS-2025-130-PHYS-FIN,SVIS-2025-130,"Aarav Joshi",CBSE-11,B,Physics,"Final Exam",66,100,2026-03-24,2025-2026,"Anita Sharma","Higher Secondary Section (Grades 11-12)"
ACAD-SVIS-2025-130-CHEM-FIN,SVIS-2025-130,"Aarav Joshi",CBSE-11,B,Chemistry,"Final Exam",66,100,2026-03-24,2025-2026,"David Chen","Science & Mathematics Department"
ACAD-SVIS-2025-130-MATH-FIN,SVIS-2025-130,"Aarav Joshi",CBSE-11,B,Mathematics,"Final Exam",63,100,2026-03-24,2025-2026,"Rajesh Kulkarni","Secondary Section (Grades 9-10)"
ACAD-SVIS-2025-130-ENGL-FIN,SVIS-2025-130,"Aarav Joshi",CBSE-11,B,"English Core","Final Exam",62,100,2026-03-24,2025-2026,"Sarah Jenkins","Languages & Humanities Department"
ACAD-SVIS-2025-130-COMP-FIN,SVIS-2025-130,"Aarav Joshi",CBSE-11,B,"Computer Science","Final Exam",63,100,2026-03-24,2025-2026,"Vikram Patel","Secondary Section (Grades 9-10)"
ACAD-SVIS-2025-131-PHYS-UNI,SVIS-2025-131,"Vihaan Banerjee",CBSE-12,A,Physics,"Unit Test 1",34,50,2025-07-18,2025-2026,"Anita Sharma","Higher Secondary Section (Grades 11-12)"
ACAD-SVIS-2025-131-CHEM-UNI,SVIS-2025-131,"Vihaan Banerjee",CBSE-12,A,Chemistry,"Unit Test 1",35,50,2025-07-18,2025-2026,"David Chen","Science & Mathematics Department"
ACAD-SVIS-2025-131-MATH-UNI,SVIS-2025-131,"Vihaan Banerjee",CBSE-12,A,Mathematics,"Unit Test 1",35,50,2025-07-18,2025-2026,"Rajesh Kulkarni","Secondary Section (Grades 9-10)"
ACAD-SVIS-2025-131-ENGL-UNI,SVIS-2025-131,"Vihaan Banerjee",CBSE-12,A,"English Core","Unit Test 1",34,50,2025-07-18,2025-2026,"Sarah Jenkins","Languages & Humanities Department"
ACAD-SVIS-2025-131-COMP-UNI,SVIS-2025-131,"Vihaan Banerjee",CBSE-12,A,"Computer Science","Unit Test 1",31,50,2025-07-18,2025-2026,"Vikram Patel","Secondary Section (Grades 9-10)"
ACAD-SVIS-2025-131-PHYS-MID,SVIS-2025-131,"Vihaan Banerjee",CBSE-12,A,Physics,"Mid-Term Exam",64,100,2025-09-22,2025-2026,"Anita Sharma","Higher Secondary Section (Grades 11-12)"
ACAD-SVIS-2025-131-CHEM-MID,SVIS-2025-131,"Vihaan Banerjee",CBSE-12,A,Chemistry,"Mid-Term Exam",69,100,2025-09-22,2025-2026,"David Chen","Science & Mathematics Department"
ACAD-SVIS-2025-131-MATH-MID,SVIS-2025-131,"Vihaan Banerjee",CBSE-12,A,Mathematics,"Mid-Term Exam",67,100,2025-09-22,2025-2026,"Rajesh Kulkarni","Secondary Section (Grades 9-10)"
ACAD-SVIS-2025-131-ENGL-MID,SVIS-2025-131,"Vihaan Banerjee",CBSE-12,A,"English Core","Mid-Term Exam",64,100,2025-09-22,2025-2026,"Sarah Jenkins","Languages & Humanities Department"
ACAD-SVIS-2025-131-COMP-MID,SVIS-2025-131,"Vihaan Banerjee",CBSE-12,A,"Computer Science","Mid-Term Exam",66,100,2025-09-22,2025-2026,"Vikram Patel","Secondary Section (Grades 9-10)"
ACAD-SVIS-2025-131-PHYS-UNI,SVIS-2025-131,"Vihaan Banerjee",CBSE-12,A,Physics,"Unit Test 2",34,50,2025-12-15,2025-2026,"Anita Sharma","Higher Secondary Section (Grades 11-12)"
ACAD-SVIS-2025-131-CHEM-UNI,SVIS-2025-131,"Vihaan Banerjee",CBSE-12,A,Chemistry,"Unit Test 2",35,50,2025-12-15,2025-2026,"David Chen","Science & Mathematics Department"
ACAD-SVIS-2025-131-MATH-UNI,SVIS-2025-131,"Vihaan Banerjee",CBSE-12,A,Mathematics,"Unit Test 2",35,50,2025-12-15,2025-2026,"Rajesh Kulkarni","Secondary Section (Grades 9-10)"
ACAD-SVIS-2025-131-ENGL-UNI,SVIS-2025-131,"Vihaan Banerjee",CBSE-12,A,"English Core","Unit Test 2",34,50,2025-12-15,2025-2026,"Sarah Jenkins","Languages & Humanities Department"
ACAD-SVIS-2025-131-COMP-UNI,SVIS-2025-131,"Vihaan Banerjee",CBSE-12,A,"Computer Science","Unit Test 2",31,50,2025-12-15,2025-2026,"Vikram Patel","Secondary Section (Grades 9-10)"
ACAD-SVIS-2025-131-PHYS-FIN,SVIS-2025-131,"Vihaan Banerjee",CBSE-12,A,Physics,"Final Exam",66,100,2026-03-24,2025-2026,"Anita Sharma","Higher Secondary Section (Grades 11-12)"
ACAD-SVIS-2025-131-CHEM-FIN,SVIS-2025-131,"Vihaan Banerjee",CBSE-12,A,Chemistry,"Final Exam",69,100,2026-03-24,2025-2026,"David Chen","Science & Mathematics Department"
ACAD-SVIS-2025-131-MATH-FIN,SVIS-2025-131,"Vihaan Banerjee",CBSE-12,A,Mathematics,"Final Exam",65,100,2026-03-24,2025-2026,"Rajesh Kulkarni","Secondary Section (Grades 9-10)"
ACAD-SVIS-2025-131-ENGL-FIN,SVIS-2025-131,"Vihaan Banerjee",CBSE-12,A,"English Core","Final Exam",63,100,2026-03-24,2025-2026,"Sarah Jenkins","Languages & Humanities Department"
ACAD-SVIS-2025-131-COMP-FIN,SVIS-2025-131,"Vihaan Banerjee",CBSE-12,A,"Computer Science","Final Exam",63,100,2026-03-24,2025-2026,"Vikram Patel","Secondary Section (Grades 9-10)"
ACAD-SVIS-2025-132-PHYS-UNI,SVIS-2025-132,"Reyansh Nair",CBSE-12,B,Physics,"Unit Test 1",30.5,50,2025-07-18,2025-2026,"Anita Sharma","Higher Secondary Section (Grades 11-12)"
ACAD-SVIS-2025-132-CHEM-UNI,SVIS-2025-132,"Reyansh Nair",CBSE-12,B,Chemistry,"Unit Test 1",33.5,50,2025-07-18,2025-2026,"David Chen","Science & Mathematics Department"
ACAD-SVIS-2025-132-MATH-UNI,SVIS-2025-132,"Reyansh Nair",CBSE-12,B,Mathematics,"Unit Test 1",33.5,50,2025-07-18,2025-2026,"Rajesh Kulkarni","Secondary Section (Grades 9-10)"
ACAD-SVIS-2025-132-ENGL-UNI,SVIS-2025-132,"Reyansh Nair",CBSE-12,B,"English Core","Unit Test 1",36.5,50,2025-07-18,2025-2026,"Sarah Jenkins","Languages & Humanities Department"
ACAD-SVIS-2025-132-COMP-UNI,SVIS-2025-132,"Reyansh Nair",CBSE-12,B,"Computer Science","Unit Test 1",30.5,50,2025-07-18,2025-2026,"Vikram Patel","Secondary Section (Grades 9-10)"
ACAD-SVIS-2025-132-PHYS-MID,SVIS-2025-132,"Reyansh Nair",CBSE-12,B,Physics,"Mid-Term Exam",67,100,2025-09-22,2025-2026,"Anita Sharma","Higher Secondary Section (Grades 11-12)"
ACAD-SVIS-2025-132-CHEM-MID,SVIS-2025-132,"Reyansh Nair",CBSE-12,B,Chemistry,"Mid-Term Exam",70,100,2025-09-22,2025-2026,"David Chen","Science & Mathematics Department"
ACAD-SVIS-2025-132-MATH-MID,SVIS-2025-132,"Reyansh Nair",CBSE-12,B,Mathematics,"Mid-Term Exam",65,100,2025-09-22,2025-2026,"Rajesh Kulkarni","Secondary Section (Grades 9-10)"
ACAD-SVIS-2025-132-ENGL-MID,SVIS-2025-132,"Reyansh Nair",CBSE-12,B,"English Core","Mid-Term Exam",70,100,2025-09-22,2025-2026,"Sarah Jenkins","Languages & Humanities Department"
ACAD-SVIS-2025-132-COMP-MID,SVIS-2025-132,"Reyansh Nair",CBSE-12,B,"Computer Science","Mid-Term Exam",64,100,2025-09-22,2025-2026,"Vikram Patel","Secondary Section (Grades 9-10)"
ACAD-SVIS-2025-132-PHYS-UNI,SVIS-2025-132,"Reyansh Nair",CBSE-12,B,Physics,"Unit Test 2",30.5,50,2025-12-15,2025-2026,"Anita Sharma","Higher Secondary Section (Grades 11-12)"
ACAD-SVIS-2025-132-CHEM-UNI,SVIS-2025-132,"Reyansh Nair",CBSE-12,B,Chemistry,"Unit Test 2",33.5,50,2025-12-15,2025-2026,"David Chen","Science & Mathematics Department"
ACAD-SVIS-2025-132-MATH-UNI,SVIS-2025-132,"Reyansh Nair",CBSE-12,B,Mathematics,"Unit Test 2",33.5,50,2025-12-15,2025-2026,"Rajesh Kulkarni","Secondary Section (Grades 9-10)"
ACAD-SVIS-2025-132-ENGL-UNI,SVIS-2025-132,"Reyansh Nair",CBSE-12,B,"English Core","Unit Test 2",36.5,50,2025-12-15,2025-2026,"Sarah Jenkins","Languages & Humanities Department"
ACAD-SVIS-2025-132-COMP-UNI,SVIS-2025-132,"Reyansh Nair",CBSE-12,B,"Computer Science","Unit Test 2",30.5,50,2025-12-15,2025-2026,"Vikram Patel","Secondary Section (Grades 9-10)"
ACAD-SVIS-2025-132-PHYS-FIN,SVIS-2025-132,"Reyansh Nair",CBSE-12,B,Physics,"Final Exam",66,100,2026-03-24,2025-2026,"Anita Sharma","Higher Secondary Section (Grades 11-12)"
ACAD-SVIS-2025-132-CHEM-FIN,SVIS-2025-132,"Reyansh Nair",CBSE-12,B,Chemistry,"Final Exam",69,100,2026-03-24,2025-2026,"David Chen","Science & Mathematics Department"
ACAD-SVIS-2025-132-MATH-FIN,SVIS-2025-132,"Reyansh Nair",CBSE-12,B,Mathematics,"Final Exam",66,100,2026-03-24,2025-2026,"Rajesh Kulkarni","Secondary Section (Grades 9-10)"
ACAD-SVIS-2025-132-ENGL-FIN,SVIS-2025-132,"Reyansh Nair",CBSE-12,B,"English Core","Final Exam",65,100,2026-03-24,2025-2026,"Sarah Jenkins","Languages & Humanities Department"
ACAD-SVIS-2025-132-COMP-FIN,SVIS-2025-132,"Reyansh Nair",CBSE-12,B,"Computer Science","Final Exam",64,100,2026-03-24,2025-2026,"Vikram Patel","Secondary Section (Grades 9-10)"
ACAD-SVIS-2025-133-PHYS-UNI,SVIS-2025-133,"Ishaan Bhat",CBSE-12,A,Physics,"Unit Test 1",34,50,2025-07-18,2025-2026,"Anita Sharma","Higher Secondary Section (Grades 11-12)"
ACAD-SVIS-2025-133-CHEM-UNI,SVIS-2025-133,"Ishaan Bhat",CBSE-12,A,Chemistry,"Unit Test 1",35,50,2025-07-18,2025-2026,"David Chen","Science & Mathematics Department"
ACAD-SVIS-2025-133-MATH-UNI,SVIS-2025-133,"Ishaan Bhat",CBSE-12,A,Mathematics,"Unit Test 1",33,50,2025-07-18,2025-2026,"Rajesh Kulkarni","Secondary Section (Grades 9-10)"
ACAD-SVIS-2025-133-ENGL-UNI,SVIS-2025-133,"Ishaan Bhat",CBSE-12,A,"English Core","Unit Test 1",36,50,2025-07-18,2025-2026,"Sarah Jenkins","Languages & Humanities Department"
ACAD-SVIS-2025-133-COMP-UNI,SVIS-2025-133,"Ishaan Bhat",CBSE-12,A,"Computer Science","Unit Test 1",37,50,2025-07-18,2025-2026,"Vikram Patel","Secondary Section (Grades 9-10)"
ACAD-SVIS-2025-133-PHYS-MID,SVIS-2025-133,"Ishaan Bhat",CBSE-12,A,Physics,"Mid-Term Exam",65,100,2025-09-22,2025-2026,"Anita Sharma","Higher Secondary Section (Grades 11-12)"
ACAD-SVIS-2025-133-CHEM-MID,SVIS-2025-133,"Ishaan Bhat",CBSE-12,A,Chemistry,"Mid-Term Exam",71,100,2025-09-22,2025-2026,"David Chen","Science & Mathematics Department"
ACAD-SVIS-2025-133-MATH-MID,SVIS-2025-133,"Ishaan Bhat",CBSE-12,A,Mathematics,"Mid-Term Exam",66,100,2025-09-22,2025-2026,"Rajesh Kulkarni","Secondary Section (Grades 9-10)"
ACAD-SVIS-2025-133-ENGL-MID,SVIS-2025-133,"Ishaan Bhat",CBSE-12,A,"English Core","Mid-Term Exam",66,100,2025-09-22,2025-2026,"Sarah Jenkins","Languages & Humanities Department"
ACAD-SVIS-2025-133-COMP-MID,SVIS-2025-133,"Ishaan Bhat",CBSE-12,A,"Computer Science","Mid-Term Exam",71,100,2025-09-22,2025-2026,"Vikram Patel","Secondary Section (Grades 9-10)"
ACAD-SVIS-2025-133-PHYS-UNI,SVIS-2025-133,"Ishaan Bhat",CBSE-12,A,Physics,"Unit Test 2",34,50,2025-12-15,2025-2026,"Anita Sharma","Higher Secondary Section (Grades 11-12)"
ACAD-SVIS-2025-133-CHEM-UNI,SVIS-2025-133,"Ishaan Bhat",CBSE-12,A,Chemistry,"Unit Test 2",35,50,2025-12-15,2025-2026,"David Chen","Science & Mathematics Department"
ACAD-SVIS-2025-133-MATH-UNI,SVIS-2025-133,"Ishaan Bhat",CBSE-12,A,Mathematics,"Unit Test 2",33,50,2025-12-15,2025-2026,"Rajesh Kulkarni","Secondary Section (Grades 9-10)"
ACAD-SVIS-2025-133-ENGL-UNI,SVIS-2025-133,"Ishaan Bhat",CBSE-12,A,"English Core","Unit Test 2",36,50,2025-12-15,2025-2026,"Sarah Jenkins","Languages & Humanities Department"
ACAD-SVIS-2025-133-COMP-UNI,SVIS-2025-133,"Ishaan Bhat",CBSE-12,A,"Computer Science","Unit Test 2",37,50,2025-12-15,2025-2026,"Vikram Patel","Secondary Section (Grades 9-10)"
ACAD-SVIS-2025-133-PHYS-FIN,SVIS-2025-133,"Ishaan Bhat",CBSE-12,A,Physics,"Final Exam",70,100,2026-03-24,2025-2026,"Anita Sharma","Higher Secondary Section (Grades 11-12)"
ACAD-SVIS-2025-133-CHEM-FIN,SVIS-2025-133,"Ishaan Bhat",CBSE-12,A,Chemistry,"Final Exam",68,100,2026-03-24,2025-2026,"David Chen","Science & Mathematics Department"
ACAD-SVIS-2025-133-MATH-FIN,SVIS-2025-133,"Ishaan Bhat",CBSE-12,A,Mathematics,"Final Exam",66,100,2026-03-24,2025-2026,"Rajesh Kulkarni","Secondary Section (Grades 9-10)"
ACAD-SVIS-2025-133-ENGL-FIN,SVIS-2025-133,"Ishaan Bhat",CBSE-12,A,"English Core","Final Exam",66,100,2026-03-24,2025-2026,"Sarah Jenkins","Languages & Humanities Department"
ACAD-SVIS-2025-133-COMP-FIN,SVIS-2025-133,"Ishaan Bhat",CBSE-12,A,"Computer Science","Final Exam",71,100,2026-03-24,2025-2026,"Vikram Patel","Secondary Section (Grades 9-10)"
ACAD-SVIS-2025-134-PHYS-UNI,SVIS-2025-134,"Advik Ghosh",CBSE-12,B,Physics,"Unit Test 1",31.5,50,2025-07-18,2025-2026,"Anita Sharma","Higher Secondary Section (Grades 11-12)"
ACAD-SVIS-2025-134-CHEM-UNI,SVIS-2025-134,"Advik Ghosh",CBSE-12,B,Chemistry,"Unit Test 1",31.5,50,2025-07-18,2025-2026,"David Chen","Science & Mathematics Department"
ACAD-SVIS-2025-134-MATH-UNI,SVIS-2025-134,"Advik Ghosh",CBSE-12,B,Mathematics,"Unit Test 1",37.5,50,2025-07-18,2025-2026,"Rajesh Kulkarni","Secondary Section (Grades 9-10)"
ACAD-SVIS-2025-134-ENGL-UNI,SVIS-2025-134,"Advik Ghosh",CBSE-12,B,"English Core","Unit Test 1",36.5,50,2025-07-18,2025-2026,"Sarah Jenkins","Languages & Humanities Department"
ACAD-SVIS-2025-134-COMP-UNI,SVIS-2025-134,"Advik Ghosh",CBSE-12,B,"Computer Science","Unit Test 1",32.5,50,2025-07-18,2025-2026,"Vikram Patel","Secondary Section (Grades 9-10)"
ACAD-SVIS-2025-134-PHYS-MID,SVIS-2025-134,"Advik Ghosh",CBSE-12,B,Physics,"Mid-Term Exam",71,100,2025-09-22,2025-2026,"Anita Sharma","Higher Secondary Section (Grades 11-12)"
ACAD-SVIS-2025-134-CHEM-MID,SVIS-2025-134,"Advik Ghosh",CBSE-12,B,Chemistry,"Mid-Term Exam",70,100,2025-09-22,2025-2026,"David Chen","Science & Mathematics Department"
ACAD-SVIS-2025-134-MATH-MID,SVIS-2025-134,"Advik Ghosh",CBSE-12,B,Mathematics,"Mid-Term Exam",72,100,2025-09-22,2025-2026,"Rajesh Kulkarni","Secondary Section (Grades 9-10)"
ACAD-SVIS-2025-134-ENGL-MID,SVIS-2025-134,"Advik Ghosh",CBSE-12,B,"English Core","Mid-Term Exam",70,100,2025-09-22,2025-2026,"Sarah Jenkins","Languages & Humanities Department"
ACAD-SVIS-2025-134-COMP-MID,SVIS-2025-134,"Advik Ghosh",CBSE-12,B,"Computer Science","Mid-Term Exam",68,100,2025-09-22,2025-2026,"Vikram Patel","Secondary Section (Grades 9-10)"
ACAD-SVIS-2025-134-PHYS-UNI,SVIS-2025-134,"Advik Ghosh",CBSE-12,B,Physics,"Unit Test 2",31.5,50,2025-12-15,2025-2026,"Anita Sharma","Higher Secondary Section (Grades 11-12)"
ACAD-SVIS-2025-134-CHEM-UNI,SVIS-2025-134,"Advik Ghosh",CBSE-12,B,Chemistry,"Unit Test 2",31.5,50,2025-12-15,2025-2026,"David Chen","Science & Mathematics Department"
ACAD-SVIS-2025-134-MATH-UNI,SVIS-2025-134,"Advik Ghosh",CBSE-12,B,Mathematics,"Unit Test 2",37.5,50,2025-12-15,2025-2026,"Rajesh Kulkarni","Secondary Section (Grades 9-10)"
ACAD-SVIS-2025-134-ENGL-UNI,SVIS-2025-134,"Advik Ghosh",CBSE-12,B,"English Core","Unit Test 2",36.5,50,2025-12-15,2025-2026,"Sarah Jenkins","Languages & Humanities Department"
ACAD-SVIS-2025-134-COMP-UNI,SVIS-2025-134,"Advik Ghosh",CBSE-12,B,"Computer Science","Unit Test 2",32.5,50,2025-12-15,2025-2026,"Vikram Patel","Secondary Section (Grades 9-10)"
ACAD-SVIS-2025-134-PHYS-FIN,SVIS-2025-134,"Advik Ghosh",CBSE-12,B,Physics,"Final Exam",69,100,2026-03-24,2025-2026,"Anita Sharma","Higher Secondary Section (Grades 11-12)"
ACAD-SVIS-2025-134-CHEM-FIN,SVIS-2025-134,"Advik Ghosh",CBSE-12,B,Chemistry,"Final Exam",66,100,2026-03-24,2025-2026,"David Chen","Science & Mathematics Department"
ACAD-SVIS-2025-134-MATH-FIN,SVIS-2025-134,"Advik Ghosh",CBSE-12,B,Mathematics,"Final Exam",67,100,2026-03-24,2025-2026,"Rajesh Kulkarni","Secondary Section (Grades 9-10)"
ACAD-SVIS-2025-134-ENGL-FIN,SVIS-2025-134,"Advik Ghosh",CBSE-12,B,"English Core","Final Exam",72,100,2026-03-24,2025-2026,"Sarah Jenkins","Languages & Humanities Department"
ACAD-SVIS-2025-134-COMP-FIN,SVIS-2025-134,"Advik Ghosh",CBSE-12,B,"Computer Science","Final Exam",68,100,2026-03-24,2025-2026,"Vikram Patel","Secondary Section (Grades 9-10)"
ACAD-SVIS-2025-135-PHYS-UNI,SVIS-2025-135,"Ananya Iyer",CBSE-12,A,Physics,"Unit Test 1",35,50,2025-07-18,2025-2026,"Anita Sharma","Higher Secondary Section (Grades 11-12)"
ACAD-SVIS-2025-135-CHEM-UNI,SVIS-2025-135,"Ananya Iyer",CBSE-12,A,Chemistry,"Unit Test 1",37,50,2025-07-18,2025-2026,"David Chen","Science & Mathematics Department"
ACAD-SVIS-2025-135-MATH-UNI,SVIS-2025-135,"Ananya Iyer",CBSE-12,A,Mathematics,"Unit Test 1",37,50,2025-07-18,2025-2026,"Rajesh Kulkarni","Secondary Section (Grades 9-10)"
ACAD-SVIS-2025-135-ENGL-UNI,SVIS-2025-135,"Ananya Iyer",CBSE-12,A,"English Core","Unit Test 1",33,50,2025-07-18,2025-2026,"Sarah Jenkins","Languages & Humanities Department"
ACAD-SVIS-2025-135-COMP-UNI,SVIS-2025-135,"Ananya Iyer",CBSE-12,A,"Computer Science","Unit Test 1",35,50,2025-07-18,2025-2026,"Vikram Patel","Secondary Section (Grades 9-10)"
ACAD-SVIS-2025-135-PHYS-MID,SVIS-2025-135,"Ananya Iyer",CBSE-12,A,Physics,"Mid-Term Exam",72,100,2025-09-22,2025-2026,"Anita Sharma","Higher Secondary Section (Grades 11-12)"
ACAD-SVIS-2025-135-CHEM-MID,SVIS-2025-135,"Ananya Iyer",CBSE-12,A,Chemistry,"Mid-Term Exam",72,100,2025-09-22,2025-2026,"David Chen","Science & Mathematics Department"
ACAD-SVIS-2025-135-MATH-MID,SVIS-2025-135,"Ananya Iyer",CBSE-12,A,Mathematics,"Mid-Term Exam",68,100,2025-09-22,2025-2026,"Rajesh Kulkarni","Secondary Section (Grades 9-10)"
ACAD-SVIS-2025-135-ENGL-MID,SVIS-2025-135,"Ananya Iyer",CBSE-12,A,"English Core","Mid-Term Exam",73,100,2025-09-22,2025-2026,"Sarah Jenkins","Languages & Humanities Department"
ACAD-SVIS-2025-135-COMP-MID,SVIS-2025-135,"Ananya Iyer",CBSE-12,A,"Computer Science","Mid-Term Exam",69,100,2025-09-22,2025-2026,"Vikram Patel","Secondary Section (Grades 9-10)"
ACAD-SVIS-2025-135-PHYS-UNI,SVIS-2025-135,"Ananya Iyer",CBSE-12,A,Physics,"Unit Test 2",35,50,2025-12-15,2025-2026,"Anita Sharma","Higher Secondary Section (Grades 11-12)"
ACAD-SVIS-2025-135-CHEM-UNI,SVIS-2025-135,"Ananya Iyer",CBSE-12,A,Chemistry,"Unit Test 2",37,50,2025-12-15,2025-2026,"David Chen","Science & Mathematics Department"
ACAD-SVIS-2025-135-MATH-UNI,SVIS-2025-135,"Ananya Iyer",CBSE-12,A,Mathematics,"Unit Test 2",37,50,2025-12-15,2025-2026,"Rajesh Kulkarni","Secondary Section (Grades 9-10)"
ACAD-SVIS-2025-135-ENGL-UNI,SVIS-2025-135,"Ananya Iyer",CBSE-12,A,"English Core","Unit Test 2",33,50,2025-12-15,2025-2026,"Sarah Jenkins","Languages & Humanities Department"
ACAD-SVIS-2025-135-COMP-UNI,SVIS-2025-135,"Ananya Iyer",CBSE-12,A,"Computer Science","Unit Test 2",35,50,2025-12-15,2025-2026,"Vikram Patel","Secondary Section (Grades 9-10)"
ACAD-SVIS-2025-135-PHYS-FIN,SVIS-2025-135,"Ananya Iyer",CBSE-12,A,Physics,"Final Exam",70,100,2026-03-24,2025-2026,"Anita Sharma","Higher Secondary Section (Grades 11-12)"
ACAD-SVIS-2025-135-CHEM-FIN,SVIS-2025-135,"Ananya Iyer",CBSE-12,A,Chemistry,"Final Exam",73,100,2026-03-24,2025-2026,"David Chen","Science & Mathematics Department"
ACAD-SVIS-2025-135-MATH-FIN,SVIS-2025-135,"Ananya Iyer",CBSE-12,A,Mathematics,"Final Exam",67,100,2026-03-24,2025-2026,"Rajesh Kulkarni","Secondary Section (Grades 9-10)"
ACAD-SVIS-2025-135-ENGL-FIN,SVIS-2025-135,"Ananya Iyer",CBSE-12,A,"English Core","Final Exam",67,100,2026-03-24,2025-2026,"Sarah Jenkins","Languages & Humanities Department"
ACAD-SVIS-2025-135-COMP-FIN,SVIS-2025-135,"Ananya Iyer",CBSE-12,A,"Computer Science","Final Exam",69,100,2026-03-24,2025-2026,"Vikram Patel","Secondary Section (Grades 9-10)"
ACAD-SVIS-2025-136-PHYS-UNI,SVIS-2025-136,"Aadhya Rao",CBSE-12,B,Physics,"Unit Test 1",34.5,50,2025-07-18,2025-2026,"Anita Sharma","Higher Secondary Section (Grades 11-12)"
ACAD-SVIS-2025-136-CHEM-UNI,SVIS-2025-136,"Aadhya Rao",CBSE-12,B,Chemistry,"Unit Test 1",32.5,50,2025-07-18,2025-2026,"David Chen","Science & Mathematics Department"
ACAD-SVIS-2025-136-MATH-UNI,SVIS-2025-136,"Aadhya Rao",CBSE-12,B,Mathematics,"Unit Test 1",35.5,50,2025-07-18,2025-2026,"Rajesh Kulkarni","Secondary Section (Grades 9-10)"
ACAD-SVIS-2025-136-ENGL-UNI,SVIS-2025-136,"Aadhya Rao",CBSE-12,B,"English Core","Unit Test 1",38.5,50,2025-07-18,2025-2026,"Sarah Jenkins","Languages & Humanities Department"
ACAD-SVIS-2025-136-COMP-UNI,SVIS-2025-136,"Aadhya Rao",CBSE-12,B,"Computer Science","Unit Test 1",37.5,50,2025-07-18,2025-2026,"Vikram Patel","Secondary Section (Grades 9-10)"
ACAD-SVIS-2025-136-PHYS-MID,SVIS-2025-136,"Aadhya Rao",CBSE-12,B,Physics,"Mid-Term Exam",74,100,2025-09-22,2025-2026,"Anita Sharma","Higher Secondary Section (Grades 11-12)"
ACAD-SVIS-2025-136-CHEM-MID,SVIS-2025-136,"Aadhya Rao",CBSE-12,B,Chemistry,"Mid-Term Exam",72,100,2025-09-22,2025-2026,"David Chen","Science & Mathematics Department"
ACAD-SVIS-2025-136-MATH-MID,SVIS-2025-136,"Aadhya Rao",CBSE-12,B,Mathematics,"Mid-Term Exam",70,100,2025-09-22,2025-2026,"Rajesh Kulkarni","Secondary Section (Grades 9-10)"
ACAD-SVIS-2025-136-ENGL-MID,SVIS-2025-136,"Aadhya Rao",CBSE-12,B,"English Core","Mid-Term Exam",73,100,2025-09-22,2025-2026,"Sarah Jenkins","Languages & Humanities Department"
ACAD-SVIS-2025-136-COMP-MID,SVIS-2025-136,"Aadhya Rao",CBSE-12,B,"Computer Science","Mid-Term Exam",71,100,2025-09-22,2025-2026,"Vikram Patel","Secondary Section (Grades 9-10)"
ACAD-SVIS-2025-136-PHYS-UNI,SVIS-2025-136,"Aadhya Rao",CBSE-12,B,Physics,"Unit Test 2",34.5,50,2025-12-15,2025-2026,"Anita Sharma","Higher Secondary Section (Grades 11-12)"
ACAD-SVIS-2025-136-CHEM-UNI,SVIS-2025-136,"Aadhya Rao",CBSE-12,B,Chemistry,"Unit Test 2",32.5,50,2025-12-15,2025-2026,"David Chen","Science & Mathematics Department"
ACAD-SVIS-2025-136-MATH-UNI,SVIS-2025-136,"Aadhya Rao",CBSE-12,B,Mathematics,"Unit Test 2",35.5,50,2025-12-15,2025-2026,"Rajesh Kulkarni","Secondary Section (Grades 9-10)"
ACAD-SVIS-2025-136-ENGL-UNI,SVIS-2025-136,"Aadhya Rao",CBSE-12,B,"English Core","Unit Test 2",38.5,50,2025-12-15,2025-2026,"Sarah Jenkins","Languages & Humanities Department"
ACAD-SVIS-2025-136-COMP-UNI,SVIS-2025-136,"Aadhya Rao",CBSE-12,B,"Computer Science","Unit Test 2",37.5,50,2025-12-15,2025-2026,"Vikram Patel","Secondary Section (Grades 9-10)"
ACAD-SVIS-2025-136-PHYS-FIN,SVIS-2025-136,"Aadhya Rao",CBSE-12,B,Physics,"Final Exam",72,100,2026-03-24,2025-2026,"Anita Sharma","Higher Secondary Section (Grades 11-12)"
ACAD-SVIS-2025-136-CHEM-FIN,SVIS-2025-136,"Aadhya Rao",CBSE-12,B,Chemistry,"Final Exam",69,100,2026-03-24,2025-2026,"David Chen","Science & Mathematics Department"
ACAD-SVIS-2025-136-MATH-FIN,SVIS-2025-136,"Aadhya Rao",CBSE-12,B,Mathematics,"Final Exam",74,100,2026-03-24,2025-2026,"Rajesh Kulkarni","Secondary Section (Grades 9-10)"
ACAD-SVIS-2025-136-ENGL-FIN,SVIS-2025-136,"Aadhya Rao",CBSE-12,B,"English Core","Final Exam",72,100,2026-03-24,2025-2026,"Sarah Jenkins","Languages & Humanities Department"
ACAD-SVIS-2025-136-COMP-FIN,SVIS-2025-136,"Aadhya Rao",CBSE-12,B,"Computer Science","Final Exam",71,100,2026-03-24,2025-2026,"Vikram Patel","Secondary Section (Grades 9-10)"
ACAD-SVIS-2025-137-PHYS-UNI,SVIS-2025-137,"Saanvi Chatterjee",CBSE-12,A,Physics,"Unit Test 1",37,50,2025-07-18,2025-2026,"Anita Sharma","Higher Secondary Section (Grades 11-12)"
ACAD-SVIS-2025-137-CHEM-UNI,SVIS-2025-137,"Saanvi Chatterjee",CBSE-12,A,Chemistry,"Unit Test 1",39,50,2025-07-18,2025-2026,"David Chen","Science & Mathematics Department"
ACAD-SVIS-2025-137-MATH-UNI,SVIS-2025-137,"Saanvi Chatterjee",CBSE-12,A,Mathematics,"Unit Test 1",37,50,2025-07-18,2025-2026,"Rajesh Kulkarni","Secondary Section (Grades 9-10)"
ACAD-SVIS-2025-137-ENGL-UNI,SVIS-2025-137,"Saanvi Chatterjee",CBSE-12,A,"English Core","Unit Test 1",39,50,2025-07-18,2025-2026,"Sarah Jenkins","Languages & Humanities Department"
ACAD-SVIS-2025-137-COMP-UNI,SVIS-2025-137,"Saanvi Chatterjee",CBSE-12,A,"Computer Science","Unit Test 1",33,50,2025-07-18,2025-2026,"Vikram Patel","Secondary Section (Grades 9-10)"
ACAD-SVIS-2025-137-PHYS-MID,SVIS-2025-137,"Saanvi Chatterjee",CBSE-12,A,Physics,"Mid-Term Exam",75,100,2025-09-22,2025-2026,"Anita Sharma","Higher Secondary Section (Grades 11-12)"
ACAD-SVIS-2025-137-CHEM-MID,SVIS-2025-137,"Saanvi Chatterjee",CBSE-12,A,Chemistry,"Mid-Term Exam",75,100,2025-09-22,2025-2026,"David Chen","Science & Mathematics Department"
ACAD-SVIS-2025-137-MATH-MID,SVIS-2025-137,"Saanvi Chatterjee",CBSE-12,A,Mathematics,"Mid-Term Exam",70,100,2025-09-22,2025-2026,"Rajesh Kulkarni","Secondary Section (Grades 9-10)"
ACAD-SVIS-2025-137-ENGL-MID,SVIS-2025-137,"Saanvi Chatterjee",CBSE-12,A,"English Core","Mid-Term Exam",73,100,2025-09-22,2025-2026,"Sarah Jenkins","Languages & Humanities Department"
ACAD-SVIS-2025-137-COMP-MID,SVIS-2025-137,"Saanvi Chatterjee",CBSE-12,A,"Computer Science","Mid-Term Exam",70,100,2025-09-22,2025-2026,"Vikram Patel","Secondary Section (Grades 9-10)"
ACAD-SVIS-2025-137-PHYS-UNI,SVIS-2025-137,"Saanvi Chatterjee",CBSE-12,A,Physics,"Unit Test 2",37,50,2025-12-15,2025-2026,"Anita Sharma","Higher Secondary Section (Grades 11-12)"
ACAD-SVIS-2025-137-CHEM-UNI,SVIS-2025-137,"Saanvi Chatterjee",CBSE-12,A,Chemistry,"Unit Test 2",39,50,2025-12-15,2025-2026,"David Chen","Science & Mathematics Department"
ACAD-SVIS-2025-137-MATH-UNI,SVIS-2025-137,"Saanvi Chatterjee",CBSE-12,A,Mathematics,"Unit Test 2",37,50,2025-12-15,2025-2026,"Rajesh Kulkarni","Secondary Section (Grades 9-10)"
ACAD-SVIS-2025-137-ENGL-UNI,SVIS-2025-137,"Saanvi Chatterjee",CBSE-12,A,"English Core","Unit Test 2",39,50,2025-12-15,2025-2026,"Sarah Jenkins","Languages & Humanities Department"
ACAD-SVIS-2025-137-COMP-UNI,SVIS-2025-137,"Saanvi Chatterjee",CBSE-12,A,"Computer Science","Unit Test 2",33,50,2025-12-15,2025-2026,"Vikram Patel","Secondary Section (Grades 9-10)"
ACAD-SVIS-2025-137-PHYS-FIN,SVIS-2025-137,"Saanvi Chatterjee",CBSE-12,A,Physics,"Final Exam",70,100,2026-03-24,2025-2026,"Anita Sharma","Higher Secondary Section (Grades 11-12)"
ACAD-SVIS-2025-137-CHEM-FIN,SVIS-2025-137,"Saanvi Chatterjee",CBSE-12,A,Chemistry,"Final Exam",71,100,2026-03-24,2025-2026,"David Chen","Science & Mathematics Department"
ACAD-SVIS-2025-137-MATH-FIN,SVIS-2025-137,"Saanvi Chatterjee",CBSE-12,A,Mathematics,"Final Exam",71,100,2026-03-24,2025-2026,"Rajesh Kulkarni","Secondary Section (Grades 9-10)"
ACAD-SVIS-2025-137-ENGL-FIN,SVIS-2025-137,"Saanvi Chatterjee",CBSE-12,A,"English Core","Final Exam",73,100,2026-03-24,2025-2026,"Sarah Jenkins","Languages & Humanities Department"
ACAD-SVIS-2025-137-COMP-FIN,SVIS-2025-137,"Saanvi Chatterjee",CBSE-12,A,"Computer Science","Final Exam",73,100,2026-03-24,2025-2026,"Vikram Patel","Secondary Section (Grades 9-10)"
ACAD-SVIS-2025-138-PHYS-UNI,SVIS-2025-138,"Ira Gupta",CBSE-12,B,Physics,"Unit Test 1",36.5,50,2025-07-18,2025-2026,"Anita Sharma","Higher Secondary Section (Grades 11-12)"
ACAD-SVIS-2025-138-CHEM-UNI,SVIS-2025-138,"Ira Gupta",CBSE-12,B,Chemistry,"Unit Test 1",37.5,50,2025-07-18,2025-2026,"David Chen","Science & Mathematics Department"
ACAD-SVIS-2025-138-MATH-UNI,SVIS-2025-138,"Ira Gupta",CBSE-12,B,Mathematics,"Unit Test 1",35.5,50,2025-07-18,2025-2026,"Rajesh Kulkarni","Secondary Section (Grades 9-10)"
ACAD-SVIS-2025-138-ENGL-UNI,SVIS-2025-138,"Ira Gupta",CBSE-12,B,"English Core","Unit Test 1",35.5,50,2025-07-18,2025-2026,"Sarah Jenkins","Languages & Humanities Department"
ACAD-SVIS-2025-138-COMP-UNI,SVIS-2025-138,"Ira Gupta",CBSE-12,B,"Computer Science","Unit Test 1",36.5,50,2025-07-18,2025-2026,"Vikram Patel","Secondary Section (Grades 9-10)"
ACAD-SVIS-2025-138-PHYS-MID,SVIS-2025-138,"Ira Gupta",CBSE-12,B,Physics,"Mid-Term Exam",76,100,2025-09-22,2025-2026,"Anita Sharma","Higher Secondary Section (Grades 11-12)"
ACAD-SVIS-2025-138-CHEM-MID,SVIS-2025-138,"Ira Gupta",CBSE-12,B,Chemistry,"Mid-Term Exam",76,100,2025-09-22,2025-2026,"David Chen","Science & Mathematics Department"
ACAD-SVIS-2025-138-MATH-MID,SVIS-2025-138,"Ira Gupta",CBSE-12,B,Mathematics,"Mid-Term Exam",70,100,2025-09-22,2025-2026,"Rajesh Kulkarni","Secondary Section (Grades 9-10)"
ACAD-SVIS-2025-138-ENGL-MID,SVIS-2025-138,"Ira Gupta",CBSE-12,B,"English Core","Mid-Term Exam",71,100,2025-09-22,2025-2026,"Sarah Jenkins","Languages & Humanities Department"
ACAD-SVIS-2025-138-COMP-MID,SVIS-2025-138,"Ira Gupta",CBSE-12,B,"Computer Science","Mid-Term Exam",76,100,2025-09-22,2025-2026,"Vikram Patel","Secondary Section (Grades 9-10)"
ACAD-SVIS-2025-138-PHYS-UNI,SVIS-2025-138,"Ira Gupta",CBSE-12,B,Physics,"Unit Test 2",36.5,50,2025-12-15,2025-2026,"Anita Sharma","Higher Secondary Section (Grades 11-12)"
ACAD-SVIS-2025-138-CHEM-UNI,SVIS-2025-138,"Ira Gupta",CBSE-12,B,Chemistry,"Unit Test 2",37.5,50,2025-12-15,2025-2026,"David Chen","Science & Mathematics Department"
ACAD-SVIS-2025-138-MATH-UNI,SVIS-2025-138,"Ira Gupta",CBSE-12,B,Mathematics,"Unit Test 2",35.5,50,2025-12-15,2025-2026,"Rajesh Kulkarni","Secondary Section (Grades 9-10)"
ACAD-SVIS-2025-138-ENGL-UNI,SVIS-2025-138,"Ira Gupta",CBSE-12,B,"English Core","Unit Test 2",35.5,50,2025-12-15,2025-2026,"Sarah Jenkins","Languages & Humanities Department"
ACAD-SVIS-2025-138-COMP-UNI,SVIS-2025-138,"Ira Gupta",CBSE-12,B,"Computer Science","Unit Test 2",36.5,50,2025-12-15,2025-2026,"Vikram Patel","Secondary Section (Grades 9-10)"
ACAD-SVIS-2025-138-PHYS-FIN,SVIS-2025-138,"Ira Gupta",CBSE-12,B,Physics,"Final Exam",75,100,2026-03-24,2025-2026,"Anita Sharma","Higher Secondary Section (Grades 11-12)"
ACAD-SVIS-2025-138-CHEM-FIN,SVIS-2025-138,"Ira Gupta",CBSE-12,B,Chemistry,"Final Exam",73,100,2026-03-24,2025-2026,"David Chen","Science & Mathematics Department"
ACAD-SVIS-2025-138-MATH-FIN,SVIS-2025-138,"Ira Gupta",CBSE-12,B,Mathematics,"Final Exam",75,100,2026-03-24,2025-2026,"Rajesh Kulkarni","Secondary Section (Grades 9-10)"
ACAD-SVIS-2025-138-ENGL-FIN,SVIS-2025-138,"Ira Gupta",CBSE-12,B,"English Core","Final Exam",73,100,2026-03-24,2025-2026,"Sarah Jenkins","Languages & Humanities Department"
ACAD-SVIS-2025-138-COMP-FIN,SVIS-2025-138,"Ira Gupta",CBSE-12,B,"Computer Science","Final Exam",76,100,2026-03-24,2025-2026,"Vikram Patel","Secondary Section (Grades 9-10)"
ACAD-SVIS-2025-139-PHYS-UNI,SVIS-2025-139,"Kavya Choudhury",CBSE-12,A,Physics,"Unit Test 1",36,50,2025-07-18,2025-2026,"Anita Sharma","Higher Secondary Section (Grades 11-12)"
ACAD-SVIS-2025-139-CHEM-UNI,SVIS-2025-139,"Kavya Choudhury",CBSE-12,A,Chemistry,"Unit Test 1",35,50,2025-07-18,2025-2026,"David Chen","Science & Mathematics Department"
ACAD-SVIS-2025-139-MATH-UNI,SVIS-2025-139,"Kavya Choudhury",CBSE-12,A,Mathematics,"Unit Test 1",35,50,2025-07-18,2025-2026,"Rajesh Kulkarni","Secondary Section (Grades 9-10)"
ACAD-SVIS-2025-139-ENGL-UNI,SVIS-2025-139,"Kavya Choudhury",CBSE-12,A,"English Core","Unit Test 1",34,50,2025-07-18,2025-2026,"Sarah Jenkins","Languages & Humanities Department"
ACAD-SVIS-2025-139-COMP-UNI,SVIS-2025-139,"Kavya Choudhury",CBSE-12,A,"Computer Science","Unit Test 1",35,50,2025-07-18,2025-2026,"Vikram Patel","Secondary Section (Grades 9-10)"
ACAD-SVIS-2025-139-PHYS-MID,SVIS-2025-139,"Kavya Choudhury",CBSE-12,A,Physics,"Mid-Term Exam",75,100,2025-09-22,2025-2026,"Anita Sharma","Higher Secondary Section (Grades 11-12)"
ACAD-SVIS-2025-139-CHEM-MID,SVIS-2025-139,"Kavya Choudhury",CBSE-12,A,Chemistry,"Mid-Term Exam",77,100,2025-09-22,2025-2026,"David Chen","Science & Mathematics Department"
ACAD-SVIS-2025-139-MATH-MID,SVIS-2025-139,"Kavya Choudhury",CBSE-12,A,Mathematics,"Mid-Term Exam",75,100,2025-09-22,2025-2026,"Rajesh Kulkarni","Secondary Section (Grades 9-10)"
ACAD-SVIS-2025-139-ENGL-MID,SVIS-2025-139,"Kavya Choudhury",CBSE-12,A,"English Core","Mid-Term Exam",71,100,2025-09-22,2025-2026,"Sarah Jenkins","Languages & Humanities Department"
ACAD-SVIS-2025-139-COMP-MID,SVIS-2025-139,"Kavya Choudhury",CBSE-12,A,"Computer Science","Mid-Term Exam",73,100,2025-09-22,2025-2026,"Vikram Patel","Secondary Section (Grades 9-10)"
ACAD-SVIS-2025-139-PHYS-UNI,SVIS-2025-139,"Kavya Choudhury",CBSE-12,A,Physics,"Unit Test 2",36,50,2025-12-15,2025-2026,"Anita Sharma","Higher Secondary Section (Grades 11-12)"
ACAD-SVIS-2025-139-CHEM-UNI,SVIS-2025-139,"Kavya Choudhury",CBSE-12,A,Chemistry,"Unit Test 2",35,50,2025-12-15,2025-2026,"David Chen","Science & Mathematics Department"
ACAD-SVIS-2025-139-MATH-UNI,SVIS-2025-139,"Kavya Choudhury",CBSE-12,A,Mathematics,"Unit Test 2",35,50,2025-12-15,2025-2026,"Rajesh Kulkarni","Secondary Section (Grades 9-10)"
ACAD-SVIS-2025-139-ENGL-UNI,SVIS-2025-139,"Kavya Choudhury",CBSE-12,A,"English Core","Unit Test 2",34,50,2025-12-15,2025-2026,"Sarah Jenkins","Languages & Humanities Department"
ACAD-SVIS-2025-139-COMP-UNI,SVIS-2025-139,"Kavya Choudhury",CBSE-12,A,"Computer Science","Unit Test 2",35,50,2025-12-15,2025-2026,"Vikram Patel","Secondary Section (Grades 9-10)"
ACAD-SVIS-2025-139-PHYS-FIN,SVIS-2025-139,"Kavya Choudhury",CBSE-12,A,Physics,"Final Exam",71,100,2026-03-24,2025-2026,"Anita Sharma","Higher Secondary Section (Grades 11-12)"
ACAD-SVIS-2025-139-CHEM-FIN,SVIS-2025-139,"Kavya Choudhury",CBSE-12,A,Chemistry,"Final Exam",71,100,2026-03-24,2025-2026,"David Chen","Science & Mathematics Department"
ACAD-SVIS-2025-139-MATH-FIN,SVIS-2025-139,"Kavya Choudhury",CBSE-12,A,Mathematics,"Final Exam",77,100,2026-03-24,2025-2026,"Rajesh Kulkarni","Secondary Section (Grades 9-10)"
ACAD-SVIS-2025-139-ENGL-FIN,SVIS-2025-139,"Kavya Choudhury",CBSE-12,A,"English Core","Final Exam",73,100,2026-03-24,2025-2026,"Sarah Jenkins","Languages & Humanities Department"
ACAD-SVIS-2025-139-COMP-FIN,SVIS-2025-139,"Kavya Choudhury",CBSE-12,A,"Computer Science","Final Exam",72,100,2026-03-24,2025-2026,"Vikram Patel","Secondary Section (Grades 9-10)"
ACAD-SVIS-2025-140-PHYS-UNI,SVIS-2025-140,"Aarav Sharma",CBSE-12,B,Physics,"Unit Test 1",38.5,50,2025-07-18,2025-2026,"Anita Sharma","Higher Secondary Section (Grades 11-12)"
ACAD-SVIS-2025-140-CHEM-UNI,SVIS-2025-140,"Aarav Sharma",CBSE-12,B,Chemistry,"Unit Test 1",36.5,50,2025-07-18,2025-2026,"David Chen","Science & Mathematics Department"
ACAD-SVIS-2025-140-MATH-UNI,SVIS-2025-140,"Aarav Sharma",CBSE-12,B,Mathematics,"Unit Test 1",38.5,50,2025-07-18,2025-2026,"Rajesh Kulkarni","Secondary Section (Grades 9-10)"
ACAD-SVIS-2025-140-ENGL-UNI,SVIS-2025-140,"Aarav Sharma",CBSE-12,B,"English Core","Unit Test 1",35.5,50,2025-07-18,2025-2026,"Sarah Jenkins","Languages & Humanities Department"
ACAD-SVIS-2025-140-COMP-UNI,SVIS-2025-140,"Aarav Sharma",CBSE-12,B,"Computer Science","Unit Test 1",37.5,50,2025-07-18,2025-2026,"Vikram Patel","Secondary Section (Grades 9-10)"
ACAD-SVIS-2025-140-PHYS-MID,SVIS-2025-140,"Aarav Sharma",CBSE-12,B,Physics,"Mid-Term Exam",78,100,2025-09-22,2025-2026,"Anita Sharma","Higher Secondary Section (Grades 11-12)"
ACAD-SVIS-2025-140-CHEM-MID,SVIS-2025-140,"Aarav Sharma",CBSE-12,B,Chemistry,"Mid-Term Exam",75,100,2025-09-22,2025-2026,"David Chen","Science & Mathematics Department"
ACAD-SVIS-2025-140-MATH-MID,SVIS-2025-140,"Aarav Sharma",CBSE-12,B,Mathematics,"Mid-Term Exam",73,100,2025-09-22,2025-2026,"Rajesh Kulkarni","Secondary Section (Grades 9-10)"
ACAD-SVIS-2025-140-ENGL-MID,SVIS-2025-140,"Aarav Sharma",CBSE-12,B,"English Core","Mid-Term Exam",72,100,2025-09-22,2025-2026,"Sarah Jenkins","Languages & Humanities Department"
ACAD-SVIS-2025-140-COMP-MID,SVIS-2025-140,"Aarav Sharma",CBSE-12,B,"Computer Science","Mid-Term Exam",77,100,2025-09-22,2025-2026,"Vikram Patel","Secondary Section (Grades 9-10)"
ACAD-SVIS-2025-140-PHYS-UNI,SVIS-2025-140,"Aarav Sharma",CBSE-12,B,Physics,"Unit Test 2",38.5,50,2025-12-15,2025-2026,"Anita Sharma","Higher Secondary Section (Grades 11-12)"
ACAD-SVIS-2025-140-CHEM-UNI,SVIS-2025-140,"Aarav Sharma",CBSE-12,B,Chemistry,"Unit Test 2",36.5,50,2025-12-15,2025-2026,"David Chen","Science & Mathematics Department"
ACAD-SVIS-2025-140-MATH-UNI,SVIS-2025-140,"Aarav Sharma",CBSE-12,B,Mathematics,"Unit Test 2",38.5,50,2025-12-15,2025-2026,"Rajesh Kulkarni","Secondary Section (Grades 9-10)"
ACAD-SVIS-2025-140-ENGL-UNI,SVIS-2025-140,"Aarav Sharma",CBSE-12,B,"English Core","Unit Test 2",35.5,50,2025-12-15,2025-2026,"Sarah Jenkins","Languages & Humanities Department"
ACAD-SVIS-2025-140-COMP-UNI,SVIS-2025-140,"Aarav Sharma",CBSE-12,B,"Computer Science","Unit Test 2",37.5,50,2025-12-15,2025-2026,"Vikram Patel","Secondary Section (Grades 9-10)"
ACAD-SVIS-2025-140-PHYS-FIN,SVIS-2025-140,"Aarav Sharma",CBSE-12,B,Physics,"Final Exam",77,100,2026-03-24,2025-2026,"Anita Sharma","Higher Secondary Section (Grades 11-12)"
ACAD-SVIS-2025-140-CHEM-FIN,SVIS-2025-140,"Aarav Sharma",CBSE-12,B,Chemistry,"Final Exam",76,100,2026-03-24,2025-2026,"David Chen","Science & Mathematics Department"
ACAD-SVIS-2025-140-MATH-FIN,SVIS-2025-140,"Aarav Sharma",CBSE-12,B,Mathematics,"Final Exam",75,100,2026-03-24,2025-2026,"Rajesh Kulkarni","Secondary Section (Grades 9-10)"
ACAD-SVIS-2025-140-ENGL-FIN,SVIS-2025-140,"Aarav Sharma",CBSE-12,B,"English Core","Final Exam",73,100,2026-03-24,2025-2026,"Sarah Jenkins","Languages & Humanities Department"
ACAD-SVIS-2025-140-COMP-FIN,SVIS-2025-140,"Aarav Sharma",CBSE-12,B,"Computer Science","Final Exam",76,100,2026-03-24,2025-2026,"Vikram Patel","Secondary Section (Grades 9-10)"
