Student ID,Student Name,Department,Fee Category,Amount Due,Amount Paid,Payment Status,Due Date,Remarks
STU000001,Student 1,Commerce,Tuition,18000,0,Overdue,2026-09-15,Term 2 fee record
STU000002,Student 2,Secondary,Tuition,25000,0,Pending,2026-09-15,Term 3 fee record
STU000003,Student 3,Primary,Tuition,18000,0,Pending,2026-08-15,Term 1 fee record
STU000004,Student 4,Primary,Tuition,18000,0,Pending,2026-09-15,Term 2 fee record
STU000005,Student 5,Science,Tuition,25000,25000,Paid,2026-07-15,Term 3 fee record
STU000006,Student 6,Science,Tuition,18000,0,Pending,2026-01-15,Term 1 fee record
STU000007,Student 7,Primary,Tuition,25000,25000,Paid,2026-01-15,Term 2 fee record
STU000008,Student 8,Science,Tuition,12000,0,Pending,2026-01-15,Term 3 fee record
STU000009,Student 9,Commerce,Tuition,18000,9000,Partial,2026-04-15,Term 1 fee record
STU000010,Student 10,Senior,Tuition,25000,0,Pending,2026-08-15,Term 2 fee record
STU000011,Student 11,Commerce,Tuition,12000,12000,Paid,2026-05-15,Term 3 fee record
STU000012,Student 12,Senior,Tuition,18000,18000,Paid,2026-06-15,Term 1 fee record
STU000013,Student 13,Primary,Tuition,12000,6000,Partial,2026-02-15,Term 2 fee record
STU000014,Student 14,Commerce,Tuition,25000,25000,Paid,2026-02-15,Term 3 fee record
STU000015,Student 15,Primary,Tuition,18000,0,Overdue,2026-01-15,Term 1 fee record
STU000016,Student 16,Secondary,Tuition,25000,25000,Paid,2026-04-15,Term 2 fee record
STU000017,Student 17,Commerce,Tuition,12000,0,Overdue,2026-07-15,Term 3 fee record
STU000018,Student 18,Science,Tuition,18000,18000,Paid,2026-04-15,Term 1 fee record
STU000019,Student 19,Senior,Tuition,25000,12500,Partial,2026-02-15,Term 2 fee record
STU000020,Student 20,Primary,Tuition,18000,9000,Partial,2026-07-15,Term 3 fee record
STU000021,Student 21,Secondary,Tuition,12000,0,Pending,2026-02-15,Term 1 fee record
STU000022,Student 22,Commerce,Tuition,12000,12000,Paid,2026-08-15,Term 2 fee record
STU000023,Student 23,Commerce,Tuition,12000,0,Pending,2026-09-15,Term 3 fee record
STU000024,Student 24,Commerce,Tuition,12000,0,Pending,2026-07-15,Term 1 fee record
STU000025,Student 25,Commerce,Tuition,12000,0,Overdue,2026-04-15,Term 2 fee record
STU000026,Student 26,Science,Tuition,12000,6000,Partial,2026-05-15,Term 3 fee record
STU000027,Student 27,Secondary,Tuition,12000,0,Pending,2026-07-15,Term 1 fee record
STU000028,Student 28,Primary,Tuition,25000,25000,Paid,2026-03-15,Term 2 fee record
STU000029,Student 29,Senior,Tuition,12000,0,Overdue,2026-01-15,Term 3 fee record
STU000030,Student 30,Senior,Tuition,25000,12500,Partial,2026-07-15,Term 1 fee record
STU000031,Student 31,Primary,Tuition,12000,12000,Paid,2026-04-15,Term 2 fee record
STU000032,Student 32,Primary,Tuition,25000,0,Pending,2026-06-15,Term 3 fee record
STU000033,Student 33,Secondary,Tuition,18000,0,Overdue,2026-08-15,Term 1 fee record
STU000034,Student 34,Commerce,Tuition,25000,0,Pending,2026-03-15,Term 2 fee record
STU000035,Student 35,Senior,Tuition,25000,0,Pending,2026-04-15,Term 3 fee record
STU000036,Student 36,Secondary,Tuition,25000,0,Pending,2026-03-15,Term 1 fee record
STU000037,Student 37,Commerce,Tuition,25000,0,Pending,2026-08-15,Term 2 fee record
STU000038,Student 38,Commerce,Tuition,25000,25000,Paid,2026-01-15,Term 3 fee record
STU000039,Student 39,Primary,Tuition,12000,12000,Paid,2026-09-15,Term 1 fee record
STU000040,Student 40,Commerce,Tuition,18000,0,Pending,2026-05-15,Term 2 fee record
STU000041,Student 41,Senior,Tuition,18000,0,Overdue,2026-09-15,Term 3 fee record
STU000042,Student 42,Secondary,Tuition,12000,12000,Paid,2026-04-15,Term 1 fee record
STU000043,Student 43,Senior,Tuition,18000,18000,Paid,2026-04-15,Term 2 fee record
STU000044,Student 44,Primary,Tuition,12000,12000,Paid,2026-05-15,Term 3 fee record
STU000045,Student 45,Secondary,Tuition,18000,0,Overdue,2026-01-15,Term 1 fee record
STU000046,Student 46,Senior,Tuition,12000,0,Pending,2026-06-15,Term 2 fee record
STU000047,Student 47,Primary,Tuition,25000,0,Pending,2026-06-15,Term 3 fee record
STU000048,Student 48,Senior,Tuition,12000,0,Overdue,2026-09-15,Term 1 fee record
STU000049,Student 49,Science,Tuition,25000,0,Pending,2026-01-15,Term 2 fee record
STU000050,Student 50,Senior,Tuition,12000,0,Overdue,2026-05-15,Term 3 fee record
STU000051,Student 51,Science,Tuition,12000,12000,Paid,2026-02-15,Term 1 fee record
STU000052,Student 52,Senior,Tuition,18000,18000,Paid,2026-06-15,Term 2 fee record
STU000053,Student 53,Primary,Tuition,12000,12000,Paid,2026-08-15,Term 3 fee record
STU000054,Student 54,Primary,Tuition,25000,12500,Partial,2026-03-15,Term 1 fee record
STU000055,Student 55,Primary,Tuition,18000,9000,Partial,2026-08-15,Term 2 fee record
STU000056,Student 56,Primary,Tuition,12000,0,Overdue,2026-08-15,Term 3 fee record
STU000057,Student 57,Science,Tuition,25000,25000,Paid,2026-07-15,Term 1 fee record
STU000058,Student 58,Science,Tuition,18000,18000,Paid,2026-02-15,Term 2 fee record
STU000059,Student 59,Primary,Tuition,12000,12000,Paid,2026-05-15,Term 3 fee record
STU000060,Student 60,Commerce,Tuition,18000,9000,Partial,2026-08-15,Term 1 fee record
STU000061,Student 61,Science,Tuition,18000,0,Overdue,2026-02-15,Term 2 fee record
STU000062,Student 62,Senior,Tuition,25000,25000,Paid,2026-02-15,Term 3 fee record
STU000063,Student 63,Secondary,Tuition,18000,18000,Paid,2026-02-15,Term 1 fee record
STU000064,Student 64,Senior,Tuition,18000,0,Overdue,2026-01-15,Term 2 fee record
STU000065,Student 65,Secondary,Tuition,18000,9000,Partial,2026-04-15,Term 3 fee record
STU000066,Student 66,Senior,Tuition,25000,0,Pending,2026-08-15,Term 1 fee record
STU000067,Student 67,Senior,Tuition,18000,0,Pending,2026-07-15,Term 2 fee record
STU000068,Student 68,Secondary,Tuition,25000,12500,Partial,2026-07-15,Term 3 fee record
STU000069,Student 69,Commerce,Tuition,12000,0,Pending,2026-04-15,Term 1 fee record
STU000070,Student 70,Secondary,Tuition,25000,12500,Partial,2026-03-15,Term 2 fee record
STU000071,Student 71,Senior,Tuition,12000,0,Overdue,2026-01-15,Term 3 fee record
STU000072,Student 72,Senior,Tuition,25000,25000,Paid,2026-03-15,Term 1 fee record
STU000073,Student 73,Commerce,Tuition,12000,0,Overdue,2026-05-15,Term 2 fee record
STU000074,Student 74,Commerce,Tuition,12000,0,Overdue,2026-09-15,Term 3 fee record
STU000075,Student 75,Science,Tuition,18000,9000,Partial,2026-08-15,Term 1 fee record
STU000076,Student 76,Primary,Tuition,18000,18000,Paid,2026-05-15,Term 2 fee record
STU000077,Student 77,Senior,Tuition,25000,25000,Paid,2026-06-15,Term 3 fee record
STU000078,Student 78,Secondary,Tuition,18000,18000,Paid,2026-07-15,Term 1 fee record
STU000079,Student 79,Primary,Tuition,18000,0,Pending,2026-05-15,Term 2 fee record
STU000080,Student 80,Primary,Tuition,12000,0,Pending,2026-02-15,Term 3 fee record
STU000081,Student 81,Science,Tuition,18000,18000,Paid,2026-06-15,Term 1 fee record
STU000082,Student 82,Secondary,Tuition,12000,0,Pending,2026-08-15,Term 2 fee record
STU000083,Student 83,Primary,Tuition,18000,0,Pending,2026-08-15,Term 3 fee record
STU000084,Student 84,Secondary,Tuition,25000,25000,Paid,2026-04-15,Term 1 fee record
STU000085,Student 85,Science,Tuition,18000,9000,Partial,2026-09-15,Term 2 fee record
STU000086,Student 86,Commerce,Tuition,25000,0,Pending,2026-04-15,Term 3 fee record
STU000087,Student 87,Commerce,Tuition,12000,0,Overdue,2026-03-15,Term 1 fee record
STU000088,Student 88,Secondary,Tuition,18000,0,Overdue,2026-01-15,Term 2 fee record
STU000089,Student 89,Commerce,Tuition,18000,9000,Partial,2026-06-15,Term 3 fee record
STU000090,Student 90,Primary,Tuition,25000,0,Pending,2026-02-15,Term 1 fee record
STU000091,Student 91,Commerce,Tuition,12000,0,Pending,2026-02-15,Term 2 fee record
STU000092,Student 92,Senior,Tuition,18000,9000,Partial,2026-01-15,Term 3 fee record
STU000093,Student 93,Primary,Tuition,18000,18000,Paid,2026-08-15,Term 1 fee record
STU000094,Student 94,Senior,Tuition,18000,0,Overdue,2026-08-15,Term 2 fee record
STU000095,Student 95,Primary,Tuition,12000,0,Pending,2026-07-15,Term 3 fee record
STU000096,Student 96,Science,Tuition,12000,0,Pending,2026-06-15,Term 1 fee record
STU000097,Student 97,Commerce,Tuition,25000,0,Pending,2026-03-15,Term 2 fee record
STU000098,Student 98,Commerce,Tuition,25000,0,Overdue,2026-02-15,Term 3 fee record
STU000099,Student 99,Science,Tuition,12000,0,Overdue,2026-09-15,Term 1 fee record
STU000100,Student 100,Science,Tuition,18000,0,Pending,2026-09-15,Term 2 fee record
STU000101,Student 101,Senior,Tuition,25000,12500,Partial,2026-07-15,Term 3 fee record
STU000102,Student 102,Senior,Tuition,25000,0,Pending,2026-03-15,Term 1 fee record
STU000103,Student 103,Science,Tuition,25000,12500,Partial,2026-08-15,Term 2 fee record
STU000104,Student 104,Science,Tuition,12000,0,Overdue,2026-02-15,Term 3 fee record
STU000105,Student 105,Science,Tuition,25000,25000,Paid,2026-07-15,Term 1 fee record
STU000106,Student 106,Science,Tuition,12000,12000,Paid,2026-07-15,Term 2 fee record
STU000107,Student 107,Commerce,Tuition,25000,25000,Paid,2026-02-15,Term 3 fee record
STU000108,Student 108,Primary,Tuition,25000,0,Pending,2026-09-15,Term 1 fee record
STU000109,Student 109,Commerce,Tuition,18000,0,Overdue,2026-05-15,Term 2 fee record
STU000110,Student 110,Commerce,Tuition,12000,0,Overdue,2026-03-15,Term 3 fee record
STU000111,Student 111,Commerce,Tuition,18000,0,Overdue,2026-09-15,Term 1 fee record
STU000112,Student 112,Secondary,Tuition,18000,18000,Paid,2026-07-15,Term 2 fee record
STU000113,Student 113,Senior,Tuition,25000,25000,Paid,2026-03-15,Term 3 fee record
STU000114,Student 114,Primary,Tuition,25000,25000,Paid,2026-04-15,Term 1 fee record
STU000115,Student 115,Primary,Tuition,12000,0,Pending,2026-05-15,Term 2 fee record
STU000116,Student 116,Secondary,Tuition,18000,9000,Partial,2026-08-15,Term 3 fee record
STU000117,Student 117,Science,Tuition,12000,0,Overdue,2026-02-15,Term 1 fee record
STU000118,Student 118,Secondary,Tuition,25000,12500,Partial,2026-09-15,Term 2 fee record
STU000119,Student 119,Commerce,Tuition,18000,18000,Paid,2026-07-15,Term 3 fee record
STU000120,Student 120,Science,Tuition,25000,0,Pending,2026-04-15,Term 1 fee record
STU000121,Student 121,Science,Tuition,25000,0,Pending,2026-04-15,Term 2 fee record
STU000122,Student 122,Secondary,Tuition,25000,0,Pending,2026-06-15,Term 3 fee record
STU000123,Student 123,Science,Tuition,12000,6000,Partial,2026-06-15,Term 1 fee record
STU000124,Student 124,Secondary,Tuition,12000,0,Pending,2026-02-15,Term 2 fee record
STU000125,Student 125,Secondary,Tuition,12000,0,Pending,2026-02-15,Term 3 fee record
STU000126,Student 126,Primary,Tuition,18000,0,Overdue,2026-07-15,Term 1 fee record
STU000127,Student 127,Secondary,Tuition,18000,0,Pending,2026-07-15,Term 2 fee record
STU000128,Student 128,Primary,Tuition,25000,25000,Paid,2026-04-15,Term 3 fee record
STU000129,Student 129,Senior,Tuition,25000,12500,Partial,2026-02-15,Term 1 fee record
STU000130,Student 130,Science,Tuition,25000,12500,Partial,2026-04-15,Term 2 fee record
STU000131,Student 131,Primary,Tuition,12000,0,Overdue,2026-01-15,Term 3 fee record
STU000132,Student 132,Secondary,Tuition,12000,0,Overdue,2026-04-15,Term 1 fee record
STU000133,Student 133,Secondary,Tuition,12000,12000,Paid,2026-03-15,Term 2 fee record
STU000134,Student 134,Primary,Tuition,12000,6000,Partial,2026-01-15,Term 3 fee record
STU000135,Student 135,Primary,Tuition,12000,0,Overdue,2026-02-15,Term 1 fee record
STU000136,Student 136,Commerce,Tuition,18000,0,Overdue,2026-07-15,Term 2 fee record
STU000137,Student 137,Commerce,Tuition,25000,12500,Partial,2026-04-15,Term 3 fee record
STU000138,Student 138,Primary,Tuition,25000,12500,Partial,2026-01-15,Term 1 fee record
STU000139,Student 139,Commerce,Tuition,12000,0,Pending,2026-08-15,Term 2 fee record
STU000140,Student 140,Commerce,Tuition,18000,9000,Partial,2026-04-15,Term 3 fee record
STU000141,Student 141,Primary,Tuition,25000,0,Pending,2026-09-15,Term 1 fee record
STU000142,Student 142,Primary,Tuition,12000,6000,Partial,2026-07-15,Term 2 fee record
STU000143,Student 143,Science,Tuition,25000,0,Pending,2026-06-15,Term 3 fee record
STU000144,Student 144,Primary,Tuition,18000,9000,Partial,2026-03-15,Term 1 fee record
STU000145,Student 145,Senior,Tuition,18000,0,Pending,2026-09-15,Term 2 fee record
STU000146,Student 146,Commerce,Tuition,25000,12500,Partial,2026-03-15,Term 3 fee record
STU000147,Student 147,Secondary,Tuition,18000,0,Pending,2026-02-15,Term 1 fee record
STU000148,Student 148,Commerce,Tuition,18000,9000,Partial,2026-02-15,Term 2 fee record
STU000149,Student 149,Science,Tuition,12000,6000,Partial,2026-01-15,Term 3 fee record
STU000150,Student 150,Senior,Tuition,12000,6000,Partial,2026-06-15,Term 1 fee record
STU000151,Student 151,Science,Tuition,12000,0,Overdue,2026-03-15,Term 2 fee record
STU000152,Student 152,Commerce,Tuition,25000,25000,Paid,2026-09-15,Term 3 fee record
STU000153,Student 153,Primary,Tuition,18000,0,Pending,2026-07-15,Term 1 fee record
STU000154,Student 154,Primary,Tuition,25000,25000,Paid,2026-02-15,Term 2 fee record
STU000155,Student 155,Senior,Tuition,25000,0,Pending,2026-08-15,Term 3 fee record
STU000156,Student 156,Secondary,Tuition,18000,18000,Paid,2026-07-15,Term 1 fee record
STU000157,Student 157,Senior,Tuition,12000,12000,Paid,2026-05-15,Term 2 fee record
STU000158,Student 158,Science,Tuition,18000,9000,Partial,2026-09-15,Term 3 fee record
STU000159,Student 159,Science,Tuition,25000,0,Overdue,2026-02-15,Term 1 fee record
STU000160,Student 160,Primary,Tuition,25000,0,Overdue,2026-09-15,Term 2 fee record
STU000161,Student 161,Commerce,Tuition,25000,25000,Paid,2026-03-15,Term 3 fee record
STU000162,Student 162,Secondary,Tuition,18000,0,Overdue,2026-08-15,Term 1 fee record
STU000163,Student 163,Commerce,Tuition,25000,25000,Paid,2026-08-15,Term 2 fee record
STU000164,Student 164,Science,Tuition,18000,9000,Partial,2026-07-15,Term 3 fee record
STU000165,Student 165,Senior,Tuition,25000,12500,Partial,2026-09-15,Term 1 fee record
STU000166,Student 166,Senior,Tuition,18000,0,Overdue,2026-09-15,Term 2 fee record
STU000167,Student 167,Primary,Tuition,18000,9000,Partial,2026-01-15,Term 3 fee record
STU000168,Student 168,Secondary,Tuition,12000,12000,Paid,2026-07-15,Term 1 fee record
STU000169,Student 169,Primary,Tuition,25000,0,Overdue,2026-06-15,Term 2 fee record
STU000170,Student 170,Primary,Tuition,25000,0,Overdue,2026-06-15,Term 3 fee record
STU000171,Student 171,Commerce,Tuition,12000,0,Pending,2026-08-15,Term 1 fee record
STU000172,Student 172,Primary,Tuition,18000,0,Pending,2026-09-15,Term 2 fee record
STU000173,Student 173,Secondary,Tuition,12000,0,Overdue,2026-04-15,Term 3 fee record
STU000174,Student 174,Primary,Tuition,25000,25000,Paid,2026-07-15,Term 1 fee record
STU000175,Student 175,Secondary,Tuition,18000,18000,Paid,2026-01-15,Term 2 fee record
STU000176,Student 176,Primary,Tuition,18000,0,Pending,2026-06-15,Term 3 fee record
STU000177,Student 177,Commerce,Tuition,18000,0,Pending,2026-08-15,Term 1 fee record
STU000178,Student 178,Science,Tuition,25000,12500,Partial,2026-07-15,Term 2 fee record
STU000179,Student 179,Senior,Tuition,18000,0,Pending,2026-03-15,Term 3 fee record
STU000180,Student 180,Primary,Tuition,12000,0,Overdue,2026-09-15,Term 1 fee record
STU000181,Student 181,Senior,Tuition,18000,9000,Partial,2026-05-15,Term 2 fee record
STU000182,Student 182,Senior,Tuition,25000,0,Pending,2026-04-15,Term 3 fee record
STU000183,Student 183,Science,Tuition,12000,0,Pending,2026-04-15,Term 1 fee record
STU000184,Student 184,Primary,Tuition,25000,25000,Paid,2026-01-15,Term 2 fee record
STU000185,Student 185,Commerce,Tuition,18000,9000,Partial,2026-01-15,Term 3 fee record
STU000186,Student 186,Primary,Tuition,25000,25000,Paid,2026-04-15,Term 1 fee record
STU000187,Student 187,Primary,Tuition,25000,12500,Partial,2026-02-15,Term 2 fee record
STU000188,Student 188,Science,Tuition,25000,0,Pending,2026-04-15,Term 3 fee record
STU000189,Student 189,Commerce,Tuition,25000,12500,Partial,2026-08-15,Term 1 fee record
STU000190,Student 190,Senior,Tuition,18000,0,Pending,2026-06-15,Term 2 fee record
STU000191,Student 191,Primary,Tuition,18000,0,Pending,2026-02-15,Term 3 fee record
STU000192,Student 192,Commerce,Tuition,18000,0,Pending,2026-07-15,Term 1 fee record
STU000193,Student 193,Commerce,Tuition,25000,12500,Partial,2026-03-15,Term 2 fee record
STU000194,Student 194,Science,Tuition,18000,0,Pending,2026-06-15,Term 3 fee record
STU000195,Student 195,Commerce,Tuition,18000,0,Pending,2026-06-15,Term 1 fee record
STU000196,Student 196,Commerce,Tuition,25000,25000,Paid,2026-06-15,Term 2 fee record
STU000197,Student 197,Commerce,Tuition,12000,12000,Paid,2026-08-15,Term 3 fee record
STU000198,Student 198,Senior,Tuition,25000,0,Overdue,2026-01-15,Term 1 fee record
STU000199,Student 199,Secondary,Tuition,12000,6000,Partial,2026-02-15,Term 2 fee record
STU000200,Student 200,Commerce,Tuition,25000,12500,Partial,2026-06-15,Term 3 fee record
STU000201,Student 201,Secondary,Tuition,18000,0,Pending,2026-06-15,Term 1 fee record
STU000202,Student 202,Senior,Tuition,25000,12500,Partial,2026-02-15,Term 2 fee record
STU000203,Student 203,Science,Tuition,18000,0,Overdue,2026-05-15,Term 3 fee record
STU000204,Student 204,Commerce,Tuition,18000,9000,Partial,2026-06-15,Term 1 fee record
STU000205,Student 205,Science,Tuition,12000,0,Overdue,2026-04-15,Term 2 fee record
STU000206,Student 206,Senior,Tuition,12000,6000,Partial,2026-01-15,Term 3 fee record
STU000207,Student 207,Science,Tuition,18000,0,Overdue,2026-07-15,Term 1 fee record
STU000208,Student 208,Commerce,Tuition,12000,6000,Partial,2026-09-15,Term 2 fee record
STU000209,Student 209,Secondary,Tuition,12000,0,Pending,2026-02-15,Term 3 fee record
STU000210,Student 210,Primary,Tuition,18000,9000,Partial,2026-04-15,Term 1 fee record
STU000211,Student 211,Science,Tuition,25000,25000,Paid,2026-03-15,Term 2 fee record
STU000212,Student 212,Primary,Tuition,25000,12500,Partial,2026-07-15,Term 3 fee record
STU000213,Student 213,Science,Tuition,12000,6000,Partial,2026-02-15,Term 1 fee record
STU000214,Student 214,Senior,Tuition,18000,18000,Paid,2026-02-15,Term 2 fee record
STU000215,Student 215,Primary,Tuition,18000,18000,Paid,2026-03-15,Term 3 fee record
STU000216,Student 216,Secondary,Tuition,12000,0,Overdue,2026-04-15,Term 1 fee record
STU000217,Student 217,Commerce,Tuition,18000,9000,Partial,2026-07-15,Term 2 fee record
STU000218,Student 218,Senior,Tuition,18000,9000,Partial,2026-03-15,Term 3 fee record
STU000219,Student 219,Science,Tuition,18000,0,Overdue,2026-02-15,Term 1 fee record
STU000220,Student 220,Commerce,Tuition,25000,25000,Paid,2026-06-15,Term 2 fee record
STU000221,Student 221,Primary,Tuition,12000,0,Overdue,2026-08-15,Term 3 fee record
STU000222,Student 222,Science,Tuition,25000,25000,Paid,2026-06-15,Term 1 fee record
STU000223,Student 223,Primary,Tuition,25000,25000,Paid,2026-07-15,Term 2 fee record
STU000224,Student 224,Secondary,Tuition,18000,0,Pending,2026-03-15,Term 3 fee record
STU000225,Student 225,Secondary,Tuition,25000,0,Overdue,2026-06-15,Term 1 fee record
STU000226,Student 226,Commerce,Tuition,12000,0,Overdue,2026-09-15,Term 2 fee record
STU000227,Student 227,Primary,Tuition,18000,9000,Partial,2026-08-15,Term 3 fee record
STU000228,Student 228,Senior,Tuition,18000,18000,Paid,2026-03-15,Term 1 fee record
STU000229,Student 229,Commerce,Tuition,12000,12000,Paid,2026-01-15,Term 2 fee record
STU000230,Student 230,Primary,Tuition,25000,0,Overdue,2026-06-15,Term 3 fee record
STU000231,Student 231,Secondary,Tuition,12000,0,Pending,2026-06-15,Term 1 fee record
STU000232,Student 232,Science,Tuition,12000,0,Pending,2026-08-15,Term 2 fee record
STU000233,Student 233,Commerce,Tuition,25000,0,Pending,2026-03-15,Term 3 fee record
STU000234,Student 234,Secondary,Tuition,18000,0,Overdue,2026-05-15,Term 1 fee record
STU000235,Student 235,Senior,Tuition,25000,0,Overdue,2026-08-15,Term 2 fee record
STU000236,Student 236,Science,Tuition,18000,9000,Partial,2026-02-15,Term 3 fee record
STU000237,Student 237,Commerce,Tuition,18000,0,Pending,2026-01-15,Term 1 fee record
STU000238,Student 238,Commerce,Tuition,12000,0,Pending,2026-09-15,Term 2 fee record
STU000239,Student 239,Primary,Tuition,25000,12500,Partial,2026-04-15,Term 3 fee record
STU000240,Student 240,Senior,Tuition,12000,0,Overdue,2026-08-15,Term 1 fee record
STU000241,Student 241,Science,Tuition,12000,0,Overdue,2026-03-15,Term 2 fee record
STU000242,Student 242,Senior,Tuition,18000,0,Pending,2026-03-15,Term 3 fee record
STU000243,Student 243,Science,Tuition,18000,0,Pending,2026-05-15,Term 1 fee record
STU000244,Student 244,Secondary,Tuition,25000,25000,Paid,2026-03-15,Term 2 fee record
STU000245,Student 245,Secondary,Tuition,12000,0,Pending,2026-03-15,Term 3 fee record
STU000246,Student 246,Senior,Tuition,12000,6000,Partial,2026-09-15,Term 1 fee record
STU000247,Student 247,Commerce,Tuition,12000,0,Overdue,2026-02-15,Term 2 fee record
STU000248,Student 248,Primary,Tuition,25000,12500,Partial,2026-04-15,Term 3 fee record
STU000249,Student 249,Primary,Tuition,18000,0,Pending,2026-08-15,Term 1 fee record
STU000250,Student 250,Science,Tuition,12000,12000,Paid,2026-07-15,Term 2 fee record
STU000251,Student 251,Secondary,Tuition,25000,0,Overdue,2026-05-15,Term 3 fee record
STU000252,Student 252,Commerce,Tuition,18000,9000,Partial,2026-02-15,Term 1 fee record
STU000253,Student 253,Commerce,Tuition,25000,12500,Partial,2026-02-15,Term 2 fee record
STU000254,Student 254,Secondary,Tuition,18000,18000,Paid,2026-02-15,Term 3 fee record
STU000255,Student 255,Commerce,Tuition,25000,0,Overdue,2026-02-15,Term 1 fee record
STU000256,Student 256,Primary,Tuition,25000,0,Overdue,2026-07-15,Term 2 fee record
STU000257,Student 257,Secondary,Tuition,25000,0,Overdue,2026-05-15,Term 3 fee record
STU000258,Student 258,Commerce,Tuition,25000,25000,Paid,2026-01-15,Term 1 fee record
STU000259,Student 259,Science,Tuition,25000,0,Pending,2026-03-15,Term 2 fee record
STU000260,Student 260,Science,Tuition,18000,0,Overdue,2026-05-15,Term 3 fee record
STU000261,Student 261,Science,Tuition,18000,0,Overdue,2026-02-15,Term 1 fee record
STU000262,Student 262,Secondary,Tuition,18000,0,Pending,2026-07-15,Term 2 fee record
STU000263,Student 263,Senior,Tuition,25000,25000,Paid,2026-05-15,Term 3 fee record
STU000264,Student 264,Senior,Tuition,18000,0,Overdue,2026-08-15,Term 1 fee record
STU000265,Student 265,Primary,Tuition,18000,18000,Paid,2026-03-15,Term 2 fee record
STU000266,Student 266,Secondary,Tuition,25000,25000,Paid,2026-03-15,Term 3 fee record
STU000267,Student 267,Commerce,Tuition,12000,0,Pending,2026-01-15,Term 1 fee record
STU000268,Student 268,Primary,Tuition,18000,18000,Paid,2026-04-15,Term 2 fee record
STU000269,Student 269,Primary,Tuition,12000,0,Pending,2026-07-15,Term 3 fee record
STU000270,Student 270,Senior,Tuition,18000,18000,Paid,2026-07-15,Term 1 fee record
STU000271,Student 271,Secondary,Tuition,25000,0,Pending,2026-03-15,Term 2 fee record
STU000272,Student 272,Commerce,Tuition,25000,0,Overdue,2026-06-15,Term 3 fee record
STU000273,Student 273,Commerce,Tuition,18000,18000,Paid,2026-06-15,Term 1 fee record
STU000274,Student 274,Senior,Tuition,12000,12000,Paid,2026-06-15,Term 2 fee record
STU000275,Student 275,Senior,Tuition,12000,6000,Partial,2026-08-15,Term 3 fee record
STU000276,Student 276,Secondary,Tuition,12000,0,Overdue,2026-09-15,Term 1 fee record
STU000277,Student 277,Primary,Tuition,18000,9000,Partial,2026-03-15,Term 2 fee record
STU000278,Student 278,Science,Tuition,18000,9000,Partial,2026-04-15,Term 3 fee record
STU000279,Student 279,Science,Tuition,18000,0,Pending,2026-04-15,Term 1 fee record
STU000280,Student 280,Science,Tuition,25000,0,Pending,2026-01-15,Term 2 fee record
STU000281,Student 281,Primary,Tuition,25000,0,Pending,2026-03-15,Term 3 fee record
STU000282,Student 282,Science,Tuition,12000,0,Overdue,2026-07-15,Term 1 fee record
STU000283,Student 283,Senior,Tuition,25000,12500,Partial,2026-02-15,Term 2 fee record
STU000284,Student 284,Commerce,Tuition,18000,9000,Partial,2026-02-15,Term 3 fee record
STU000285,Student 285,Secondary,Tuition,18000,0,Pending,2026-09-15,Term 1 fee record
STU000286,Student 286,Science,Tuition,25000,25000,Paid,2026-05-15,Term 2 fee record
STU000287,Student 287,Science,Tuition,12000,6000,Partial,2026-03-15,Term 3 fee record
STU000288,Student 288,Senior,Tuition,12000,12000,Paid,2026-06-15,Term 1 fee record
STU000289,Student 289,Secondary,Tuition,12000,6000,Partial,2026-03-15,Term 2 fee record
STU000290,Student 290,Commerce,Tuition,25000,25000,Paid,2026-01-15,Term 3 fee record
STU000291,Student 291,Secondary,Tuition,18000,0,Pending,2026-05-15,Term 1 fee record
STU000292,Student 292,Science,Tuition,25000,0,Overdue,2026-01-15,Term 2 fee record
STU000293,Student 293,Commerce,Tuition,12000,0,Pending,2026-08-15,Term 3 fee record
STU000294,Student 294,Science,Tuition,12000,0,Pending,2026-07-15,Term 1 fee record
STU000295,Student 295,Secondary,Tuition,12000,0,Overdue,2026-06-15,Term 2 fee record
STU000296,Student 296,Senior,Tuition,25000,0,Pending,2026-04-15,Term 3 fee record
STU000297,Student 297,Primary,Tuition,25000,12500,Partial,2026-01-15,Term 1 fee record
STU000298,Student 298,Commerce,Tuition,25000,0,Pending,2026-08-15,Term 2 fee record
STU000299,Student 299,Commerce,Tuition,25000,25000,Paid,2026-06-15,Term 3 fee record
STU000300,Student 300,Senior,Tuition,18000,0,Overdue,2026-08-15,Term 1 fee record
STU000301,Student 301,Commerce,Tuition,18000,0,Overdue,2026-02-15,Term 2 fee record
STU000302,Student 302,Science,Tuition,25000,25000,Paid,2026-06-15,Term 3 fee record
STU000303,Student 303,Commerce,Tuition,25000,0,Overdue,2026-01-15,Term 1 fee record
STU000304,Student 304,Senior,Tuition,18000,18000,Paid,2026-07-15,Term 2 fee record
STU000305,Student 305,Science,Tuition,25000,0,Overdue,2026-06-15,Term 3 fee record
STU000306,Student 306,Secondary,Tuition,18000,18000,Paid,2026-02-15,Term 1 fee record
STU000307,Student 307,Science,Tuition,18000,0,Pending,2026-07-15,Term 2 fee record
STU000308,Student 308,Primary,Tuition,12000,0,Overdue,2026-09-15,Term 3 fee record
STU000309,Student 309,Commerce,Tuition,12000,6000,Partial,2026-04-15,Term 1 fee record
STU000310,Student 310,Science,Tuition,12000,6000,Partial,2026-07-15,Term 2 fee record
STU000311,Student 311,Secondary,Tuition,25000,0,Pending,2026-07-15,Term 3 fee record
STU000312,Student 312,Primary,Tuition,25000,25000,Paid,2026-02-15,Term 1 fee record
STU000313,Student 313,Primary,Tuition,25000,0,Pending,2026-09-15,Term 2 fee record
STU000314,Student 314,Primary,Tuition,25000,0,Overdue,2026-05-15,Term 3 fee record
STU000315,Student 315,Primary,Tuition,12000,6000,Partial,2026-06-15,Term 1 fee record
STU000316,Student 316,Commerce,Tuition,12000,12000,Paid,2026-08-15,Term 2 fee record
STU000317,Student 317,Secondary,Tuition,25000,0,Overdue,2026-06-15,Term 3 fee record
STU000318,Student 318,Primary,Tuition,25000,0,Pending,2026-05-15,Term 1 fee record
STU000319,Student 319,Senior,Tuition,12000,0,Overdue,2026-05-15,Term 2 fee record
STU000320,Student 320,Secondary,Tuition,18000,0,Overdue,2026-08-15,Term 3 fee record
STU000321,Student 321,Senior,Tuition,12000,0,Pending,2026-01-15,Term 1 fee record
STU000322,Student 322,Senior,Tuition,12000,6000,Partial,2026-08-15,Term 2 fee record
STU000323,Student 323,Science,Tuition,12000,0,Pending,2026-04-15,Term 3 fee record
STU000324,Student 324,Secondary,Tuition,25000,0,Pending,2026-01-15,Term 1 fee record
STU000325,Student 325,Senior,Tuition,25000,25000,Paid,2026-06-15,Term 2 fee record
STU000326,Student 326,Secondary,Tuition,18000,0,Overdue,2026-06-15,Term 3 fee record
STU000327,Student 327,Commerce,Tuition,25000,0,Overdue,2026-02-15,Term 1 fee record
STU000328,Student 328,Senior,Tuition,12000,0,Pending,2026-02-15,Term 2 fee record
STU000329,Student 329,Senior,Tuition,25000,0,Pending,2026-03-15,Term 3 fee record
STU000330,Student 330,Science,Tuition,25000,0,Pending,2026-05-15,Term 1 fee record
STU000331,Student 331,Science,Tuition,18000,9000,Partial,2026-02-15,Term 2 fee record
STU000332,Student 332,Senior,Tuition,25000,0,Pending,2026-03-15,Term 3 fee record
STU000333,Student 333,Senior,Tuition,25000,0,Pending,2026-03-15,Term 1 fee record
STU000334,Student 334,Commerce,Tuition,25000,25000,Paid,2026-02-15,Term 2 fee record
STU000335,Student 335,Science,Tuition,18000,18000,Paid,2026-01-15,Term 3 fee record
STU000336,Student 336,Science,Tuition,12000,6000,Partial,2026-05-15,Term 1 fee record
STU000337,Student 337,Secondary,Tuition,18000,18000,Paid,2026-05-15,Term 2 fee record
STU000338,Student 338,Secondary,Tuition,12000,0,Pending,2026-05-15,Term 3 fee record
STU000339,Student 339,Secondary,Tuition,25000,25000,Paid,2026-03-15,Term 1 fee record
STU000340,Student 340,Science,Tuition,12000,0,Overdue,2026-07-15,Term 2 fee record
STU000341,Student 341,Primary,Tuition,12000,0,Overdue,2026-03-15,Term 3 fee record
STU000342,Student 342,Senior,Tuition,12000,6000,Partial,2026-08-15,Term 1 fee record
STU000343,Student 343,Science,Tuition,12000,6000,Partial,2026-09-15,Term 2 fee record
STU000344,Student 344,Science,Tuition,25000,0,Pending,2026-03-15,Term 3 fee record
STU000345,Student 345,Secondary,Tuition,12000,0,Overdue,2026-08-15,Term 1 fee record
STU000346,Student 346,Secondary,Tuition,25000,12500,Partial,2026-05-15,Term 2 fee record
STU000347,Student 347,Science,Tuition,18000,0,Pending,2026-08-15,Term 3 fee record
STU000348,Student 348,Secondary,Tuition,18000,18000,Paid,2026-01-15,Term 1 fee record
STU000349,Student 349,Secondary,Tuition,25000,0,Overdue,2026-06-15,Term 2 fee record
STU000350,Student 350,Science,Tuition,12000,12000,Paid,2026-08-15,Term 3 fee record
STU000351,Student 351,Senior,Tuition,18000,0,Overdue,2026-01-15,Term 1 fee record
STU000352,Student 352,Secondary,Tuition,12000,12000,Paid,2026-09-15,Term 2 fee record
STU000353,Student 353,Science,Tuition,25000,0,Pending,2026-03-15,Term 3 fee record
STU000354,Student 354,Commerce,Tuition,12000,6000,Partial,2026-01-15,Term 1 fee record
STU000355,Student 355,Science,Tuition,25000,12500,Partial,2026-09-15,Term 2 fee record
STU000356,Student 356,Primary,Tuition,18000,0,Overdue,2026-09-15,Term 3 fee record
STU000357,Student 357,Senior,Tuition,12000,0,Overdue,2026-04-15,Term 1 fee record
STU000358,Student 358,Science,Tuition,12000,0,Overdue,2026-08-15,Term 2 fee record
STU000359,Student 359,Commerce,Tuition,12000,6000,Partial,2026-08-15,Term 3 fee record
STU000360,Student 360,Primary,Tuition,18000,0,Pending,2026-03-15,Term 1 fee record
STU000361,Student 361,Secondary,Tuition,18000,0,Pending,2026-08-15,Term 2 fee record
STU000362,Student 362,Primary,Tuition,25000,25000,Paid,2026-04-15,Term 3 fee record
STU000363,Student 363,Primary,Tuition,18000,0,Pending,2026-07-15,Term 1 fee record
STU000364,Student 364,Commerce,Tuition,25000,12500,Partial,2026-07-15,Term 2 fee record
STU000365,Student 365,Science,Tuition,12000,12000,Paid,2026-04-15,Term 3 fee record
STU000366,Student 366,Primary,Tuition,18000,9000,Partial,2026-09-15,Term 1 fee record
STU000367,Student 367,Commerce,Tuition,12000,0,Overdue,2026-02-15,Term 2 fee record
STU000368,Student 368,Senior,Tuition,12000,6000,Partial,2026-06-15,Term 3 fee record
STU000369,Student 369,Primary,Tuition,25000,0,Pending,2026-03-15,Term 1 fee record
STU000370,Student 370,Senior,Tuition,18000,18000,Paid,2026-03-15,Term 2 fee record
STU000371,Student 371,Secondary,Tuition,18000,0,Overdue,2026-07-15,Term 3 fee record
STU000372,Student 372,Secondary,Tuition,18000,18000,Paid,2026-07-15,Term 1 fee record
STU000373,Student 373,Secondary,Tuition,18000,0,Pending,2026-09-15,Term 2 fee record
STU000374,Student 374,Secondary,Tuition,12000,0,Overdue,2026-07-15,Term 3 fee record
STU000375,Student 375,Senior,Tuition,12000,0,Overdue,2026-08-15,Term 1 fee record
STU000376,Student 376,Secondary,Tuition,18000,0,Overdue,2026-08-15,Term 2 fee record
STU000377,Student 377,Commerce,Tuition,12000,0,Overdue,2026-02-15,Term 3 fee record
STU000378,Student 378,Senior,Tuition,12000,6000,Partial,2026-05-15,Term 1 fee record
STU000379,Student 379,Science,Tuition,25000,25000,Paid,2026-03-15,Term 2 fee record
STU000380,Student 380,Science,Tuition,25000,12500,Partial,2026-07-15,Term 3 fee record
STU000381,Student 381,Senior,Tuition,25000,0,Pending,2026-02-15,Term 1 fee record
STU000382,Student 382,Secondary,Tuition,18000,18000,Paid,2026-06-15,Term 2 fee record
STU000383,Student 383,Primary,Tuition,12000,0,Pending,2026-01-15,Term 3 fee record
STU000384,Student 384,Commerce,Tuition,18000,0,Overdue,2026-02-15,Term 1 fee record
STU000385,Student 385,Senior,Tuition,18000,9000,Partial,2026-09-15,Term 2 fee record
STU000386,Student 386,Senior,Tuition,25000,25000,Paid,2026-07-15,Term 3 fee record
STU000387,Student 387,Commerce,Tuition,25000,0,Pending,2026-01-15,Term 1 fee record
STU000388,Student 388,Science,Tuition,12000,0,Pending,2026-03-15,Term 2 fee record
STU000389,Student 389,Senior,Tuition,12000,0,Pending,2026-07-15,Term 3 fee record
STU000390,Student 390,Science,Tuition,18000,0,Overdue,2026-03-15,Term 1 fee record
STU000391,Student 391,Senior,Tuition,25000,12500,Partial,2026-08-15,Term 2 fee record
STU000392,Student 392,Secondary,Tuition,25000,0,Overdue,2026-04-15,Term 3 fee record
STU000393,Student 393,Commerce,Tuition,18000,0,Overdue,2026-03-15,Term 1 fee record
STU000394,Student 394,Secondary,Tuition,18000,9000,Partial,2026-02-15,Term 2 fee record
STU000395,Student 395,Senior,Tuition,18000,9000,Partial,2026-04-15,Term 3 fee record
STU000396,Student 396,Primary,Tuition,12000,12000,Paid,2026-08-15,Term 1 fee record
STU000397,Student 397,Senior,Tuition,25000,25000,Paid,2026-02-15,Term 2 fee record
STU000398,Student 398,Primary,Tuition,12000,6000,Partial,2026-06-15,Term 3 fee record
STU000399,Student 399,Primary,Tuition,12000,6000,Partial,2026-07-15,Term 1 fee record
STU000400,Student 400,Commerce,Tuition,12000,0,Overdue,2026-01-15,Term 2 fee record
STU000401,Student 401,Senior,Tuition,18000,0,Overdue,2026-05-15,Term 3 fee record
STU000402,Student 402,Secondary,Tuition,18000,9000,Partial,2026-03-15,Term 1 fee record
STU000403,Student 403,Commerce,Tuition,18000,0,Pending,2026-03-15,Term 2 fee record
STU000404,Student 404,Science,Tuition,18000,0,Pending,2026-02-15,Term 3 fee record
STU000405,Student 405,Commerce,Tuition,25000,12500,Partial,2026-03-15,Term 1 fee record
STU000406,Student 406,Science,Tuition,18000,9000,Partial,2026-05-15,Term 2 fee record
STU000407,Student 407,Commerce,Tuition,25000,25000,Paid,2026-02-15,Term 3 fee record
STU000408,Student 408,Commerce,Tuition,18000,18000,Paid,2026-05-15,Term 1 fee record
STU000409,Student 409,Commerce,Tuition,12000,0,Overdue,2026-05-15,Term 2 fee record
STU000410,Student 410,Senior,Tuition,18000,9000,Partial,2026-02-15,Term 3 fee record
STU000411,Student 411,Senior,Tuition,12000,12000,Paid,2026-06-15,Term 1 fee record
STU000412,Student 412,Senior,Tuition,18000,9000,Partial,2026-03-15,Term 2 fee record
STU000413,Student 413,Commerce,Tuition,25000,0,Overdue,2026-06-15,Term 3 fee record
STU000414,Student 414,Science,Tuition,18000,18000,Paid,2026-04-15,Term 1 fee record
STU000415,Student 415,Science,Tuition,12000,12000,Paid,2026-09-15,Term 2 fee record
STU000416,Student 416,Primary,Tuition,18000,0,Overdue,2026-05-15,Term 3 fee record
STU000417,Student 417,Commerce,Tuition,12000,0,Overdue,2026-07-15,Term 1 fee record
STU000418,Student 418,Secondary,Tuition,18000,18000,Paid,2026-09-15,Term 2 fee record
STU000419,Student 419,Commerce,Tuition,18000,9000,Partial,2026-06-15,Term 3 fee record
STU000420,Student 420,Secondary,Tuition,18000,18000,Paid,2026-04-15,Term 1 fee record
STU000421,Student 421,Senior,Tuition,18000,0,Pending,2026-04-15,Term 2 fee record
STU000422,Student 422,Science,Tuition,12000,12000,Paid,2026-07-15,Term 3 fee record
STU000423,Student 423,Science,Tuition,12000,0,Pending,2026-08-15,Term 1 fee record
STU000424,Student 424,Science,Tuition,25000,25000,Paid,2026-09-15,Term 2 fee record
STU000425,Student 425,Senior,Tuition,25000,12500,Partial,2026-06-15,Term 3 fee record
STU000426,Student 426,Senior,Tuition,12000,12000,Paid,2026-04-15,Term 1 fee record
STU000427,Student 427,Secondary,Tuition,25000,0,Overdue,2026-04-15,Term 2 fee record
STU000428,Student 428,Senior,Tuition,12000,0,Pending,2026-08-15,Term 3 fee record
STU000429,Student 429,Senior,Tuition,25000,12500,Partial,2026-07-15,Term 1 fee record
STU000430,Student 430,Science,Tuition,18000,9000,Partial,2026-08-15,Term 2 fee record
STU000431,Student 431,Senior,Tuition,12000,0,Pending,2026-06-15,Term 3 fee record
STU000432,Student 432,Science,Tuition,25000,0,Pending,2026-03-15,Term 1 fee record
STU000433,Student 433,Primary,Tuition,12000,12000,Paid,2026-05-15,Term 2 fee record
STU000434,Student 434,Science,Tuition,12000,0,Overdue,2026-08-15,Term 3 fee record
STU000435,Student 435,Science,Tuition,12000,0,Pending,2026-07-15,Term 1 fee record
STU000436,Student 436,Senior,Tuition,18000,18000,Paid,2026-05-15,Term 2 fee record
STU000437,Student 437,Senior,Tuition,18000,0,Overdue,2026-05-15,Term 3 fee record
STU000438,Student 438,Secondary,Tuition,18000,9000,Partial,2026-06-15,Term 1 fee record
STU000439,Student 439,Science,Tuition,12000,0,Pending,2026-07-15,Term 2 fee record
STU000440,Student 440,Science,Tuition,25000,0,Pending,2026-05-15,Term 3 fee record
STU000441,Student 441,Secondary,Tuition,12000,0,Pending,2026-07-15,Term 1 fee record
STU000442,Student 442,Secondary,Tuition,25000,12500,Partial,2026-03-15,Term 2 fee record
STU000443,Student 443,Science,Tuition,12000,0,Overdue,2026-03-15,Term 3 fee record
STU000444,Student 444,Commerce,Tuition,18000,9000,Partial,2026-05-15,Term 1 fee record
STU000445,Student 445,Commerce,Tuition,25000,0,Overdue,2026-03-15,Term 2 fee record
STU000446,Student 446,Primary,Tuition,12000,0,Pending,2026-01-15,Term 3 fee record
STU000447,Student 447,Senior,Tuition,12000,6000,Partial,2026-09-15,Term 1 fee record
STU000448,Student 448,Senior,Tuition,12000,0,Overdue,2026-01-15,Term 2 fee record
STU000449,Student 449,Secondary,Tuition,25000,0,Overdue,2026-06-15,Term 3 fee record
STU000450,Student 450,Commerce,Tuition,12000,6000,Partial,2026-05-15,Term 1 fee record
STU000451,Student 451,Science,Tuition,12000,0,Overdue,2026-07-15,Term 2 fee record
STU000452,Student 452,Secondary,Tuition,12000,0,Overdue,2026-09-15,Term 3 fee record
STU000453,Student 453,Commerce,Tuition,18000,0,Pending,2026-03-15,Term 1 fee record
STU000454,Student 454,Commerce,Tuition,12000,6000,Partial,2026-07-15,Term 2 fee record
STU000455,Student 455,Senior,Tuition,12000,0,Pending,2026-01-15,Term 3 fee record
STU000456,Student 456,Senior,Tuition,18000,0,Pending,2026-07-15,Term 1 fee record
STU000457,Student 457,Secondary,Tuition,18000,9000,Partial,2026-02-15,Term 2 fee record
STU000458,Student 458,Senior,Tuition,18000,0,Pending,2026-09-15,Term 3 fee record
STU000459,Student 459,Secondary,Tuition,18000,18000,Paid,2026-02-15,Term 1 fee record
STU000460,Student 460,Primary,Tuition,12000,6000,Partial,2026-01-15,Term 2 fee record
STU000461,Student 461,Commerce,Tuition,12000,6000,Partial,2026-03-15,Term 3 fee record
STU000462,Student 462,Commerce,Tuition,12000,0,Overdue,2026-01-15,Term 1 fee record
STU000463,Student 463,Science,Tuition,18000,9000,Partial,2026-07-15,Term 2 fee record
STU000464,Student 464,Secondary,Tuition,25000,25000,Paid,2026-09-15,Term 3 fee record
STU000465,Student 465,Senior,Tuition,25000,12500,Partial,2026-04-15,Term 1 fee record
STU000466,Student 466,Commerce,Tuition,18000,0,Pending,2026-01-15,Term 2 fee record
STU000467,Student 467,Secondary,Tuition,12000,12000,Paid,2026-09-15,Term 3 fee record
STU000468,Student 468,Senior,Tuition,12000,12000,Paid,2026-06-15,Term 1 fee record
STU000469,Student 469,Primary,Tuition,12000,6000,Partial,2026-09-15,Term 2 fee record
STU000470,Student 470,Secondary,Tuition,18000,18000,Paid,2026-02-15,Term 3 fee record
STU000471,Student 471,Science,Tuition,18000,18000,Paid,2026-05-15,Term 1 fee record
STU000472,Student 472,Commerce,Tuition,12000,0,Overdue,2026-05-15,Term 2 fee record
STU000473,Student 473,Commerce,Tuition,25000,25000,Paid,2026-07-15,Term 3 fee record
STU000474,Student 474,Senior,Tuition,25000,0,Overdue,2026-01-15,Term 1 fee record
STU000475,Student 475,Secondary,Tuition,12000,0,Pending,2026-06-15,Term 2 fee record
STU000476,Student 476,Science,Tuition,18000,9000,Partial,2026-05-15,Term 3 fee record
STU000477,Student 477,Senior,Tuition,18000,0,Overdue,2026-05-15,Term 1 fee record
STU000478,Student 478,Senior,Tuition,18000,18000,Paid,2026-02-15,Term 2 fee record
STU000479,Student 479,Secondary,Tuition,18000,9000,Partial,2026-03-15,Term 3 fee record
STU000480,Student 480,Secondary,Tuition,12000,12000,Paid,2026-09-15,Term 1 fee record
STU000481,Student 481,Secondary,Tuition,18000,0,Pending,2026-06-15,Term 2 fee record
STU000482,Student 482,Secondary,Tuition,12000,0,Pending,2026-06-15,Term 3 fee record
STU000483,Student 483,Commerce,Tuition,18000,0,Pending,2026-01-15,Term 1 fee record
STU000484,Student 484,Science,Tuition,12000,0,Overdue,2026-01-15,Term 2 fee record
STU000485,Student 485,Senior,Tuition,18000,18000,Paid,2026-09-15,Term 3 fee record
STU000486,Student 486,Secondary,Tuition,12000,12000,Paid,2026-06-15,Term 1 fee record
STU000487,Student 487,Science,Tuition,12000,12000,Paid,2026-06-15,Term 2 fee record
STU000488,Student 488,Secondary,Tuition,18000,0,Overdue,2026-08-15,Term 3 fee record
STU000489,Student 489,Senior,Tuition,18000,0,Pending,2026-02-15,Term 1 fee record
STU000490,Student 490,Senior,Tuition,25000,0,Overdue,2026-03-15,Term 2 fee record
STU000491,Student 491,Secondary,Tuition,18000,18000,Paid,2026-07-15,Term 3 fee record
STU000492,Student 492,Secondary,Tuition,25000,25000,Paid,2026-06-15,Term 1 fee record
STU000493,Student 493,Science,Tuition,18000,0,Overdue,2026-02-15,Term 2 fee record
STU000494,Student 494,Commerce,Tuition,12000,0,Overdue,2026-08-15,Term 3 fee record
STU000495,Student 495,Science,Tuition,18000,0,Overdue,2026-04-15,Term 1 fee record
STU000496,Student 496,Science,Tuition,18000,18000,Paid,2026-01-15,Term 2 fee record
STU000497,Student 497,Commerce,Tuition,25000,0,Overdue,2026-05-15,Term 3 fee record
STU000498,Student 498,Science,Tuition,25000,25000,Paid,2026-01-15,Term 1 fee record
STU000499,Student 499,Science,Tuition,18000,0,Pending,2026-08-15,Term 2 fee record
STU000500,Student 500,Science,Tuition,18000,9000,Partial,2026-06-15,Term 3 fee record
STU000501,Student 501,Science,Tuition,12000,0,Overdue,2026-07-15,Term 1 fee record
STU000502,Student 502,Commerce,Tuition,12000,0,Pending,2026-02-15,Term 2 fee record
STU000503,Student 503,Secondary,Tuition,12000,0,Pending,2026-02-15,Term 3 fee record
STU000504,Student 504,Senior,Tuition,12000,6000,Partial,2026-02-15,Term 1 fee record
STU000505,Student 505,Senior,Tuition,12000,12000,Paid,2026-05-15,Term 2 fee record
STU000506,Student 506,Commerce,Tuition,25000,12500,Partial,2026-04-15,Term 3 fee record
STU000507,Student 507,Commerce,Tuition,25000,25000,Paid,2026-04-15,Term 1 fee record
STU000508,Student 508,Secondary,Tuition,18000,9000,Partial,2026-02-15,Term 2 fee record
STU000509,Student 509,Commerce,Tuition,12000,0,Overdue,2026-04-15,Term 3 fee record
STU000510,Student 510,Primary,Tuition,12000,0,Overdue,2026-09-15,Term 1 fee record
STU000511,Student 511,Senior,Tuition,12000,0,Pending,2026-03-15,Term 2 fee record
STU000512,Student 512,Primary,Tuition,12000,6000,Partial,2026-06-15,Term 3 fee record
STU000513,Student 513,Primary,Tuition,12000,6000,Partial,2026-07-15,Term 1 fee record
STU000514,Student 514,Primary,Tuition,12000,0,Overdue,2026-08-15,Term 2 fee record
STU000515,Student 515,Primary,Tuition,18000,18000,Paid,2026-04-15,Term 3 fee record
STU000516,Student 516,Secondary,Tuition,25000,12500,Partial,2026-09-15,Term 1 fee record
STU000517,Student 517,Commerce,Tuition,25000,0,Overdue,2026-01-15,Term 2 fee record
STU000518,Student 518,Senior,Tuition,18000,9000,Partial,2026-04-15,Term 3 fee record
STU000519,Student 519,Secondary,Tuition,25000,0,Pending,2026-03-15,Term 1 fee record
STU000520,Student 520,Primary,Tuition,12000,0,Overdue,2026-03-15,Term 2 fee record
STU000521,Student 521,Senior,Tuition,18000,18000,Paid,2026-06-15,Term 3 fee record
STU000522,Student 522,Senior,Tuition,25000,12500,Partial,2026-04-15,Term 1 fee record
STU000523,Student 523,Secondary,Tuition,12000,12000,Paid,2026-06-15,Term 2 fee record
STU000524,Student 524,Secondary,Tuition,18000,0,Overdue,2026-03-15,Term 3 fee record
STU000525,Student 525,Commerce,Tuition,12000,6000,Partial,2026-06-15,Term 1 fee record
STU000526,Student 526,Senior,Tuition,25000,0,Overdue,2026-08-15,Term 2 fee record
STU000527,Student 527,Primary,Tuition,12000,12000,Paid,2026-06-15,Term 3 fee record
STU000528,Student 528,Secondary,Tuition,25000,0,Overdue,2026-08-15,Term 1 fee record
STU000529,Student 529,Senior,Tuition,25000,25000,Paid,2026-02-15,Term 2 fee record
STU000530,Student 530,Commerce,Tuition,18000,18000,Paid,2026-04-15,Term 3 fee record
STU000531,Student 531,Secondary,Tuition,18000,0,Overdue,2026-07-15,Term 1 fee record
STU000532,Student 532,Commerce,Tuition,25000,0,Pending,2026-02-15,Term 2 fee record
STU000533,Student 533,Senior,Tuition,18000,0,Overdue,2026-05-15,Term 3 fee record
STU000534,Student 534,Senior,Tuition,25000,0,Overdue,2026-05-15,Term 1 fee record
STU000535,Student 535,Science,Tuition,25000,25000,Paid,2026-04-15,Term 2 fee record
STU000536,Student 536,Senior,Tuition,12000,0,Overdue,2026-03-15,Term 3 fee record
STU000537,Student 537,Commerce,Tuition,25000,12500,Partial,2026-07-15,Term 1 fee record
STU000538,Student 538,Primary,Tuition,18000,9000,Partial,2026-02-15,Term 2 fee record
STU000539,Student 539,Commerce,Tuition,25000,25000,Paid,2026-04-15,Term 3 fee record
STU000540,Student 540,Primary,Tuition,12000,6000,Partial,2026-06-15,Term 1 fee record
STU000541,Student 541,Primary,Tuition,12000,6000,Partial,2026-03-15,Term 2 fee record
STU000542,Student 542,Senior,Tuition,18000,18000,Paid,2026-03-15,Term 3 fee record
STU000543,Student 543,Commerce,Tuition,18000,9000,Partial,2026-01-15,Term 1 fee record
STU000544,Student 544,Commerce,Tuition,12000,12000,Paid,2026-07-15,Term 2 fee record
STU000545,Student 545,Primary,Tuition,12000,12000,Paid,2026-02-15,Term 3 fee record
STU000546,Student 546,Secondary,Tuition,18000,0,Overdue,2026-09-15,Term 1 fee record
STU000547,Student 547,Commerce,Tuition,25000,0,Pending,2026-06-15,Term 2 fee record
STU000548,Student 548,Primary,Tuition,12000,0,Overdue,2026-02-15,Term 3 fee record
STU000549,Student 549,Science,Tuition,12000,0,Pending,2026-05-15,Term 1 fee record
STU000550,Student 550,Primary,Tuition,25000,0,Overdue,2026-07-15,Term 2 fee record
STU000551,Student 551,Primary,Tuition,18000,0,Pending,2026-06-15,Term 3 fee record
STU000552,Student 552,Primary,Tuition,18000,18000,Paid,2026-06-15,Term 1 fee record
STU000553,Student 553,Primary,Tuition,18000,18000,Paid,2026-05-15,Term 2 fee record
STU000554,Student 554,Primary,Tuition,25000,25000,Paid,2026-04-15,Term 3 fee record
STU000555,Student 555,Science,Tuition,12000,12000,Paid,2026-09-15,Term 1 fee record
STU000556,Student 556,Senior,Tuition,18000,9000,Partial,2026-04-15,Term 2 fee record
STU000557,Student 557,Commerce,Tuition,12000,0,Overdue,2026-01-15,Term 3 fee record
STU000558,Student 558,Secondary,Tuition,12000,0,Overdue,2026-09-15,Term 1 fee record
STU000559,Student 559,Secondary,Tuition,12000,0,Overdue,2026-02-15,Term 2 fee record
STU000560,Student 560,Secondary,Tuition,25000,0,Pending,2026-09-15,Term 3 fee record
STU000561,Student 561,Science,Tuition,12000,0,Overdue,2026-02-15,Term 1 fee record
STU000562,Student 562,Secondary,Tuition,18000,18000,Paid,2026-03-15,Term 2 fee record
STU000563,Student 563,Secondary,Tuition,12000,0,Overdue,2026-05-15,Term 3 fee record
STU000564,Student 564,Commerce,Tuition,25000,25000,Paid,2026-02-15,Term 1 fee record
STU000565,Student 565,Science,Tuition,18000,9000,Partial,2026-01-15,Term 2 fee record
STU000566,Student 566,Senior,Tuition,18000,0,Overdue,2026-02-15,Term 3 fee record
STU000567,Student 567,Science,Tuition,12000,6000,Partial,2026-02-15,Term 1 fee record
STU000568,Student 568,Senior,Tuition,25000,0,Overdue,2026-08-15,Term 2 fee record
STU000569,Student 569,Science,Tuition,12000,0,Pending,2026-09-15,Term 3 fee record
STU000570,Student 570,Senior,Tuition,12000,0,Overdue,2026-05-15,Term 1 fee record
STU000571,Student 571,Secondary,Tuition,25000,12500,Partial,2026-06-15,Term 2 fee record
STU000572,Student 572,Commerce,Tuition,12000,0,Overdue,2026-07-15,Term 3 fee record
STU000573,Student 573,Senior,Tuition,18000,0,Overdue,2026-08-15,Term 1 fee record
STU000574,Student 574,Senior,Tuition,12000,12000,Paid,2026-09-15,Term 2 fee record
STU000575,Student 575,Science,Tuition,12000,0,Pending,2026-07-15,Term 3 fee record
STU000576,Student 576,Commerce,Tuition,25000,12500,Partial,2026-04-15,Term 1 fee record
STU000577,Student 577,Senior,Tuition,25000,25000,Paid,2026-01-15,Term 2 fee record
STU000578,Student 578,Commerce,Tuition,18000,9000,Partial,2026-04-15,Term 3 fee record
STU000579,Student 579,Primary,Tuition,25000,0,Overdue,2026-06-15,Term 1 fee record
STU000580,Student 580,Primary,Tuition,18000,18000,Paid,2026-06-15,Term 2 fee record
STU000581,Student 581,Science,Tuition,12000,6000,Partial,2026-06-15,Term 3 fee record
STU000582,Student 582,Science,Tuition,18000,0,Pending,2026-01-15,Term 1 fee record
STU000583,Student 583,Commerce,Tuition,18000,0,Pending,2026-02-15,Term 2 fee record
STU000584,Student 584,Primary,Tuition,25000,12500,Partial,2026-02-15,Term 3 fee record
STU000585,Student 585,Science,Tuition,12000,6000,Partial,2026-05-15,Term 1 fee record
STU000586,Student 586,Commerce,Tuition,18000,9000,Partial,2026-02-15,Term 2 fee record
STU000587,Student 587,Primary,Tuition,18000,18000,Paid,2026-07-15,Term 3 fee record
STU000588,Student 588,Senior,Tuition,12000,6000,Partial,2026-01-15,Term 1 fee record
STU000589,Student 589,Secondary,Tuition,18000,0,Pending,2026-05-15,Term 2 fee record
STU000590,Student 590,Primary,Tuition,25000,12500,Partial,2026-08-15,Term 3 fee record
STU000591,Student 591,Science,Tuition,12000,0,Overdue,2026-02-15,Term 1 fee record
STU000592,Student 592,Senior,Tuition,25000,0,Pending,2026-01-15,Term 2 fee record
STU000593,Student 593,Science,Tuition,25000,0,Pending,2026-09-15,Term 3 fee record
STU000594,Student 594,Commerce,Tuition,12000,0,Overdue,2026-06-15,Term 1 fee record
STU000595,Student 595,Secondary,Tuition,25000,25000,Paid,2026-02-15,Term 2 fee record
STU000596,Student 596,Commerce,Tuition,18000,0,Pending,2026-08-15,Term 3 fee record
STU000597,Student 597,Primary,Tuition,25000,0,Overdue,2026-08-15,Term 1 fee record
STU000598,Student 598,Primary,Tuition,18000,18000,Paid,2026-06-15,Term 2 fee record
STU000599,Student 599,Primary,Tuition,25000,25000,Paid,2026-07-15,Term 3 fee record
STU000600,Student 600,Secondary,Tuition,18000,18000,Paid,2026-02-15,Term 1 fee record
STU000601,Student 601,Science,Tuition,18000,9000,Partial,2026-03-15,Term 2 fee record
STU000602,Student 602,Senior,Tuition,12000,0,Pending,2026-08-15,Term 3 fee record
STU000603,Student 603,Commerce,Tuition,18000,18000,Paid,2026-07-15,Term 1 fee record
STU000604,Student 604,Commerce,Tuition,12000,0,Overdue,2026-07-15,Term 2 fee record
STU000605,Student 605,Science,Tuition,25000,0,Overdue,2026-08-15,Term 3 fee record
STU000606,Student 606,Science,Tuition,12000,0,Pending,2026-06-15,Term 1 fee record
STU000607,Student 607,Senior,Tuition,12000,12000,Paid,2026-03-15,Term 2 fee record
STU000608,Student 608,Commerce,Tuition,25000,12500,Partial,2026-09-15,Term 3 fee record
STU000609,Student 609,Commerce,Tuition,25000,0,Overdue,2026-08-15,Term 1 fee record
STU000610,Student 610,Commerce,Tuition,18000,0,Pending,2026-07-15,Term 2 fee record
STU000611,Student 611,Commerce,Tuition,18000,18000,Paid,2026-04-15,Term 3 fee record
STU000612,Student 612,Senior,Tuition,25000,12500,Partial,2026-07-15,Term 1 fee record
STU000613,Student 613,Senior,Tuition,25000,25000,Paid,2026-02-15,Term 2 fee record
STU000614,Student 614,Secondary,Tuition,18000,0,Overdue,2026-04-15,Term 3 fee record
STU000615,Student 615,Science,Tuition,18000,18000,Paid,2026-03-15,Term 1 fee record
STU000616,Student 616,Commerce,Tuition,18000,0,Overdue,2026-08-15,Term 2 fee record
STU000617,Student 617,Secondary,Tuition,12000,0,Pending,2026-02-15,Term 3 fee record
STU000618,Student 618,Science,Tuition,25000,12500,Partial,2026-03-15,Term 1 fee record
STU000619,Student 619,Science,Tuition,12000,6000,Partial,2026-03-15,Term 2 fee record
STU000620,Student 620,Senior,Tuition,25000,0,Overdue,2026-08-15,Term 3 fee record
STU000621,Student 621,Senior,Tuition,12000,0,Overdue,2026-05-15,Term 1 fee record
STU000622,Student 622,Secondary,Tuition,12000,0,Pending,2026-04-15,Term 2 fee record
STU000623,Student 623,Primary,Tuition,12000,6000,Partial,2026-03-15,Term 3 fee record
STU000624,Student 624,Senior,Tuition,12000,0,Pending,2026-06-15,Term 1 fee record
STU000625,Student 625,Senior,Tuition,18000,18000,Paid,2026-05-15,Term 2 fee record
STU000626,Student 626,Senior,Tuition,12000,0,Pending,2026-01-15,Term 3 fee record
STU000627,Student 627,Senior,Tuition,12000,6000,Partial,2026-05-15,Term 1 fee record
STU000628,Student 628,Senior,Tuition,18000,0,Pending,2026-08-15,Term 2 fee record
STU000629,Student 629,Primary,Tuition,12000,6000,Partial,2026-05-15,Term 3 fee record
STU000630,Student 630,Commerce,Tuition,18000,0,Pending,2026-03-15,Term 1 fee record
STU000631,Student 631,Science,Tuition,25000,0,Pending,2026-02-15,Term 2 fee record
STU000632,Student 632,Science,Tuition,25000,0,Pending,2026-05-15,Term 3 fee record
STU000633,Student 633,Commerce,Tuition,18000,18000,Paid,2026-06-15,Term 1 fee record
STU000634,Student 634,Commerce,Tuition,25000,0,Pending,2026-08-15,Term 2 fee record
STU000635,Student 635,Senior,Tuition,25000,12500,Partial,2026-04-15,Term 3 fee record
STU000636,Student 636,Science,Tuition,25000,12500,Partial,2026-06-15,Term 1 fee record
STU000637,Student 637,Science,Tuition,12000,12000,Paid,2026-02-15,Term 2 fee record
STU000638,Student 638,Senior,Tuition,25000,25000,Paid,2026-01-15,Term 3 fee record
STU000639,Student 639,Secondary,Tuition,12000,12000,Paid,2026-06-15,Term 1 fee record
STU000640,Student 640,Secondary,Tuition,18000,9000,Partial,2026-01-15,Term 2 fee record
STU000641,Student 641,Secondary,Tuition,25000,25000,Paid,2026-01-15,Term 3 fee record
STU000642,Student 642,Science,Tuition,18000,0,Pending,2026-09-15,Term 1 fee record
STU000643,Student 643,Science,Tuition,12000,0,Overdue,2026-03-15,Term 2 fee record
STU000644,Student 644,Science,Tuition,12000,6000,Partial,2026-08-15,Term 3 fee record
STU000645,Student 645,Commerce,Tuition,12000,12000,Paid,2026-03-15,Term 1 fee record
STU000646,Student 646,Primary,Tuition,18000,0,Pending,2026-08-15,Term 2 fee record
STU000647,Student 647,Secondary,Tuition,12000,12000,Paid,2026-05-15,Term 3 fee record
STU000648,Student 648,Secondary,Tuition,18000,9000,Partial,2026-05-15,Term 1 fee record
STU000649,Student 649,Commerce,Tuition,12000,0,Pending,2026-01-15,Term 2 fee record
STU000650,Student 650,Science,Tuition,25000,0,Overdue,2026-06-15,Term 3 fee record
STU000651,Student 651,Science,Tuition,12000,12000,Paid,2026-03-15,Term 1 fee record
STU000652,Student 652,Primary,Tuition,12000,12000,Paid,2026-05-15,Term 2 fee record
STU000653,Student 653,Commerce,Tuition,18000,18000,Paid,2026-01-15,Term 3 fee record
STU000654,Student 654,Science,Tuition,12000,0,Pending,2026-09-15,Term 1 fee record
STU000655,Student 655,Primary,Tuition,25000,25000,Paid,2026-06-15,Term 2 fee record
STU000656,Student 656,Commerce,Tuition,12000,0,Pending,2026-04-15,Term 3 fee record
STU000657,Student 657,Senior,Tuition,18000,9000,Partial,2026-04-15,Term 1 fee record
STU000658,Student 658,Primary,Tuition,18000,0,Overdue,2026-04-15,Term 2 fee record
STU000659,Student 659,Science,Tuition,18000,18000,Paid,2026-06-15,Term 3 fee record
STU000660,Student 660,Science,Tuition,25000,12500,Partial,2026-06-15,Term 1 fee record
STU000661,Student 661,Commerce,Tuition,18000,0,Pending,2026-03-15,Term 2 fee record
STU000662,Student 662,Secondary,Tuition,12000,0,Pending,2026-05-15,Term 3 fee record
STU000663,Student 663,Secondary,Tuition,18000,0,Overdue,2026-06-15,Term 1 fee record
STU000664,Student 664,Science,Tuition,12000,0,Pending,2026-05-15,Term 2 fee record
STU000665,Student 665,Science,Tuition,25000,12500,Partial,2026-01-15,Term 3 fee record
STU000666,Student 666,Secondary,Tuition,12000,6000,Partial,2026-02-15,Term 1 fee record
STU000667,Student 667,Secondary,Tuition,18000,9000,Partial,2026-01-15,Term 2 fee record
STU000668,Student 668,Primary,Tuition,12000,12000,Paid,2026-09-15,Term 3 fee record
STU000669,Student 669,Secondary,Tuition,12000,0,Overdue,2026-01-15,Term 1 fee record
STU000670,Student 670,Senior,Tuition,18000,0,Pending,2026-06-15,Term 2 fee record
STU000671,Student 671,Commerce,Tuition,12000,12000,Paid,2026-03-15,Term 3 fee record
STU000672,Student 672,Senior,Tuition,18000,0,Pending,2026-04-15,Term 1 fee record
STU000673,Student 673,Science,Tuition,18000,9000,Partial,2026-02-15,Term 2 fee record
STU000674,Student 674,Primary,Tuition,18000,18000,Paid,2026-08-15,Term 3 fee record
STU000675,Student 675,Primary,Tuition,12000,0,Overdue,2026-07-15,Term 1 fee record
STU000676,Student 676,Primary,Tuition,12000,0,Pending,2026-04-15,Term 2 fee record
STU000677,Student 677,Secondary,Tuition,12000,0,Overdue,2026-06-15,Term 3 fee record
STU000678,Student 678,Secondary,Tuition,18000,0,Pending,2026-03-15,Term 1 fee record
STU000679,Student 679,Primary,Tuition,25000,12500,Partial,2026-04-15,Term 2 fee record
STU000680,Student 680,Secondary,Tuition,12000,0,Pending,2026-08-15,Term 3 fee record
STU000681,Student 681,Primary,Tuition,18000,9000,Partial,2026-05-15,Term 1 fee record
STU000682,Student 682,Secondary,Tuition,12000,12000,Paid,2026-06-15,Term 2 fee record
STU000683,Student 683,Primary,Tuition,25000,25000,Paid,2026-05-15,Term 3 fee record
STU000684,Student 684,Science,Tuition,18000,0,Pending,2026-02-15,Term 1 fee record
STU000685,Student 685,Science,Tuition,18000,0,Overdue,2026-05-15,Term 2 fee record
STU000686,Student 686,Secondary,Tuition,12000,12000,Paid,2026-01-15,Term 3 fee record
STU000687,Student 687,Science,Tuition,12000,6000,Partial,2026-03-15,Term 1 fee record
STU000688,Student 688,Science,Tuition,12000,6000,Partial,2026-02-15,Term 2 fee record
STU000689,Student 689,Science,Tuition,18000,0,Overdue,2026-08-15,Term 3 fee record
STU000690,Student 690,Commerce,Tuition,18000,0,Overdue,2026-01-15,Term 1 fee record
STU000691,Student 691,Commerce,Tuition,12000,0,Pending,2026-01-15,Term 2 fee record
STU000692,Student 692,Science,Tuition,18000,0,Overdue,2026-01-15,Term 3 fee record
STU000693,Student 693,Primary,Tuition,18000,0,Pending,2026-03-15,Term 1 fee record
STU000694,Student 694,Primary,Tuition,18000,0,Pending,2026-01-15,Term 2 fee record
STU000695,Student 695,Commerce,Tuition,12000,0,Overdue,2026-02-15,Term 3 fee record
STU000696,Student 696,Secondary,Tuition,18000,18000,Paid,2026-06-15,Term 1 fee record
STU000697,Student 697,Senior,Tuition,12000,0,Pending,2026-01-15,Term 2 fee record
STU000698,Student 698,Science,Tuition,18000,9000,Partial,2026-09-15,Term 3 fee record
STU000699,Student 699,Senior,Tuition,18000,0,Overdue,2026-06-15,Term 1 fee record
STU000700,Student 700,Secondary,Tuition,12000,6000,Partial,2026-07-15,Term 2 fee record
STU000701,Student 701,Senior,Tuition,18000,0,Overdue,2026-06-15,Term 3 fee record
STU000702,Student 702,Science,Tuition,18000,0,Pending,2026-03-15,Term 1 fee record
STU000703,Student 703,Secondary,Tuition,18000,9000,Partial,2026-06-15,Term 2 fee record
STU000704,Student 704,Secondary,Tuition,12000,0,Overdue,2026-06-15,Term 3 fee record
STU000705,Student 705,Primary,Tuition,18000,18000,Paid,2026-06-15,Term 1 fee record
STU000706,Student 706,Commerce,Tuition,18000,18000,Paid,2026-09-15,Term 2 fee record
STU000707,Student 707,Primary,Tuition,25000,0,Overdue,2026-08-15,Term 3 fee record
STU000708,Student 708,Commerce,Tuition,18000,9000,Partial,2026-08-15,Term 1 fee record
STU000709,Student 709,Senior,Tuition,12000,12000,Paid,2026-08-15,Term 2 fee record
STU000710,Student 710,Primary,Tuition,25000,0,Overdue,2026-03-15,Term 3 fee record
STU000711,Student 711,Science,Tuition,12000,6000,Partial,2026-08-15,Term 1 fee record
STU000712,Student 712,Senior,Tuition,12000,12000,Paid,2026-01-15,Term 2 fee record
STU000713,Student 713,Primary,Tuition,12000,0,Overdue,2026-05-15,Term 3 fee record
STU000714,Student 714,Commerce,Tuition,12000,12000,Paid,2026-06-15,Term 1 fee record
STU000715,Student 715,Primary,Tuition,25000,25000,Paid,2026-08-15,Term 2 fee record
STU000716,Student 716,Senior,Tuition,18000,0,Pending,2026-06-15,Term 3 fee record
STU000717,Student 717,Secondary,Tuition,25000,12500,Partial,2026-04-15,Term 1 fee record
STU000718,Student 718,Senior,Tuition,25000,0,Overdue,2026-03-15,Term 2 fee record
STU000719,Student 719,Senior,Tuition,25000,0,Pending,2026-05-15,Term 3 fee record
STU000720,Student 720,Commerce,Tuition,12000,12000,Paid,2026-05-15,Term 1 fee record
STU000721,Student 721,Primary,Tuition,25000,0,Pending,2026-01-15,Term 2 fee record
STU000722,Student 722,Commerce,Tuition,25000,12500,Partial,2026-07-15,Term 3 fee record
STU000723,Student 723,Secondary,Tuition,25000,25000,Paid,2026-02-15,Term 1 fee record
STU000724,Student 724,Commerce,Tuition,18000,9000,Partial,2026-05-15,Term 2 fee record
STU000725,Student 725,Science,Tuition,18000,0,Pending,2026-05-15,Term 3 fee record
STU000726,Student 726,Primary,Tuition,25000,0,Pending,2026-07-15,Term 1 fee record
STU000727,Student 727,Primary,Tuition,18000,0,Overdue,2026-05-15,Term 2 fee record
STU000728,Student 728,Secondary,Tuition,18000,0,Overdue,2026-07-15,Term 3 fee record
STU000729,Student 729,Primary,Tuition,25000,12500,Partial,2026-01-15,Term 1 fee record
STU000730,Student 730,Secondary,Tuition,12000,0,Overdue,2026-04-15,Term 2 fee record
STU000731,Student 731,Secondary,Tuition,25000,25000,Paid,2026-09-15,Term 3 fee record
STU000732,Student 732,Commerce,Tuition,18000,9000,Partial,2026-05-15,Term 1 fee record
STU000733,Student 733,Primary,Tuition,25000,0,Pending,2026-05-15,Term 2 fee record
STU000734,Student 734,Senior,Tuition,25000,25000,Paid,2026-06-15,Term 3 fee record
STU000735,Student 735,Senior,Tuition,12000,12000,Paid,2026-09-15,Term 1 fee record
STU000736,Student 736,Commerce,Tuition,25000,12500,Partial,2026-01-15,Term 2 fee record
STU000737,Student 737,Senior,Tuition,18000,18000,Paid,2026-04-15,Term 3 fee record
STU000738,Student 738,Primary,Tuition,25000,0,Overdue,2026-01-15,Term 1 fee record
STU000739,Student 739,Commerce,Tuition,12000,12000,Paid,2026-09-15,Term 2 fee record
STU000740,Student 740,Secondary,Tuition,12000,6000,Partial,2026-06-15,Term 3 fee record
STU000741,Student 741,Senior,Tuition,12000,0,Overdue,2026-07-15,Term 1 fee record
STU000742,Student 742,Primary,Tuition,12000,6000,Partial,2026-06-15,Term 2 fee record
STU000743,Student 743,Secondary,Tuition,18000,0,Overdue,2026-07-15,Term 3 fee record
STU000744,Student 744,Primary,Tuition,12000,0,Overdue,2026-02-15,Term 1 fee record
STU000745,Student 745,Commerce,Tuition,18000,0,Overdue,2026-07-15,Term 2 fee record
STU000746,Student 746,Science,Tuition,25000,12500,Partial,2026-09-15,Term 3 fee record
STU000747,Student 747,Science,Tuition,18000,18000,Paid,2026-02-15,Term 1 fee record
STU000748,Student 748,Primary,Tuition,12000,0,Pending,2026-03-15,Term 2 fee record
STU000749,Student 749,Science,Tuition,12000,6000,Partial,2026-06-15,Term 3 fee record
STU000750,Student 750,Primary,Tuition,18000,18000,Paid,2026-08-15,Term 1 fee record
STU000751,Student 751,Primary,Tuition,12000,0,Overdue,2026-08-15,Term 2 fee record
STU000752,Student 752,Primary,Tuition,12000,6000,Partial,2026-09-15,Term 3 fee record
STU000753,Student 753,Senior,Tuition,12000,12000,Paid,2026-08-15,Term 1 fee record
STU000754,Student 754,Secondary,Tuition,25000,0,Overdue,2026-07-15,Term 2 fee record
STU000755,Student 755,Commerce,Tuition,18000,0,Pending,2026-04-15,Term 3 fee record
STU000756,Student 756,Primary,Tuition,25000,0,Overdue,2026-02-15,Term 1 fee record
STU000757,Student 757,Secondary,Tuition,25000,0,Pending,2026-01-15,Term 2 fee record
STU000758,Student 758,Commerce,Tuition,25000,0,Overdue,2026-01-15,Term 3 fee record
STU000759,Student 759,Commerce,Tuition,18000,18000,Paid,2026-08-15,Term 1 fee record
STU000760,Student 760,Secondary,Tuition,25000,25000,Paid,2026-04-15,Term 2 fee record
STU000761,Student 761,Science,Tuition,25000,0,Overdue,2026-06-15,Term 3 fee record
STU000762,Student 762,Senior,Tuition,25000,25000,Paid,2026-05-15,Term 1 fee record
STU000763,Student 763,Science,Tuition,12000,0,Pending,2026-07-15,Term 2 fee record
STU000764,Student 764,Secondary,Tuition,25000,0,Overdue,2026-05-15,Term 3 fee record
STU000765,Student 765,Senior,Tuition,12000,12000,Paid,2026-08-15,Term 1 fee record
STU000766,Student 766,Commerce,Tuition,12000,6000,Partial,2026-04-15,Term 2 fee record
STU000767,Student 767,Senior,Tuition,18000,0,Overdue,2026-04-15,Term 3 fee record
STU000768,Student 768,Commerce,Tuition,25000,25000,Paid,2026-05-15,Term 1 fee record
STU000769,Student 769,Commerce,Tuition,25000,25000,Paid,2026-08-15,Term 2 fee record
STU000770,Student 770,Commerce,Tuition,25000,0,Overdue,2026-09-15,Term 3 fee record
STU000771,Student 771,Secondary,Tuition,18000,18000,Paid,2026-05-15,Term 1 fee record
STU000772,Student 772,Commerce,Tuition,12000,0,Overdue,2026-04-15,Term 2 fee record
STU000773,Student 773,Secondary,Tuition,25000,12500,Partial,2026-02-15,Term 3 fee record
STU000774,Student 774,Science,Tuition,25000,12500,Partial,2026-07-15,Term 1 fee record
STU000775,Student 775,Senior,Tuition,12000,0,Overdue,2026-07-15,Term 2 fee record
STU000776,Student 776,Science,Tuition,18000,18000,Paid,2026-07-15,Term 3 fee record
STU000777,Student 777,Senior,Tuition,12000,0,Overdue,2026-04-15,Term 1 fee record
STU000778,Student 778,Primary,Tuition,25000,0,Overdue,2026-08-15,Term 2 fee record
STU000779,Student 779,Secondary,Tuition,25000,25000,Paid,2026-07-15,Term 3 fee record
STU000780,Student 780,Senior,Tuition,12000,6000,Partial,2026-08-15,Term 1 fee record
STU000781,Student 781,Science,Tuition,18000,9000,Partial,2026-07-15,Term 2 fee record
STU000782,Student 782,Primary,Tuition,25000,0,Pending,2026-03-15,Term 3 fee record
STU000783,Student 783,Science,Tuition,25000,12500,Partial,2026-01-15,Term 1 fee record
STU000784,Student 784,Science,Tuition,18000,9000,Partial,2026-08-15,Term 2 fee record
STU000785,Student 785,Commerce,Tuition,18000,0,Pending,2026-08-15,Term 3 fee record
STU000786,Student 786,Secondary,Tuition,18000,0,Overdue,2026-02-15,Term 1 fee record
STU000787,Student 787,Commerce,Tuition,25000,25000,Paid,2026-08-15,Term 2 fee record
STU000788,Student 788,Science,Tuition,25000,0,Overdue,2026-01-15,Term 3 fee record
STU000789,Student 789,Commerce,Tuition,18000,9000,Partial,2026-01-15,Term 1 fee record
STU000790,Student 790,Senior,Tuition,12000,12000,Paid,2026-09-15,Term 2 fee record
STU000791,Student 791,Senior,Tuition,25000,0,Pending,2026-04-15,Term 3 fee record
STU000792,Student 792,Secondary,Tuition,18000,9000,Partial,2026-06-15,Term 1 fee record
STU000793,Student 793,Science,Tuition,25000,25000,Paid,2026-06-15,Term 2 fee record
STU000794,Student 794,Secondary,Tuition,18000,0,Overdue,2026-05-15,Term 3 fee record
STU000795,Student 795,Secondary,Tuition,25000,0,Pending,2026-03-15,Term 1 fee record
STU000796,Student 796,Primary,Tuition,12000,12000,Paid,2026-01-15,Term 2 fee record
STU000797,Student 797,Senior,Tuition,25000,0,Pending,2026-01-15,Term 3 fee record
STU000798,Student 798,Science,Tuition,18000,18000,Paid,2026-01-15,Term 1 fee record
STU000799,Student 799,Senior,Tuition,25000,12500,Partial,2026-04-15,Term 2 fee record
STU000800,Student 800,Senior,Tuition,25000,12500,Partial,2026-06-15,Term 3 fee record
STU000801,Student 801,Senior,Tuition,12000,0,Overdue,2026-01-15,Term 1 fee record
STU000802,Student 802,Science,Tuition,18000,9000,Partial,2026-09-15,Term 2 fee record
STU000803,Student 803,Science,Tuition,18000,0,Pending,2026-04-15,Term 3 fee record
STU000804,Student 804,Secondary,Tuition,25000,12500,Partial,2026-06-15,Term 1 fee record
STU000805,Student 805,Secondary,Tuition,18000,0,Overdue,2026-03-15,Term 2 fee record
STU000806,Student 806,Commerce,Tuition,25000,0,Pending,2026-06-15,Term 3 fee record
STU000807,Student 807,Secondary,Tuition,25000,12500,Partial,2026-06-15,Term 1 fee record
STU000808,Student 808,Senior,Tuition,12000,0,Overdue,2026-01-15,Term 2 fee record
STU000809,Student 809,Primary,Tuition,12000,0,Overdue,2026-02-15,Term 3 fee record
STU000810,Student 810,Primary,Tuition,25000,25000,Paid,2026-06-15,Term 1 fee record
STU000811,Student 811,Commerce,Tuition,12000,6000,Partial,2026-09-15,Term 2 fee record
STU000812,Student 812,Primary,Tuition,18000,18000,Paid,2026-07-15,Term 3 fee record
STU000813,Student 813,Science,Tuition,12000,0,Pending,2026-05-15,Term 1 fee record
STU000814,Student 814,Senior,Tuition,12000,0,Pending,2026-01-15,Term 2 fee record
STU000815,Student 815,Secondary,Tuition,18000,9000,Partial,2026-09-15,Term 3 fee record
STU000816,Student 816,Secondary,Tuition,12000,6000,Partial,2026-06-15,Term 1 fee record
STU000817,Student 817,Senior,Tuition,12000,0,Pending,2026-05-15,Term 2 fee record
STU000818,Student 818,Primary,Tuition,18000,18000,Paid,2026-06-15,Term 3 fee record
STU000819,Student 819,Science,Tuition,18000,0,Overdue,2026-03-15,Term 1 fee record
STU000820,Student 820,Primary,Tuition,18000,0,Pending,2026-03-15,Term 2 fee record
STU000821,Student 821,Science,Tuition,12000,0,Overdue,2026-04-15,Term 3 fee record
STU000822,Student 822,Science,Tuition,18000,0,Overdue,2026-04-15,Term 1 fee record
STU000823,Student 823,Senior,Tuition,18000,0,Overdue,2026-09-15,Term 2 fee record
STU000824,Student 824,Commerce,Tuition,18000,0,Overdue,2026-09-15,Term 3 fee record
STU000825,Student 825,Senior,Tuition,25000,0,Pending,2026-01-15,Term 1 fee record
STU000826,Student 826,Commerce,Tuition,18000,9000,Partial,2026-01-15,Term 2 fee record
STU000827,Student 827,Science,Tuition,25000,25000,Paid,2026-08-15,Term 3 fee record
STU000828,Student 828,Senior,Tuition,18000,0,Pending,2026-09-15,Term 1 fee record
STU000829,Student 829,Senior,Tuition,25000,0,Overdue,2026-08-15,Term 2 fee record
STU000830,Student 830,Science,Tuition,12000,0,Overdue,2026-09-15,Term 3 fee record
STU000831,Student 831,Primary,Tuition,12000,0,Pending,2026-02-15,Term 1 fee record
STU000832,Student 832,Science,Tuition,12000,6000,Partial,2026-07-15,Term 2 fee record
STU000833,Student 833,Primary,Tuition,25000,12500,Partial,2026-05-15,Term 3 fee record
STU000834,Student 834,Primary,Tuition,25000,12500,Partial,2026-09-15,Term 1 fee record
STU000835,Student 835,Secondary,Tuition,12000,12000,Paid,2026-07-15,Term 2 fee record
STU000836,Student 836,Commerce,Tuition,25000,25000,Paid,2026-09-15,Term 3 fee record
STU000837,Student 837,Science,Tuition,18000,18000,Paid,2026-03-15,Term 1 fee record
STU000838,Student 838,Secondary,Tuition,12000,0,Overdue,2026-08-15,Term 2 fee record
STU000839,Student 839,Science,Tuition,12000,0,Overdue,2026-06-15,Term 3 fee record
STU000840,Student 840,Primary,Tuition,25000,25000,Paid,2026-04-15,Term 1 fee record
STU000841,Student 841,Science,Tuition,25000,0,Pending,2026-02-15,Term 2 fee record
STU000842,Student 842,Senior,Tuition,12000,6000,Partial,2026-03-15,Term 3 fee record
STU000843,Student 843,Secondary,Tuition,25000,25000,Paid,2026-05-15,Term 1 fee record
STU000844,Student 844,Secondary,Tuition,12000,0,Pending,2026-01-15,Term 2 fee record
STU000845,Student 845,Secondary,Tuition,18000,18000,Paid,2026-04-15,Term 3 fee record
STU000846,Student 846,Secondary,Tuition,25000,25000,Paid,2026-08-15,Term 1 fee record
STU000847,Student 847,Senior,Tuition,25000,12500,Partial,2026-03-15,Term 2 fee record
STU000848,Student 848,Science,Tuition,18000,18000,Paid,2026-01-15,Term 3 fee record
STU000849,Student 849,Science,Tuition,25000,25000,Paid,2026-05-15,Term 1 fee record
STU000850,Student 850,Commerce,Tuition,18000,9000,Partial,2026-03-15,Term 2 fee record
STU000851,Student 851,Primary,Tuition,18000,0,Overdue,2026-04-15,Term 3 fee record
STU000852,Student 852,Senior,Tuition,25000,12500,Partial,2026-04-15,Term 1 fee record
STU000853,Student 853,Primary,Tuition,25000,25000,Paid,2026-05-15,Term 2 fee record
STU000854,Student 854,Commerce,Tuition,12000,0,Pending,2026-05-15,Term 3 fee record
STU000855,Student 855,Commerce,Tuition,25000,25000,Paid,2026-06-15,Term 1 fee record
STU000856,Student 856,Primary,Tuition,18000,18000,Paid,2026-07-15,Term 2 fee record
STU000857,Student 857,Primary,Tuition,18000,0,Overdue,2026-09-15,Term 3 fee record
STU000858,Student 858,Primary,Tuition,18000,18000,Paid,2026-01-15,Term 1 fee record
STU000859,Student 859,Science,Tuition,18000,9000,Partial,2026-06-15,Term 2 fee record
STU000860,Student 860,Science,Tuition,18000,0,Pending,2026-03-15,Term 3 fee record
STU000861,Student 861,Commerce,Tuition,12000,12000,Paid,2026-04-15,Term 1 fee record
STU000862,Student 862,Commerce,Tuition,18000,0,Pending,2026-01-15,Term 2 fee record
STU000863,Student 863,Secondary,Tuition,12000,12000,Paid,2026-04-15,Term 3 fee record
STU000864,Student 864,Secondary,Tuition,18000,0,Overdue,2026-07-15,Term 1 fee record
STU000865,Student 865,Secondary,Tuition,25000,0,Overdue,2026-06-15,Term 2 fee record
STU000866,Student 866,Senior,Tuition,25000,25000,Paid,2026-02-15,Term 3 fee record
STU000867,Student 867,Secondary,Tuition,12000,6000,Partial,2026-01-15,Term 1 fee record
STU000868,Student 868,Commerce,Tuition,12000,0,Pending,2026-03-15,Term 2 fee record
STU000869,Student 869,Secondary,Tuition,12000,12000,Paid,2026-06-15,Term 3 fee record
STU000870,Student 870,Science,Tuition,25000,25000,Paid,2026-02-15,Term 1 fee record
STU000871,Student 871,Secondary,Tuition,12000,6000,Partial,2026-04-15,Term 2 fee record
STU000872,Student 872,Commerce,Tuition,18000,18000,Paid,2026-04-15,Term 3 fee record
STU000873,Student 873,Primary,Tuition,12000,0,Pending,2026-03-15,Term 1 fee record
STU000874,Student 874,Commerce,Tuition,25000,0,Overdue,2026-03-15,Term 2 fee record
STU000875,Student 875,Commerce,Tuition,18000,18000,Paid,2026-01-15,Term 3 fee record
STU000876,Student 876,Primary,Tuition,18000,9000,Partial,2026-01-15,Term 1 fee record
STU000877,Student 877,Primary,Tuition,12000,6000,Partial,2026-07-15,Term 2 fee record
STU000878,Student 878,Senior,Tuition,25000,0,Overdue,2026-09-15,Term 3 fee record
STU000879,Student 879,Secondary,Tuition,18000,0,Pending,2026-07-15,Term 1 fee record
STU000880,Student 880,Primary,Tuition,25000,12500,Partial,2026-01-15,Term 2 fee record
STU000881,Student 881,Senior,Tuition,18000,9000,Partial,2026-05-15,Term 3 fee record
STU000882,Student 882,Secondary,Tuition,12000,12000,Paid,2026-07-15,Term 1 fee record
STU000883,Student 883,Primary,Tuition,18000,9000,Partial,2026-09-15,Term 2 fee record
STU000884,Student 884,Senior,Tuition,12000,0,Overdue,2026-05-15,Term 3 fee record
STU000885,Student 885,Senior,Tuition,12000,0,Overdue,2026-03-15,Term 1 fee record
STU000886,Student 886,Commerce,Tuition,18000,0,Overdue,2026-02-15,Term 2 fee record
STU000887,Student 887,Commerce,Tuition,12000,12000,Paid,2026-05-15,Term 3 fee record
STU000888,Student 888,Science,Tuition,12000,6000,Partial,2026-07-15,Term 1 fee record
STU000889,Student 889,Commerce,Tuition,12000,6000,Partial,2026-01-15,Term 2 fee record
STU000890,Student 890,Senior,Tuition,18000,0,Pending,2026-09-15,Term 3 fee record
STU000891,Student 891,Science,Tuition,25000,0,Pending,2026-05-15,Term 1 fee record
STU000892,Student 892,Science,Tuition,12000,0,Overdue,2026-06-15,Term 2 fee record
STU000893,Student 893,Primary,Tuition,25000,25000,Paid,2026-01-15,Term 3 fee record
STU000894,Student 894,Senior,Tuition,25000,25000,Paid,2026-05-15,Term 1 fee record
STU000895,Student 895,Primary,Tuition,18000,18000,Paid,2026-07-15,Term 2 fee record
STU000896,Student 896,Commerce,Tuition,25000,0,Pending,2026-03-15,Term 3 fee record
STU000897,Student 897,Commerce,Tuition,25000,0,Overdue,2026-07-15,Term 1 fee record
STU000898,Student 898,Science,Tuition,18000,9000,Partial,2026-07-15,Term 2 fee record
STU000899,Student 899,Commerce,Tuition,12000,6000,Partial,2026-09-15,Term 3 fee record
STU000900,Student 900,Secondary,Tuition,25000,0,Pending,2026-03-15,Term 1 fee record
STU000901,Student 901,Primary,Tuition,25000,0,Pending,2026-07-15,Term 2 fee record
STU000902,Student 902,Science,Tuition,18000,0,Pending,2026-04-15,Term 3 fee record
STU000903,Student 903,Primary,Tuition,25000,12500,Partial,2026-06-15,Term 1 fee record
STU000904,Student 904,Secondary,Tuition,12000,12000,Paid,2026-08-15,Term 2 fee record
STU000905,Student 905,Senior,Tuition,25000,12500,Partial,2026-09-15,Term 3 fee record
STU000906,Student 906,Primary,Tuition,18000,9000,Partial,2026-01-15,Term 1 fee record
STU000907,Student 907,Commerce,Tuition,25000,25000,Paid,2026-04-15,Term 2 fee record
STU000908,Student 908,Science,Tuition,12000,12000,Paid,2026-03-15,Term 3 fee record
STU000909,Student 909,Science,Tuition,12000,0,Pending,2026-06-15,Term 1 fee record
STU000910,Student 910,Science,Tuition,12000,12000,Paid,2026-06-15,Term 2 fee record
STU000911,Student 911,Senior,Tuition,12000,6000,Partial,2026-07-15,Term 3 fee record
STU000912,Student 912,Primary,Tuition,25000,0,Pending,2026-09-15,Term 1 fee record
STU000913,Student 913,Commerce,Tuition,18000,9000,Partial,2026-05-15,Term 2 fee record
STU000914,Student 914,Commerce,Tuition,25000,0,Overdue,2026-04-15,Term 3 fee record
STU000915,Student 915,Commerce,Tuition,12000,0,Overdue,2026-05-15,Term 1 fee record
STU000916,Student 916,Science,Tuition,18000,0,Pending,2026-05-15,Term 2 fee record
STU000917,Student 917,Senior,Tuition,12000,0,Pending,2026-06-15,Term 3 fee record
STU000918,Student 918,Senior,Tuition,25000,25000,Paid,2026-02-15,Term 1 fee record
STU000919,Student 919,Senior,Tuition,18000,0,Overdue,2026-07-15,Term 2 fee record
STU000920,Student 920,Commerce,Tuition,25000,0,Overdue,2026-08-15,Term 3 fee record
STU000921,Student 921,Primary,Tuition,18000,18000,Paid,2026-01-15,Term 1 fee record
STU000922,Student 922,Science,Tuition,25000,0,Overdue,2026-02-15,Term 2 fee record
STU000923,Student 923,Commerce,Tuition,25000,0,Pending,2026-03-15,Term 3 fee record
STU000924,Student 924,Primary,Tuition,25000,0,Overdue,2026-04-15,Term 1 fee record
STU000925,Student 925,Senior,Tuition,12000,0,Overdue,2026-05-15,Term 2 fee record
STU000926,Student 926,Secondary,Tuition,18000,0,Overdue,2026-01-15,Term 3 fee record
STU000927,Student 927,Commerce,Tuition,12000,0,Pending,2026-03-15,Term 1 fee record
STU000928,Student 928,Secondary,Tuition,12000,0,Pending,2026-02-15,Term 2 fee record
STU000929,Student 929,Science,Tuition,25000,25000,Paid,2026-03-15,Term 3 fee record
STU000930,Student 930,Commerce,Tuition,12000,6000,Partial,2026-03-15,Term 1 fee record
STU000931,Student 931,Senior,Tuition,25000,25000,Paid,2026-01-15,Term 2 fee record
STU000932,Student 932,Commerce,Tuition,18000,0,Pending,2026-02-15,Term 3 fee record
STU000933,Student 933,Senior,Tuition,12000,12000,Paid,2026-08-15,Term 1 fee record
STU000934,Student 934,Primary,Tuition,18000,0,Pending,2026-03-15,Term 2 fee record
STU000935,Student 935,Senior,Tuition,18000,0,Overdue,2026-05-15,Term 3 fee record
STU000936,Student 936,Primary,Tuition,18000,0,Pending,2026-07-15,Term 1 fee record
STU000937,Student 937,Science,Tuition,12000,0,Overdue,2026-03-15,Term 2 fee record
STU000938,Student 938,Commerce,Tuition,18000,18000,Paid,2026-01-15,Term 3 fee record
STU000939,Student 939,Secondary,Tuition,25000,0,Pending,2026-09-15,Term 1 fee record
STU000940,Student 940,Secondary,Tuition,25000,12500,Partial,2026-03-15,Term 2 fee record
STU000941,Student 941,Secondary,Tuition,25000,12500,Partial,2026-05-15,Term 3 fee record
STU000942,Student 942,Commerce,Tuition,12000,6000,Partial,2026-04-15,Term 1 fee record
STU000943,Student 943,Primary,Tuition,18000,18000,Paid,2026-09-15,Term 2 fee record
STU000944,Student 944,Secondary,Tuition,12000,0,Pending,2026-04-15,Term 3 fee record
STU000945,Student 945,Commerce,Tuition,18000,0,Overdue,2026-06-15,Term 1 fee record
STU000946,Student 946,Primary,Tuition,12000,6000,Partial,2026-03-15,Term 2 fee record
STU000947,Student 947,Secondary,Tuition,12000,0,Pending,2026-02-15,Term 3 fee record
STU000948,Student 948,Commerce,Tuition,25000,0,Overdue,2026-04-15,Term 1 fee record
STU000949,Student 949,Commerce,Tuition,25000,12500,Partial,2026-06-15,Term 2 fee record
STU000950,Student 950,Senior,Tuition,12000,6000,Partial,2026-08-15,Term 3 fee record
STU000951,Student 951,Secondary,Tuition,18000,9000,Partial,2026-05-15,Term 1 fee record
STU000952,Student 952,Senior,Tuition,18000,18000,Paid,2026-07-15,Term 2 fee record
STU000953,Student 953,Secondary,Tuition,18000,18000,Paid,2026-05-15,Term 3 fee record
STU000954,Student 954,Primary,Tuition,25000,0,Overdue,2026-03-15,Term 1 fee record
STU000955,Student 955,Science,Tuition,25000,25000,Paid,2026-05-15,Term 2 fee record
STU000956,Student 956,Primary,Tuition,18000,0,Pending,2026-02-15,Term 3 fee record
STU000957,Student 957,Secondary,Tuition,18000,0,Overdue,2026-05-15,Term 1 fee record
STU000958,Student 958,Senior,Tuition,18000,9000,Partial,2026-08-15,Term 2 fee record
STU000959,Student 959,Science,Tuition,12000,0,Pending,2026-06-15,Term 3 fee record
STU000960,Student 960,Primary,Tuition,18000,0,Pending,2026-02-15,Term 1 fee record
STU000961,Student 961,Primary,Tuition,18000,18000,Paid,2026-09-15,Term 2 fee record
STU000962,Student 962,Commerce,Tuition,12000,0,Pending,2026-08-15,Term 3 fee record
STU000963,Student 963,Senior,Tuition,25000,0,Overdue,2026-06-15,Term 1 fee record
STU000964,Student 964,Commerce,Tuition,12000,0,Overdue,2026-06-15,Term 2 fee record
STU000965,Student 965,Senior,Tuition,18000,0,Pending,2026-02-15,Term 3 fee record
STU000966,Student 966,Primary,Tuition,12000,6000,Partial,2026-03-15,Term 1 fee record
STU000967,Student 967,Science,Tuition,25000,25000,Paid,2026-02-15,Term 2 fee record
STU000968,Student 968,Science,Tuition,12000,0,Overdue,2026-03-15,Term 3 fee record
STU000969,Student 969,Science,Tuition,18000,9000,Partial,2026-05-15,Term 1 fee record
STU000970,Student 970,Commerce,Tuition,18000,18000,Paid,2026-01-15,Term 2 fee record
STU000971,Student 971,Senior,Tuition,18000,0,Pending,2026-02-15,Term 3 fee record
STU000972,Student 972,Science,Tuition,12000,0,Overdue,2026-08-15,Term 1 fee record
STU000973,Student 973,Primary,Tuition,12000,0,Pending,2026-03-15,Term 2 fee record
STU000974,Student 974,Commerce,Tuition,18000,18000,Paid,2026-03-15,Term 3 fee record
STU000975,Student 975,Science,Tuition,18000,0,Pending,2026-05-15,Term 1 fee record
STU000976,Student 976,Primary,Tuition,25000,12500,Partial,2026-06-15,Term 2 fee record
STU000977,Student 977,Commerce,Tuition,18000,18000,Paid,2026-09-15,Term 3 fee record
STU000978,Student 978,Secondary,Tuition,18000,18000,Paid,2026-02-15,Term 1 fee record
STU000979,Student 979,Science,Tuition,18000,9000,Partial,2026-03-15,Term 2 fee record
STU000980,Student 980,Science,Tuition,18000,9000,Partial,2026-04-15,Term 3 fee record
STU000981,Student 981,Primary,Tuition,18000,0,Overdue,2026-05-15,Term 1 fee record
STU000982,Student 982,Primary,Tuition,12000,0,Overdue,2026-09-15,Term 2 fee record
STU000983,Student 983,Science,Tuition,12000,0,Pending,2026-09-15,Term 3 fee record
STU000984,Student 984,Primary,Tuition,25000,0,Overdue,2026-04-15,Term 1 fee record
STU000985,Student 985,Secondary,Tuition,25000,0,Overdue,2026-08-15,Term 2 fee record
STU000986,Student 986,Secondary,Tuition,25000,0,Overdue,2026-08-15,Term 3 fee record
STU000987,Student 987,Primary,Tuition,25000,0,Pending,2026-06-15,Term 1 fee record
STU000988,Student 988,Secondary,Tuition,12000,0,Overdue,2026-02-15,Term 2 fee record
STU000989,Student 989,Secondary,Tuition,12000,0,Overdue,2026-06-15,Term 3 fee record
STU000990,Student 990,Senior,Tuition,12000,0,Pending,2026-09-15,Term 1 fee record
STU000991,Student 991,Commerce,Tuition,18000,0,Overdue,2026-01-15,Term 2 fee record
STU000992,Student 992,Commerce,Tuition,18000,9000,Partial,2026-09-15,Term 3 fee record
STU000993,Student 993,Science,Tuition,25000,12500,Partial,2026-03-15,Term 1 fee record
STU000994,Student 994,Science,Tuition,12000,12000,Paid,2026-07-15,Term 2 fee record
STU000995,Student 995,Primary,Tuition,25000,12500,Partial,2026-09-15,Term 3 fee record
STU000996,Student 996,Secondary,Tuition,12000,0,Overdue,2026-06-15,Term 1 fee record
STU000997,Student 997,Senior,Tuition,12000,12000,Paid,2026-04-15,Term 2 fee record
STU000998,Student 998,Senior,Tuition,18000,18000,Paid,2026-03-15,Term 3 fee record
STU000999,Student 999,Senior,Tuition,12000,0,Overdue,2026-03-15,Term 1 fee record
STU001000,Student 1000,Senior,Tuition,12000,12000,Paid,2026-01-15,Term 2 fee record
STU001001,Student 1001,Secondary,Tuition,18000,0,Pending,2026-02-15,Term 3 fee record
STU001002,Student 1002,Commerce,Tuition,12000,0,Pending,2026-06-15,Term 1 fee record
STU001003,Student 1003,Senior,Tuition,18000,18000,Paid,2026-01-15,Term 2 fee record
STU001004,Student 1004,Senior,Tuition,18000,0,Overdue,2026-02-15,Term 3 fee record
STU001005,Student 1005,Senior,Tuition,18000,18000,Paid,2026-02-15,Term 1 fee record
STU001006,Student 1006,Science,Tuition,18000,9000,Partial,2026-02-15,Term 2 fee record
STU001007,Student 1007,Secondary,Tuition,12000,6000,Partial,2026-04-15,Term 3 fee record
STU001008,Student 1008,Senior,Tuition,12000,0,Overdue,2026-08-15,Term 1 fee record
STU001009,Student 1009,Secondary,Tuition,12000,6000,Partial,2026-02-15,Term 2 fee record
STU001010,Student 1010,Primary,Tuition,18000,18000,Paid,2026-05-15,Term 3 fee record
STU001011,Student 1011,Commerce,Tuition,18000,9000,Partial,2026-07-15,Term 1 fee record
STU001012,Student 1012,Primary,Tuition,12000,0,Overdue,2026-07-15,Term 2 fee record
STU001013,Student 1013,Science,Tuition,12000,0,Overdue,2026-06-15,Term 3 fee record
STU001014,Student 1014,Commerce,Tuition,18000,0,Pending,2026-02-15,Term 1 fee record
STU001015,Student 1015,Commerce,Tuition,12000,6000,Partial,2026-05-15,Term 2 fee record
STU001016,Student 1016,Commerce,Tuition,25000,12500,Partial,2026-09-15,Term 3 fee record
STU001017,Student 1017,Primary,Tuition,18000,9000,Partial,2026-08-15,Term 1 fee record
STU001018,Student 1018,Senior,Tuition,25000,25000,Paid,2026-08-15,Term 2 fee record
STU001019,Student 1019,Senior,Tuition,18000,18000,Paid,2026-01-15,Term 3 fee record
STU001020,Student 1020,Senior,Tuition,12000,6000,Partial,2026-03-15,Term 1 fee record
STU001021,Student 1021,Primary,Tuition,12000,0,Pending,2026-08-15,Term 2 fee record
STU001022,Student 1022,Primary,Tuition,25000,25000,Paid,2026-06-15,Term 3 fee record
STU001023,Student 1023,Science,Tuition,12000,0,Overdue,2026-09-15,Term 1 fee record
STU001024,Student 1024,Commerce,Tuition,12000,12000,Paid,2026-02-15,Term 2 fee record
STU001025,Student 1025,Primary,Tuition,18000,0,Overdue,2026-06-15,Term 3 fee record
STU001026,Student 1026,Science,Tuition,18000,9000,Partial,2026-07-15,Term 1 fee record
STU001027,Student 1027,Senior,Tuition,25000,0,Pending,2026-08-15,Term 2 fee record
STU001028,Student 1028,Science,Tuition,25000,25000,Paid,2026-09-15,Term 3 fee record
STU001029,Student 1029,Science,Tuition,25000,25000,Paid,2026-08-15,Term 1 fee record
STU001030,Student 1030,Primary,Tuition,12000,0,Overdue,2026-03-15,Term 2 fee record
STU001031,Student 1031,Secondary,Tuition,25000,12500,Partial,2026-08-15,Term 3 fee record
STU001032,Student 1032,Commerce,Tuition,12000,6000,Partial,2026-01-15,Term 1 fee record
STU001033,Student 1033,Commerce,Tuition,18000,0,Pending,2026-05-15,Term 2 fee record
STU001034,Student 1034,Commerce,Tuition,12000,0,Overdue,2026-01-15,Term 3 fee record
STU001035,Student 1035,Primary,Tuition,25000,25000,Paid,2026-08-15,Term 1 fee record
STU001036,Student 1036,Senior,Tuition,18000,0,Pending,2026-03-15,Term 2 fee record
STU001037,Student 1037,Commerce,Tuition,12000,0,Overdue,2026-02-15,Term 3 fee record
STU001038,Student 1038,Senior,Tuition,18000,0,Pending,2026-09-15,Term 1 fee record
STU001039,Student 1039,Secondary,Tuition,25000,25000,Paid,2026-06-15,Term 2 fee record
STU001040,Student 1040,Science,Tuition,18000,0,Overdue,2026-08-15,Term 3 fee record
STU001041,Student 1041,Secondary,Tuition,25000,0,Overdue,2026-05-15,Term 1 fee record
STU001042,Student 1042,Secondary,Tuition,12000,0,Pending,2026-04-15,Term 2 fee record
STU001043,Student 1043,Science,Tuition,18000,0,Overdue,2026-06-15,Term 3 fee record
STU001044,Student 1044,Senior,Tuition,25000,12500,Partial,2026-01-15,Term 1 fee record
STU001045,Student 1045,Secondary,Tuition,12000,12000,Paid,2026-01-15,Term 2 fee record
STU001046,Student 1046,Primary,Tuition,25000,0,Pending,2026-04-15,Term 3 fee record
STU001047,Student 1047,Senior,Tuition,12000,12000,Paid,2026-09-15,Term 1 fee record
STU001048,Student 1048,Senior,Tuition,12000,0,Overdue,2026-08-15,Term 2 fee record
STU001049,Student 1049,Science,Tuition,12000,6000,Partial,2026-05-15,Term 3 fee record
STU001050,Student 1050,Secondary,Tuition,25000,12500,Partial,2026-03-15,Term 1 fee record
STU001051,Student 1051,Secondary,Tuition,18000,0,Pending,2026-04-15,Term 2 fee record
STU001052,Student 1052,Primary,Tuition,25000,25000,Paid,2026-07-15,Term 3 fee record
STU001053,Student 1053,Science,Tuition,25000,12500,Partial,2026-02-15,Term 1 fee record
STU001054,Student 1054,Primary,Tuition,25000,25000,Paid,2026-07-15,Term 2 fee record
STU001055,Student 1055,Primary,Tuition,12000,0,Overdue,2026-08-15,Term 3 fee record
STU001056,Student 1056,Senior,Tuition,25000,0,Pending,2026-07-15,Term 1 fee record
STU001057,Student 1057,Primary,Tuition,18000,18000,Paid,2026-07-15,Term 2 fee record
STU001058,Student 1058,Commerce,Tuition,25000,0,Overdue,2026-04-15,Term 3 fee record
STU001059,Student 1059,Commerce,Tuition,12000,0,Overdue,2026-09-15,Term 1 fee record
STU001060,Student 1060,Secondary,Tuition,25000,25000,Paid,2026-01-15,Term 2 fee record
STU001061,Student 1061,Secondary,Tuition,18000,0,Pending,2026-03-15,Term 3 fee record
STU001062,Student 1062,Science,Tuition,12000,0,Overdue,2026-03-15,Term 1 fee record
STU001063,Student 1063,Science,Tuition,25000,25000,Paid,2026-03-15,Term 2 fee record
STU001064,Student 1064,Science,Tuition,25000,12500,Partial,2026-03-15,Term 3 fee record
STU001065,Student 1065,Senior,Tuition,18000,18000,Paid,2026-02-15,Term 1 fee record
STU001066,Student 1066,Science,Tuition,18000,18000,Paid,2026-01-15,Term 2 fee record
STU001067,Student 1067,Science,Tuition,25000,0,Overdue,2026-08-15,Term 3 fee record
STU001068,Student 1068,Commerce,Tuition,12000,0,Overdue,2026-01-15,Term 1 fee record
STU001069,Student 1069,Science,Tuition,25000,0,Pending,2026-06-15,Term 2 fee record
STU001070,Student 1070,Primary,Tuition,18000,18000,Paid,2026-06-15,Term 3 fee record
STU001071,Student 1071,Commerce,Tuition,25000,0,Overdue,2026-04-15,Term 1 fee record
STU001072,Student 1072,Commerce,Tuition,12000,0,Pending,2026-07-15,Term 2 fee record
STU001073,Student 1073,Science,Tuition,25000,25000,Paid,2026-06-15,Term 3 fee record
STU001074,Student 1074,Science,Tuition,18000,18000,Paid,2026-07-15,Term 1 fee record
STU001075,Student 1075,Primary,Tuition,18000,9000,Partial,2026-02-15,Term 2 fee record
STU001076,Student 1076,Commerce,Tuition,25000,12500,Partial,2026-02-15,Term 3 fee record
STU001077,Student 1077,Senior,Tuition,12000,0,Overdue,2026-01-15,Term 1 fee record
STU001078,Student 1078,Science,Tuition,18000,0,Pending,2026-09-15,Term 2 fee record
STU001079,Student 1079,Senior,Tuition,18000,0,Pending,2026-01-15,Term 3 fee record
STU001080,Student 1080,Commerce,Tuition,25000,12500,Partial,2026-05-15,Term 1 fee record
STU001081,Student 1081,Science,Tuition,18000,0,Overdue,2026-05-15,Term 2 fee record
STU001082,Student 1082,Primary,Tuition,25000,12500,Partial,2026-07-15,Term 3 fee record
STU001083,Student 1083,Science,Tuition,18000,9000,Partial,2026-03-15,Term 1 fee record
STU001084,Student 1084,Primary,Tuition,18000,0,Overdue,2026-06-15,Term 2 fee record
STU001085,Student 1085,Primary,Tuition,12000,0,Pending,2026-09-15,Term 3 fee record
STU001086,Student 1086,Science,Tuition,25000,0,Pending,2026-02-15,Term 1 fee record
STU001087,Student 1087,Science,Tuition,25000,0,Overdue,2026-08-15,Term 2 fee record
STU001088,Student 1088,Senior,Tuition,12000,0,Overdue,2026-09-15,Term 3 fee record
STU001089,Student 1089,Commerce,Tuition,18000,18000,Paid,2026-07-15,Term 1 fee record
STU001090,Student 1090,Senior,Tuition,12000,12000,Paid,2026-02-15,Term 2 fee record
STU001091,Student 1091,Senior,Tuition,12000,0,Pending,2026-08-15,Term 3 fee record
STU001092,Student 1092,Senior,Tuition,25000,0,Overdue,2026-09-15,Term 1 fee record
STU001093,Student 1093,Senior,Tuition,12000,6000,Partial,2026-02-15,Term 2 fee record
STU001094,Student 1094,Commerce,Tuition,25000,25000,Paid,2026-02-15,Term 3 fee record
STU001095,Student 1095,Secondary,Tuition,25000,0,Pending,2026-09-15,Term 1 fee record
STU001096,Student 1096,Secondary,Tuition,25000,25000,Paid,2026-01-15,Term 2 fee record
STU001097,Student 1097,Commerce,Tuition,25000,0,Overdue,2026-08-15,Term 3 fee record
STU001098,Student 1098,Senior,Tuition,12000,0,Overdue,2026-01-15,Term 1 fee record
STU001099,Student 1099,Commerce,Tuition,25000,25000,Paid,2026-02-15,Term 2 fee record
STU001100,Student 1100,Commerce,Tuition,18000,0,Pending,2026-06-15,Term 3 fee record
STU001101,Student 1101,Commerce,Tuition,25000,0,Pending,2026-09-15,Term 1 fee record
STU001102,Student 1102,Senior,Tuition,25000,12500,Partial,2026-05-15,Term 2 fee record
STU001103,Student 1103,Commerce,Tuition,18000,18000,Paid,2026-06-15,Term 3 fee record
STU001104,Student 1104,Primary,Tuition,12000,0,Pending,2026-02-15,Term 1 fee record
STU001105,Student 1105,Primary,Tuition,12000,0,Overdue,2026-08-15,Term 2 fee record
STU001106,Student 1106,Science,Tuition,12000,12000,Paid,2026-06-15,Term 3 fee record
STU001107,Student 1107,Senior,Tuition,25000,0,Overdue,2026-05-15,Term 1 fee record
STU001108,Student 1108,Secondary,Tuition,12000,12000,Paid,2026-01-15,Term 2 fee record
STU001109,Student 1109,Secondary,Tuition,12000,12000,Paid,2026-08-15,Term 3 fee record
STU001110,Student 1110,Commerce,Tuition,25000,0,Overdue,2026-06-15,Term 1 fee record
STU001111,Student 1111,Senior,Tuition,25000,12500,Partial,2026-04-15,Term 2 fee record
STU001112,Student 1112,Primary,Tuition,25000,0,Overdue,2026-08-15,Term 3 fee record
STU001113,Student 1113,Science,Tuition,12000,6000,Partial,2026-09-15,Term 1 fee record
STU001114,Student 1114,Secondary,Tuition,12000,0,Pending,2026-04-15,Term 2 fee record
STU001115,Student 1115,Secondary,Tuition,18000,0,Pending,2026-05-15,Term 3 fee record
STU001116,Student 1116,Primary,Tuition,12000,0,Overdue,2026-04-15,Term 1 fee record
STU001117,Student 1117,Primary,Tuition,25000,0,Overdue,2026-06-15,Term 2 fee record
STU001118,Student 1118,Secondary,Tuition,12000,12000,Paid,2026-05-15,Term 3 fee record
STU001119,Student 1119,Primary,Tuition,25000,25000,Paid,2026-06-15,Term 1 fee record
STU001120,Student 1120,Primary,Tuition,12000,6000,Partial,2026-04-15,Term 2 fee record
STU001121,Student 1121,Science,Tuition,18000,0,Pending,2026-04-15,Term 3 fee record
STU001122,Student 1122,Science,Tuition,12000,6000,Partial,2026-05-15,Term 1 fee record
STU001123,Student 1123,Commerce,Tuition,12000,0,Pending,2026-02-15,Term 2 fee record
STU001124,Student 1124,Commerce,Tuition,25000,12500,Partial,2026-02-15,Term 3 fee record
STU001125,Student 1125,Senior,Tuition,12000,0,Overdue,2026-01-15,Term 1 fee record
STU001126,Student 1126,Science,Tuition,25000,0,Overdue,2026-04-15,Term 2 fee record
STU001127,Student 1127,Secondary,Tuition,25000,0,Overdue,2026-08-15,Term 3 fee record
STU001128,Student 1128,Primary,Tuition,12000,0,Pending,2026-08-15,Term 1 fee record
STU001129,Student 1129,Science,Tuition,18000,0,Pending,2026-02-15,Term 2 fee record
STU001130,Student 1130,Commerce,Tuition,25000,12500,Partial,2026-01-15,Term 3 fee record
STU001131,Student 1131,Primary,Tuition,25000,25000,Paid,2026-08-15,Term 1 fee record
STU001132,Student 1132,Secondary,Tuition,25000,0,Overdue,2026-03-15,Term 2 fee record
STU001133,Student 1133,Science,Tuition,12000,0,Overdue,2026-04-15,Term 3 fee record
STU001134,Student 1134,Secondary,Tuition,12000,0,Pending,2026-08-15,Term 1 fee record
STU001135,Student 1135,Science,Tuition,12000,6000,Partial,2026-08-15,Term 2 fee record
STU001136,Student 1136,Primary,Tuition,18000,18000,Paid,2026-03-15,Term 3 fee record
STU001137,Student 1137,Primary,Tuition,18000,0,Pending,2026-05-15,Term 1 fee record
STU001138,Student 1138,Science,Tuition,25000,0,Pending,2026-05-15,Term 2 fee record
STU001139,Student 1139,Commerce,Tuition,18000,0,Pending,2026-08-15,Term 3 fee record
STU001140,Student 1140,Secondary,Tuition,25000,25000,Paid,2026-08-15,Term 1 fee record
STU001141,Student 1141,Secondary,Tuition,12000,0,Overdue,2026-06-15,Term 2 fee record
STU001142,Student 1142,Primary,Tuition,18000,0,Pending,2026-08-15,Term 3 fee record
STU001143,Student 1143,Commerce,Tuition,18000,0,Overdue,2026-03-15,Term 1 fee record
STU001144,Student 1144,Commerce,Tuition,18000,9000,Partial,2026-05-15,Term 2 fee record
STU001145,Student 1145,Senior,Tuition,12000,6000,Partial,2026-09-15,Term 3 fee record
STU001146,Student 1146,Science,Tuition,12000,0,Pending,2026-09-15,Term 1 fee record
STU001147,Student 1147,Commerce,Tuition,12000,6000,Partial,2026-02-15,Term 2 fee record
STU001148,Student 1148,Secondary,Tuition,18000,0,Overdue,2026-02-15,Term 3 fee record
STU001149,Student 1149,Science,Tuition,18000,0,Overdue,2026-08-15,Term 1 fee record
STU001150,Student 1150,Science,Tuition,12000,12000,Paid,2026-07-15,Term 2 fee record
STU001151,Student 1151,Primary,Tuition,12000,0,Overdue,2026-03-15,Term 3 fee record
STU001152,Student 1152,Commerce,Tuition,12000,12000,Paid,2026-02-15,Term 1 fee record
STU001153,Student 1153,Primary,Tuition,12000,12000,Paid,2026-02-15,Term 2 fee record
STU001154,Student 1154,Senior,Tuition,18000,0,Pending,2026-09-15,Term 3 fee record
STU001155,Student 1155,Secondary,Tuition,12000,12000,Paid,2026-06-15,Term 1 fee record
STU001156,Student 1156,Secondary,Tuition,18000,18000,Paid,2026-02-15,Term 2 fee record
STU001157,Student 1157,Primary,Tuition,18000,0,Pending,2026-04-15,Term 3 fee record
STU001158,Student 1158,Commerce,Tuition,25000,12500,Partial,2026-09-15,Term 1 fee record
STU001159,Student 1159,Secondary,Tuition,12000,0,Overdue,2026-04-15,Term 2 fee record
STU001160,Student 1160,Primary,Tuition,12000,0,Overdue,2026-02-15,Term 3 fee record
STU001161,Student 1161,Primary,Tuition,18000,0,Pending,2026-06-15,Term 1 fee record
STU001162,Student 1162,Secondary,Tuition,25000,12500,Partial,2026-03-15,Term 2 fee record
STU001163,Student 1163,Science,Tuition,25000,0,Pending,2026-05-15,Term 3 fee record
STU001164,Student 1164,Senior,Tuition,25000,12500,Partial,2026-04-15,Term 1 fee record
STU001165,Student 1165,Science,Tuition,18000,0,Pending,2026-06-15,Term 2 fee record
STU001166,Student 1166,Senior,Tuition,12000,12000,Paid,2026-01-15,Term 3 fee record
STU001167,Student 1167,Primary,Tuition,18000,18000,Paid,2026-04-15,Term 1 fee record
STU001168,Student 1168,Primary,Tuition,12000,12000,Paid,2026-04-15,Term 2 fee record
STU001169,Student 1169,Commerce,Tuition,25000,0,Pending,2026-05-15,Term 3 fee record
STU001170,Student 1170,Primary,Tuition,12000,6000,Partial,2026-03-15,Term 1 fee record
STU001171,Student 1171,Science,Tuition,25000,0,Pending,2026-04-15,Term 2 fee record
STU001172,Student 1172,Primary,Tuition,25000,12500,Partial,2026-07-15,Term 3 fee record
STU001173,Student 1173,Secondary,Tuition,25000,12500,Partial,2026-07-15,Term 1 fee record
STU001174,Student 1174,Primary,Tuition,12000,0,Pending,2026-04-15,Term 2 fee record
STU001175,Student 1175,Commerce,Tuition,18000,18000,Paid,2026-03-15,Term 3 fee record
STU001176,Student 1176,Science,Tuition,25000,12500,Partial,2026-09-15,Term 1 fee record
STU001177,Student 1177,Science,Tuition,12000,0,Pending,2026-09-15,Term 2 fee record
STU001178,Student 1178,Senior,Tuition,25000,0,Pending,2026-02-15,Term 3 fee record
STU001179,Student 1179,Senior,Tuition,25000,0,Overdue,2026-02-15,Term 1 fee record
STU001180,Student 1180,Science,Tuition,18000,18000,Paid,2026-07-15,Term 2 fee record
STU001181,Student 1181,Commerce,Tuition,25000,0,Overdue,2026-03-15,Term 3 fee record
STU001182,Student 1182,Secondary,Tuition,25000,25000,Paid,2026-05-15,Term 1 fee record
STU001183,Student 1183,Secondary,Tuition,12000,12000,Paid,2026-02-15,Term 2 fee record
STU001184,Student 1184,Science,Tuition,12000,0,Pending,2026-08-15,Term 3 fee record
STU001185,Student 1185,Senior,Tuition,18000,0,Pending,2026-09-15,Term 1 fee record
STU001186,Student 1186,Senior,Tuition,18000,0,Pending,2026-02-15,Term 2 fee record
STU001187,Student 1187,Science,Tuition,25000,12500,Partial,2026-05-15,Term 3 fee record
STU001188,Student 1188,Senior,Tuition,25000,0,Pending,2026-05-15,Term 1 fee record
STU001189,Student 1189,Commerce,Tuition,18000,0,Overdue,2026-09-15,Term 2 fee record
STU001190,Student 1190,Secondary,Tuition,12000,6000,Partial,2026-09-15,Term 3 fee record
STU001191,Student 1191,Science,Tuition,18000,9000,Partial,2026-03-15,Term 1 fee record
STU001192,Student 1192,Primary,Tuition,18000,0,Overdue,2026-02-15,Term 2 fee record
STU001193,Student 1193,Science,Tuition,12000,6000,Partial,2026-04-15,Term 3 fee record
STU001194,Student 1194,Science,Tuition,18000,0,Overdue,2026-09-15,Term 1 fee record
STU001195,Student 1195,Primary,Tuition,18000,9000,Partial,2026-09-15,Term 2 fee record
STU001196,Student 1196,Commerce,Tuition,25000,25000,Paid,2026-08-15,Term 3 fee record
STU001197,Student 1197,Secondary,Tuition,25000,0,Overdue,2026-07-15,Term 1 fee record
STU001198,Student 1198,Senior,Tuition,25000,12500,Partial,2026-03-15,Term 2 fee record
STU001199,Student 1199,Secondary,Tuition,12000,0,Pending,2026-03-15,Term 3 fee record
STU001200,Student 1200,Senior,Tuition,12000,0,Pending,2026-02-15,Term 1 fee record
STU001201,Student 1201,Primary,Tuition,25000,0,Overdue,2026-09-15,Term 2 fee record
STU001202,Student 1202,Primary,Tuition,12000,0,Overdue,2026-08-15,Term 3 fee record
STU001203,Student 1203,Senior,Tuition,12000,6000,Partial,2026-08-15,Term 1 fee record
STU001204,Student 1204,Science,Tuition,18000,18000,Paid,2026-09-15,Term 2 fee record
STU001205,Student 1205,Science,Tuition,18000,18000,Paid,2026-07-15,Term 3 fee record
STU001206,Student 1206,Science,Tuition,18000,0,Pending,2026-05-15,Term 1 fee record
STU001207,Student 1207,Secondary,Tuition,18000,18000,Paid,2026-08-15,Term 2 fee record
STU001208,Student 1208,Commerce,Tuition,18000,9000,Partial,2026-03-15,Term 3 fee record
STU001209,Student 1209,Secondary,Tuition,18000,0,Pending,2026-08-15,Term 1 fee record
STU001210,Student 1210,Senior,Tuition,12000,0,Overdue,2026-05-15,Term 2 fee record
STU001211,Student 1211,Secondary,Tuition,18000,0,Overdue,2026-04-15,Term 3 fee record
STU001212,Student 1212,Senior,Tuition,25000,12500,Partial,2026-05-15,Term 1 fee record
STU001213,Student 1213,Commerce,Tuition,18000,0,Overdue,2026-05-15,Term 2 fee record
STU001214,Student 1214,Commerce,Tuition,25000,12500,Partial,2026-08-15,Term 3 fee record
STU001215,Student 1215,Commerce,Tuition,18000,0,Overdue,2026-03-15,Term 1 fee record
STU001216,Student 1216,Science,Tuition,25000,0,Overdue,2026-04-15,Term 2 fee record
STU001217,Student 1217,Primary,Tuition,12000,0,Pending,2026-06-15,Term 3 fee record
STU001218,Student 1218,Science,Tuition,12000,12000,Paid,2026-01-15,Term 1 fee record
STU001219,Student 1219,Secondary,Tuition,18000,18000,Paid,2026-08-15,Term 2 fee record
STU001220,Student 1220,Primary,Tuition,12000,0,Overdue,2026-03-15,Term 3 fee record
STU001221,Student 1221,Primary,Tuition,18000,18000,Paid,2026-07-15,Term 1 fee record
STU001222,Student 1222,Commerce,Tuition,18000,0,Overdue,2026-04-15,Term 2 fee record
STU001223,Student 1223,Primary,Tuition,25000,25000,Paid,2026-04-15,Term 3 fee record
STU001224,Student 1224,Senior,Tuition,18000,9000,Partial,2026-08-15,Term 1 fee record
STU001225,Student 1225,Commerce,Tuition,25000,25000,Paid,2026-07-15,Term 2 fee record
STU001226,Student 1226,Secondary,Tuition,18000,0,Pending,2026-03-15,Term 3 fee record
STU001227,Student 1227,Senior,Tuition,18000,0,Overdue,2026-04-15,Term 1 fee record
STU001228,Student 1228,Primary,Tuition,25000,25000,Paid,2026-04-15,Term 2 fee record
STU001229,Student 1229,Senior,Tuition,12000,0,Pending,2026-09-15,Term 3 fee record
STU001230,Student 1230,Secondary,Tuition,18000,18000,Paid,2026-01-15,Term 1 fee record
STU001231,Student 1231,Primary,Tuition,25000,12500,Partial,2026-06-15,Term 2 fee record
STU001232,Student 1232,Commerce,Tuition,12000,0,Overdue,2026-04-15,Term 3 fee record
STU001233,Student 1233,Senior,Tuition,25000,0,Pending,2026-02-15,Term 1 fee record
STU001234,Student 1234,Primary,Tuition,25000,25000,Paid,2026-02-15,Term 2 fee record
STU001235,Student 1235,Science,Tuition,12000,12000,Paid,2026-01-15,Term 3 fee record
STU001236,Student 1236,Science,Tuition,12000,6000,Partial,2026-08-15,Term 1 fee record
STU001237,Student 1237,Commerce,Tuition,18000,0,Pending,2026-09-15,Term 2 fee record
STU001238,Student 1238,Commerce,Tuition,25000,0,Pending,2026-09-15,Term 3 fee record
STU001239,Student 1239,Science,Tuition,12000,0,Overdue,2026-04-15,Term 1 fee record
STU001240,Student 1240,Secondary,Tuition,12000,12000,Paid,2026-02-15,Term 2 fee record
STU001241,Student 1241,Secondary,Tuition,25000,0,Pending,2026-09-15,Term 3 fee record
STU001242,Student 1242,Primary,Tuition,18000,9000,Partial,2026-06-15,Term 1 fee record
STU001243,Student 1243,Senior,Tuition,18000,0,Overdue,2026-01-15,Term 2 fee record
STU001244,Student 1244,Senior,Tuition,18000,0,Overdue,2026-02-15,Term 3 fee record
STU001245,Student 1245,Commerce,Tuition,18000,9000,Partial,2026-06-15,Term 1 fee record
STU001246,Student 1246,Commerce,Tuition,12000,6000,Partial,2026-04-15,Term 2 fee record
STU001247,Student 1247,Commerce,Tuition,18000,18000,Paid,2026-05-15,Term 3 fee record
STU001248,Student 1248,Commerce,Tuition,25000,0,Pending,2026-05-15,Term 1 fee record
STU001249,Student 1249,Secondary,Tuition,18000,18000,Paid,2026-06-15,Term 2 fee record
STU001250,Student 1250,Science,Tuition,25000,0,Overdue,2026-07-15,Term 3 fee record
STU001251,Student 1251,Science,Tuition,25000,12500,Partial,2026-02-15,Term 1 fee record
STU001252,Student 1252,Science,Tuition,18000,0,Overdue,2026-05-15,Term 2 fee record
STU001253,Student 1253,Science,Tuition,18000,0,Overdue,2026-08-15,Term 3 fee record
STU001254,Student 1254,Secondary,Tuition,12000,6000,Partial,2026-02-15,Term 1 fee record
STU001255,Student 1255,Secondary,Tuition,18000,0,Pending,2026-01-15,Term 2 fee record
STU001256,Student 1256,Senior,Tuition,12000,6000,Partial,2026-01-15,Term 3 fee record
STU001257,Student 1257,Secondary,Tuition,25000,0,Overdue,2026-01-15,Term 1 fee record
STU001258,Student 1258,Primary,Tuition,25000,0,Overdue,2026-08-15,Term 2 fee record
STU001259,Student 1259,Science,Tuition,12000,12000,Paid,2026-04-15,Term 3 fee record
STU001260,Student 1260,Science,Tuition,18000,18000,Paid,2026-03-15,Term 1 fee record
STU001261,Student 1261,Secondary,Tuition,25000,0,Pending,2026-02-15,Term 2 fee record
STU001262,Student 1262,Science,Tuition,12000,6000,Partial,2026-08-15,Term 3 fee record
STU001263,Student 1263,Science,Tuition,18000,0,Overdue,2026-08-15,Term 1 fee record
STU001264,Student 1264,Science,Tuition,18000,0,Overdue,2026-06-15,Term 2 fee record
STU001265,Student 1265,Science,Tuition,12000,12000,Paid,2026-09-15,Term 3 fee record
STU001266,Student 1266,Primary,Tuition,12000,12000,Paid,2026-05-15,Term 1 fee record
STU001267,Student 1267,Science,Tuition,12000,0,Pending,2026-07-15,Term 2 fee record
STU001268,Student 1268,Commerce,Tuition,25000,12500,Partial,2026-04-15,Term 3 fee record
STU001269,Student 1269,Primary,Tuition,12000,6000,Partial,2026-03-15,Term 1 fee record
STU001270,Student 1270,Senior,Tuition,18000,0,Overdue,2026-09-15,Term 2 fee record
STU001271,Student 1271,Commerce,Tuition,18000,18000,Paid,2026-01-15,Term 3 fee record
STU001272,Student 1272,Commerce,Tuition,25000,0,Overdue,2026-08-15,Term 1 fee record
STU001273,Student 1273,Senior,Tuition,25000,12500,Partial,2026-04-15,Term 2 fee record
STU001274,Student 1274,Secondary,Tuition,18000,0,Overdue,2026-09-15,Term 3 fee record
STU001275,Student 1275,Senior,Tuition,25000,0,Overdue,2026-05-15,Term 1 fee record
STU001276,Student 1276,Commerce,Tuition,12000,6000,Partial,2026-09-15,Term 2 fee record
STU001277,Student 1277,Primary,Tuition,12000,12000,Paid,2026-05-15,Term 3 fee record
STU001278,Student 1278,Primary,Tuition,12000,0,Pending,2026-05-15,Term 1 fee record
STU001279,Student 1279,Science,Tuition,18000,0,Pending,2026-02-15,Term 2 fee record
STU001280,Student 1280,Commerce,Tuition,18000,0,Pending,2026-06-15,Term 3 fee record
STU001281,Student 1281,Secondary,Tuition,25000,12500,Partial,2026-08-15,Term 1 fee record
STU001282,Student 1282,Science,Tuition,18000,18000,Paid,2026-07-15,Term 2 fee record
STU001283,Student 1283,Primary,Tuition,18000,0,Overdue,2026-03-15,Term 3 fee record
STU001284,Student 1284,Science,Tuition,25000,12500,Partial,2026-02-15,Term 1 fee record
STU001285,Student 1285,Commerce,Tuition,25000,12500,Partial,2026-01-15,Term 2 fee record
STU001286,Student 1286,Secondary,Tuition,18000,0,Overdue,2026-04-15,Term 3 fee record
STU001287,Student 1287,Science,Tuition,25000,0,Pending,2026-09-15,Term 1 fee record
STU001288,Student 1288,Science,Tuition,18000,9000,Partial,2026-08-15,Term 2 fee record
STU001289,Student 1289,Primary,Tuition,12000,0,Overdue,2026-06-15,Term 3 fee record
STU001290,Student 1290,Secondary,Tuition,25000,0,Overdue,2026-05-15,Term 1 fee record
STU001291,Student 1291,Commerce,Tuition,12000,12000,Paid,2026-01-15,Term 2 fee record
STU001292,Student 1292,Commerce,Tuition,25000,0,Overdue,2026-03-15,Term 3 fee record
STU001293,Student 1293,Senior,Tuition,25000,12500,Partial,2026-05-15,Term 1 fee record
STU001294,Student 1294,Secondary,Tuition,25000,12500,Partial,2026-04-15,Term 2 fee record
STU001295,Student 1295,Secondary,Tuition,18000,0,Overdue,2026-02-15,Term 3 fee record
STU001296,Student 1296,Secondary,Tuition,25000,25000,Paid,2026-05-15,Term 1 fee record
STU001297,Student 1297,Commerce,Tuition,18000,9000,Partial,2026-04-15,Term 2 fee record
STU001298,Student 1298,Senior,Tuition,18000,9000,Partial,2026-04-15,Term 3 fee record
STU001299,Student 1299,Commerce,Tuition,12000,0,Pending,2026-02-15,Term 1 fee record
STU001300,Student 1300,Senior,Tuition,18000,9000,Partial,2026-03-15,Term 2 fee record
STU001301,Student 1301,Primary,Tuition,18000,0,Pending,2026-08-15,Term 3 fee record
STU001302,Student 1302,Commerce,Tuition,18000,0,Overdue,2026-07-15,Term 1 fee record
STU001303,Student 1303,Primary,Tuition,12000,0,Overdue,2026-01-15,Term 2 fee record
STU001304,Student 1304,Commerce,Tuition,18000,9000,Partial,2026-06-15,Term 3 fee record
STU001305,Student 1305,Primary,Tuition,12000,0,Overdue,2026-07-15,Term 1 fee record
STU001306,Student 1306,Primary,Tuition,12000,0,Overdue,2026-02-15,Term 2 fee record
STU001307,Student 1307,Secondary,Tuition,12000,6000,Partial,2026-03-15,Term 3 fee record
STU001308,Student 1308,Secondary,Tuition,18000,0,Overdue,2026-05-15,Term 1 fee record
STU001309,Student 1309,Senior,Tuition,25000,12500,Partial,2026-06-15,Term 2 fee record
STU001310,Student 1310,Primary,Tuition,18000,0,Pending,2026-09-15,Term 3 fee record
STU001311,Student 1311,Senior,Tuition,25000,25000,Paid,2026-08-15,Term 1 fee record
STU001312,Student 1312,Science,Tuition,25000,25000,Paid,2026-01-15,Term 2 fee record
STU001313,Student 1313,Commerce,Tuition,25000,0,Pending,2026-05-15,Term 3 fee record
STU001314,Student 1314,Commerce,Tuition,12000,0,Pending,2026-05-15,Term 1 fee record
STU001315,Student 1315,Senior,Tuition,25000,25000,Paid,2026-01-15,Term 2 fee record
STU001316,Student 1316,Primary,Tuition,25000,0,Pending,2026-08-15,Term 3 fee record
STU001317,Student 1317,Commerce,Tuition,12000,0,Pending,2026-03-15,Term 1 fee record
STU001318,Student 1318,Science,Tuition,18000,0,Overdue,2026-09-15,Term 2 fee record
STU001319,Student 1319,Senior,Tuition,25000,12500,Partial,2026-05-15,Term 3 fee record
STU001320,Student 1320,Commerce,Tuition,12000,12000,Paid,2026-04-15,Term 1 fee record
STU001321,Student 1321,Science,Tuition,12000,0,Overdue,2026-09-15,Term 2 fee record
STU001322,Student 1322,Commerce,Tuition,12000,12000,Paid,2026-05-15,Term 3 fee record
STU001323,Student 1323,Senior,Tuition,18000,0,Pending,2026-03-15,Term 1 fee record
STU001324,Student 1324,Secondary,Tuition,18000,18000,Paid,2026-08-15,Term 2 fee record
STU001325,Student 1325,Primary,Tuition,18000,18000,Paid,2026-05-15,Term 3 fee record
STU001326,Student 1326,Commerce,Tuition,25000,25000,Paid,2026-08-15,Term 1 fee record
STU001327,Student 1327,Secondary,Tuition,18000,9000,Partial,2026-06-15,Term 2 fee record
STU001328,Student 1328,Senior,Tuition,25000,12500,Partial,2026-07-15,Term 3 fee record
STU001329,Student 1329,Senior,Tuition,18000,18000,Paid,2026-01-15,Term 1 fee record
STU001330,Student 1330,Commerce,Tuition,25000,25000,Paid,2026-05-15,Term 2 fee record
STU001331,Student 1331,Science,Tuition,25000,25000,Paid,2026-02-15,Term 3 fee record
STU001332,Student 1332,Science,Tuition,25000,0,Overdue,2026-07-15,Term 1 fee record
STU001333,Student 1333,Commerce,Tuition,12000,6000,Partial,2026-04-15,Term 2 fee record
STU001334,Student 1334,Commerce,Tuition,18000,0,Overdue,2026-04-15,Term 3 fee record
STU001335,Student 1335,Secondary,Tuition,25000,25000,Paid,2026-03-15,Term 1 fee record
STU001336,Student 1336,Science,Tuition,18000,9000,Partial,2026-09-15,Term 2 fee record
STU001337,Student 1337,Commerce,Tuition,25000,0,Overdue,2026-07-15,Term 3 fee record
STU001338,Student 1338,Commerce,Tuition,18000,18000,Paid,2026-03-15,Term 1 fee record
STU001339,Student 1339,Primary,Tuition,18000,0,Pending,2026-09-15,Term 2 fee record
STU001340,Student 1340,Primary,Tuition,25000,0,Overdue,2026-01-15,Term 3 fee record
STU001341,Student 1341,Senior,Tuition,25000,0,Overdue,2026-09-15,Term 1 fee record
STU001342,Student 1342,Secondary,Tuition,12000,0,Overdue,2026-06-15,Term 2 fee record
STU001343,Student 1343,Science,Tuition,12000,0,Overdue,2026-01-15,Term 3 fee record
STU001344,Student 1344,Secondary,Tuition,25000,0,Overdue,2026-08-15,Term 1 fee record
STU001345,Student 1345,Science,Tuition,12000,0,Pending,2026-03-15,Term 2 fee record
STU001346,Student 1346,Secondary,Tuition,18000,0,Pending,2026-08-15,Term 3 fee record
STU001347,Student 1347,Secondary,Tuition,18000,0,Overdue,2026-03-15,Term 1 fee record
STU001348,Student 1348,Primary,Tuition,18000,18000,Paid,2026-04-15,Term 2 fee record
STU001349,Student 1349,Commerce,Tuition,18000,0,Overdue,2026-03-15,Term 3 fee record
STU001350,Student 1350,Senior,Tuition,12000,0,Overdue,2026-02-15,Term 1 fee record
STU001351,Student 1351,Science,Tuition,18000,18000,Paid,2026-01-15,Term 2 fee record
STU001352,Student 1352,Senior,Tuition,12000,0,Pending,2026-03-15,Term 3 fee record
STU001353,Student 1353,Primary,Tuition,12000,0,Pending,2026-06-15,Term 1 fee record
STU001354,Student 1354,Primary,Tuition,25000,25000,Paid,2026-07-15,Term 2 fee record
STU001355,Student 1355,Secondary,Tuition,18000,18000,Paid,2026-05-15,Term 3 fee record
STU001356,Student 1356,Secondary,Tuition,12000,0,Overdue,2026-07-15,Term 1 fee record
STU001357,Student 1357,Secondary,Tuition,18000,18000,Paid,2026-06-15,Term 2 fee record
STU001358,Student 1358,Commerce,Tuition,12000,0,Pending,2026-04-15,Term 3 fee record
STU001359,Student 1359,Secondary,Tuition,18000,9000,Partial,2026-02-15,Term 1 fee record
STU001360,Student 1360,Senior,Tuition,18000,18000,Paid,2026-02-15,Term 2 fee record
STU001361,Student 1361,Science,Tuition,25000,25000,Paid,2026-08-15,Term 3 fee record
STU001362,Student 1362,Primary,Tuition,25000,0,Overdue,2026-08-15,Term 1 fee record
STU001363,Student 1363,Secondary,Tuition,18000,0,Overdue,2026-06-15,Term 2 fee record
STU001364,Student 1364,Secondary,Tuition,25000,0,Overdue,2026-05-15,Term 3 fee record
STU001365,Student 1365,Senior,Tuition,18000,0,Overdue,2026-01-15,Term 1 fee record
STU001366,Student 1366,Science,Tuition,18000,0,Overdue,2026-09-15,Term 2 fee record
STU001367,Student 1367,Secondary,Tuition,25000,0,Pending,2026-08-15,Term 3 fee record
STU001368,Student 1368,Senior,Tuition,12000,6000,Partial,2026-05-15,Term 1 fee record
STU001369,Student 1369,Senior,Tuition,25000,25000,Paid,2026-01-15,Term 2 fee record
STU001370,Student 1370,Primary,Tuition,25000,0,Pending,2026-05-15,Term 3 fee record
STU001371,Student 1371,Senior,Tuition,18000,18000,Paid,2026-08-15,Term 1 fee record
STU001372,Student 1372,Senior,Tuition,12000,12000,Paid,2026-08-15,Term 2 fee record
STU001373,Student 1373,Secondary,Tuition,18000,18000,Paid,2026-01-15,Term 3 fee record
STU001374,Student 1374,Commerce,Tuition,25000,25000,Paid,2026-09-15,Term 1 fee record
STU001375,Student 1375,Senior,Tuition,18000,18000,Paid,2026-03-15,Term 2 fee record
STU001376,Student 1376,Science,Tuition,12000,0,Pending,2026-08-15,Term 3 fee record
STU001377,Student 1377,Commerce,Tuition,18000,9000,Partial,2026-05-15,Term 1 fee record
STU001378,Student 1378,Senior,Tuition,12000,0,Overdue,2026-06-15,Term 2 fee record
STU001379,Student 1379,Science,Tuition,25000,0,Pending,2026-09-15,Term 3 fee record
STU001380,Student 1380,Science,Tuition,25000,0,Overdue,2026-05-15,Term 1 fee record
STU001381,Student 1381,Primary,Tuition,18000,9000,Partial,2026-05-15,Term 2 fee record
STU001382,Student 1382,Secondary,Tuition,18000,0,Pending,2026-03-15,Term 3 fee record
STU001383,Student 1383,Science,Tuition,12000,0,Overdue,2026-09-15,Term 1 fee record
STU001384,Student 1384,Senior,Tuition,18000,9000,Partial,2026-06-15,Term 2 fee record
STU001385,Student 1385,Primary,Tuition,12000,0,Pending,2026-07-15,Term 3 fee record
STU001386,Student 1386,Science,Tuition,18000,9000,Partial,2026-01-15,Term 1 fee record
STU001387,Student 1387,Commerce,Tuition,18000,9000,Partial,2026-09-15,Term 2 fee record
STU001388,Student 1388,Primary,Tuition,12000,0,Overdue,2026-05-15,Term 3 fee record
STU001389,Student 1389,Senior,Tuition,18000,18000,Paid,2026-01-15,Term 1 fee record
STU001390,Student 1390,Science,Tuition,18000,18000,Paid,2026-02-15,Term 2 fee record
STU001391,Student 1391,Primary,Tuition,25000,25000,Paid,2026-08-15,Term 3 fee record
STU001392,Student 1392,Primary,Tuition,12000,6000,Partial,2026-05-15,Term 1 fee record
STU001393,Student 1393,Secondary,Tuition,12000,12000,Paid,2026-08-15,Term 2 fee record
STU001394,Student 1394,Science,Tuition,25000,0,Pending,2026-03-15,Term 3 fee record
STU001395,Student 1395,Commerce,Tuition,25000,25000,Paid,2026-07-15,Term 1 fee record
STU001396,Student 1396,Science,Tuition,18000,9000,Partial,2026-01-15,Term 2 fee record
STU001397,Student 1397,Primary,Tuition,18000,18000,Paid,2026-02-15,Term 3 fee record
STU001398,Student 1398,Commerce,Tuition,12000,0,Overdue,2026-04-15,Term 1 fee record
STU001399,Student 1399,Commerce,Tuition,12000,0,Pending,2026-03-15,Term 2 fee record
STU001400,Student 1400,Science,Tuition,18000,0,Pending,2026-06-15,Term 3 fee record
STU001401,Student 1401,Primary,Tuition,12000,0,Overdue,2026-02-15,Term 1 fee record
STU001402,Student 1402,Primary,Tuition,18000,9000,Partial,2026-08-15,Term 2 fee record
STU001403,Student 1403,Commerce,Tuition,12000,0,Overdue,2026-03-15,Term 3 fee record
STU001404,Student 1404,Primary,Tuition,12000,6000,Partial,2026-06-15,Term 1 fee record
STU001405,Student 1405,Science,Tuition,12000,0,Overdue,2026-09-15,Term 2 fee record
STU001406,Student 1406,Commerce,Tuition,25000,0,Pending,2026-05-15,Term 3 fee record
STU001407,Student 1407,Commerce,Tuition,18000,18000,Paid,2026-08-15,Term 1 fee record
STU001408,Student 1408,Commerce,Tuition,12000,0,Pending,2026-05-15,Term 2 fee record
STU001409,Student 1409,Primary,Tuition,25000,25000,Paid,2026-07-15,Term 3 fee record
STU001410,Student 1410,Primary,Tuition,12000,0,Overdue,2026-08-15,Term 1 fee record
STU001411,Student 1411,Commerce,Tuition,12000,0,Pending,2026-03-15,Term 2 fee record
STU001412,Student 1412,Secondary,Tuition,25000,12500,Partial,2026-04-15,Term 3 fee record
STU001413,Student 1413,Secondary,Tuition,12000,0,Pending,2026-01-15,Term 1 fee record
STU001414,Student 1414,Senior,Tuition,25000,0,Pending,2026-04-15,Term 2 fee record
STU001415,Student 1415,Science,Tuition,18000,9000,Partial,2026-04-15,Term 3 fee record
STU001416,Student 1416,Commerce,Tuition,18000,0,Pending,2026-02-15,Term 1 fee record
STU001417,Student 1417,Senior,Tuition,18000,18000,Paid,2026-08-15,Term 2 fee record
STU001418,Student 1418,Senior,Tuition,12000,0,Pending,2026-03-15,Term 3 fee record
STU001419,Student 1419,Commerce,Tuition,18000,18000,Paid,2026-07-15,Term 1 fee record
STU001420,Student 1420,Secondary,Tuition,18000,9000,Partial,2026-05-15,Term 2 fee record
STU001421,Student 1421,Commerce,Tuition,12000,0,Pending,2026-01-15,Term 3 fee record
STU001422,Student 1422,Science,Tuition,12000,0,Overdue,2026-08-15,Term 1 fee record
STU001423,Student 1423,Commerce,Tuition,18000,0,Pending,2026-04-15,Term 2 fee record
STU001424,Student 1424,Senior,Tuition,18000,0,Overdue,2026-06-15,Term 3 fee record
STU001425,Student 1425,Secondary,Tuition,12000,6000,Partial,2026-03-15,Term 1 fee record
STU001426,Student 1426,Commerce,Tuition,18000,0,Pending,2026-07-15,Term 2 fee record
STU001427,Student 1427,Primary,Tuition,12000,6000,Partial,2026-05-15,Term 3 fee record
STU001428,Student 1428,Primary,Tuition,18000,0,Overdue,2026-09-15,Term 1 fee record
STU001429,Student 1429,Commerce,Tuition,12000,6000,Partial,2026-01-15,Term 2 fee record
STU001430,Student 1430,Science,Tuition,25000,0,Overdue,2026-09-15,Term 3 fee record
STU001431,Student 1431,Science,Tuition,18000,9000,Partial,2026-05-15,Term 1 fee record
STU001432,Student 1432,Primary,Tuition,12000,0,Pending,2026-09-15,Term 2 fee record
STU001433,Student 1433,Secondary,Tuition,25000,12500,Partial,2026-06-15,Term 3 fee record
STU001434,Student 1434,Primary,Tuition,25000,0,Overdue,2026-06-15,Term 1 fee record
STU001435,Student 1435,Science,Tuition,12000,0,Pending,2026-07-15,Term 2 fee record
STU001436,Student 1436,Senior,Tuition,18000,0,Overdue,2026-02-15,Term 3 fee record
STU001437,Student 1437,Senior,Tuition,25000,0,Overdue,2026-02-15,Term 1 fee record
STU001438,Student 1438,Science,Tuition,25000,0,Overdue,2026-03-15,Term 2 fee record
STU001439,Student 1439,Commerce,Tuition,25000,12500,Partial,2026-05-15,Term 3 fee record
STU001440,Student 1440,Primary,Tuition,25000,0,Overdue,2026-04-15,Term 1 fee record
STU001441,Student 1441,Commerce,Tuition,12000,0,Pending,2026-04-15,Term 2 fee record
STU001442,Student 1442,Secondary,Tuition,25000,0,Overdue,2026-04-15,Term 3 fee record
STU001443,Student 1443,Primary,Tuition,25000,25000,Paid,2026-01-15,Term 1 fee record
STU001444,Student 1444,Science,Tuition,18000,0,Pending,2026-01-15,Term 2 fee record
STU001445,Student 1445,Science,Tuition,18000,9000,Partial,2026-05-15,Term 3 fee record
STU001446,Student 1446,Secondary,Tuition,18000,0,Pending,2026-09-15,Term 1 fee record
STU001447,Student 1447,Senior,Tuition,12000,6000,Partial,2026-09-15,Term 2 fee record
STU001448,Student 1448,Senior,Tuition,25000,12500,Partial,2026-02-15,Term 3 fee record
STU001449,Student 1449,Senior,Tuition,12000,6000,Partial,2026-06-15,Term 1 fee record
STU001450,Student 1450,Primary,Tuition,18000,0,Pending,2026-02-15,Term 2 fee record
STU001451,Student 1451,Secondary,Tuition,18000,0,Overdue,2026-02-15,Term 3 fee record
STU001452,Student 1452,Senior,Tuition,25000,25000,Paid,2026-06-15,Term 1 fee record
STU001453,Student 1453,Primary,Tuition,12000,12000,Paid,2026-09-15,Term 2 fee record
STU001454,Student 1454,Secondary,Tuition,25000,12500,Partial,2026-08-15,Term 3 fee record
STU001455,Student 1455,Science,Tuition,25000,25000,Paid,2026-02-15,Term 1 fee record
STU001456,Student 1456,Science,Tuition,25000,0,Pending,2026-04-15,Term 2 fee record
STU001457,Student 1457,Secondary,Tuition,18000,18000,Paid,2026-05-15,Term 3 fee record
STU001458,Student 1458,Science,Tuition,25000,25000,Paid,2026-04-15,Term 1 fee record
STU001459,Student 1459,Primary,Tuition,12000,6000,Partial,2026-02-15,Term 2 fee record
STU001460,Student 1460,Secondary,Tuition,12000,6000,Partial,2026-07-15,Term 3 fee record
STU001461,Student 1461,Science,Tuition,18000,0,Pending,2026-02-15,Term 1 fee record
STU001462,Student 1462,Science,Tuition,12000,12000,Paid,2026-03-15,Term 2 fee record
STU001463,Student 1463,Secondary,Tuition,25000,12500,Partial,2026-03-15,Term 3 fee record
STU001464,Student 1464,Secondary,Tuition,25000,0,Pending,2026-08-15,Term 1 fee record
STU001465,Student 1465,Science,Tuition,12000,12000,Paid,2026-04-15,Term 2 fee record
STU001466,Student 1466,Primary,Tuition,12000,6000,Partial,2026-07-15,Term 3 fee record
STU001467,Student 1467,Primary,Tuition,25000,0,Pending,2026-05-15,Term 1 fee record
STU001468,Student 1468,Primary,Tuition,12000,0,Overdue,2026-02-15,Term 2 fee record
STU001469,Student 1469,Science,Tuition,25000,25000,Paid,2026-07-15,Term 3 fee record
STU001470,Student 1470,Science,Tuition,12000,12000,Paid,2026-09-15,Term 1 fee record
STU001471,Student 1471,Senior,Tuition,12000,12000,Paid,2026-08-15,Term 2 fee record
STU001472,Student 1472,Commerce,Tuition,25000,0,Overdue,2026-06-15,Term 3 fee record
STU001473,Student 1473,Secondary,Tuition,18000,0,Pending,2026-06-15,Term 1 fee record
STU001474,Student 1474,Primary,Tuition,12000,0,Pending,2026-04-15,Term 2 fee record
STU001475,Student 1475,Commerce,Tuition,18000,0,Overdue,2026-08-15,Term 3 fee record
STU001476,Student 1476,Commerce,Tuition,25000,0,Pending,2026-04-15,Term 1 fee record
STU001477,Student 1477,Commerce,Tuition,25000,12500,Partial,2026-08-15,Term 2 fee record
STU001478,Student 1478,Primary,Tuition,25000,12500,Partial,2026-08-15,Term 3 fee record
STU001479,Student 1479,Primary,Tuition,12000,6000,Partial,2026-05-15,Term 1 fee record
STU001480,Student 1480,Primary,Tuition,12000,6000,Partial,2026-04-15,Term 2 fee record
STU001481,Student 1481,Primary,Tuition,18000,0,Overdue,2026-04-15,Term 3 fee record
STU001482,Student 1482,Secondary,Tuition,12000,6000,Partial,2026-03-15,Term 1 fee record
STU001483,Student 1483,Secondary,Tuition,25000,25000,Paid,2026-01-15,Term 2 fee record
STU001484,Student 1484,Senior,Tuition,12000,12000,Paid,2026-09-15,Term 3 fee record
STU001485,Student 1485,Primary,Tuition,18000,0,Pending,2026-01-15,Term 1 fee record
STU001486,Student 1486,Senior,Tuition,12000,12000,Paid,2026-03-15,Term 2 fee record
STU001487,Student 1487,Primary,Tuition,18000,9000,Partial,2026-06-15,Term 3 fee record
STU001488,Student 1488,Primary,Tuition,18000,0,Pending,2026-04-15,Term 1 fee record
STU001489,Student 1489,Primary,Tuition,18000,9000,Partial,2026-03-15,Term 2 fee record
STU001490,Student 1490,Primary,Tuition,25000,12500,Partial,2026-05-15,Term 3 fee record
STU001491,Student 1491,Secondary,Tuition,18000,9000,Partial,2026-04-15,Term 1 fee record
STU001492,Student 1492,Senior,Tuition,12000,0,Pending,2026-06-15,Term 2 fee record
STU001493,Student 1493,Science,Tuition,12000,0,Pending,2026-01-15,Term 3 fee record
STU001494,Student 1494,Commerce,Tuition,18000,18000,Paid,2026-05-15,Term 1 fee record
STU001495,Student 1495,Primary,Tuition,12000,0,Pending,2026-01-15,Term 2 fee record
STU001496,Student 1496,Primary,Tuition,25000,25000,Paid,2026-04-15,Term 3 fee record
STU001497,Student 1497,Primary,Tuition,25000,12500,Partial,2026-05-15,Term 1 fee record
STU001498,Student 1498,Commerce,Tuition,18000,0,Overdue,2026-02-15,Term 2 fee record
STU001499,Student 1499,Commerce,Tuition,25000,25000,Paid,2026-04-15,Term 3 fee record
STU001500,Student 1500,Senior,Tuition,12000,6000,Partial,2026-01-15,Term 1 fee record
STU001501,Student 1501,Commerce,Tuition,18000,18000,Paid,2026-08-15,Term 2 fee record
STU001502,Student 1502,Senior,Tuition,12000,12000,Paid,2026-05-15,Term 3 fee record
STU001503,Student 1503,Commerce,Tuition,12000,0,Overdue,2026-03-15,Term 1 fee record
STU001504,Student 1504,Science,Tuition,25000,0,Overdue,2026-06-15,Term 2 fee record
STU001505,Student 1505,Commerce,Tuition,25000,0,Overdue,2026-05-15,Term 3 fee record
STU001506,Student 1506,Senior,Tuition,25000,25000,Paid,2026-09-15,Term 1 fee record
STU001507,Student 1507,Science,Tuition,12000,6000,Partial,2026-04-15,Term 2 fee record
STU001508,Student 1508,Senior,Tuition,12000,0,Overdue,2026-08-15,Term 3 fee record
STU001509,Student 1509,Senior,Tuition,18000,0,Overdue,2026-06-15,Term 1 fee record
STU001510,Student 1510,Primary,Tuition,18000,0,Pending,2026-03-15,Term 2 fee record
STU001511,Student 1511,Secondary,Tuition,25000,12500,Partial,2026-03-15,Term 3 fee record
STU001512,Student 1512,Senior,Tuition,12000,12000,Paid,2026-05-15,Term 1 fee record
STU001513,Student 1513,Science,Tuition,25000,12500,Partial,2026-08-15,Term 2 fee record
STU001514,Student 1514,Commerce,Tuition,12000,12000,Paid,2026-07-15,Term 3 fee record
STU001515,Student 1515,Primary,Tuition,18000,9000,Partial,2026-08-15,Term 1 fee record
STU001516,Student 1516,Commerce,Tuition,12000,0,Pending,2026-01-15,Term 2 fee record
STU001517,Student 1517,Science,Tuition,18000,0,Overdue,2026-04-15,Term 3 fee record
STU001518,Student 1518,Primary,Tuition,18000,0,Overdue,2026-07-15,Term 1 fee record
STU001519,Student 1519,Primary,Tuition,12000,0,Overdue,2026-03-15,Term 2 fee record
STU001520,Student 1520,Secondary,Tuition,18000,18000,Paid,2026-02-15,Term 3 fee record
STU001521,Student 1521,Senior,Tuition,12000,0,Pending,2026-06-15,Term 1 fee record
STU001522,Student 1522,Commerce,Tuition,12000,0,Pending,2026-03-15,Term 2 fee record
STU001523,Student 1523,Primary,Tuition,18000,18000,Paid,2026-06-15,Term 3 fee record
STU001524,Student 1524,Secondary,Tuition,25000,0,Overdue,2026-09-15,Term 1 fee record
STU001525,Student 1525,Senior,Tuition,12000,0,Overdue,2026-01-15,Term 2 fee record
STU001526,Student 1526,Commerce,Tuition,25000,0,Pending,2026-06-15,Term 3 fee record
STU001527,Student 1527,Commerce,Tuition,18000,18000,Paid,2026-05-15,Term 1 fee record
STU001528,Student 1528,Senior,Tuition,25000,25000,Paid,2026-09-15,Term 2 fee record
STU001529,Student 1529,Secondary,Tuition,12000,6000,Partial,2026-06-15,Term 3 fee record
STU001530,Student 1530,Secondary,Tuition,25000,25000,Paid,2026-06-15,Term 1 fee record
STU001531,Student 1531,Science,Tuition,12000,0,Overdue,2026-08-15,Term 2 fee record
STU001532,Student 1532,Commerce,Tuition,25000,25000,Paid,2026-09-15,Term 3 fee record
STU001533,Student 1533,Science,Tuition,18000,0,Pending,2026-04-15,Term 1 fee record
STU001534,Student 1534,Primary,Tuition,12000,12000,Paid,2026-08-15,Term 2 fee record
STU001535,Student 1535,Science,Tuition,18000,9000,Partial,2026-07-15,Term 3 fee record
STU001536,Student 1536,Science,Tuition,12000,0,Overdue,2026-06-15,Term 1 fee record
STU001537,Student 1537,Primary,Tuition,25000,12500,Partial,2026-06-15,Term 2 fee record
STU001538,Student 1538,Science,Tuition,12000,0,Pending,2026-06-15,Term 3 fee record
STU001539,Student 1539,Primary,Tuition,25000,12500,Partial,2026-02-15,Term 1 fee record
STU001540,Student 1540,Secondary,Tuition,12000,12000,Paid,2026-06-15,Term 2 fee record
STU001541,Student 1541,Secondary,Tuition,12000,0,Overdue,2026-06-15,Term 3 fee record
STU001542,Student 1542,Secondary,Tuition,12000,6000,Partial,2026-06-15,Term 1 fee record
STU001543,Student 1543,Primary,Tuition,25000,25000,Paid,2026-06-15,Term 2 fee record
STU001544,Student 1544,Senior,Tuition,12000,0,Overdue,2026-09-15,Term 3 fee record
STU001545,Student 1545,Commerce,Tuition,25000,25000,Paid,2026-09-15,Term 1 fee record
STU001546,Student 1546,Commerce,Tuition,25000,12500,Partial,2026-05-15,Term 2 fee record
STU001547,Student 1547,Secondary,Tuition,18000,9000,Partial,2026-06-15,Term 3 fee record
STU001548,Student 1548,Primary,Tuition,12000,0,Overdue,2026-09-15,Term 1 fee record
STU001549,Student 1549,Commerce,Tuition,18000,0,Pending,2026-04-15,Term 2 fee record
STU001550,Student 1550,Primary,Tuition,25000,25000,Paid,2026-09-15,Term 3 fee record
STU001551,Student 1551,Commerce,Tuition,12000,12000,Paid,2026-02-15,Term 1 fee record
STU001552,Student 1552,Commerce,Tuition,12000,6000,Partial,2026-02-15,Term 2 fee record
STU001553,Student 1553,Primary,Tuition,12000,12000,Paid,2026-02-15,Term 3 fee record
STU001554,Student 1554,Secondary,Tuition,12000,0,Pending,2026-09-15,Term 1 fee record
STU001555,Student 1555,Secondary,Tuition,12000,12000,Paid,2026-01-15,Term 2 fee record
STU001556,Student 1556,Commerce,Tuition,25000,0,Pending,2026-07-15,Term 3 fee record
STU001557,Student 1557,Primary,Tuition,25000,12500,Partial,2026-09-15,Term 1 fee record
STU001558,Student 1558,Science,Tuition,18000,18000,Paid,2026-01-15,Term 2 fee record
STU001559,Student 1559,Science,Tuition,18000,0,Overdue,2026-01-15,Term 3 fee record
STU001560,Student 1560,Commerce,Tuition,12000,0,Pending,2026-05-15,Term 1 fee record
STU001561,Student 1561,Commerce,Tuition,18000,0,Overdue,2026-04-15,Term 2 fee record
STU001562,Student 1562,Commerce,Tuition,25000,25000,Paid,2026-02-15,Term 3 fee record
STU001563,Student 1563,Primary,Tuition,18000,18000,Paid,2026-01-15,Term 1 fee record
STU001564,Student 1564,Senior,Tuition,12000,6000,Partial,2026-04-15,Term 2 fee record
STU001565,Student 1565,Primary,Tuition,12000,0,Pending,2026-02-15,Term 3 fee record
STU001566,Student 1566,Science,Tuition,18000,0,Overdue,2026-07-15,Term 1 fee record
STU001567,Student 1567,Science,Tuition,12000,0,Overdue,2026-02-15,Term 2 fee record
STU001568,Student 1568,Primary,Tuition,18000,0,Pending,2026-04-15,Term 3 fee record
STU001569,Student 1569,Senior,Tuition,12000,0,Pending,2026-03-15,Term 1 fee record
STU001570,Student 1570,Senior,Tuition,25000,0,Pending,2026-03-15,Term 2 fee record
STU001571,Student 1571,Commerce,Tuition,18000,0,Pending,2026-01-15,Term 3 fee record
STU001572,Student 1572,Science,Tuition,12000,0,Overdue,2026-09-15,Term 1 fee record
STU001573,Student 1573,Commerce,Tuition,18000,18000,Paid,2026-07-15,Term 2 fee record
STU001574,Student 1574,Senior,Tuition,12000,12000,Paid,2026-01-15,Term 3 fee record
STU001575,Student 1575,Senior,Tuition,12000,12000,Paid,2026-01-15,Term 1 fee record
STU001576,Student 1576,Science,Tuition,18000,0,Overdue,2026-07-15,Term 2 fee record
STU001577,Student 1577,Commerce,Tuition,12000,0,Overdue,2026-06-15,Term 3 fee record
STU001578,Student 1578,Secondary,Tuition,12000,0,Overdue,2026-02-15,Term 1 fee record
STU001579,Student 1579,Secondary,Tuition,12000,12000,Paid,2026-01-15,Term 2 fee record
STU001580,Student 1580,Commerce,Tuition,18000,18000,Paid,2026-07-15,Term 3 fee record
STU001581,Student 1581,Science,Tuition,12000,0,Overdue,2026-02-15,Term 1 fee record
STU001582,Student 1582,Science,Tuition,12000,0,Pending,2026-06-15,Term 2 fee record
STU001583,Student 1583,Primary,Tuition,18000,0,Overdue,2026-02-15,Term 3 fee record
STU001584,Student 1584,Commerce,Tuition,18000,0,Overdue,2026-05-15,Term 1 fee record
STU001585,Student 1585,Senior,Tuition,25000,0,Overdue,2026-07-15,Term 2 fee record
STU001586,Student 1586,Primary,Tuition,25000,0,Overdue,2026-07-15,Term 3 fee record
STU001587,Student 1587,Secondary,Tuition,12000,0,Overdue,2026-01-15,Term 1 fee record
STU001588,Student 1588,Commerce,Tuition,18000,0,Pending,2026-08-15,Term 2 fee record
STU001589,Student 1589,Secondary,Tuition,18000,9000,Partial,2026-07-15,Term 3 fee record
STU001590,Student 1590,Science,Tuition,25000,0,Pending,2026-04-15,Term 1 fee record
STU001591,Student 1591,Senior,Tuition,18000,0,Pending,2026-01-15,Term 2 fee record
STU001592,Student 1592,Senior,Tuition,18000,0,Overdue,2026-08-15,Term 3 fee record
STU001593,Student 1593,Secondary,Tuition,18000,0,Pending,2026-09-15,Term 1 fee record
STU001594,Student 1594,Commerce,Tuition,18000,0,Pending,2026-06-15,Term 2 fee record
STU001595,Student 1595,Commerce,Tuition,18000,18000,Paid,2026-07-15,Term 3 fee record
STU001596,Student 1596,Commerce,Tuition,12000,0,Overdue,2026-07-15,Term 1 fee record
STU001597,Student 1597,Secondary,Tuition,18000,18000,Paid,2026-06-15,Term 2 fee record
STU001598,Student 1598,Commerce,Tuition,12000,0,Overdue,2026-07-15,Term 3 fee record
STU001599,Student 1599,Science,Tuition,25000,12500,Partial,2026-01-15,Term 1 fee record
STU001600,Student 1600,Commerce,Tuition,12000,0,Pending,2026-09-15,Term 2 fee record
STU001601,Student 1601,Commerce,Tuition,18000,0,Pending,2026-09-15,Term 3 fee record
STU001602,Student 1602,Science,Tuition,25000,12500,Partial,2026-03-15,Term 1 fee record
STU001603,Student 1603,Secondary,Tuition,12000,0,Overdue,2026-07-15,Term 2 fee record
STU001604,Student 1604,Senior,Tuition,18000,18000,Paid,2026-01-15,Term 3 fee record
STU001605,Student 1605,Senior,Tuition,25000,25000,Paid,2026-08-15,Term 1 fee record
STU001606,Student 1606,Science,Tuition,18000,9000,Partial,2026-03-15,Term 2 fee record
STU001607,Student 1607,Commerce,Tuition,25000,0,Overdue,2026-01-15,Term 3 fee record
STU001608,Student 1608,Secondary,Tuition,18000,9000,Partial,2026-06-15,Term 1 fee record
STU001609,Student 1609,Science,Tuition,12000,0,Overdue,2026-01-15,Term 2 fee record
STU001610,Student 1610,Science,Tuition,25000,0,Overdue,2026-09-15,Term 3 fee record
STU001611,Student 1611,Secondary,Tuition,25000,12500,Partial,2026-02-15,Term 1 fee record
STU001612,Student 1612,Senior,Tuition,18000,9000,Partial,2026-09-15,Term 2 fee record
STU001613,Student 1613,Science,Tuition,12000,6000,Partial,2026-07-15,Term 3 fee record
STU001614,Student 1614,Commerce,Tuition,18000,0,Pending,2026-06-15,Term 1 fee record
STU001615,Student 1615,Commerce,Tuition,25000,12500,Partial,2026-07-15,Term 2 fee record
STU001616,Student 1616,Senior,Tuition,25000,0,Overdue,2026-05-15,Term 3 fee record
STU001617,Student 1617,Commerce,Tuition,18000,0,Overdue,2026-02-15,Term 1 fee record
STU001618,Student 1618,Primary,Tuition,25000,25000,Paid,2026-09-15,Term 2 fee record
STU001619,Student 1619,Commerce,Tuition,25000,12500,Partial,2026-02-15,Term 3 fee record
STU001620,Student 1620,Senior,Tuition,12000,6000,Partial,2026-03-15,Term 1 fee record
STU001621,Student 1621,Science,Tuition,18000,0,Overdue,2026-06-15,Term 2 fee record
STU001622,Student 1622,Science,Tuition,25000,25000,Paid,2026-03-15,Term 3 fee record
STU001623,Student 1623,Commerce,Tuition,18000,0,Overdue,2026-02-15,Term 1 fee record
STU001624,Student 1624,Science,Tuition,12000,12000,Paid,2026-01-15,Term 2 fee record
STU001625,Student 1625,Science,Tuition,25000,25000,Paid,2026-04-15,Term 3 fee record
STU001626,Student 1626,Science,Tuition,25000,0,Pending,2026-08-15,Term 1 fee record
STU001627,Student 1627,Secondary,Tuition,18000,9000,Partial,2026-02-15,Term 2 fee record
STU001628,Student 1628,Science,Tuition,25000,12500,Partial,2026-09-15,Term 3 fee record
STU001629,Student 1629,Commerce,Tuition,12000,0,Overdue,2026-09-15,Term 1 fee record
STU001630,Student 1630,Senior,Tuition,18000,9000,Partial,2026-02-15,Term 2 fee record
STU001631,Student 1631,Primary,Tuition,18000,18000,Paid,2026-08-15,Term 3 fee record
STU001632,Student 1632,Secondary,Tuition,12000,12000,Paid,2026-05-15,Term 1 fee record
STU001633,Student 1633,Commerce,Tuition,25000,0,Overdue,2026-09-15,Term 2 fee record
STU001634,Student 1634,Senior,Tuition,12000,0,Pending,2026-05-15,Term 3 fee record
STU001635,Student 1635,Secondary,Tuition,25000,12500,Partial,2026-06-15,Term 1 fee record
STU001636,Student 1636,Commerce,Tuition,18000,0,Pending,2026-05-15,Term 2 fee record
STU001637,Student 1637,Secondary,Tuition,25000,25000,Paid,2026-05-15,Term 3 fee record
STU001638,Student 1638,Primary,Tuition,12000,12000,Paid,2026-09-15,Term 1 fee record
STU001639,Student 1639,Secondary,Tuition,12000,6000,Partial,2026-08-15,Term 2 fee record
STU001640,Student 1640,Secondary,Tuition,25000,25000,Paid,2026-08-15,Term 3 fee record
STU001641,Student 1641,Secondary,Tuition,18000,9000,Partial,2026-01-15,Term 1 fee record
STU001642,Student 1642,Secondary,Tuition,18000,9000,Partial,2026-06-15,Term 2 fee record
STU001643,Student 1643,Secondary,Tuition,25000,0,Overdue,2026-05-15,Term 3 fee record
STU001644,Student 1644,Commerce,Tuition,12000,0,Overdue,2026-01-15,Term 1 fee record
STU001645,Student 1645,Science,Tuition,12000,6000,Partial,2026-02-15,Term 2 fee record
STU001646,Student 1646,Primary,Tuition,25000,0,Pending,2026-08-15,Term 3 fee record
STU001647,Student 1647,Primary,Tuition,12000,0,Pending,2026-07-15,Term 1 fee record
STU001648,Student 1648,Commerce,Tuition,18000,0,Overdue,2026-03-15,Term 2 fee record
STU001649,Student 1649,Science,Tuition,12000,6000,Partial,2026-01-15,Term 3 fee record
STU001650,Student 1650,Primary,Tuition,25000,0,Pending,2026-07-15,Term 1 fee record
STU001651,Student 1651,Science,Tuition,12000,0,Pending,2026-08-15,Term 2 fee record
STU001652,Student 1652,Primary,Tuition,12000,0,Overdue,2026-05-15,Term 3 fee record
STU001653,Student 1653,Commerce,Tuition,18000,0,Overdue,2026-05-15,Term 1 fee record
STU001654,Student 1654,Science,Tuition,18000,18000,Paid,2026-07-15,Term 2 fee record
STU001655,Student 1655,Primary,Tuition,25000,0,Pending,2026-08-15,Term 3 fee record
STU001656,Student 1656,Commerce,Tuition,18000,0,Pending,2026-03-15,Term 1 fee record
STU001657,Student 1657,Senior,Tuition,25000,25000,Paid,2026-08-15,Term 2 fee record
STU001658,Student 1658,Secondary,Tuition,12000,0,Pending,2026-09-15,Term 3 fee record
STU001659,Student 1659,Commerce,Tuition,12000,6000,Partial,2026-05-15,Term 1 fee record
STU001660,Student 1660,Commerce,Tuition,25000,0,Overdue,2026-09-15,Term 2 fee record
STU001661,Student 1661,Secondary,Tuition,12000,0,Overdue,2026-05-15,Term 3 fee record
STU001662,Student 1662,Commerce,Tuition,18000,0,Pending,2026-04-15,Term 1 fee record
STU001663,Student 1663,Commerce,Tuition,25000,12500,Partial,2026-05-15,Term 2 fee record
STU001664,Student 1664,Science,Tuition,25000,25000,Paid,2026-05-15,Term 3 fee record
STU001665,Student 1665,Commerce,Tuition,18000,9000,Partial,2026-09-15,Term 1 fee record
STU001666,Student 1666,Commerce,Tuition,12000,12000,Paid,2026-08-15,Term 2 fee record
STU001667,Student 1667,Commerce,Tuition,25000,0,Pending,2026-08-15,Term 3 fee record
STU001668,Student 1668,Senior,Tuition,12000,6000,Partial,2026-01-15,Term 1 fee record
STU001669,Student 1669,Primary,Tuition,25000,25000,Paid,2026-04-15,Term 2 fee record
STU001670,Student 1670,Senior,Tuition,18000,18000,Paid,2026-06-15,Term 3 fee record
STU001671,Student 1671,Secondary,Tuition,12000,12000,Paid,2026-09-15,Term 1 fee record
STU001672,Student 1672,Science,Tuition,18000,9000,Partial,2026-08-15,Term 2 fee record
STU001673,Student 1673,Commerce,Tuition,25000,0,Pending,2026-05-15,Term 3 fee record
STU001674,Student 1674,Senior,Tuition,12000,6000,Partial,2026-05-15,Term 1 fee record
STU001675,Student 1675,Secondary,Tuition,18000,0,Pending,2026-01-15,Term 2 fee record
STU001676,Student 1676,Primary,Tuition,12000,0,Pending,2026-04-15,Term 3 fee record
STU001677,Student 1677,Science,Tuition,25000,12500,Partial,2026-07-15,Term 1 fee record
STU001678,Student 1678,Science,Tuition,18000,0,Overdue,2026-08-15,Term 2 fee record
STU001679,Student 1679,Primary,Tuition,18000,9000,Partial,2026-05-15,Term 3 fee record
STU001680,Student 1680,Secondary,Tuition,25000,25000,Paid,2026-09-15,Term 1 fee record
STU001681,Student 1681,Science,Tuition,18000,18000,Paid,2026-07-15,Term 2 fee record
STU001682,Student 1682,Senior,Tuition,18000,18000,Paid,2026-08-15,Term 3 fee record
STU001683,Student 1683,Commerce,Tuition,12000,6000,Partial,2026-09-15,Term 1 fee record
STU001684,Student 1684,Commerce,Tuition,25000,12500,Partial,2026-09-15,Term 2 fee record
STU001685,Student 1685,Commerce,Tuition,12000,6000,Partial,2026-08-15,Term 3 fee record
STU001686,Student 1686,Commerce,Tuition,12000,6000,Partial,2026-05-15,Term 1 fee record
STU001687,Student 1687,Senior,Tuition,12000,6000,Partial,2026-01-15,Term 2 fee record
STU001688,Student 1688,Primary,Tuition,25000,0,Overdue,2026-05-15,Term 3 fee record
STU001689,Student 1689,Science,Tuition,18000,9000,Partial,2026-05-15,Term 1 fee record
STU001690,Student 1690,Senior,Tuition,18000,18000,Paid,2026-08-15,Term 2 fee record
STU001691,Student 1691,Secondary,Tuition,25000,25000,Paid,2026-01-15,Term 3 fee record
STU001692,Student 1692,Senior,Tuition,12000,0,Pending,2026-06-15,Term 1 fee record
STU001693,Student 1693,Senior,Tuition,25000,25000,Paid,2026-09-15,Term 2 fee record
STU001694,Student 1694,Secondary,Tuition,25000,12500,Partial,2026-02-15,Term 3 fee record
STU001695,Student 1695,Science,Tuition,18000,18000,Paid,2026-04-15,Term 1 fee record
STU001696,Student 1696,Science,Tuition,12000,0,Overdue,2026-09-15,Term 2 fee record
STU001697,Student 1697,Commerce,Tuition,18000,18000,Paid,2026-09-15,Term 3 fee record
STU001698,Student 1698,Science,Tuition,25000,0,Overdue,2026-02-15,Term 1 fee record
STU001699,Student 1699,Commerce,Tuition,18000,18000,Paid,2026-01-15,Term 2 fee record
STU001700,Student 1700,Primary,Tuition,25000,0,Pending,2026-06-15,Term 3 fee record
STU001701,Student 1701,Commerce,Tuition,12000,12000,Paid,2026-03-15,Term 1 fee record
STU001702,Student 1702,Commerce,Tuition,25000,0,Pending,2026-01-15,Term 2 fee record
STU001703,Student 1703,Secondary,Tuition,25000,0,Pending,2026-06-15,Term 3 fee record
STU001704,Student 1704,Primary,Tuition,25000,0,Overdue,2026-07-15,Term 1 fee record
STU001705,Student 1705,Primary,Tuition,12000,12000,Paid,2026-01-15,Term 2 fee record
STU001706,Student 1706,Secondary,Tuition,25000,12500,Partial,2026-02-15,Term 3 fee record
STU001707,Student 1707,Secondary,Tuition,12000,12000,Paid,2026-02-15,Term 1 fee record
STU001708,Student 1708,Commerce,Tuition,18000,9000,Partial,2026-03-15,Term 2 fee record
STU001709,Student 1709,Science,Tuition,25000,12500,Partial,2026-04-15,Term 3 fee record
STU001710,Student 1710,Commerce,Tuition,18000,9000,Partial,2026-03-15,Term 1 fee record
STU001711,Student 1711,Commerce,Tuition,18000,18000,Paid,2026-02-15,Term 2 fee record
STU001712,Student 1712,Senior,Tuition,12000,12000,Paid,2026-09-15,Term 3 fee record
STU001713,Student 1713,Senior,Tuition,25000,25000,Paid,2026-03-15,Term 1 fee record
STU001714,Student 1714,Senior,Tuition,25000,0,Pending,2026-03-15,Term 2 fee record
STU001715,Student 1715,Commerce,Tuition,18000,0,Overdue,2026-04-15,Term 3 fee record
STU001716,Student 1716,Secondary,Tuition,12000,0,Pending,2026-07-15,Term 1 fee record
STU001717,Student 1717,Science,Tuition,25000,0,Overdue,2026-09-15,Term 2 fee record
STU001718,Student 1718,Senior,Tuition,18000,0,Overdue,2026-07-15,Term 3 fee record
STU001719,Student 1719,Primary,Tuition,18000,9000,Partial,2026-01-15,Term 1 fee record
STU001720,Student 1720,Commerce,Tuition,25000,0,Pending,2026-01-15,Term 2 fee record
STU001721,Student 1721,Primary,Tuition,18000,0,Overdue,2026-01-15,Term 3 fee record
STU001722,Student 1722,Primary,Tuition,18000,18000,Paid,2026-06-15,Term 1 fee record
STU001723,Student 1723,Secondary,Tuition,18000,0,Pending,2026-06-15,Term 2 fee record
STU001724,Student 1724,Secondary,Tuition,18000,18000,Paid,2026-09-15,Term 3 fee record
STU001725,Student 1725,Senior,Tuition,25000,25000,Paid,2026-08-15,Term 1 fee record
STU001726,Student 1726,Science,Tuition,18000,9000,Partial,2026-05-15,Term 2 fee record
STU001727,Student 1727,Secondary,Tuition,18000,9000,Partial,2026-07-15,Term 3 fee record
STU001728,Student 1728,Senior,Tuition,18000,0,Overdue,2026-09-15,Term 1 fee record
STU001729,Student 1729,Commerce,Tuition,25000,12500,Partial,2026-04-15,Term 2 fee record
STU001730,Student 1730,Secondary,Tuition,25000,0,Overdue,2026-08-15,Term 3 fee record
STU001731,Student 1731,Commerce,Tuition,12000,6000,Partial,2026-07-15,Term 1 fee record
STU001732,Student 1732,Secondary,Tuition,25000,25000,Paid,2026-07-15,Term 2 fee record
STU001733,Student 1733,Science,Tuition,18000,0,Pending,2026-01-15,Term 3 fee record
STU001734,Student 1734,Senior,Tuition,18000,0,Overdue,2026-02-15,Term 1 fee record
STU001735,Student 1735,Science,Tuition,12000,0,Overdue,2026-03-15,Term 2 fee record
STU001736,Student 1736,Primary,Tuition,18000,18000,Paid,2026-06-15,Term 3 fee record
STU001737,Student 1737,Senior,Tuition,25000,12500,Partial,2026-05-15,Term 1 fee record
STU001738,Student 1738,Commerce,Tuition,25000,0,Pending,2026-01-15,Term 2 fee record
STU001739,Student 1739,Secondary,Tuition,25000,25000,Paid,2026-08-15,Term 3 fee record
STU001740,Student 1740,Secondary,Tuition,12000,0,Pending,2026-03-15,Term 1 fee record
STU001741,Student 1741,Science,Tuition,12000,0,Overdue,2026-04-15,Term 2 fee record
STU001742,Student 1742,Primary,Tuition,25000,25000,Paid,2026-08-15,Term 3 fee record
STU001743,Student 1743,Secondary,Tuition,25000,0,Overdue,2026-05-15,Term 1 fee record
STU001744,Student 1744,Senior,Tuition,12000,12000,Paid,2026-08-15,Term 2 fee record
STU001745,Student 1745,Secondary,Tuition,18000,0,Overdue,2026-01-15,Term 3 fee record
STU001746,Student 1746,Commerce,Tuition,12000,6000,Partial,2026-04-15,Term 1 fee record
STU001747,Student 1747,Senior,Tuition,18000,9000,Partial,2026-01-15,Term 2 fee record
STU001748,Student 1748,Primary,Tuition,25000,0,Pending,2026-07-15,Term 3 fee record
STU001749,Student 1749,Science,Tuition,12000,6000,Partial,2026-01-15,Term 1 fee record
STU001750,Student 1750,Primary,Tuition,25000,12500,Partial,2026-05-15,Term 2 fee record
STU001751,Student 1751,Commerce,Tuition,12000,0,Overdue,2026-01-15,Term 3 fee record
STU001752,Student 1752,Senior,Tuition,12000,6000,Partial,2026-01-15,Term 1 fee record
STU001753,Student 1753,Secondary,Tuition,18000,18000,Paid,2026-04-15,Term 2 fee record
STU001754,Student 1754,Science,Tuition,12000,6000,Partial,2026-06-15,Term 3 fee record
STU001755,Student 1755,Science,Tuition,25000,0,Pending,2026-01-15,Term 1 fee record
STU001756,Student 1756,Senior,Tuition,12000,0,Pending,2026-05-15,Term 2 fee record
STU001757,Student 1757,Secondary,Tuition,18000,18000,Paid,2026-07-15,Term 3 fee record
STU001758,Student 1758,Senior,Tuition,25000,12500,Partial,2026-04-15,Term 1 fee record
STU001759,Student 1759,Science,Tuition,12000,6000,Partial,2026-09-15,Term 2 fee record
STU001760,Student 1760,Science,Tuition,25000,12500,Partial,2026-09-15,Term 3 fee record
STU001761,Student 1761,Commerce,Tuition,25000,25000,Paid,2026-07-15,Term 1 fee record
STU001762,Student 1762,Science,Tuition,18000,9000,Partial,2026-09-15,Term 2 fee record
STU001763,Student 1763,Secondary,Tuition,25000,12500,Partial,2026-04-15,Term 3 fee record
STU001764,Student 1764,Primary,Tuition,25000,0,Overdue,2026-02-15,Term 1 fee record
STU001765,Student 1765,Senior,Tuition,12000,6000,Partial,2026-05-15,Term 2 fee record
STU001766,Student 1766,Primary,Tuition,18000,0,Overdue,2026-01-15,Term 3 fee record
STU001767,Student 1767,Senior,Tuition,18000,9000,Partial,2026-07-15,Term 1 fee record
STU001768,Student 1768,Secondary,Tuition,18000,18000,Paid,2026-03-15,Term 2 fee record
STU001769,Student 1769,Secondary,Tuition,12000,6000,Partial,2026-07-15,Term 3 fee record
STU001770,Student 1770,Senior,Tuition,18000,9000,Partial,2026-08-15,Term 1 fee record
STU001771,Student 1771,Secondary,Tuition,12000,0,Pending,2026-04-15,Term 2 fee record
STU001772,Student 1772,Science,Tuition,25000,0,Pending,2026-01-15,Term 3 fee record
STU001773,Student 1773,Senior,Tuition,25000,25000,Paid,2026-09-15,Term 1 fee record
STU001774,Student 1774,Primary,Tuition,12000,0,Overdue,2026-03-15,Term 2 fee record
STU001775,Student 1775,Primary,Tuition,12000,0,Pending,2026-07-15,Term 3 fee record
STU001776,Student 1776,Secondary,Tuition,25000,0,Overdue,2026-07-15,Term 1 fee record
STU001777,Student 1777,Secondary,Tuition,18000,0,Pending,2026-06-15,Term 2 fee record
STU001778,Student 1778,Senior,Tuition,25000,0,Pending,2026-09-15,Term 3 fee record
STU001779,Student 1779,Primary,Tuition,12000,12000,Paid,2026-02-15,Term 1 fee record
STU001780,Student 1780,Secondary,Tuition,12000,0,Pending,2026-02-15,Term 2 fee record
STU001781,Student 1781,Senior,Tuition,12000,6000,Partial,2026-03-15,Term 3 fee record
STU001782,Student 1782,Senior,Tuition,12000,0,Overdue,2026-05-15,Term 1 fee record
STU001783,Student 1783,Secondary,Tuition,18000,18000,Paid,2026-03-15,Term 2 fee record
STU001784,Student 1784,Commerce,Tuition,25000,25000,Paid,2026-07-15,Term 3 fee record
STU001785,Student 1785,Science,Tuition,18000,9000,Partial,2026-08-15,Term 1 fee record
STU001786,Student 1786,Science,Tuition,25000,0,Pending,2026-07-15,Term 2 fee record
STU001787,Student 1787,Secondary,Tuition,25000,0,Pending,2026-03-15,Term 3 fee record
STU001788,Student 1788,Primary,Tuition,12000,6000,Partial,2026-07-15,Term 1 fee record
STU001789,Student 1789,Senior,Tuition,25000,25000,Paid,2026-03-15,Term 2 fee record
STU001790,Student 1790,Secondary,Tuition,12000,6000,Partial,2026-02-15,Term 3 fee record
STU001791,Student 1791,Commerce,Tuition,18000,9000,Partial,2026-06-15,Term 1 fee record
STU001792,Student 1792,Commerce,Tuition,25000,12500,Partial,2026-09-15,Term 2 fee record
STU001793,Student 1793,Senior,Tuition,12000,0,Pending,2026-03-15,Term 3 fee record
STU001794,Student 1794,Commerce,Tuition,12000,0,Pending,2026-03-15,Term 1 fee record
STU001795,Student 1795,Primary,Tuition,25000,0,Overdue,2026-07-15,Term 2 fee record
STU001796,Student 1796,Senior,Tuition,25000,0,Pending,2026-04-15,Term 3 fee record
STU001797,Student 1797,Commerce,Tuition,25000,0,Overdue,2026-09-15,Term 1 fee record
STU001798,Student 1798,Science,Tuition,25000,25000,Paid,2026-05-15,Term 2 fee record
STU001799,Student 1799,Commerce,Tuition,18000,18000,Paid,2026-03-15,Term 3 fee record
STU001800,Student 1800,Primary,Tuition,12000,0,Pending,2026-03-15,Term 1 fee record
STU001801,Student 1801,Science,Tuition,18000,9000,Partial,2026-06-15,Term 2 fee record
STU001802,Student 1802,Science,Tuition,18000,0,Overdue,2026-03-15,Term 3 fee record
STU001803,Student 1803,Senior,Tuition,12000,0,Overdue,2026-05-15,Term 1 fee record
STU001804,Student 1804,Primary,Tuition,25000,0,Pending,2026-06-15,Term 2 fee record
STU001805,Student 1805,Commerce,Tuition,12000,0,Overdue,2026-09-15,Term 3 fee record
STU001806,Student 1806,Senior,Tuition,12000,12000,Paid,2026-06-15,Term 1 fee record
STU001807,Student 1807,Primary,Tuition,12000,0,Pending,2026-03-15,Term 2 fee record
STU001808,Student 1808,Secondary,Tuition,12000,12000,Paid,2026-09-15,Term 3 fee record
STU001809,Student 1809,Primary,Tuition,12000,12000,Paid,2026-01-15,Term 1 fee record
STU001810,Student 1810,Primary,Tuition,25000,0,Overdue,2026-01-15,Term 2 fee record
STU001811,Student 1811,Science,Tuition,12000,0,Overdue,2026-05-15,Term 3 fee record
STU001812,Student 1812,Primary,Tuition,18000,0,Pending,2026-02-15,Term 1 fee record
STU001813,Student 1813,Senior,Tuition,12000,6000,Partial,2026-04-15,Term 2 fee record
STU001814,Student 1814,Secondary,Tuition,12000,0,Overdue,2026-01-15,Term 3 fee record
STU001815,Student 1815,Secondary,Tuition,18000,18000,Paid,2026-06-15,Term 1 fee record
STU001816,Student 1816,Primary,Tuition,25000,12500,Partial,2026-09-15,Term 2 fee record
STU001817,Student 1817,Primary,Tuition,12000,0,Overdue,2026-09-15,Term 3 fee record
STU001818,Student 1818,Secondary,Tuition,25000,0,Overdue,2026-06-15,Term 1 fee record
STU001819,Student 1819,Secondary,Tuition,25000,0,Overdue,2026-08-15,Term 2 fee record
STU001820,Student 1820,Senior,Tuition,25000,0,Pending,2026-05-15,Term 3 fee record
STU001821,Student 1821,Senior,Tuition,18000,18000,Paid,2026-08-15,Term 1 fee record
STU001822,Student 1822,Commerce,Tuition,18000,18000,Paid,2026-04-15,Term 2 fee record
STU001823,Student 1823,Senior,Tuition,12000,12000,Paid,2026-03-15,Term 3 fee record
STU001824,Student 1824,Senior,Tuition,25000,25000,Paid,2026-03-15,Term 1 fee record
STU001825,Student 1825,Commerce,Tuition,18000,0,Overdue,2026-03-15,Term 2 fee record
STU001826,Student 1826,Commerce,Tuition,18000,0,Overdue,2026-03-15,Term 3 fee record
STU001827,Student 1827,Secondary,Tuition,12000,0,Overdue,2026-01-15,Term 1 fee record
STU001828,Student 1828,Science,Tuition,18000,0,Pending,2026-03-15,Term 2 fee record
STU001829,Student 1829,Primary,Tuition,12000,12000,Paid,2026-09-15,Term 3 fee record
STU001830,Student 1830,Primary,Tuition,18000,9000,Partial,2026-04-15,Term 1 fee record
STU001831,Student 1831,Senior,Tuition,25000,0,Pending,2026-04-15,Term 2 fee record
STU001832,Student 1832,Senior,Tuition,12000,0,Pending,2026-05-15,Term 3 fee record
STU001833,Student 1833,Science,Tuition,25000,25000,Paid,2026-03-15,Term 1 fee record
STU001834,Student 1834,Commerce,Tuition,12000,0,Overdue,2026-07-15,Term 2 fee record
STU001835,Student 1835,Secondary,Tuition,12000,0,Pending,2026-02-15,Term 3 fee record
STU001836,Student 1836,Primary,Tuition,18000,0,Pending,2026-06-15,Term 1 fee record
STU001837,Student 1837,Commerce,Tuition,25000,0,Pending,2026-04-15,Term 2 fee record
STU001838,Student 1838,Science,Tuition,25000,25000,Paid,2026-02-15,Term 3 fee record
STU001839,Student 1839,Secondary,Tuition,18000,9000,Partial,2026-06-15,Term 1 fee record
STU001840,Student 1840,Commerce,Tuition,25000,25000,Paid,2026-05-15,Term 2 fee record
STU001841,Student 1841,Secondary,Tuition,18000,9000,Partial,2026-05-15,Term 3 fee record
STU001842,Student 1842,Commerce,Tuition,18000,0,Pending,2026-06-15,Term 1 fee record
STU001843,Student 1843,Senior,Tuition,18000,0,Overdue,2026-07-15,Term 2 fee record
STU001844,Student 1844,Secondary,Tuition,12000,12000,Paid,2026-09-15,Term 3 fee record
STU001845,Student 1845,Senior,Tuition,18000,9000,Partial,2026-02-15,Term 1 fee record
STU001846,Student 1846,Primary,Tuition,25000,0,Pending,2026-01-15,Term 2 fee record
STU001847,Student 1847,Senior,Tuition,12000,0,Pending,2026-09-15,Term 3 fee record
STU001848,Student 1848,Secondary,Tuition,18000,0,Overdue,2026-04-15,Term 1 fee record
STU001849,Student 1849,Secondary,Tuition,25000,0,Pending,2026-07-15,Term 2 fee record
STU001850,Student 1850,Commerce,Tuition,25000,12500,Partial,2026-01-15,Term 3 fee record
STU001851,Student 1851,Commerce,Tuition,18000,18000,Paid,2026-04-15,Term 1 fee record
STU001852,Student 1852,Primary,Tuition,25000,25000,Paid,2026-05-15,Term 2 fee record
STU001853,Student 1853,Science,Tuition,12000,6000,Partial,2026-06-15,Term 3 fee record
STU001854,Student 1854,Science,Tuition,25000,25000,Paid,2026-03-15,Term 1 fee record
STU001855,Student 1855,Secondary,Tuition,18000,0,Overdue,2026-01-15,Term 2 fee record
STU001856,Student 1856,Primary,Tuition,12000,6000,Partial,2026-08-15,Term 3 fee record
STU001857,Student 1857,Primary,Tuition,12000,12000,Paid,2026-06-15,Term 1 fee record
STU001858,Student 1858,Secondary,Tuition,12000,0,Overdue,2026-04-15,Term 2 fee record
STU001859,Student 1859,Primary,Tuition,12000,0,Pending,2026-06-15,Term 3 fee record
STU001860,Student 1860,Primary,Tuition,18000,9000,Partial,2026-05-15,Term 1 fee record
STU001861,Student 1861,Secondary,Tuition,12000,0,Pending,2026-02-15,Term 2 fee record
STU001862,Student 1862,Science,Tuition,18000,18000,Paid,2026-02-15,Term 3 fee record
STU001863,Student 1863,Senior,Tuition,18000,18000,Paid,2026-04-15,Term 1 fee record
STU001864,Student 1864,Primary,Tuition,18000,0,Overdue,2026-02-15,Term 2 fee record
STU001865,Student 1865,Senior,Tuition,12000,0,Pending,2026-03-15,Term 3 fee record
STU001866,Student 1866,Secondary,Tuition,18000,0,Overdue,2026-09-15,Term 1 fee record
STU001867,Student 1867,Primary,Tuition,12000,0,Overdue,2026-06-15,Term 2 fee record
STU001868,Student 1868,Secondary,Tuition,18000,0,Pending,2026-08-15,Term 3 fee record
STU001869,Student 1869,Senior,Tuition,25000,0,Overdue,2026-08-15,Term 1 fee record
STU001870,Student 1870,Secondary,Tuition,25000,0,Pending,2026-07-15,Term 2 fee record
STU001871,Student 1871,Science,Tuition,12000,0,Pending,2026-04-15,Term 3 fee record
STU001872,Student 1872,Senior,Tuition,12000,0,Overdue,2026-04-15,Term 1 fee record
STU001873,Student 1873,Senior,Tuition,25000,0,Overdue,2026-04-15,Term 2 fee record
STU001874,Student 1874,Primary,Tuition,25000,12500,Partial,2026-04-15,Term 3 fee record
STU001875,Student 1875,Commerce,Tuition,18000,9000,Partial,2026-04-15,Term 1 fee record
STU001876,Student 1876,Primary,Tuition,12000,6000,Partial,2026-07-15,Term 2 fee record
STU001877,Student 1877,Commerce,Tuition,18000,9000,Partial,2026-07-15,Term 3 fee record
STU001878,Student 1878,Secondary,Tuition,25000,0,Overdue,2026-02-15,Term 1 fee record
STU001879,Student 1879,Senior,Tuition,25000,0,Pending,2026-08-15,Term 2 fee record
STU001880,Student 1880,Primary,Tuition,12000,12000,Paid,2026-03-15,Term 3 fee record
STU001881,Student 1881,Commerce,Tuition,18000,9000,Partial,2026-02-15,Term 1 fee record
STU001882,Student 1882,Secondary,Tuition,12000,0,Pending,2026-07-15,Term 2 fee record
STU001883,Student 1883,Primary,Tuition,12000,0,Overdue,2026-01-15,Term 3 fee record
STU001884,Student 1884,Commerce,Tuition,25000,0,Overdue,2026-09-15,Term 1 fee record
STU001885,Student 1885,Senior,Tuition,12000,0,Pending,2026-03-15,Term 2 fee record
STU001886,Student 1886,Secondary,Tuition,18000,0,Overdue,2026-04-15,Term 3 fee record
STU001887,Student 1887,Commerce,Tuition,25000,0,Pending,2026-05-15,Term 1 fee record
STU001888,Student 1888,Senior,Tuition,12000,6000,Partial,2026-09-15,Term 2 fee record
STU001889,Student 1889,Primary,Tuition,12000,0,Pending,2026-02-15,Term 3 fee record
STU001890,Student 1890,Commerce,Tuition,18000,0,Pending,2026-02-15,Term 1 fee record
STU001891,Student 1891,Primary,Tuition,12000,0,Overdue,2026-07-15,Term 2 fee record
STU001892,Student 1892,Senior,Tuition,18000,18000,Paid,2026-05-15,Term 3 fee record
STU001893,Student 1893,Senior,Tuition,18000,0,Overdue,2026-08-15,Term 1 fee record
STU001894,Student 1894,Primary,Tuition,12000,6000,Partial,2026-05-15,Term 2 fee record
STU001895,Student 1895,Commerce,Tuition,12000,6000,Partial,2026-04-15,Term 3 fee record
STU001896,Student 1896,Commerce,Tuition,18000,18000,Paid,2026-03-15,Term 1 fee record
STU001897,Student 1897,Commerce,Tuition,12000,12000,Paid,2026-06-15,Term 2 fee record
STU001898,Student 1898,Commerce,Tuition,12000,0,Overdue,2026-05-15,Term 3 fee record
STU001899,Student 1899,Commerce,Tuition,18000,0,Overdue,2026-05-15,Term 1 fee record
STU001900,Student 1900,Primary,Tuition,18000,0,Overdue,2026-04-15,Term 2 fee record
STU001901,Student 1901,Secondary,Tuition,25000,0,Overdue,2026-02-15,Term 3 fee record
STU001902,Student 1902,Senior,Tuition,18000,0,Pending,2026-03-15,Term 1 fee record
STU001903,Student 1903,Science,Tuition,18000,18000,Paid,2026-05-15,Term 2 fee record
STU001904,Student 1904,Commerce,Tuition,25000,25000,Paid,2026-02-15,Term 3 fee record
STU001905,Student 1905,Commerce,Tuition,12000,12000,Paid,2026-06-15,Term 1 fee record
STU001906,Student 1906,Science,Tuition,25000,25000,Paid,2026-08-15,Term 2 fee record
STU001907,Student 1907,Science,Tuition,18000,9000,Partial,2026-02-15,Term 3 fee record
STU001908,Student 1908,Secondary,Tuition,12000,0,Overdue,2026-01-15,Term 1 fee record
STU001909,Student 1909,Primary,Tuition,25000,25000,Paid,2026-03-15,Term 2 fee record
STU001910,Student 1910,Science,Tuition,18000,0,Pending,2026-02-15,Term 3 fee record
STU001911,Student 1911,Commerce,Tuition,18000,18000,Paid,2026-03-15,Term 1 fee record
STU001912,Student 1912,Secondary,Tuition,25000,12500,Partial,2026-09-15,Term 2 fee record
STU001913,Student 1913,Commerce,Tuition,18000,0,Pending,2026-02-15,Term 3 fee record
STU001914,Student 1914,Senior,Tuition,18000,0,Overdue,2026-04-15,Term 1 fee record
STU001915,Student 1915,Science,Tuition,25000,25000,Paid,2026-09-15,Term 2 fee record
STU001916,Student 1916,Senior,Tuition,18000,18000,Paid,2026-08-15,Term 3 fee record
STU001917,Student 1917,Senior,Tuition,25000,0,Overdue,2026-04-15,Term 1 fee record
STU001918,Student 1918,Secondary,Tuition,25000,25000,Paid,2026-04-15,Term 2 fee record
STU001919,Student 1919,Secondary,Tuition,12000,6000,Partial,2026-06-15,Term 3 fee record
STU001920,Student 1920,Senior,Tuition,25000,12500,Partial,2026-05-15,Term 1 fee record
STU001921,Student 1921,Senior,Tuition,18000,18000,Paid,2026-01-15,Term 2 fee record
STU001922,Student 1922,Senior,Tuition,18000,0,Overdue,2026-07-15,Term 3 fee record
STU001923,Student 1923,Commerce,Tuition,18000,18000,Paid,2026-01-15,Term 1 fee record
STU001924,Student 1924,Primary,Tuition,25000,25000,Paid,2026-09-15,Term 2 fee record
STU001925,Student 1925,Primary,Tuition,25000,25000,Paid,2026-06-15,Term 3 fee record
STU001926,Student 1926,Commerce,Tuition,12000,0,Pending,2026-09-15,Term 1 fee record
STU001927,Student 1927,Science,Tuition,18000,0,Pending,2026-08-15,Term 2 fee record
STU001928,Student 1928,Senior,Tuition,12000,0,Pending,2026-04-15,Term 3 fee record
STU001929,Student 1929,Science,Tuition,18000,9000,Partial,2026-08-15,Term 1 fee record
STU001930,Student 1930,Senior,Tuition,25000,0,Overdue,2026-04-15,Term 2 fee record
STU001931,Student 1931,Science,Tuition,12000,6000,Partial,2026-04-15,Term 3 fee record
STU001932,Student 1932,Secondary,Tuition,18000,9000,Partial,2026-07-15,Term 1 fee record
STU001933,Student 1933,Secondary,Tuition,12000,12000,Paid,2026-09-15,Term 2 fee record
STU001934,Student 1934,Primary,Tuition,12000,0,Pending,2026-04-15,Term 3 fee record
STU001935,Student 1935,Commerce,Tuition,25000,0,Pending,2026-01-15,Term 1 fee record
STU001936,Student 1936,Senior,Tuition,25000,0,Pending,2026-02-15,Term 2 fee record
STU001937,Student 1937,Primary,Tuition,12000,12000,Paid,2026-05-15,Term 3 fee record
STU001938,Student 1938,Senior,Tuition,25000,0,Pending,2026-03-15,Term 1 fee record
STU001939,Student 1939,Senior,Tuition,12000,0,Pending,2026-06-15,Term 2 fee record
STU001940,Student 1940,Science,Tuition,12000,0,Pending,2026-07-15,Term 3 fee record
STU001941,Student 1941,Science,Tuition,25000,25000,Paid,2026-09-15,Term 1 fee record
STU001942,Student 1942,Senior,Tuition,12000,0,Overdue,2026-04-15,Term 2 fee record
STU001943,Student 1943,Commerce,Tuition,18000,0,Overdue,2026-04-15,Term 3 fee record
STU001944,Student 1944,Science,Tuition,18000,9000,Partial,2026-08-15,Term 1 fee record
STU001945,Student 1945,Commerce,Tuition,18000,9000,Partial,2026-08-15,Term 2 fee record
STU001946,Student 1946,Science,Tuition,18000,18000,Paid,2026-03-15,Term 3 fee record
STU001947,Student 1947,Senior,Tuition,25000,0,Overdue,2026-01-15,Term 1 fee record
STU001948,Student 1948,Secondary,Tuition,12000,0,Overdue,2026-04-15,Term 2 fee record
STU001949,Student 1949,Senior,Tuition,25000,12500,Partial,2026-03-15,Term 3 fee record
STU001950,Student 1950,Commerce,Tuition,25000,0,Overdue,2026-09-15,Term 1 fee record
STU001951,Student 1951,Science,Tuition,12000,6000,Partial,2026-05-15,Term 2 fee record
STU001952,Student 1952,Commerce,Tuition,12000,0,Overdue,2026-01-15,Term 3 fee record
STU001953,Student 1953,Commerce,Tuition,18000,0,Overdue,2026-05-15,Term 1 fee record
STU001954,Student 1954,Commerce,Tuition,12000,0,Overdue,2026-02-15,Term 2 fee record
STU001955,Student 1955,Science,Tuition,12000,0,Overdue,2026-05-15,Term 3 fee record
STU001956,Student 1956,Science,Tuition,25000,25000,Paid,2026-07-15,Term 1 fee record
STU001957,Student 1957,Primary,Tuition,18000,0,Overdue,2026-08-15,Term 2 fee record
STU001958,Student 1958,Primary,Tuition,25000,0,Pending,2026-05-15,Term 3 fee record
STU001959,Student 1959,Primary,Tuition,18000,0,Pending,2026-07-15,Term 1 fee record
STU001960,Student 1960,Science,Tuition,18000,0,Overdue,2026-04-15,Term 2 fee record
STU001961,Student 1961,Primary,Tuition,25000,0,Pending,2026-08-15,Term 3 fee record
STU001962,Student 1962,Primary,Tuition,25000,12500,Partial,2026-08-15,Term 1 fee record
STU001963,Student 1963,Commerce,Tuition,25000,25000,Paid,2026-06-15,Term 2 fee record
STU001964,Student 1964,Secondary,Tuition,18000,0,Overdue,2026-01-15,Term 3 fee record
STU001965,Student 1965,Commerce,Tuition,18000,0,Pending,2026-09-15,Term 1 fee record
STU001966,Student 1966,Senior,Tuition,12000,0,Overdue,2026-09-15,Term 2 fee record
STU001967,Student 1967,Science,Tuition,18000,18000,Paid,2026-04-15,Term 3 fee record
STU001968,Student 1968,Primary,Tuition,25000,25000,Paid,2026-02-15,Term 1 fee record
STU001969,Student 1969,Science,Tuition,12000,0,Pending,2026-05-15,Term 2 fee record
STU001970,Student 1970,Commerce,Tuition,12000,0,Overdue,2026-04-15,Term 3 fee record
STU001971,Student 1971,Commerce,Tuition,18000,0,Pending,2026-06-15,Term 1 fee record
STU001972,Student 1972,Senior,Tuition,18000,0,Overdue,2026-07-15,Term 2 fee record
STU001973,Student 1973,Secondary,Tuition,12000,12000,Paid,2026-05-15,Term 3 fee record
STU001974,Student 1974,Senior,Tuition,18000,18000,Paid,2026-04-15,Term 1 fee record
STU001975,Student 1975,Commerce,Tuition,18000,0,Pending,2026-01-15,Term 2 fee record
STU001976,Student 1976,Secondary,Tuition,18000,9000,Partial,2026-03-15,Term 3 fee record
STU001977,Student 1977,Commerce,Tuition,12000,12000,Paid,2026-04-15,Term 1 fee record
STU001978,Student 1978,Commerce,Tuition,12000,0,Overdue,2026-05-15,Term 2 fee record
STU001979,Student 1979,Senior,Tuition,25000,0,Overdue,2026-02-15,Term 3 fee record
STU001980,Student 1980,Commerce,Tuition,18000,9000,Partial,2026-03-15,Term 1 fee record
STU001981,Student 1981,Science,Tuition,12000,0,Pending,2026-08-15,Term 2 fee record
STU001982,Student 1982,Science,Tuition,12000,12000,Paid,2026-03-15,Term 3 fee record
STU001983,Student 1983,Secondary,Tuition,25000,25000,Paid,2026-04-15,Term 1 fee record
STU001984,Student 1984,Senior,Tuition,12000,6000,Partial,2026-01-15,Term 2 fee record
STU001985,Student 1985,Science,Tuition,12000,0,Overdue,2026-05-15,Term 3 fee record
STU001986,Student 1986,Science,Tuition,25000,0,Overdue,2026-04-15,Term 1 fee record
STU001987,Student 1987,Senior,Tuition,18000,9000,Partial,2026-09-15,Term 2 fee record
STU001988,Student 1988,Secondary,Tuition,12000,12000,Paid,2026-06-15,Term 3 fee record
STU001989,Student 1989,Secondary,Tuition,12000,12000,Paid,2026-09-15,Term 1 fee record
STU001990,Student 1990,Commerce,Tuition,25000,0,Pending,2026-01-15,Term 2 fee record
STU001991,Student 1991,Primary,Tuition,25000,12500,Partial,2026-05-15,Term 3 fee record
STU001992,Student 1992,Primary,Tuition,18000,0,Pending,2026-01-15,Term 1 fee record
STU001993,Student 1993,Senior,Tuition,12000,12000,Paid,2026-08-15,Term 2 fee record
STU001994,Student 1994,Secondary,Tuition,18000,0,Pending,2026-04-15,Term 3 fee record
STU001995,Student 1995,Primary,Tuition,25000,12500,Partial,2026-05-15,Term 1 fee record
STU001996,Student 1996,Commerce,Tuition,12000,12000,Paid,2026-05-15,Term 2 fee record
STU001997,Student 1997,Secondary,Tuition,18000,9000,Partial,2026-03-15,Term 3 fee record
STU001998,Student 1998,Secondary,Tuition,12000,0,Overdue,2026-01-15,Term 1 fee record
STU001999,Student 1999,Senior,Tuition,12000,12000,Paid,2026-07-15,Term 2 fee record
STU002000,Student 2000,Science,Tuition,25000,12500,Partial,2026-07-15,Term 3 fee record
