Student ID,Student Name,Class,Section,Department,Fee Category,Amount Due,Amount Paid,Balance,Payment Status,Payment Mode,Due Date,Payment Date,Academic Year,Guardian Email,Remarks
STU0000001,Student 1,7,A,Primary,Activity,18000,0,18000,Pending,Card,2026-02-21,2026-01-26,2025-2026,guardian1@example.com,"Fee record for term 1"
STU0000002,Student 2,7,D,Primary,Transport,12000,12000,0,Paid,Cash,2026-09-23,2026-01-28,2025-2026,guardian2@example.com,"Fee record for term 1"
STU0000003,Student 3,1,D,Primary,Transport,15000,0,15000,Waived,Cash,2026-09-14,2026-05-23,2025-2026,guardian3@example.com,"Fee record for term 1"
STU0000004,Student 4,10,C,Commerce,Activity,25000,25000,0,Paid,Cheque,2026-02-28,2026-04-21,2025-2026,guardian4@example.com,"Fee record for term 1"
STU0000005,Student 5,10,A,Commerce,Transport,25000,25000,0,Paid,NEFT,2026-09-23,2026-06-24,2025-2026,guardian5@example.com,"Fee record for term 3"
STU0000006,Student 6,4,B,Science,Activity,22000,11000,11000,Partial,Cheque,2026-02-28,2026-05-26,2025-2026,guardian6@example.com,"Fee record for term 2"
STU0000007,Student 7,5,A,Primary,Library,18000,0,18000,Overdue,NEFT,2026-03-20,2026-03-25,2025-2026,guardian7@example.com,"Fee record for term 2"
STU0000008,Student 8,9,C,Senior,Lab,12000,12000,0,Paid,UPI,2026-08-28,2026-08-12,2025-2026,guardian8@example.com,"Fee record for term 1"
STU0000009,Student 9,12,A,Primary,Lab,18000,0,18000,Overdue,UPI,2026-08-19,2026-07-21,2025-2026,guardian9@example.com,"Fee record for term 1"
STU0000010,Student 10,10,A,Pre-Primary,Tuition,22000,5500,16500,Partial,Cheque,2026-05-14,2026-04-22,2025-2026,guardian10@example.com,"Fee record for term 2"
STU0000011,Student 11,3,D,Pre-Primary,Library,22000,22000,0,Paid,UPI,2026-03-23,2026-09-18,2025-2026,guardian11@example.com,"Fee record for term 3"
STU0000012,Student 12,7,B,Secondary,Tuition,22000,16500,5500,Partial,Cheque,2026-03-17,2026-04-10,2025-2026,guardian12@example.com,"Fee record for term 2"
STU0000013,Student 13,5,C,Primary,Transport,25000,0,25000,Pending,NEFT,2026-09-21,2026-06-14,2025-2026,guardian13@example.com,"Fee record for term 3"
STU0000014,Student 14,11,A,Pre-Primary,Activity,25000,0,25000,Waived,Card,2026-07-22,2026-07-22,2025-2026,guardian14@example.com,"Fee record for term 1"
STU0000015,Student 15,1,B,Primary,Transport,22000,0,22000,Overdue,NEFT,2026-03-13,2026-06-11,2025-2026,guardian15@example.com,"Fee record for term 1"
STU0000016,Student 16,3,A,Senior,Library,12000,0,12000,Waived,Cash,2026-02-16,2026-07-14,2025-2026,guardian16@example.com,"Fee record for term 3"
STU0000017,Student 17,6,D,Primary,Tuition,18000,13500,4500,Partial,NEFT,2026-08-25,2026-08-19,2025-2026,guardian17@example.com,"Fee record for term 1"
STU0000018,Student 18,12,C,Science,Hostel,15000,15000,0,Paid,NEFT,2026-03-26,2026-01-16,2025-2026,guardian18@example.com,"Fee record for term 3"
STU0000019,Student 19,12,A,Arts,Library,18000,0,18000,Pending,UPI,2026-02-18,2026-09-21,2025-2026,guardian19@example.com,"Fee record for term 1"
STU0000020,Student 20,9,C,Science,Transport,18000,0,18000,Pending,Card,2026-04-17,2026-07-17,2025-2026,guardian20@example.com,"Fee record for term 1"
STU0000021,Student 21,6,A,Primary,Activity,25000,0,25000,Overdue,UPI,2026-08-18,2026-04-21,2025-2026,guardian21@example.com,"Fee record for term 2"
STU0000022,Student 22,2,B,Primary,Transport,30000,15000,15000,Partial,NEFT,2026-04-20,2026-04-25,2025-2026,guardian22@example.com,"Fee record for term 3"
STU0000023,Student 23,8,C,Arts,Lab,25000,25000,0,Paid,Cash,2026-02-22,2026-04-25,2025-2026,guardian23@example.com,"Fee record for term 1"
STU0000024,Student 24,12,D,Pre-Primary,Exam,22000,5500,16500,Partial,Cash,2026-03-15,2026-03-10,2025-2026,guardian24@example.com,"Fee record for term 1"
STU0000025,Student 25,11,B,Commerce,Activity,25000,0,25000,Overdue,Card,2026-08-21,2026-03-27,2025-2026,guardian25@example.com,"Fee record for term 3"
STU0000026,Student 26,1,A,Commerce,Lab,15000,15000,0,Paid,Cheque,2026-07-16,2026-04-10,2025-2026,guardian26@example.com,"Fee record for term 2"
STU0000027,Student 27,4,C,Senior,Library,15000,11250,3750,Partial,NEFT,2026-03-11,2026-06-24,2025-2026,guardian27@example.com,"Fee record for term 3"
STU0000028,Student 28,7,B,Commerce,Transport,25000,0,25000,Waived,Card,2026-09-10,2026-08-15,2025-2026,guardian28@example.com,"Fee record for term 3"
STU0000029,Student 29,3,B,Pre-Primary,Library,12000,0,12000,Pending,Cash,2026-09-11,2026-06-26,2025-2026,guardian29@example.com,"Fee record for term 3"
STU0000030,Student 30,2,A,Secondary,Transport,25000,0,25000,Overdue,UPI,2026-01-13,2026-09-24,2025-2026,guardian30@example.com,"Fee record for term 3"
STU0000031,Student 31,8,C,Commerce,Library,12000,12000,0,Paid,Card,2026-09-16,2026-05-24,2025-2026,guardian31@example.com,"Fee record for term 3"
STU0000032,Student 32,9,B,Science,Library,25000,0,25000,Overdue,UPI,2026-09-16,2026-08-14,2025-2026,guardian32@example.com,"Fee record for term 2"
STU0000033,Student 33,8,C,Primary,Lab,12000,0,12000,Overdue,Cheque,2026-07-12,2026-04-19,2025-2026,guardian33@example.com,"Fee record for term 1"
STU0000034,Student 34,5,B,Pre-Primary,Transport,15000,3750,11250,Partial,Cash,2026-07-25,2026-03-17,2025-2026,guardian34@example.com,"Fee record for term 1"
STU0000035,Student 35,9,D,Senior,Exam,30000,0,30000,Overdue,Cheque,2026-06-20,2026-02-21,2025-2026,guardian35@example.com,"Fee record for term 1"
STU0000036,Student 36,8,D,Science,Tuition,18000,0,18000,Waived,NEFT,2026-06-26,2026-05-26,2025-2026,guardian36@example.com,"Fee record for term 1"
STU0000037,Student 37,2,A,Senior,Hostel,12000,0,12000,Pending,Cash,2026-03-18,2026-03-23,2025-2026,guardian37@example.com,"Fee record for term 3"
STU0000038,Student 38,3,D,Science,Hostel,18000,0,18000,Overdue,Cash,2026-05-11,2026-03-23,2025-2026,guardian38@example.com,"Fee record for term 1"
STU0000039,Student 39,11,A,Arts,Hostel,18000,18000,0,Paid,Cash,2026-04-12,2026-05-13,2025-2026,guardian39@example.com,"Fee record for term 2"
STU0000040,Student 40,7,C,Commerce,Transport,12000,9000,3000,Partial,Cash,2026-09-17,2026-02-15,2025-2026,guardian40@example.com,"Fee record for term 2"
STU0000041,Student 41,4,C,Science,Hostel,12000,0,12000,Pending,Card,2026-04-19,2026-08-26,2025-2026,guardian41@example.com,"Fee record for term 3"
STU0000042,Student 42,1,C,Primary,Tuition,15000,7500,7500,Partial,Cash,2026-09-27,2026-04-26,2025-2026,guardian42@example.com,"Fee record for term 2"
STU0000043,Student 43,2,D,Science,Exam,15000,0,15000,Overdue,Card,2026-07-26,2026-05-16,2025-2026,guardian43@example.com,"Fee record for term 1"
STU0000044,Student 44,12,B,Pre-Primary,Hostel,18000,0,18000,Pending,Cash,2026-03-10,2026-02-18,2025-2026,guardian44@example.com,"Fee record for term 2"
STU0000045,Student 45,2,D,Arts,Library,15000,15000,0,Paid,UPI,2026-04-19,2026-01-24,2025-2026,guardian45@example.com,"Fee record for term 1"
STU0000046,Student 46,1,C,Senior,Hostel,15000,7500,7500,Partial,Card,2026-06-17,2026-01-19,2025-2026,guardian46@example.com,"Fee record for term 1"
STU0000047,Student 47,1,C,Pre-Primary,Tuition,18000,0,18000,Pending,NEFT,2026-05-26,2026-04-17,2025-2026,guardian47@example.com,"Fee record for term 3"
STU0000048,Student 48,5,A,Secondary,Exam,12000,12000,0,Paid,Card,2026-01-22,2026-01-19,2025-2026,guardian48@example.com,"Fee record for term 2"
STU0000049,Student 49,2,B,Science,Lab,30000,0,30000,Pending,Card,2026-07-20,2026-08-14,2025-2026,guardian49@example.com,"Fee record for term 2"
STU0000050,Student 50,11,B,Primary,Activity,30000,0,30000,Waived,Card,2026-07-26,2026-03-26,2025-2026,guardian50@example.com,"Fee record for term 3"
STU0000051,Student 51,11,B,Primary,Tuition,25000,25000,0,Paid,Cash,2026-03-21,2026-02-22,2025-2026,guardian51@example.com,"Fee record for term 2"
STU0000052,Student 52,11,A,Science,Library,25000,25000,0,Paid,Cheque,2026-08-18,2026-01-24,2025-2026,guardian52@example.com,"Fee record for term 1"
STU0000053,Student 53,9,A,Science,Library,30000,0,30000,Waived,Cash,2026-08-18,2026-02-18,2025-2026,guardian53@example.com,"Fee record for term 1"
STU0000054,Student 54,4,D,Pre-Primary,Activity,30000,0,30000,Pending,NEFT,2026-02-25,2026-05-11,2025-2026,guardian54@example.com,"Fee record for term 3"
STU0000055,Student 55,2,B,Senior,Hostel,30000,0,30000,Pending,UPI,2026-03-10,2026-08-11,2025-2026,guardian55@example.com,"Fee record for term 2"
STU0000056,Student 56,12,B,Science,Exam,18000,18000,0,Paid,UPI,2026-09-19,2026-08-24,2025-2026,guardian56@example.com,"Fee record for term 2"
STU0000057,Student 57,4,C,Primary,Exam,12000,0,12000,Waived,Cash,2026-05-24,2026-02-26,2025-2026,guardian57@example.com,"Fee record for term 2"
STU0000058,Student 58,4,B,Primary,Library,18000,0,18000,Overdue,Cash,2026-03-26,2026-05-21,2025-2026,guardian58@example.com,"Fee record for term 1"
STU0000059,Student 59,5,A,Science,Hostel,25000,0,25000,Waived,Cheque,2026-08-25,2026-07-10,2025-2026,guardian59@example.com,"Fee record for term 1"
STU0000060,Student 60,11,D,Pre-Primary,Hostel,12000,0,12000,Overdue,Cheque,2026-07-21,2026-07-20,2025-2026,guardian60@example.com,"Fee record for term 1"
STU0000061,Student 61,6,C,Arts,Exam,18000,18000,0,Paid,Cash,2026-04-10,2026-05-18,2025-2026,guardian61@example.com,"Fee record for term 2"
STU0000062,Student 62,7,A,Senior,Exam,12000,0,12000,Overdue,UPI,2026-01-18,2026-02-11,2025-2026,guardian62@example.com,"Fee record for term 3"
STU0000063,Student 63,4,C,Pre-Primary,Library,18000,0,18000,Pending,UPI,2026-04-21,2026-07-10,2025-2026,guardian63@example.com,"Fee record for term 3"
STU0000064,Student 64,9,B,Science,Tuition,22000,0,22000,Waived,Cash,2026-07-24,2026-03-19,2025-2026,guardian64@example.com,"Fee record for term 2"
STU0000065,Student 65,3,B,Pre-Primary,Exam,12000,0,12000,Waived,UPI,2026-05-19,2026-05-18,2025-2026,guardian65@example.com,"Fee record for term 2"
STU0000066,Student 66,5,D,Commerce,Lab,30000,0,30000,Pending,NEFT,2026-02-15,2026-03-12,2025-2026,guardian66@example.com,"Fee record for term 1"
STU0000067,Student 67,9,B,Pre-Primary,Hostel,25000,0,25000,Overdue,NEFT,2026-07-14,2026-09-16,2025-2026,guardian67@example.com,"Fee record for term 1"
STU0000068,Student 68,6,A,Senior,Transport,12000,0,12000,Pending,UPI,2026-05-28,2026-04-10,2025-2026,guardian68@example.com,"Fee record for term 3"
STU0000069,Student 69,7,B,Pre-Primary,Hostel,22000,0,22000,Overdue,UPI,2026-01-25,2026-05-28,2025-2026,guardian69@example.com,"Fee record for term 2"
STU0000070,Student 70,9,B,Primary,Hostel,15000,0,15000,Waived,Cheque,2026-07-22,2026-08-23,2025-2026,guardian70@example.com,"Fee record for term 2"
STU0000071,Student 71,1,D,Science,Activity,12000,0,12000,Pending,NEFT,2026-08-10,2026-02-22,2025-2026,guardian71@example.com,"Fee record for term 3"
STU0000072,Student 72,4,A,Secondary,Transport,22000,0,22000,Overdue,Cheque,2026-09-13,2026-08-12,2025-2026,guardian72@example.com,"Fee record for term 3"
STU0000073,Student 73,3,B,Commerce,Tuition,12000,12000,0,Paid,UPI,2026-03-18,2026-09-23,2025-2026,guardian73@example.com,"Fee record for term 3"
STU0000074,Student 74,2,C,Commerce,Library,12000,12000,0,Paid,Cheque,2026-07-18,2026-04-10,2025-2026,guardian74@example.com,"Fee record for term 1"
STU0000075,Student 75,5,C,Science,Activity,25000,12500,12500,Partial,Cheque,2026-08-26,2026-04-27,2025-2026,guardian75@example.com,"Fee record for term 1"
STU0000076,Student 76,12,C,Primary,Tuition,12000,0,12000,Overdue,Cheque,2026-08-23,2026-02-18,2025-2026,guardian76@example.com,"Fee record for term 1"
STU0000077,Student 77,6,B,Pre-Primary,Tuition,30000,0,30000,Overdue,UPI,2026-07-21,2026-07-16,2025-2026,guardian77@example.com,"Fee record for term 1"
STU0000078,Student 78,2,B,Pre-Primary,Transport,18000,0,18000,Waived,UPI,2026-04-17,2026-08-17,2025-2026,guardian78@example.com,"Fee record for term 2"
STU0000079,Student 79,10,D,Commerce,Transport,18000,18000,0,Paid,Cheque,2026-08-23,2026-01-14,2025-2026,guardian79@example.com,"Fee record for term 2"
STU0000080,Student 80,1,B,Pre-Primary,Tuition,12000,0,12000,Pending,Cash,2026-03-22,2026-08-20,2025-2026,guardian80@example.com,"Fee record for term 3"
STU0000081,Student 81,3,C,Secondary,Transport,12000,12000,0,Paid,Card,2026-08-11,2026-05-22,2025-2026,guardian81@example.com,"Fee record for term 2"
STU0000082,Student 82,3,A,Primary,Tuition,18000,0,18000,Overdue,UPI,2026-02-21,2026-07-13,2025-2026,guardian82@example.com,"Fee record for term 3"
STU0000083,Student 83,6,C,Arts,Activity,15000,0,15000,Overdue,NEFT,2026-02-11,2026-08-16,2025-2026,guardian83@example.com,"Fee record for term 2"
STU0000084,Student 84,4,C,Senior,Lab,25000,0,25000,Overdue,NEFT,2026-01-23,2026-04-22,2025-2026,guardian84@example.com,"Fee record for term 1"
STU0000085,Student 85,8,A,Arts,Tuition,22000,22000,0,Paid,UPI,2026-04-12,2026-06-21,2025-2026,guardian85@example.com,"Fee record for term 2"
STU0000086,Student 86,1,C,Science,Lab,18000,0,18000,Waived,UPI,2026-05-19,2026-01-12,2025-2026,guardian86@example.com,"Fee record for term 1"
STU0000087,Student 87,8,D,Arts,Exam,15000,15000,0,Paid,UPI,2026-07-25,2026-03-25,2025-2026,guardian87@example.com,"Fee record for term 1"
STU0000088,Student 88,3,B,Senior,Activity,12000,9000,3000,Partial,UPI,2026-08-21,2026-02-26,2025-2026,guardian88@example.com,"Fee record for term 1"
STU0000089,Student 89,4,D,Primary,Lab,22000,0,22000,Pending,Cash,2026-08-27,2026-09-20,2025-2026,guardian89@example.com,"Fee record for term 1"
STU0000090,Student 90,2,C,Commerce,Tuition,22000,22000,0,Paid,Cheque,2026-02-23,2026-08-24,2025-2026,guardian90@example.com,"Fee record for term 1"
STU0000091,Student 91,7,D,Commerce,Lab,15000,0,15000,Pending,Cheque,2026-09-13,2026-05-19,2025-2026,guardian91@example.com,"Fee record for term 2"
STU0000092,Student 92,5,C,Secondary,Exam,25000,12500,12500,Partial,Cheque,2026-03-17,2026-04-14,2025-2026,guardian92@example.com,"Fee record for term 2"
STU0000093,Student 93,6,A,Pre-Primary,Hostel,25000,0,25000,Pending,Cheque,2026-09-26,2026-04-13,2025-2026,guardian93@example.com,"Fee record for term 3"
STU0000094,Student 94,2,A,Pre-Primary,Activity,22000,22000,0,Paid,Cheque,2026-08-21,2026-01-19,2025-2026,guardian94@example.com,"Fee record for term 1"
STU0000095,Student 95,4,B,Primary,Hostel,12000,12000,0,Paid,Card,2026-03-24,2026-05-10,2025-2026,guardian95@example.com,"Fee record for term 1"
STU0000096,Student 96,12,C,Secondary,Tuition,30000,0,30000,Waived,UPI,2026-06-14,2026-01-16,2025-2026,guardian96@example.com,"Fee record for term 2"
STU0000097,Student 97,12,B,Arts,Tuition,12000,0,12000,Waived,UPI,2026-07-21,2026-03-19,2025-2026,guardian97@example.com,"Fee record for term 1"
STU0000098,Student 98,8,D,Primary,Exam,15000,15000,0,Paid,Cash,2026-07-27,2026-03-27,2025-2026,guardian98@example.com,"Fee record for term 1"
STU0000099,Student 99,7,C,Pre-Primary,Hostel,30000,0,30000,Pending,UPI,2026-07-11,2026-05-28,2025-2026,guardian99@example.com,"Fee record for term 2"
STU0000100,Student 100,1,C,Science,Transport,22000,0,22000,Overdue,NEFT,2026-07-16,2026-01-23,2025-2026,guardian100@example.com,"Fee record for term 1"
STU0000101,Student 101,2,D,Commerce,Hostel,22000,22000,0,Paid,NEFT,2026-03-14,2026-01-11,2025-2026,guardian101@example.com,"Fee record for term 3"
STU0000102,Student 102,2,C,Science,Library,15000,0,15000,Overdue,Cheque,2026-03-21,2026-05-15,2025-2026,guardian102@example.com,"Fee record for term 3"
STU0000103,Student 103,2,D,Pre-Primary,Activity,15000,15000,0,Paid,Cheque,2026-05-14,2026-01-25,2025-2026,guardian103@example.com,"Fee record for term 2"
STU0000104,Student 104,11,D,Primary,Lab,12000,0,12000,Waived,Card,2026-03-17,2026-07-16,2025-2026,guardian104@example.com,"Fee record for term 2"
STU0000105,Student 105,4,A,Pre-Primary,Library,15000,0,15000,Waived,Cheque,2026-07-21,2026-02-14,2025-2026,guardian105@example.com,"Fee record for term 1"
STU0000106,Student 106,1,A,Science,Activity,30000,0,30000,Pending,UPI,2026-02-22,2026-08-27,2025-2026,guardian106@example.com,"Fee record for term 3"
STU0000107,Student 107,5,B,Pre-Primary,Exam,18000,0,18000,Overdue,UPI,2026-08-26,2026-08-15,2025-2026,guardian107@example.com,"Fee record for term 1"
STU0000108,Student 108,8,D,Secondary,Exam,12000,0,12000,Waived,Card,2026-08-15,2026-08-22,2025-2026,guardian108@example.com,"Fee record for term 1"
STU0000109,Student 109,6,D,Senior,Tuition,12000,0,12000,Pending,NEFT,2026-09-26,2026-01-11,2025-2026,guardian109@example.com,"Fee record for term 3"
STU0000110,Student 110,12,C,Arts,Lab,15000,15000,0,Paid,Card,2026-02-11,2026-09-22,2025-2026,guardian110@example.com,"Fee record for term 3"
STU0000111,Student 111,2,A,Secondary,Transport,15000,15000,0,Paid,NEFT,2026-05-15,2026-04-12,2025-2026,guardian111@example.com,"Fee record for term 2"
STU0000112,Student 112,6,C,Arts,Exam,25000,6250,18750,Partial,Cheque,2026-05-26,2026-08-16,2025-2026,guardian112@example.com,"Fee record for term 3"
STU0000113,Student 113,9,B,Senior,Hostel,18000,0,18000,Waived,Cash,2026-04-15,2026-07-15,2025-2026,guardian113@example.com,"Fee record for term 3"
STU0000114,Student 114,3,C,Primary,Activity,18000,9000,9000,Partial,Card,2026-01-21,2026-08-27,2025-2026,guardian114@example.com,"Fee record for term 3"
STU0000115,Student 115,5,D,Science,Activity,25000,25000,0,Paid,UPI,2026-05-22,2026-06-28,2025-2026,guardian115@example.com,"Fee record for term 1"
STU0000116,Student 116,8,B,Secondary,Library,18000,4500,13500,Partial,Cash,2026-05-26,2026-05-19,2025-2026,guardian116@example.com,"Fee record for term 3"
STU0000117,Student 117,1,A,Secondary,Transport,25000,18750,6250,Partial,UPI,2026-07-23,2026-09-21,2025-2026,guardian117@example.com,"Fee record for term 1"
STU0000118,Student 118,4,A,Primary,Tuition,15000,0,15000,Overdue,Cash,2026-06-19,2026-02-26,2025-2026,guardian118@example.com,"Fee record for term 2"
STU0000119,Student 119,7,C,Commerce,Transport,25000,0,25000,Pending,Cheque,2026-06-25,2026-03-14,2025-2026,guardian119@example.com,"Fee record for term 1"
STU0000120,Student 120,8,A,Primary,Lab,15000,0,15000,Pending,Cheque,2026-05-22,2026-05-10,2025-2026,guardian120@example.com,"Fee record for term 1"
STU0000121,Student 121,6,D,Commerce,Library,30000,0,30000,Waived,NEFT,2026-04-15,2026-01-11,2025-2026,guardian121@example.com,"Fee record for term 1"
STU0000122,Student 122,7,B,Secondary,Transport,25000,25000,0,Paid,Cash,2026-02-10,2026-09-16,2025-2026,guardian122@example.com,"Fee record for term 1"
STU0000123,Student 123,9,D,Arts,Library,22000,0,22000,Pending,Cheque,2026-09-19,2026-02-19,2025-2026,guardian123@example.com,"Fee record for term 3"
STU0000124,Student 124,12,A,Pre-Primary,Activity,12000,0,12000,Overdue,NEFT,2026-08-12,2026-08-15,2025-2026,guardian124@example.com,"Fee record for term 1"
STU0000125,Student 125,11,A,Primary,Hostel,12000,3000,9000,Partial,UPI,2026-01-18,2026-09-23,2025-2026,guardian125@example.com,"Fee record for term 3"
STU0000126,Student 126,11,B,Primary,Library,25000,12500,12500,Partial,Cash,2026-03-18,2026-04-16,2025-2026,guardian126@example.com,"Fee record for term 1"
STU0000127,Student 127,7,C,Commerce,Transport,30000,7500,22500,Partial,NEFT,2026-09-25,2026-08-26,2025-2026,guardian127@example.com,"Fee record for term 3"
STU0000128,Student 128,7,B,Commerce,Hostel,12000,12000,0,Paid,Cheque,2026-07-28,2026-02-28,2025-2026,guardian128@example.com,"Fee record for term 1"
STU0000129,Student 129,1,A,Primary,Library,15000,15000,0,Paid,Cheque,2026-06-14,2026-01-10,2025-2026,guardian129@example.com,"Fee record for term 1"
STU0000130,Student 130,12,A,Science,Tuition,15000,15000,0,Paid,Cash,2026-06-16,2026-09-12,2025-2026,guardian130@example.com,"Fee record for term 3"
STU0000131,Student 131,4,B,Secondary,Tuition,22000,22000,0,Paid,Cash,2026-01-12,2026-05-25,2025-2026,guardian131@example.com,"Fee record for term 1"
STU0000132,Student 132,11,B,Senior,Hostel,15000,15000,0,Paid,UPI,2026-07-18,2026-01-21,2025-2026,guardian132@example.com,"Fee record for term 2"
STU0000133,Student 133,12,C,Senior,Activity,18000,18000,0,Paid,Card,2026-09-25,2026-05-10,2025-2026,guardian133@example.com,"Fee record for term 2"
STU0000134,Student 134,9,A,Senior,Exam,12000,0,12000,Overdue,Cash,2026-09-28,2026-04-12,2025-2026,guardian134@example.com,"Fee record for term 3"
STU0000135,Student 135,7,A,Commerce,Transport,18000,0,18000,Pending,UPI,2026-01-10,2026-06-25,2025-2026,guardian135@example.com,"Fee record for term 1"
STU0000136,Student 136,8,C,Arts,Library,22000,0,22000,Pending,UPI,2026-03-19,2026-04-17,2025-2026,guardian136@example.com,"Fee record for term 2"
STU0000137,Student 137,11,A,Pre-Primary,Activity,15000,15000,0,Paid,Card,2026-02-20,2026-06-13,2025-2026,guardian137@example.com,"Fee record for term 2"
STU0000138,Student 138,7,A,Senior,Transport,22000,22000,0,Paid,UPI,2026-05-23,2026-09-26,2025-2026,guardian138@example.com,"Fee record for term 1"
STU0000139,Student 139,8,B,Commerce,Library,22000,0,22000,Pending,Card,2026-01-21,2026-06-26,2025-2026,guardian139@example.com,"Fee record for term 1"
STU0000140,Student 140,12,C,Secondary,Exam,22000,0,22000,Waived,NEFT,2026-05-28,2026-04-14,2025-2026,guardian140@example.com,"Fee record for term 2"
STU0000141,Student 141,9,B,Senior,Hostel,22000,0,22000,Pending,Card,2026-03-14,2026-04-20,2025-2026,guardian141@example.com,"Fee record for term 3"
STU0000142,Student 142,4,C,Secondary,Hostel,25000,6250,18750,Partial,Cash,2026-03-13,2026-04-22,2025-2026,guardian142@example.com,"Fee record for term 1"
STU0000143,Student 143,5,D,Senior,Transport,15000,11250,3750,Partial,Cash,2026-02-18,2026-04-22,2025-2026,guardian143@example.com,"Fee record for term 2"
STU0000144,Student 144,7,D,Science,Transport,12000,12000,0,Paid,Card,2026-05-24,2026-01-14,2025-2026,guardian144@example.com,"Fee record for term 2"
STU0000145,Student 145,1,B,Arts,Exam,25000,0,25000,Overdue,Card,2026-07-17,2026-04-15,2025-2026,guardian145@example.com,"Fee record for term 3"
STU0000146,Student 146,7,C,Senior,Lab,12000,0,12000,Overdue,Cash,2026-07-17,2026-07-15,2025-2026,guardian146@example.com,"Fee record for term 2"
STU0000147,Student 147,8,A,Commerce,Activity,22000,0,22000,Overdue,NEFT,2026-09-15,2026-06-10,2025-2026,guardian147@example.com,"Fee record for term 2"
STU0000148,Student 148,1,C,Commerce,Transport,22000,22000,0,Paid,Cheque,2026-04-26,2026-06-13,2025-2026,guardian148@example.com,"Fee record for term 3"
STU0000149,Student 149,4,D,Commerce,Tuition,22000,0,22000,Waived,UPI,2026-09-20,2026-07-24,2025-2026,guardian149@example.com,"Fee record for term 1"
STU0000150,Student 150,7,A,Science,Library,30000,0,30000,Pending,UPI,2026-01-18,2026-05-22,2025-2026,guardian150@example.com,"Fee record for term 2"
STU0000151,Student 151,2,D,Pre-Primary,Lab,12000,12000,0,Paid,UPI,2026-05-13,2026-04-19,2025-2026,guardian151@example.com,"Fee record for term 3"
STU0000152,Student 152,4,D,Pre-Primary,Transport,22000,0,22000,Waived,Cheque,2026-03-12,2026-04-25,2025-2026,guardian152@example.com,"Fee record for term 3"
STU0000153,Student 153,3,C,Science,Lab,25000,0,25000,Pending,NEFT,2026-08-19,2026-09-14,2025-2026,guardian153@example.com,"Fee record for term 2"
STU0000154,Student 154,5,D,Science,Hostel,18000,0,18000,Pending,NEFT,2026-03-25,2026-01-18,2025-2026,guardian154@example.com,"Fee record for term 2"
STU0000155,Student 155,8,D,Pre-Primary,Library,15000,7500,7500,Partial,Cash,2026-06-14,2026-05-22,2025-2026,guardian155@example.com,"Fee record for term 1"
STU0000156,Student 156,6,B,Commerce,Activity,12000,0,12000,Waived,UPI,2026-01-10,2026-04-12,2025-2026,guardian156@example.com,"Fee record for term 3"
STU0000157,Student 157,2,B,Arts,Transport,18000,13500,4500,Partial,Cheque,2026-08-21,2026-03-16,2025-2026,guardian157@example.com,"Fee record for term 2"
STU0000158,Student 158,10,A,Science,Library,25000,0,25000,Pending,UPI,2026-04-25,2026-04-26,2025-2026,guardian158@example.com,"Fee record for term 1"
STU0000159,Student 159,11,A,Commerce,Tuition,30000,0,30000,Overdue,UPI,2026-07-17,2026-03-25,2025-2026,guardian159@example.com,"Fee record for term 2"
STU0000160,Student 160,8,D,Secondary,Lab,25000,25000,0,Paid,NEFT,2026-04-25,2026-03-27,2025-2026,guardian160@example.com,"Fee record for term 3"
STU0000161,Student 161,3,C,Pre-Primary,Lab,30000,30000,0,Paid,Card,2026-08-19,2026-08-21,2025-2026,guardian161@example.com,"Fee record for term 2"
STU0000162,Student 162,3,C,Science,Lab,22000,22000,0,Paid,Cash,2026-01-11,2026-06-13,2025-2026,guardian162@example.com,"Fee record for term 3"
STU0000163,Student 163,3,A,Secondary,Lab,22000,0,22000,Overdue,NEFT,2026-03-20,2026-02-21,2025-2026,guardian163@example.com,"Fee record for term 2"
STU0000164,Student 164,9,B,Senior,Exam,22000,0,22000,Waived,UPI,2026-07-18,2026-09-11,2025-2026,guardian164@example.com,"Fee record for term 2"
STU0000165,Student 165,7,C,Commerce,Hostel,18000,9000,9000,Partial,Card,2026-06-16,2026-08-13,2025-2026,guardian165@example.com,"Fee record for term 2"
STU0000166,Student 166,5,B,Commerce,Lab,15000,11250,3750,Partial,Cash,2026-01-22,2026-09-22,2025-2026,guardian166@example.com,"Fee record for term 3"
STU0000167,Student 167,7,C,Primary,Tuition,25000,25000,0,Paid,Cash,2026-04-25,2026-01-26,2025-2026,guardian167@example.com,"Fee record for term 3"
STU0000168,Student 168,10,B,Science,Lab,25000,0,25000,Overdue,Card,2026-02-16,2026-01-24,2025-2026,guardian168@example.com,"Fee record for term 3"
STU0000169,Student 169,11,B,Arts,Tuition,15000,15000,0,Paid,NEFT,2026-02-10,2026-06-14,2025-2026,guardian169@example.com,"Fee record for term 2"
STU0000170,Student 170,3,D,Primary,Hostel,25000,12500,12500,Partial,Cash,2026-07-28,2026-01-25,2025-2026,guardian170@example.com,"Fee record for term 3"
STU0000171,Student 171,2,D,Commerce,Lab,25000,25000,0,Paid,NEFT,2026-08-12,2026-01-22,2025-2026,guardian171@example.com,"Fee record for term 3"
STU0000172,Student 172,8,D,Commerce,Tuition,25000,0,25000,Pending,Cash,2026-08-16,2026-03-10,2025-2026,guardian172@example.com,"Fee record for term 2"
STU0000173,Student 173,11,A,Arts,Tuition,12000,12000,0,Paid,Cheque,2026-02-14,2026-08-10,2025-2026,guardian173@example.com,"Fee record for term 2"
STU0000174,Student 174,4,D,Science,Lab,30000,0,30000,Waived,Cheque,2026-01-21,2026-03-12,2025-2026,guardian174@example.com,"Fee record for term 2"
STU0000175,Student 175,12,D,Pre-Primary,Lab,30000,0,30000,Waived,UPI,2026-01-11,2026-01-11,2025-2026,guardian175@example.com,"Fee record for term 1"
STU0000176,Student 176,2,D,Senior,Hostel,30000,0,30000,Waived,Card,2026-03-25,2026-01-20,2025-2026,guardian176@example.com,"Fee record for term 2"
STU0000177,Student 177,8,B,Secondary,Activity,25000,0,25000,Overdue,Cash,2026-06-15,2026-07-25,2025-2026,guardian177@example.com,"Fee record for term 2"
STU0000178,Student 178,6,C,Senior,Tuition,22000,16500,5500,Partial,Card,2026-06-10,2026-03-19,2025-2026,guardian178@example.com,"Fee record for term 3"
STU0000179,Student 179,7,D,Science,Exam,22000,0,22000,Pending,Card,2026-04-24,2026-05-10,2025-2026,guardian179@example.com,"Fee record for term 2"
STU0000180,Student 180,3,A,Senior,Activity,18000,9000,9000,Partial,Cheque,2026-03-18,2026-09-25,2025-2026,guardian180@example.com,"Fee record for term 2"
STU0000181,Student 181,9,D,Arts,Exam,25000,25000,0,Paid,Cheque,2026-04-19,2026-01-22,2025-2026,guardian181@example.com,"Fee record for term 2"
STU0000182,Student 182,5,A,Arts,Exam,30000,0,30000,Pending,NEFT,2026-09-12,2026-09-21,2025-2026,guardian182@example.com,"Fee record for term 1"
STU0000183,Student 183,10,C,Arts,Library,15000,0,15000,Overdue,UPI,2026-08-26,2026-04-16,2025-2026,guardian183@example.com,"Fee record for term 1"
STU0000184,Student 184,3,C,Senior,Library,15000,15000,0,Paid,Card,2026-06-22,2026-09-14,2025-2026,guardian184@example.com,"Fee record for term 1"
STU0000185,Student 185,6,A,Senior,Lab,12000,0,12000,Overdue,NEFT,2026-02-14,2026-06-10,2025-2026,guardian185@example.com,"Fee record for term 2"
STU0000186,Student 186,10,A,Primary,Tuition,18000,0,18000,Waived,Cheque,2026-08-28,2026-04-18,2025-2026,guardian186@example.com,"Fee record for term 2"
STU0000187,Student 187,8,B,Senior,Activity,22000,22000,0,Paid,Cash,2026-06-16,2026-03-22,2025-2026,guardian187@example.com,"Fee record for term 1"
STU0000188,Student 188,1,C,Arts,Lab,12000,12000,0,Paid,NEFT,2026-08-12,2026-07-13,2025-2026,guardian188@example.com,"Fee record for term 3"
STU0000189,Student 189,10,B,Science,Tuition,12000,6000,6000,Partial,Card,2026-07-15,2026-08-15,2025-2026,guardian189@example.com,"Fee record for term 2"
STU0000190,Student 190,3,A,Senior,Hostel,15000,0,15000,Pending,Cash,2026-09-10,2026-01-18,2025-2026,guardian190@example.com,"Fee record for term 3"
STU0000191,Student 191,1,A,Secondary,Hostel,30000,0,30000,Overdue,Cash,2026-04-19,2026-08-13,2025-2026,guardian191@example.com,"Fee record for term 2"
STU0000192,Student 192,7,A,Senior,Exam,18000,9000,9000,Partial,NEFT,2026-03-24,2026-04-14,2025-2026,guardian192@example.com,"Fee record for term 3"
STU0000193,Student 193,12,B,Arts,Tuition,12000,0,12000,Overdue,Cheque,2026-04-12,2026-06-14,2025-2026,guardian193@example.com,"Fee record for term 2"
STU0000194,Student 194,1,A,Pre-Primary,Hostel,12000,0,12000,Overdue,UPI,2026-04-25,2026-02-21,2025-2026,guardian194@example.com,"Fee record for term 1"
STU0000195,Student 195,12,A,Secondary,Lab,18000,0,18000,Pending,NEFT,2026-09-14,2026-08-14,2025-2026,guardian195@example.com,"Fee record for term 2"
STU0000196,Student 196,4,B,Primary,Hostel,22000,0,22000,Overdue,Card,2026-05-20,2026-03-18,2025-2026,guardian196@example.com,"Fee record for term 2"
STU0000197,Student 197,8,A,Secondary,Library,12000,6000,6000,Partial,Cash,2026-04-27,2026-08-19,2025-2026,guardian197@example.com,"Fee record for term 1"
STU0000198,Student 198,6,D,Senior,Transport,18000,0,18000,Pending,Cheque,2026-02-22,2026-05-23,2025-2026,guardian198@example.com,"Fee record for term 1"
STU0000199,Student 199,11,A,Pre-Primary,Activity,12000,3000,9000,Partial,Card,2026-06-26,2026-03-24,2025-2026,guardian199@example.com,"Fee record for term 1"
STU0000200,Student 200,6,D,Primary,Exam,25000,6250,18750,Partial,Cheque,2026-05-28,2026-03-14,2025-2026,guardian200@example.com,"Fee record for term 1"
STU0000201,Student 201,12,B,Secondary,Library,25000,0,25000,Pending,Cash,2026-02-25,2026-05-15,2025-2026,guardian201@example.com,"Fee record for term 1"
STU0000202,Student 202,11,B,Commerce,Hostel,15000,0,15000,Waived,Cheque,2026-01-12,2026-09-23,2025-2026,guardian202@example.com,"Fee record for term 3"
STU0000203,Student 203,6,C,Senior,Activity,12000,0,12000,Waived,NEFT,2026-02-10,2026-07-25,2025-2026,guardian203@example.com,"Fee record for term 1"
STU0000204,Student 204,3,C,Primary,Transport,30000,7500,22500,Partial,UPI,2026-01-21,2026-09-24,2025-2026,guardian204@example.com,"Fee record for term 3"
STU0000205,Student 205,6,B,Arts,Activity,12000,12000,0,Paid,UPI,2026-07-28,2026-01-19,2025-2026,guardian205@example.com,"Fee record for term 1"
STU0000206,Student 206,8,A,Commerce,Activity,30000,0,30000,Overdue,Card,2026-03-10,2026-04-12,2025-2026,guardian206@example.com,"Fee record for term 1"
STU0000207,Student 207,3,A,Senior,Hostel,25000,0,25000,Pending,Card,2026-01-10,2026-02-16,2025-2026,guardian207@example.com,"Fee record for term 2"
STU0000208,Student 208,11,D,Commerce,Transport,12000,0,12000,Waived,NEFT,2026-02-21,2026-02-15,2025-2026,guardian208@example.com,"Fee record for term 1"
STU0000209,Student 209,8,D,Commerce,Library,18000,18000,0,Paid,UPI,2026-02-13,2026-02-22,2025-2026,guardian209@example.com,"Fee record for term 1"
STU0000210,Student 210,4,B,Secondary,Lab,25000,0,25000,Waived,Card,2026-08-22,2026-03-10,2025-2026,guardian210@example.com,"Fee record for term 3"
STU0000211,Student 211,10,A,Pre-Primary,Tuition,22000,0,22000,Overdue,UPI,2026-06-22,2026-04-20,2025-2026,guardian211@example.com,"Fee record for term 3"
STU0000212,Student 212,6,D,Arts,Library,22000,0,22000,Waived,Cash,2026-06-26,2026-03-21,2025-2026,guardian212@example.com,"Fee record for term 1"
STU0000213,Student 213,6,A,Commerce,Transport,22000,22000,0,Paid,Cash,2026-06-23,2026-04-26,2025-2026,guardian213@example.com,"Fee record for term 3"
STU0000214,Student 214,3,D,Pre-Primary,Activity,12000,0,12000,Pending,NEFT,2026-01-11,2026-01-18,2025-2026,guardian214@example.com,"Fee record for term 3"
STU0000215,Student 215,9,A,Commerce,Tuition,25000,18750,6250,Partial,UPI,2026-02-26,2026-01-23,2025-2026,guardian215@example.com,"Fee record for term 1"
STU0000216,Student 216,5,C,Science,Transport,12000,3000,9000,Partial,Cash,2026-01-26,2026-05-12,2025-2026,guardian216@example.com,"Fee record for term 2"
STU0000217,Student 217,3,D,Primary,Library,25000,0,25000,Waived,Cheque,2026-05-23,2026-05-18,2025-2026,guardian217@example.com,"Fee record for term 1"
STU0000218,Student 218,12,C,Arts,Exam,30000,30000,0,Paid,Card,2026-04-22,2026-04-27,2025-2026,guardian218@example.com,"Fee record for term 3"
STU0000219,Student 219,9,C,Commerce,Exam,18000,0,18000,Overdue,NEFT,2026-05-10,2026-04-20,2025-2026,guardian219@example.com,"Fee record for term 1"
STU0000220,Student 220,9,D,Commerce,Exam,15000,0,15000,Waived,Cash,2026-06-15,2026-04-20,2025-2026,guardian220@example.com,"Fee record for term 3"
STU0000221,Student 221,5,C,Secondary,Hostel,18000,0,18000,Overdue,Cash,2026-01-15,2026-09-12,2025-2026,guardian221@example.com,"Fee record for term 3"
STU0000222,Student 222,11,A,Commerce,Exam,18000,0,18000,Overdue,NEFT,2026-06-13,2026-09-17,2025-2026,guardian222@example.com,"Fee record for term 3"
STU0000223,Student 223,7,C,Science,Hostel,30000,0,30000,Pending,Cheque,2026-04-18,2026-09-13,2025-2026,guardian223@example.com,"Fee record for term 3"
STU0000224,Student 224,5,B,Pre-Primary,Activity,30000,0,30000,Overdue,Cash,2026-01-23,2026-09-28,2025-2026,guardian224@example.com,"Fee record for term 1"
STU0000225,Student 225,10,B,Pre-Primary,Activity,22000,0,22000,Overdue,UPI,2026-02-22,2026-08-24,2025-2026,guardian225@example.com,"Fee record for term 2"
STU0000226,Student 226,6,D,Commerce,Library,30000,15000,15000,Partial,Card,2026-07-20,2026-01-25,2025-2026,guardian226@example.com,"Fee record for term 2"
STU0000227,Student 227,9,C,Arts,Transport,22000,5500,16500,Partial,NEFT,2026-07-28,2026-04-12,2025-2026,guardian227@example.com,"Fee record for term 2"
STU0000228,Student 228,4,C,Secondary,Exam,18000,0,18000,Waived,Cash,2026-01-11,2026-05-28,2025-2026,guardian228@example.com,"Fee record for term 2"
STU0000229,Student 229,5,D,Commerce,Activity,18000,0,18000,Waived,Card,2026-07-22,2026-08-21,2025-2026,guardian229@example.com,"Fee record for term 1"
STU0000230,Student 230,1,A,Commerce,Transport,25000,12500,12500,Partial,Cash,2026-07-21,2026-09-22,2025-2026,guardian230@example.com,"Fee record for term 3"
STU0000231,Student 231,3,B,Pre-Primary,Exam,25000,0,25000,Waived,NEFT,2026-08-28,2026-06-26,2025-2026,guardian231@example.com,"Fee record for term 3"
STU0000232,Student 232,6,C,Senior,Tuition,12000,0,12000,Pending,UPI,2026-09-15,2026-02-19,2025-2026,guardian232@example.com,"Fee record for term 3"
STU0000233,Student 233,7,B,Commerce,Hostel,18000,0,18000,Waived,Card,2026-04-26,2026-04-23,2025-2026,guardian233@example.com,"Fee record for term 1"
STU0000234,Student 234,10,A,Senior,Library,12000,0,12000,Waived,Cash,2026-07-10,2026-01-19,2025-2026,guardian234@example.com,"Fee record for term 3"
STU0000235,Student 235,1,C,Pre-Primary,Activity,30000,0,30000,Waived,Cash,2026-01-10,2026-04-15,2025-2026,guardian235@example.com,"Fee record for term 2"
STU0000236,Student 236,5,B,Commerce,Transport,25000,0,25000,Waived,NEFT,2026-02-14,2026-03-26,2025-2026,guardian236@example.com,"Fee record for term 3"
STU0000237,Student 237,2,A,Secondary,Library,12000,12000,0,Paid,NEFT,2026-08-23,2026-01-10,2025-2026,guardian237@example.com,"Fee record for term 3"
STU0000238,Student 238,12,B,Senior,Hostel,25000,6250,18750,Partial,Cheque,2026-01-18,2026-02-28,2025-2026,guardian238@example.com,"Fee record for term 1"
STU0000239,Student 239,8,D,Primary,Tuition,18000,0,18000,Pending,Cheque,2026-07-28,2026-01-24,2025-2026,guardian239@example.com,"Fee record for term 1"
STU0000240,Student 240,4,B,Primary,Transport,25000,0,25000,Pending,Card,2026-03-20,2026-01-24,2025-2026,guardian240@example.com,"Fee record for term 2"
STU0000241,Student 241,5,D,Primary,Transport,22000,0,22000,Waived,NEFT,2026-04-23,2026-05-22,2025-2026,guardian241@example.com,"Fee record for term 3"
STU0000242,Student 242,4,A,Secondary,Transport,22000,22000,0,Paid,UPI,2026-07-15,2026-01-19,2025-2026,guardian242@example.com,"Fee record for term 2"
STU0000243,Student 243,6,D,Senior,Exam,25000,6250,18750,Partial,Cash,2026-02-23,2026-06-27,2025-2026,guardian243@example.com,"Fee record for term 1"
STU0000244,Student 244,8,C,Senior,Transport,22000,0,22000,Pending,NEFT,2026-01-18,2026-01-20,2025-2026,guardian244@example.com,"Fee record for term 1"
STU0000245,Student 245,2,B,Senior,Library,15000,0,15000,Pending,Cheque,2026-09-24,2026-08-17,2025-2026,guardian245@example.com,"Fee record for term 1"
STU0000246,Student 246,12,D,Pre-Primary,Lab,18000,4500,13500,Partial,Card,2026-04-19,2026-08-26,2025-2026,guardian246@example.com,"Fee record for term 1"
STU0000247,Student 247,11,B,Science,Hostel,15000,0,15000,Overdue,Card,2026-08-28,2026-06-27,2025-2026,guardian247@example.com,"Fee record for term 1"
STU0000248,Student 248,9,B,Secondary,Activity,22000,0,22000,Waived,Cash,2026-09-12,2026-09-18,2025-2026,guardian248@example.com,"Fee record for term 3"
STU0000249,Student 249,11,B,Senior,Tuition,22000,22000,0,Paid,NEFT,2026-02-15,2026-04-20,2025-2026,guardian249@example.com,"Fee record for term 1"
STU0000250,Student 250,2,C,Arts,Library,30000,30000,0,Paid,UPI,2026-04-12,2026-05-12,2025-2026,guardian250@example.com,"Fee record for term 1"
STU0000251,Student 251,12,D,Senior,Hostel,18000,0,18000,Pending,NEFT,2026-08-14,2026-05-15,2025-2026,guardian251@example.com,"Fee record for term 1"
STU0000252,Student 252,1,D,Secondary,Activity,18000,9000,9000,Partial,NEFT,2026-06-13,2026-03-19,2025-2026,guardian252@example.com,"Fee record for term 1"
STU0000253,Student 253,12,B,Science,Lab,18000,0,18000,Waived,Cash,2026-07-11,2026-03-23,2025-2026,guardian253@example.com,"Fee record for term 1"
STU0000254,Student 254,7,A,Commerce,Hostel,18000,0,18000,Pending,Cheque,2026-04-28,2026-08-26,2025-2026,guardian254@example.com,"Fee record for term 2"
STU0000255,Student 255,6,A,Primary,Activity,22000,0,22000,Waived,UPI,2026-01-28,2026-01-17,2025-2026,guardian255@example.com,"Fee record for term 3"
STU0000256,Student 256,6,B,Arts,Hostel,12000,12000,0,Paid,Cash,2026-07-22,2026-04-18,2025-2026,guardian256@example.com,"Fee record for term 3"
STU0000257,Student 257,8,C,Science,Library,12000,6000,6000,Partial,NEFT,2026-09-11,2026-04-23,2025-2026,guardian257@example.com,"Fee record for term 3"
STU0000258,Student 258,8,B,Primary,Lab,25000,0,25000,Pending,Card,2026-05-15,2026-09-15,2025-2026,guardian258@example.com,"Fee record for term 3"
STU0000259,Student 259,5,B,Primary,Transport,15000,0,15000,Waived,UPI,2026-06-23,2026-02-16,2025-2026,guardian259@example.com,"Fee record for term 3"
STU0000260,Student 260,3,D,Science,Exam,18000,0,18000,Pending,Cheque,2026-04-10,2026-09-24,2025-2026,guardian260@example.com,"Fee record for term 1"
STU0000261,Student 261,5,B,Science,Transport,30000,22500,7500,Partial,Card,2026-04-20,2026-02-27,2025-2026,guardian261@example.com,"Fee record for term 2"
STU0000262,Student 262,10,D,Arts,Activity,15000,0,15000,Pending,NEFT,2026-04-13,2026-05-10,2025-2026,guardian262@example.com,"Fee record for term 2"
STU0000263,Student 263,1,A,Senior,Hostel,22000,0,22000,Pending,Cheque,2026-02-19,2026-08-13,2025-2026,guardian263@example.com,"Fee record for term 1"
STU0000264,Student 264,8,C,Senior,Transport,18000,0,18000,Overdue,Card,2026-02-11,2026-01-24,2025-2026,guardian264@example.com,"Fee record for term 2"
STU0000265,Student 265,10,C,Primary,Lab,12000,9000,3000,Partial,NEFT,2026-07-25,2026-04-27,2025-2026,guardian265@example.com,"Fee record for term 2"
STU0000266,Student 266,11,C,Science,Library,12000,3000,9000,Partial,UPI,2026-04-12,2026-03-10,2025-2026,guardian266@example.com,"Fee record for term 1"
STU0000267,Student 267,5,C,Secondary,Lab,22000,0,22000,Pending,Card,2026-03-13,2026-05-20,2025-2026,guardian267@example.com,"Fee record for term 2"
STU0000268,Student 268,4,C,Secondary,Library,15000,7500,7500,Partial,UPI,2026-05-17,2026-01-11,2025-2026,guardian268@example.com,"Fee record for term 1"
STU0000269,Student 269,1,B,Pre-Primary,Exam,25000,0,25000,Overdue,NEFT,2026-03-19,2026-02-14,2025-2026,guardian269@example.com,"Fee record for term 3"
STU0000270,Student 270,3,D,Science,Exam,15000,0,15000,Pending,Cash,2026-01-24,2026-08-16,2025-2026,guardian270@example.com,"Fee record for term 1"
STU0000271,Student 271,1,D,Secondary,Hostel,30000,7500,22500,Partial,Cash,2026-01-26,2026-07-20,2025-2026,guardian271@example.com,"Fee record for term 1"
STU0000272,Student 272,11,B,Science,Transport,22000,22000,0,Paid,NEFT,2026-05-10,2026-08-28,2025-2026,guardian272@example.com,"Fee record for term 3"
STU0000273,Student 273,4,D,Primary,Library,18000,0,18000,Waived,UPI,2026-09-24,2026-07-27,2025-2026,guardian273@example.com,"Fee record for term 3"
STU0000274,Student 274,10,A,Arts,Activity,15000,0,15000,Overdue,Cash,2026-06-19,2026-07-21,2025-2026,guardian274@example.com,"Fee record for term 2"
STU0000275,Student 275,5,C,Commerce,Lab,30000,0,30000,Pending,Cash,2026-04-17,2026-08-12,2025-2026,guardian275@example.com,"Fee record for term 1"
STU0000276,Student 276,6,D,Senior,Library,30000,0,30000,Waived,Cheque,2026-08-22,2026-05-13,2025-2026,guardian276@example.com,"Fee record for term 1"
STU0000277,Student 277,9,A,Secondary,Activity,15000,0,15000,Pending,UPI,2026-02-16,2026-09-18,2025-2026,guardian277@example.com,"Fee record for term 3"
STU0000278,Student 278,9,D,Secondary,Library,22000,0,22000,Pending,Card,2026-02-26,2026-02-23,2025-2026,guardian278@example.com,"Fee record for term 3"
STU0000279,Student 279,3,A,Science,Lab,12000,0,12000,Overdue,Card,2026-02-24,2026-07-27,2025-2026,guardian279@example.com,"Fee record for term 1"
STU0000280,Student 280,8,A,Secondary,Hostel,15000,0,15000,Waived,Card,2026-01-22,2026-04-11,2025-2026,guardian280@example.com,"Fee record for term 2"
STU0000281,Student 281,12,B,Pre-Primary,Hostel,12000,12000,0,Paid,Cash,2026-03-23,2026-02-16,2025-2026,guardian281@example.com,"Fee record for term 3"
STU0000282,Student 282,6,C,Arts,Activity,12000,3000,9000,Partial,Cash,2026-05-13,2026-04-21,2025-2026,guardian282@example.com,"Fee record for term 3"
STU0000283,Student 283,6,D,Primary,Activity,30000,0,30000,Waived,Card,2026-06-13,2026-06-27,2025-2026,guardian283@example.com,"Fee record for term 2"
STU0000284,Student 284,1,B,Senior,Hostel,25000,25000,0,Paid,Cheque,2026-08-10,2026-08-13,2025-2026,guardian284@example.com,"Fee record for term 1"
STU0000285,Student 285,2,C,Secondary,Transport,22000,22000,0,Paid,Card,2026-05-22,2026-03-28,2025-2026,guardian285@example.com,"Fee record for term 2"
STU0000286,Student 286,1,A,Senior,Transport,25000,12500,12500,Partial,NEFT,2026-09-25,2026-01-11,2025-2026,guardian286@example.com,"Fee record for term 1"
STU0000287,Student 287,11,D,Arts,Exam,15000,0,15000,Waived,Cheque,2026-08-22,2026-04-26,2025-2026,guardian287@example.com,"Fee record for term 1"
STU0000288,Student 288,4,C,Secondary,Library,18000,13500,4500,Partial,Card,2026-01-16,2026-03-21,2025-2026,guardian288@example.com,"Fee record for term 3"
STU0000289,Student 289,8,D,Senior,Hostel,22000,16500,5500,Partial,Cash,2026-06-28,2026-08-20,2025-2026,guardian289@example.com,"Fee record for term 1"
STU0000290,Student 290,8,A,Science,Transport,12000,0,12000,Pending,Cheque,2026-05-22,2026-05-12,2025-2026,guardian290@example.com,"Fee record for term 3"
STU0000291,Student 291,10,B,Science,Tuition,18000,13500,4500,Partial,Card,2026-02-16,2026-07-28,2025-2026,guardian291@example.com,"Fee record for term 3"
STU0000292,Student 292,4,B,Science,Tuition,12000,6000,6000,Partial,UPI,2026-06-21,2026-09-17,2025-2026,guardian292@example.com,"Fee record for term 2"
STU0000293,Student 293,6,A,Science,Hostel,25000,0,25000,Overdue,UPI,2026-08-26,2026-06-17,2025-2026,guardian293@example.com,"Fee record for term 1"
STU0000294,Student 294,3,B,Primary,Activity,18000,0,18000,Pending,NEFT,2026-07-24,2026-07-28,2025-2026,guardian294@example.com,"Fee record for term 2"
STU0000295,Student 295,2,B,Senior,Lab,15000,0,15000,Waived,UPI,2026-05-28,2026-09-20,2025-2026,guardian295@example.com,"Fee record for term 1"
STU0000296,Student 296,2,B,Senior,Library,15000,0,15000,Waived,UPI,2026-08-21,2026-07-12,2025-2026,guardian296@example.com,"Fee record for term 2"
STU0000297,Student 297,5,C,Commerce,Tuition,18000,0,18000,Pending,Cheque,2026-05-17,2026-01-16,2025-2026,guardian297@example.com,"Fee record for term 1"
STU0000298,Student 298,4,C,Arts,Library,22000,0,22000,Overdue,Cash,2026-04-17,2026-01-14,2025-2026,guardian298@example.com,"Fee record for term 3"
STU0000299,Student 299,2,C,Science,Transport,12000,12000,0,Paid,Cash,2026-04-18,2026-09-10,2025-2026,guardian299@example.com,"Fee record for term 3"
STU0000300,Student 300,4,C,Senior,Activity,18000,18000,0,Paid,Cash,2026-08-22,2026-06-15,2025-2026,guardian300@example.com,"Fee record for term 1"
STU0000301,Student 301,2,C,Arts,Exam,22000,22000,0,Paid,Card,2026-07-18,2026-08-10,2025-2026,guardian301@example.com,"Fee record for term 1"
STU0000302,Student 302,11,C,Primary,Exam,18000,0,18000,Waived,Card,2026-06-15,2026-02-10,2025-2026,guardian302@example.com,"Fee record for term 1"
STU0000303,Student 303,9,A,Senior,Activity,15000,0,15000,Pending,UPI,2026-07-21,2026-09-28,2025-2026,guardian303@example.com,"Fee record for term 3"
STU0000304,Student 304,10,C,Secondary,Lab,15000,0,15000,Waived,Card,2026-05-25,2026-01-19,2025-2026,guardian304@example.com,"Fee record for term 3"
STU0000305,Student 305,9,C,Senior,Library,25000,0,25000,Overdue,Card,2026-05-14,2026-05-10,2025-2026,guardian305@example.com,"Fee record for term 3"
STU0000306,Student 306,11,C,Secondary,Lab,22000,22000,0,Paid,Cheque,2026-07-12,2026-01-14,2025-2026,guardian306@example.com,"Fee record for term 1"
STU0000307,Student 307,9,B,Commerce,Activity,12000,0,12000,Waived,Cheque,2026-05-21,2026-03-15,2025-2026,guardian307@example.com,"Fee record for term 3"
STU0000308,Student 308,1,C,Arts,Lab,15000,0,15000,Waived,Cheque,2026-08-25,2026-04-21,2025-2026,guardian308@example.com,"Fee record for term 2"
STU0000309,Student 309,6,A,Primary,Lab,22000,0,22000,Pending,Cash,2026-02-22,2026-06-11,2025-2026,guardian309@example.com,"Fee record for term 1"
STU0000310,Student 310,7,D,Science,Lab,25000,0,25000,Overdue,Cheque,2026-01-18,2026-01-18,2025-2026,guardian310@example.com,"Fee record for term 3"
STU0000311,Student 311,4,C,Secondary,Hostel,22000,0,22000,Pending,NEFT,2026-05-19,2026-08-16,2025-2026,guardian311@example.com,"Fee record for term 3"
STU0000312,Student 312,5,B,Arts,Hostel,15000,0,15000,Overdue,UPI,2026-02-20,2026-01-25,2025-2026,guardian312@example.com,"Fee record for term 1"
STU0000313,Student 313,10,D,Secondary,Library,15000,11250,3750,Partial,Cash,2026-04-21,2026-01-24,2025-2026,guardian313@example.com,"Fee record for term 1"
STU0000314,Student 314,5,A,Arts,Tuition,22000,0,22000,Pending,Cheque,2026-01-14,2026-05-14,2025-2026,guardian314@example.com,"Fee record for term 3"
STU0000315,Student 315,3,D,Science,Exam,30000,7500,22500,Partial,Cash,2026-07-20,2026-07-20,2025-2026,guardian315@example.com,"Fee record for term 1"
STU0000316,Student 316,4,A,Primary,Transport,25000,0,25000,Pending,Card,2026-04-28,2026-07-13,2025-2026,guardian316@example.com,"Fee record for term 3"
STU0000317,Student 317,6,A,Primary,Tuition,12000,12000,0,Paid,NEFT,2026-03-26,2026-07-10,2025-2026,guardian317@example.com,"Fee record for term 1"
STU0000318,Student 318,3,A,Commerce,Hostel,15000,0,15000,Waived,NEFT,2026-02-21,2026-04-17,2025-2026,guardian318@example.com,"Fee record for term 3"
STU0000319,Student 319,3,A,Senior,Hostel,12000,9000,3000,Partial,Cash,2026-01-16,2026-09-11,2025-2026,guardian319@example.com,"Fee record for term 2"
STU0000320,Student 320,1,C,Science,Tuition,25000,12500,12500,Partial,NEFT,2026-09-19,2026-09-20,2025-2026,guardian320@example.com,"Fee record for term 3"
STU0000321,Student 321,7,C,Commerce,Exam,22000,11000,11000,Partial,NEFT,2026-03-22,2026-07-23,2025-2026,guardian321@example.com,"Fee record for term 1"
STU0000322,Student 322,4,C,Science,Library,30000,30000,0,Paid,NEFT,2026-04-16,2026-02-12,2025-2026,guardian322@example.com,"Fee record for term 3"
STU0000323,Student 323,7,C,Science,Lab,12000,12000,0,Paid,NEFT,2026-09-20,2026-08-28,2025-2026,guardian323@example.com,"Fee record for term 1"
STU0000324,Student 324,9,C,Commerce,Library,22000,0,22000,Overdue,NEFT,2026-04-22,2026-06-12,2025-2026,guardian324@example.com,"Fee record for term 2"
STU0000325,Student 325,11,C,Primary,Lab,25000,18750,6250,Partial,Card,2026-04-18,2026-05-25,2025-2026,guardian325@example.com,"Fee record for term 3"
STU0000326,Student 326,10,D,Commerce,Transport,18000,0,18000,Waived,Cheque,2026-02-26,2026-06-26,2025-2026,guardian326@example.com,"Fee record for term 1"
STU0000327,Student 327,6,B,Science,Transport,25000,0,25000,Pending,Cheque,2026-08-15,2026-01-20,2025-2026,guardian327@example.com,"Fee record for term 2"
STU0000328,Student 328,2,D,Secondary,Lab,18000,0,18000,Overdue,UPI,2026-07-13,2026-06-21,2025-2026,guardian328@example.com,"Fee record for term 3"
STU0000329,Student 329,5,D,Science,Tuition,25000,0,25000,Waived,UPI,2026-07-19,2026-08-13,2025-2026,guardian329@example.com,"Fee record for term 2"
STU0000330,Student 330,12,B,Arts,Library,30000,0,30000,Overdue,Cheque,2026-01-14,2026-06-25,2025-2026,guardian330@example.com,"Fee record for term 3"
STU0000331,Student 331,10,C,Commerce,Hostel,30000,0,30000,Pending,NEFT,2026-05-10,2026-09-16,2025-2026,guardian331@example.com,"Fee record for term 1"
STU0000332,Student 332,10,B,Senior,Lab,25000,6250,18750,Partial,Card,2026-05-20,2026-05-17,2025-2026,guardian332@example.com,"Fee record for term 2"
STU0000333,Student 333,9,D,Arts,Tuition,22000,22000,0,Paid,Cheque,2026-03-23,2026-05-21,2025-2026,guardian333@example.com,"Fee record for term 1"
STU0000334,Student 334,7,C,Primary,Lab,30000,0,30000,Overdue,UPI,2026-07-23,2026-05-21,2025-2026,guardian334@example.com,"Fee record for term 1"
STU0000335,Student 335,3,B,Arts,Lab,22000,0,22000,Waived,Card,2026-06-12,2026-04-20,2025-2026,guardian335@example.com,"Fee record for term 1"
STU0000336,Student 336,7,D,Commerce,Exam,12000,0,12000,Overdue,NEFT,2026-01-13,2026-08-24,2025-2026,guardian336@example.com,"Fee record for term 3"
STU0000337,Student 337,8,B,Primary,Exam,22000,0,22000,Overdue,NEFT,2026-08-14,2026-09-10,2025-2026,guardian337@example.com,"Fee record for term 3"
STU0000338,Student 338,7,A,Science,Hostel,15000,0,15000,Pending,Card,2026-06-22,2026-08-13,2025-2026,guardian338@example.com,"Fee record for term 1"
STU0000339,Student 339,10,A,Primary,Exam,15000,15000,0,Paid,Cash,2026-04-28,2026-08-11,2025-2026,guardian339@example.com,"Fee record for term 3"
STU0000340,Student 340,1,D,Arts,Library,15000,7500,7500,Partial,Cheque,2026-07-11,2026-03-20,2025-2026,guardian340@example.com,"Fee record for term 2"
STU0000341,Student 341,1,B,Commerce,Hostel,15000,0,15000,Waived,Card,2026-05-12,2026-06-22,2025-2026,guardian341@example.com,"Fee record for term 2"
STU0000342,Student 342,7,D,Science,Tuition,30000,22500,7500,Partial,UPI,2026-05-17,2026-07-23,2025-2026,guardian342@example.com,"Fee record for term 3"
STU0000343,Student 343,3,A,Secondary,Library,18000,4500,13500,Partial,UPI,2026-08-25,2026-03-21,2025-2026,guardian343@example.com,"Fee record for term 2"
STU0000344,Student 344,12,A,Science,Hostel,15000,0,15000,Overdue,Cash,2026-09-12,2026-07-28,2025-2026,guardian344@example.com,"Fee record for term 2"
STU0000345,Student 345,8,C,Secondary,Lab,12000,3000,9000,Partial,Cheque,2026-08-22,2026-08-16,2025-2026,guardian345@example.com,"Fee record for term 1"
STU0000346,Student 346,7,A,Primary,Transport,12000,0,12000,Pending,Cash,2026-08-15,2026-01-27,2025-2026,guardian346@example.com,"Fee record for term 3"
STU0000347,Student 347,4,C,Arts,Transport,15000,0,15000,Overdue,Card,2026-03-14,2026-04-26,2025-2026,guardian347@example.com,"Fee record for term 1"
STU0000348,Student 348,4,A,Primary,Exam,22000,22000,0,Paid,Cheque,2026-05-24,2026-07-14,2025-2026,guardian348@example.com,"Fee record for term 1"
STU0000349,Student 349,1,B,Arts,Exam,30000,0,30000,Pending,UPI,2026-04-28,2026-06-27,2025-2026,guardian349@example.com,"Fee record for term 3"
STU0000350,Student 350,6,B,Secondary,Activity,15000,7500,7500,Partial,Cheque,2026-07-11,2026-06-22,2025-2026,guardian350@example.com,"Fee record for term 1"
STU0000351,Student 351,11,A,Secondary,Exam,30000,7500,22500,Partial,Cheque,2026-03-23,2026-06-22,2025-2026,guardian351@example.com,"Fee record for term 1"
STU0000352,Student 352,11,B,Science,Library,12000,3000,9000,Partial,Card,2026-02-19,2026-08-21,2025-2026,guardian352@example.com,"Fee record for term 1"
STU0000353,Student 353,4,D,Senior,Activity,22000,22000,0,Paid,UPI,2026-09-12,2026-04-14,2025-2026,guardian353@example.com,"Fee record for term 2"
STU0000354,Student 354,10,C,Primary,Library,18000,0,18000,Pending,Card,2026-02-10,2026-06-16,2025-2026,guardian354@example.com,"Fee record for term 1"
STU0000355,Student 355,3,C,Senior,Exam,30000,7500,22500,Partial,NEFT,2026-04-20,2026-06-15,2025-2026,guardian355@example.com,"Fee record for term 1"
STU0000356,Student 356,12,D,Primary,Lab,18000,18000,0,Paid,Card,2026-02-15,2026-07-24,2025-2026,guardian356@example.com,"Fee record for term 1"
STU0000357,Student 357,9,A,Pre-Primary,Lab,12000,12000,0,Paid,Cheque,2026-07-28,2026-06-12,2025-2026,guardian357@example.com,"Fee record for term 2"
STU0000358,Student 358,6,B,Science,Tuition,30000,0,30000,Pending,UPI,2026-01-25,2026-05-14,2025-2026,guardian358@example.com,"Fee record for term 2"
STU0000359,Student 359,4,A,Secondary,Exam,12000,12000,0,Paid,UPI,2026-09-27,2026-02-20,2025-2026,guardian359@example.com,"Fee record for term 2"
STU0000360,Student 360,10,A,Commerce,Hostel,15000,0,15000,Pending,UPI,2026-04-19,2026-07-27,2025-2026,guardian360@example.com,"Fee record for term 1"
STU0000361,Student 361,12,B,Primary,Tuition,15000,0,15000,Pending,Cash,2026-01-25,2026-04-17,2025-2026,guardian361@example.com,"Fee record for term 1"
STU0000362,Student 362,5,A,Pre-Primary,Exam,15000,0,15000,Pending,Card,2026-09-13,2026-05-28,2025-2026,guardian362@example.com,"Fee record for term 1"
STU0000363,Student 363,4,B,Secondary,Library,12000,0,12000,Waived,Card,2026-01-17,2026-02-20,2025-2026,guardian363@example.com,"Fee record for term 1"
STU0000364,Student 364,10,B,Arts,Hostel,12000,0,12000,Pending,UPI,2026-02-24,2026-03-10,2025-2026,guardian364@example.com,"Fee record for term 2"
STU0000365,Student 365,1,A,Arts,Transport,22000,0,22000,Overdue,Cheque,2026-09-15,2026-03-21,2025-2026,guardian365@example.com,"Fee record for term 1"
STU0000366,Student 366,4,C,Science,Tuition,15000,0,15000,Pending,Cash,2026-08-11,2026-08-26,2025-2026,guardian366@example.com,"Fee record for term 2"
STU0000367,Student 367,11,A,Secondary,Activity,12000,0,12000,Waived,Cash,2026-06-23,2026-02-21,2025-2026,guardian367@example.com,"Fee record for term 3"
STU0000368,Student 368,11,D,Secondary,Hostel,15000,0,15000,Overdue,UPI,2026-01-24,2026-03-23,2025-2026,guardian368@example.com,"Fee record for term 2"
STU0000369,Student 369,5,A,Primary,Activity,30000,0,30000,Waived,UPI,2026-04-17,2026-04-28,2025-2026,guardian369@example.com,"Fee record for term 2"
STU0000370,Student 370,8,A,Pre-Primary,Lab,25000,0,25000,Pending,NEFT,2026-06-22,2026-07-12,2025-2026,guardian370@example.com,"Fee record for term 1"
STU0000371,Student 371,10,D,Arts,Hostel,30000,22500,7500,Partial,Cash,2026-05-25,2026-01-13,2025-2026,guardian371@example.com,"Fee record for term 2"
STU0000372,Student 372,10,C,Pre-Primary,Transport,22000,0,22000,Overdue,UPI,2026-09-16,2026-02-21,2025-2026,guardian372@example.com,"Fee record for term 2"
STU0000373,Student 373,1,C,Senior,Tuition,22000,0,22000,Waived,UPI,2026-03-24,2026-07-27,2025-2026,guardian373@example.com,"Fee record for term 1"
STU0000374,Student 374,11,A,Pre-Primary,Activity,12000,0,12000,Pending,Cheque,2026-07-18,2026-06-14,2025-2026,guardian374@example.com,"Fee record for term 2"
STU0000375,Student 375,6,D,Senior,Exam,15000,0,15000,Pending,UPI,2026-09-16,2026-03-22,2025-2026,guardian375@example.com,"Fee record for term 3"
STU0000376,Student 376,3,A,Secondary,Exam,12000,12000,0,Paid,Card,2026-05-21,2026-02-27,2025-2026,guardian376@example.com,"Fee record for term 3"
STU0000377,Student 377,3,C,Science,Exam,25000,0,25000,Overdue,Cash,2026-09-20,2026-08-18,2025-2026,guardian377@example.com,"Fee record for term 2"
STU0000378,Student 378,12,D,Commerce,Activity,18000,13500,4500,Partial,Cash,2026-08-25,2026-06-10,2025-2026,guardian378@example.com,"Fee record for term 1"
STU0000379,Student 379,9,D,Pre-Primary,Hostel,30000,30000,0,Paid,Card,2026-03-24,2026-01-20,2025-2026,guardian379@example.com,"Fee record for term 2"
STU0000380,Student 380,5,B,Secondary,Library,15000,15000,0,Paid,Card,2026-09-11,2026-07-15,2025-2026,guardian380@example.com,"Fee record for term 3"
STU0000381,Student 381,4,C,Arts,Library,25000,18750,6250,Partial,Cash,2026-07-27,2026-07-12,2025-2026,guardian381@example.com,"Fee record for term 3"
STU0000382,Student 382,8,C,Science,Hostel,30000,0,30000,Overdue,UPI,2026-03-28,2026-08-11,2025-2026,guardian382@example.com,"Fee record for term 3"
STU0000383,Student 383,4,A,Secondary,Hostel,18000,0,18000,Pending,Card,2026-03-19,2026-01-28,2025-2026,guardian383@example.com,"Fee record for term 2"
STU0000384,Student 384,3,C,Senior,Exam,22000,16500,5500,Partial,Cheque,2026-06-24,2026-07-13,2025-2026,guardian384@example.com,"Fee record for term 3"
STU0000385,Student 385,6,D,Arts,Exam,18000,9000,9000,Partial,UPI,2026-02-16,2026-08-26,2025-2026,guardian385@example.com,"Fee record for term 2"
STU0000386,Student 386,6,A,Secondary,Hostel,30000,0,30000,Pending,Card,2026-08-27,2026-07-12,2025-2026,guardian386@example.com,"Fee record for term 2"
STU0000387,Student 387,7,C,Arts,Lab,22000,16500,5500,Partial,Cash,2026-05-24,2026-01-11,2025-2026,guardian387@example.com,"Fee record for term 3"
STU0000388,Student 388,5,C,Commerce,Hostel,30000,0,30000,Waived,UPI,2026-04-12,2026-09-13,2025-2026,guardian388@example.com,"Fee record for term 3"
STU0000389,Student 389,12,A,Senior,Transport,30000,0,30000,Overdue,Cheque,2026-02-22,2026-07-20,2025-2026,guardian389@example.com,"Fee record for term 2"
STU0000390,Student 390,6,C,Arts,Transport,22000,0,22000,Overdue,Cheque,2026-09-26,2026-07-19,2025-2026,guardian390@example.com,"Fee record for term 1"
STU0000391,Student 391,2,D,Primary,Library,15000,11250,3750,Partial,Cash,2026-04-28,2026-07-22,2025-2026,guardian391@example.com,"Fee record for term 1"
STU0000392,Student 392,3,B,Secondary,Lab,25000,18750,6250,Partial,Cheque,2026-09-13,2026-05-11,2025-2026,guardian392@example.com,"Fee record for term 3"
STU0000393,Student 393,5,B,Science,Lab,30000,0,30000,Overdue,NEFT,2026-05-12,2026-09-18,2025-2026,guardian393@example.com,"Fee record for term 3"
STU0000394,Student 394,5,A,Senior,Lab,15000,0,15000,Pending,Card,2026-02-21,2026-01-26,2025-2026,guardian394@example.com,"Fee record for term 1"
STU0000395,Student 395,1,D,Science,Activity,12000,3000,9000,Partial,Cheque,2026-08-18,2026-09-11,2025-2026,guardian395@example.com,"Fee record for term 2"
STU0000396,Student 396,10,A,Primary,Library,25000,0,25000,Waived,NEFT,2026-02-25,2026-04-19,2025-2026,guardian396@example.com,"Fee record for term 3"
STU0000397,Student 397,10,B,Secondary,Library,18000,13500,4500,Partial,Cheque,2026-05-28,2026-09-10,2025-2026,guardian397@example.com,"Fee record for term 1"
STU0000398,Student 398,9,C,Pre-Primary,Hostel,15000,15000,0,Paid,Cash,2026-05-12,2026-02-22,2025-2026,guardian398@example.com,"Fee record for term 2"
STU0000399,Student 399,7,B,Science,Activity,25000,0,25000,Waived,Cash,2026-06-27,2026-06-18,2025-2026,guardian399@example.com,"Fee record for term 1"
STU0000400,Student 400,10,B,Pre-Primary,Exam,30000,0,30000,Overdue,Card,2026-08-16,2026-06-16,2025-2026,guardian400@example.com,"Fee record for term 1"
STU0000401,Student 401,5,B,Primary,Lab,22000,0,22000,Pending,Card,2026-01-24,2026-04-16,2025-2026,guardian401@example.com,"Fee record for term 2"
STU0000402,Student 402,12,C,Science,Activity,15000,0,15000,Waived,Cash,2026-01-12,2026-06-16,2025-2026,guardian402@example.com,"Fee record for term 2"
STU0000403,Student 403,5,C,Science,Transport,12000,0,12000,Waived,Card,2026-06-21,2026-05-13,2025-2026,guardian403@example.com,"Fee record for term 1"
STU0000404,Student 404,12,C,Pre-Primary,Tuition,30000,0,30000,Pending,NEFT,2026-02-20,2026-02-14,2025-2026,guardian404@example.com,"Fee record for term 2"
STU0000405,Student 405,2,C,Arts,Hostel,22000,0,22000,Overdue,NEFT,2026-03-13,2026-09-28,2025-2026,guardian405@example.com,"Fee record for term 2"
STU0000406,Student 406,4,C,Senior,Lab,25000,0,25000,Overdue,Cash,2026-04-18,2026-09-23,2025-2026,guardian406@example.com,"Fee record for term 3"
STU0000407,Student 407,3,D,Secondary,Transport,30000,0,30000,Overdue,Cash,2026-02-16,2026-09-22,2025-2026,guardian407@example.com,"Fee record for term 1"
STU0000408,Student 408,8,A,Secondary,Library,12000,12000,0,Paid,Card,2026-02-20,2026-06-27,2025-2026,guardian408@example.com,"Fee record for term 2"
STU0000409,Student 409,1,B,Secondary,Hostel,22000,0,22000,Pending,NEFT,2026-02-13,2026-03-16,2025-2026,guardian409@example.com,"Fee record for term 2"
STU0000410,Student 410,10,D,Arts,Tuition,22000,0,22000,Waived,Card,2026-01-25,2026-03-22,2025-2026,guardian410@example.com,"Fee record for term 3"
STU0000411,Student 411,12,D,Science,Exam,30000,0,30000,Pending,Card,2026-03-13,2026-08-22,2025-2026,guardian411@example.com,"Fee record for term 1"
STU0000412,Student 412,4,A,Pre-Primary,Library,30000,0,30000,Pending,Cheque,2026-01-17,2026-02-16,2025-2026,guardian412@example.com,"Fee record for term 1"
STU0000413,Student 413,1,D,Secondary,Transport,12000,0,12000,Overdue,Cash,2026-09-28,2026-07-18,2025-2026,guardian413@example.com,"Fee record for term 1"
STU0000414,Student 414,1,D,Arts,Tuition,15000,0,15000,Overdue,Cash,2026-03-14,2026-09-15,2025-2026,guardian414@example.com,"Fee record for term 3"
STU0000415,Student 415,9,D,Primary,Tuition,25000,6250,18750,Partial,Cash,2026-09-12,2026-09-27,2025-2026,guardian415@example.com,"Fee record for term 3"
STU0000416,Student 416,9,A,Science,Tuition,25000,0,25000,Waived,Card,2026-05-24,2026-07-10,2025-2026,guardian416@example.com,"Fee record for term 3"
STU0000417,Student 417,1,B,Arts,Library,30000,0,30000,Pending,NEFT,2026-04-13,2026-04-23,2025-2026,guardian417@example.com,"Fee record for term 1"
STU0000418,Student 418,9,C,Science,Tuition,25000,25000,0,Paid,Cash,2026-04-13,2026-02-21,2025-2026,guardian418@example.com,"Fee record for term 2"
STU0000419,Student 419,3,D,Commerce,Library,18000,9000,9000,Partial,UPI,2026-04-10,2026-02-12,2025-2026,guardian419@example.com,"Fee record for term 1"
STU0000420,Student 420,4,D,Pre-Primary,Exam,12000,0,12000,Waived,Card,2026-04-12,2026-01-11,2025-2026,guardian420@example.com,"Fee record for term 3"
STU0000421,Student 421,11,B,Arts,Exam,30000,30000,0,Paid,Cash,2026-03-19,2026-08-18,2025-2026,guardian421@example.com,"Fee record for term 3"
STU0000422,Student 422,6,A,Senior,Exam,15000,7500,7500,Partial,Cash,2026-03-24,2026-03-25,2025-2026,guardian422@example.com,"Fee record for term 3"
STU0000423,Student 423,1,D,Commerce,Tuition,18000,4500,13500,Partial,UPI,2026-04-27,2026-06-20,2025-2026,guardian423@example.com,"Fee record for term 1"
STU0000424,Student 424,9,B,Primary,Tuition,15000,3750,11250,Partial,UPI,2026-07-20,2026-06-12,2025-2026,guardian424@example.com,"Fee record for term 3"
STU0000425,Student 425,3,B,Commerce,Tuition,12000,0,12000,Overdue,Card,2026-04-23,2026-09-12,2025-2026,guardian425@example.com,"Fee record for term 3"
STU0000426,Student 426,5,A,Science,Hostel,15000,0,15000,Pending,NEFT,2026-02-15,2026-08-15,2025-2026,guardian426@example.com,"Fee record for term 3"
STU0000427,Student 427,4,C,Senior,Tuition,30000,15000,15000,Partial,Cash,2026-04-18,2026-03-12,2025-2026,guardian427@example.com,"Fee record for term 3"
STU0000428,Student 428,5,A,Primary,Lab,12000,0,12000,Overdue,Cash,2026-09-10,2026-02-21,2025-2026,guardian428@example.com,"Fee record for term 1"
STU0000429,Student 429,2,D,Science,Library,15000,0,15000,Waived,UPI,2026-08-15,2026-02-18,2025-2026,guardian429@example.com,"Fee record for term 2"
STU0000430,Student 430,12,B,Pre-Primary,Lab,22000,0,22000,Overdue,Cash,2026-08-20,2026-06-16,2025-2026,guardian430@example.com,"Fee record for term 1"
STU0000431,Student 431,2,B,Arts,Hostel,22000,0,22000,Pending,UPI,2026-05-10,2026-04-12,2025-2026,guardian431@example.com,"Fee record for term 1"
STU0000432,Student 432,5,C,Secondary,Tuition,15000,0,15000,Waived,Cheque,2026-08-13,2026-01-22,2025-2026,guardian432@example.com,"Fee record for term 2"
STU0000433,Student 433,10,B,Primary,Tuition,30000,30000,0,Paid,UPI,2026-01-18,2026-03-21,2025-2026,guardian433@example.com,"Fee record for term 2"
STU0000434,Student 434,3,C,Arts,Lab,25000,0,25000,Pending,UPI,2026-06-21,2026-03-26,2025-2026,guardian434@example.com,"Fee record for term 3"
STU0000435,Student 435,3,C,Arts,Exam,12000,0,12000,Pending,Cash,2026-04-16,2026-04-22,2025-2026,guardian435@example.com,"Fee record for term 2"
STU0000436,Student 436,5,A,Primary,Tuition,15000,0,15000,Overdue,NEFT,2026-06-17,2026-05-10,2025-2026,guardian436@example.com,"Fee record for term 2"
STU0000437,Student 437,2,A,Pre-Primary,Library,22000,0,22000,Overdue,NEFT,2026-02-22,2026-02-25,2025-2026,guardian437@example.com,"Fee record for term 2"
STU0000438,Student 438,7,D,Primary,Tuition,15000,0,15000,Pending,Cheque,2026-02-18,2026-06-24,2025-2026,guardian438@example.com,"Fee record for term 2"
STU0000439,Student 439,1,A,Commerce,Transport,15000,11250,3750,Partial,NEFT,2026-04-28,2026-07-13,2025-2026,guardian439@example.com,"Fee record for term 1"
STU0000440,Student 440,1,B,Commerce,Transport,22000,0,22000,Waived,Card,2026-06-16,2026-02-12,2025-2026,guardian440@example.com,"Fee record for term 2"
STU0000441,Student 441,8,B,Primary,Activity,18000,0,18000,Overdue,NEFT,2026-06-13,2026-04-18,2025-2026,guardian441@example.com,"Fee record for term 3"
STU0000442,Student 442,2,D,Pre-Primary,Hostel,18000,18000,0,Paid,Cheque,2026-09-10,2026-09-10,2025-2026,guardian442@example.com,"Fee record for term 3"
STU0000443,Student 443,9,B,Arts,Exam,22000,22000,0,Paid,Card,2026-03-21,2026-03-22,2025-2026,guardian443@example.com,"Fee record for term 2"
STU0000444,Student 444,6,B,Science,Transport,30000,30000,0,Paid,Cash,2026-08-12,2026-08-16,2025-2026,guardian444@example.com,"Fee record for term 1"
STU0000445,Student 445,3,B,Senior,Lab,18000,0,18000,Overdue,UPI,2026-04-12,2026-07-10,2025-2026,guardian445@example.com,"Fee record for term 3"
STU0000446,Student 446,6,D,Secondary,Tuition,15000,15000,0,Paid,NEFT,2026-06-26,2026-08-16,2025-2026,guardian446@example.com,"Fee record for term 3"
STU0000447,Student 447,8,B,Senior,Activity,15000,0,15000,Pending,NEFT,2026-05-17,2026-06-11,2025-2026,guardian447@example.com,"Fee record for term 2"
STU0000448,Student 448,11,A,Commerce,Hostel,15000,7500,7500,Partial,Cheque,2026-04-10,2026-03-18,2025-2026,guardian448@example.com,"Fee record for term 3"
STU0000449,Student 449,9,D,Secondary,Hostel,22000,0,22000,Overdue,Cheque,2026-09-13,2026-05-23,2025-2026,guardian449@example.com,"Fee record for term 1"
STU0000450,Student 450,3,C,Arts,Tuition,15000,0,15000,Waived,Cheque,2026-04-23,2026-03-12,2025-2026,guardian450@example.com,"Fee record for term 3"
STU0000451,Student 451,5,B,Arts,Transport,22000,0,22000,Overdue,UPI,2026-07-13,2026-01-23,2025-2026,guardian451@example.com,"Fee record for term 1"
STU0000452,Student 452,5,B,Arts,Transport,12000,3000,9000,Partial,NEFT,2026-02-26,2026-07-19,2025-2026,guardian452@example.com,"Fee record for term 3"
STU0000453,Student 453,10,A,Pre-Primary,Transport,30000,0,30000,Waived,NEFT,2026-09-28,2026-06-26,2025-2026,guardian453@example.com,"Fee record for term 3"
STU0000454,Student 454,2,C,Commerce,Exam,15000,0,15000,Overdue,Cheque,2026-05-17,2026-07-21,2025-2026,guardian454@example.com,"Fee record for term 3"
STU0000455,Student 455,12,A,Commerce,Lab,18000,18000,0,Paid,NEFT,2026-04-20,2026-01-24,2025-2026,guardian455@example.com,"Fee record for term 2"
STU0000456,Student 456,8,C,Arts,Transport,18000,0,18000,Pending,NEFT,2026-02-16,2026-09-23,2025-2026,guardian456@example.com,"Fee record for term 2"
STU0000457,Student 457,6,C,Pre-Primary,Lab,15000,0,15000,Pending,NEFT,2026-06-14,2026-04-16,2025-2026,guardian457@example.com,"Fee record for term 2"
STU0000458,Student 458,9,B,Pre-Primary,Library,12000,12000,0,Paid,NEFT,2026-02-25,2026-08-20,2025-2026,guardian458@example.com,"Fee record for term 3"
STU0000459,Student 459,12,D,Senior,Transport,25000,12500,12500,Partial,NEFT,2026-01-15,2026-07-21,2025-2026,guardian459@example.com,"Fee record for term 1"
STU0000460,Student 460,11,B,Science,Transport,30000,22500,7500,Partial,Card,2026-04-21,2026-05-18,2025-2026,guardian460@example.com,"Fee record for term 1"
STU0000461,Student 461,8,A,Secondary,Tuition,12000,0,12000,Waived,Card,2026-09-23,2026-09-18,2025-2026,guardian461@example.com,"Fee record for term 1"
STU0000462,Student 462,3,A,Science,Transport,12000,12000,0,Paid,Cash,2026-03-17,2026-03-18,2025-2026,guardian462@example.com,"Fee record for term 3"
STU0000463,Student 463,1,A,Primary,Tuition,15000,15000,0,Paid,Cheque,2026-03-25,2026-06-12,2025-2026,guardian463@example.com,"Fee record for term 3"
STU0000464,Student 464,7,D,Arts,Hostel,18000,9000,9000,Partial,UPI,2026-01-12,2026-05-15,2025-2026,guardian464@example.com,"Fee record for term 2"
STU0000465,Student 465,10,A,Science,Hostel,12000,12000,0,Paid,Cheque,2026-06-20,2026-09-25,2025-2026,guardian465@example.com,"Fee record for term 1"
STU0000466,Student 466,9,A,Arts,Transport,15000,0,15000,Waived,NEFT,2026-07-19,2026-01-17,2025-2026,guardian466@example.com,"Fee record for term 2"
STU0000467,Student 467,2,A,Commerce,Transport,12000,0,12000,Overdue,Cheque,2026-08-24,2026-04-12,2025-2026,guardian467@example.com,"Fee record for term 3"
STU0000468,Student 468,7,B,Primary,Transport,22000,0,22000,Waived,Card,2026-04-13,2026-08-17,2025-2026,guardian468@example.com,"Fee record for term 2"
STU0000469,Student 469,9,C,Science,Tuition,25000,0,25000,Overdue,Cash,2026-04-10,2026-04-26,2025-2026,guardian469@example.com,"Fee record for term 2"
STU0000470,Student 470,10,B,Secondary,Transport,15000,0,15000,Overdue,UPI,2026-05-14,2026-03-11,2025-2026,guardian470@example.com,"Fee record for term 1"
STU0000471,Student 471,12,C,Pre-Primary,Hostel,22000,16500,5500,Partial,Card,2026-05-11,2026-06-12,2025-2026,guardian471@example.com,"Fee record for term 2"
STU0000472,Student 472,4,B,Secondary,Lab,12000,9000,3000,Partial,Cheque,2026-08-10,2026-04-20,2025-2026,guardian472@example.com,"Fee record for term 1"
STU0000473,Student 473,6,D,Commerce,Hostel,25000,0,25000,Waived,Cash,2026-02-12,2026-07-23,2025-2026,guardian473@example.com,"Fee record for term 2"
STU0000474,Student 474,9,B,Pre-Primary,Hostel,12000,9000,3000,Partial,NEFT,2026-07-21,2026-09-24,2025-2026,guardian474@example.com,"Fee record for term 3"
STU0000475,Student 475,1,A,Arts,Exam,18000,0,18000,Waived,Cash,2026-05-14,2026-01-27,2025-2026,guardian475@example.com,"Fee record for term 1"
STU0000476,Student 476,11,A,Senior,Lab,12000,0,12000,Overdue,Cash,2026-06-23,2026-09-12,2025-2026,guardian476@example.com,"Fee record for term 1"
STU0000477,Student 477,12,A,Primary,Hostel,22000,22000,0,Paid,Cheque,2026-09-13,2026-02-20,2025-2026,guardian477@example.com,"Fee record for term 1"
STU0000478,Student 478,7,B,Secondary,Transport,25000,0,25000,Waived,NEFT,2026-07-20,2026-06-13,2025-2026,guardian478@example.com,"Fee record for term 1"
STU0000479,Student 479,2,A,Senior,Lab,22000,0,22000,Waived,NEFT,2026-08-17,2026-03-19,2025-2026,guardian479@example.com,"Fee record for term 2"
STU0000480,Student 480,12,B,Science,Transport,22000,0,22000,Pending,NEFT,2026-02-26,2026-06-17,2025-2026,guardian480@example.com,"Fee record for term 1"
STU0000481,Student 481,8,B,Arts,Library,18000,0,18000,Waived,UPI,2026-06-15,2026-06-16,2025-2026,guardian481@example.com,"Fee record for term 3"
STU0000482,Student 482,1,B,Commerce,Hostel,22000,22000,0,Paid,Cash,2026-05-11,2026-01-20,2025-2026,guardian482@example.com,"Fee record for term 1"
STU0000483,Student 483,5,C,Commerce,Hostel,18000,9000,9000,Partial,NEFT,2026-07-19,2026-02-17,2025-2026,guardian483@example.com,"Fee record for term 1"
STU0000484,Student 484,11,B,Arts,Lab,30000,0,30000,Overdue,Cash,2026-03-14,2026-05-18,2025-2026,guardian484@example.com,"Fee record for term 3"
STU0000485,Student 485,7,C,Secondary,Transport,30000,15000,15000,Partial,Card,2026-06-11,2026-06-15,2025-2026,guardian485@example.com,"Fee record for term 2"
STU0000486,Student 486,11,A,Arts,Activity,15000,0,15000,Waived,Card,2026-08-20,2026-08-24,2025-2026,guardian486@example.com,"Fee record for term 3"
STU0000487,Student 487,4,A,Primary,Tuition,15000,7500,7500,Partial,UPI,2026-01-10,2026-04-21,2025-2026,guardian487@example.com,"Fee record for term 1"
STU0000488,Student 488,8,A,Secondary,Activity,25000,25000,0,Paid,NEFT,2026-07-19,2026-08-22,2025-2026,guardian488@example.com,"Fee record for term 2"
STU0000489,Student 489,8,C,Senior,Lab,30000,0,30000,Waived,UPI,2026-06-28,2026-02-28,2025-2026,guardian489@example.com,"Fee record for term 3"
STU0000490,Student 490,8,D,Primary,Lab,12000,0,12000,Overdue,Cheque,2026-04-16,2026-06-27,2025-2026,guardian490@example.com,"Fee record for term 2"
STU0000491,Student 491,11,A,Pre-Primary,Library,30000,30000,0,Paid,Card,2026-07-10,2026-03-23,2025-2026,guardian491@example.com,"Fee record for term 1"
STU0000492,Student 492,5,C,Primary,Transport,15000,0,15000,Waived,Card,2026-01-17,2026-06-23,2025-2026,guardian492@example.com,"Fee record for term 1"
STU0000493,Student 493,7,B,Senior,Hostel,22000,22000,0,Paid,UPI,2026-09-15,2026-08-27,2025-2026,guardian493@example.com,"Fee record for term 3"
STU0000494,Student 494,10,D,Arts,Library,12000,0,12000,Pending,Cheque,2026-03-10,2026-09-13,2025-2026,guardian494@example.com,"Fee record for term 3"
STU0000495,Student 495,1,B,Commerce,Tuition,18000,18000,0,Paid,Card,2026-04-26,2026-08-14,2025-2026,guardian495@example.com,"Fee record for term 3"
STU0000496,Student 496,3,D,Arts,Tuition,15000,0,15000,Pending,NEFT,2026-03-18,2026-05-17,2025-2026,guardian496@example.com,"Fee record for term 2"
STU0000497,Student 497,11,D,Primary,Tuition,15000,0,15000,Waived,Cash,2026-06-15,2026-04-27,2025-2026,guardian497@example.com,"Fee record for term 2"
STU0000498,Student 498,3,B,Commerce,Transport,15000,0,15000,Waived,Cheque,2026-02-24,2026-04-18,2025-2026,guardian498@example.com,"Fee record for term 2"
STU0000499,Student 499,8,A,Pre-Primary,Activity,25000,25000,0,Paid,Cash,2026-02-27,2026-07-14,2025-2026,guardian499@example.com,"Fee record for term 2"
STU0000500,Student 500,11,B,Commerce,Hostel,22000,0,22000,Pending,NEFT,2026-04-16,2026-04-15,2025-2026,guardian500@example.com,"Fee record for term 2"
STU0000501,Student 501,7,C,Senior,Transport,18000,0,18000,Waived,Cheque,2026-08-12,2026-03-16,2025-2026,guardian501@example.com,"Fee record for term 3"
STU0000502,Student 502,9,C,Secondary,Exam,18000,18000,0,Paid,NEFT,2026-08-28,2026-08-25,2025-2026,guardian502@example.com,"Fee record for term 2"
STU0000503,Student 503,4,D,Commerce,Library,22000,0,22000,Waived,Cheque,2026-09-15,2026-04-12,2025-2026,guardian503@example.com,"Fee record for term 2"
STU0000504,Student 504,2,D,Primary,Hostel,30000,0,30000,Overdue,NEFT,2026-06-21,2026-07-14,2025-2026,guardian504@example.com,"Fee record for term 2"
STU0000505,Student 505,1,A,Arts,Activity,25000,0,25000,Waived,NEFT,2026-06-26,2026-07-23,2025-2026,guardian505@example.com,"Fee record for term 3"
STU0000506,Student 506,9,A,Science,Transport,18000,0,18000,Pending,UPI,2026-07-20,2026-04-20,2025-2026,guardian506@example.com,"Fee record for term 1"
STU0000507,Student 507,7,B,Senior,Tuition,25000,0,25000,Waived,Cheque,2026-01-20,2026-08-24,2025-2026,guardian507@example.com,"Fee record for term 2"
STU0000508,Student 508,1,C,Commerce,Library,18000,13500,4500,Partial,UPI,2026-08-13,2026-06-18,2025-2026,guardian508@example.com,"Fee record for term 2"
STU0000509,Student 509,10,C,Primary,Hostel,25000,0,25000,Waived,NEFT,2026-02-21,2026-09-10,2025-2026,guardian509@example.com,"Fee record for term 2"
STU0000510,Student 510,3,D,Primary,Tuition,18000,9000,9000,Partial,Cheque,2026-04-11,2026-03-14,2025-2026,guardian510@example.com,"Fee record for term 2"
STU0000511,Student 511,1,D,Senior,Tuition,15000,0,15000,Pending,Cash,2026-03-27,2026-09-12,2025-2026,guardian511@example.com,"Fee record for term 1"
STU0000512,Student 512,1,D,Arts,Lab,22000,0,22000,Pending,NEFT,2026-07-12,2026-03-14,2025-2026,guardian512@example.com,"Fee record for term 2"
STU0000513,Student 513,1,B,Primary,Tuition,12000,12000,0,Paid,Cash,2026-06-15,2026-02-24,2025-2026,guardian513@example.com,"Fee record for term 1"
STU0000514,Student 514,4,C,Science,Transport,12000,0,12000,Pending,UPI,2026-02-23,2026-06-22,2025-2026,guardian514@example.com,"Fee record for term 2"
STU0000515,Student 515,4,D,Primary,Lab,18000,0,18000,Overdue,Cheque,2026-03-15,2026-03-21,2025-2026,guardian515@example.com,"Fee record for term 3"
STU0000516,Student 516,8,A,Arts,Exam,30000,30000,0,Paid,Card,2026-01-24,2026-08-10,2025-2026,guardian516@example.com,"Fee record for term 3"
STU0000517,Student 517,7,B,Arts,Tuition,30000,22500,7500,Partial,Card,2026-09-14,2026-08-15,2025-2026,guardian517@example.com,"Fee record for term 3"
STU0000518,Student 518,12,A,Commerce,Activity,22000,0,22000,Pending,Card,2026-01-21,2026-07-16,2025-2026,guardian518@example.com,"Fee record for term 3"
STU0000519,Student 519,6,D,Commerce,Library,22000,0,22000,Overdue,Cheque,2026-06-22,2026-04-18,2025-2026,guardian519@example.com,"Fee record for term 1"
STU0000520,Student 520,1,C,Senior,Lab,30000,0,30000,Waived,Card,2026-05-20,2026-03-28,2025-2026,guardian520@example.com,"Fee record for term 3"
STU0000521,Student 521,8,A,Secondary,Exam,22000,5500,16500,Partial,Cash,2026-07-19,2026-09-23,2025-2026,guardian521@example.com,"Fee record for term 3"
STU0000522,Student 522,10,B,Primary,Exam,12000,12000,0,Paid,UPI,2026-02-23,2026-08-18,2025-2026,guardian522@example.com,"Fee record for term 1"
STU0000523,Student 523,11,C,Primary,Tuition,30000,0,30000,Overdue,NEFT,2026-05-16,2026-02-18,2025-2026,guardian523@example.com,"Fee record for term 2"
STU0000524,Student 524,9,D,Arts,Library,18000,0,18000,Pending,UPI,2026-08-20,2026-07-25,2025-2026,guardian524@example.com,"Fee record for term 1"
STU0000525,Student 525,11,C,Primary,Library,12000,0,12000,Pending,Card,2026-03-21,2026-07-17,2025-2026,guardian525@example.com,"Fee record for term 2"
STU0000526,Student 526,8,D,Primary,Tuition,25000,25000,0,Paid,Cash,2026-01-16,2026-08-25,2025-2026,guardian526@example.com,"Fee record for term 3"
STU0000527,Student 527,10,B,Secondary,Lab,12000,6000,6000,Partial,Cash,2026-03-26,2026-05-20,2025-2026,guardian527@example.com,"Fee record for term 1"
STU0000528,Student 528,8,B,Senior,Hostel,15000,0,15000,Pending,Cash,2026-04-15,2026-05-12,2025-2026,guardian528@example.com,"Fee record for term 3"
STU0000529,Student 529,10,D,Secondary,Tuition,22000,0,22000,Waived,NEFT,2026-08-20,2026-01-22,2025-2026,guardian529@example.com,"Fee record for term 1"
STU0000530,Student 530,8,B,Senior,Transport,30000,0,30000,Overdue,Card,2026-02-27,2026-06-22,2025-2026,guardian530@example.com,"Fee record for term 1"
STU0000531,Student 531,8,D,Senior,Library,15000,0,15000,Overdue,UPI,2026-02-27,2026-08-28,2025-2026,guardian531@example.com,"Fee record for term 2"
STU0000532,Student 532,6,D,Primary,Transport,15000,3750,11250,Partial,NEFT,2026-05-20,2026-07-28,2025-2026,guardian532@example.com,"Fee record for term 3"
STU0000533,Student 533,6,B,Pre-Primary,Tuition,15000,3750,11250,Partial,UPI,2026-08-21,2026-06-25,2025-2026,guardian533@example.com,"Fee record for term 3"
STU0000534,Student 534,11,B,Senior,Transport,15000,0,15000,Waived,Card,2026-04-19,2026-05-17,2025-2026,guardian534@example.com,"Fee record for term 3"
STU0000535,Student 535,7,A,Secondary,Library,25000,25000,0,Paid,Cash,2026-04-26,2026-09-13,2025-2026,guardian535@example.com,"Fee record for term 1"
STU0000536,Student 536,11,C,Primary,Transport,30000,30000,0,Paid,Card,2026-01-18,2026-01-23,2025-2026,guardian536@example.com,"Fee record for term 1"
STU0000537,Student 537,12,A,Commerce,Exam,18000,13500,4500,Partial,UPI,2026-09-15,2026-01-28,2025-2026,guardian537@example.com,"Fee record for term 1"
STU0000538,Student 538,2,B,Primary,Hostel,15000,0,15000,Pending,Card,2026-09-20,2026-07-22,2025-2026,guardian538@example.com,"Fee record for term 3"
STU0000539,Student 539,10,D,Primary,Activity,12000,12000,0,Paid,UPI,2026-09-14,2026-07-21,2025-2026,guardian539@example.com,"Fee record for term 3"
STU0000540,Student 540,1,D,Commerce,Library,12000,12000,0,Paid,NEFT,2026-03-21,2026-06-27,2025-2026,guardian540@example.com,"Fee record for term 1"
STU0000541,Student 541,9,B,Secondary,Transport,18000,9000,9000,Partial,Cheque,2026-03-13,2026-02-15,2025-2026,guardian541@example.com,"Fee record for term 2"
STU0000542,Student 542,10,A,Commerce,Exam,25000,0,25000,Waived,NEFT,2026-08-27,2026-01-11,2025-2026,guardian542@example.com,"Fee record for term 1"
STU0000543,Student 543,4,A,Secondary,Activity,22000,0,22000,Pending,UPI,2026-04-12,2026-08-28,2025-2026,guardian543@example.com,"Fee record for term 2"
STU0000544,Student 544,1,B,Science,Activity,22000,11000,11000,Partial,Cash,2026-08-26,2026-04-11,2025-2026,guardian544@example.com,"Fee record for term 3"
STU0000545,Student 545,2,C,Primary,Activity,15000,0,15000,Pending,UPI,2026-02-20,2026-02-23,2025-2026,guardian545@example.com,"Fee record for term 2"
STU0000546,Student 546,8,B,Science,Transport,12000,0,12000,Waived,Cheque,2026-05-23,2026-06-13,2025-2026,guardian546@example.com,"Fee record for term 3"
STU0000547,Student 547,3,A,Pre-Primary,Tuition,25000,0,25000,Overdue,Cheque,2026-01-19,2026-09-11,2025-2026,guardian547@example.com,"Fee record for term 2"
STU0000548,Student 548,9,B,Commerce,Exam,12000,12000,0,Paid,Cheque,2026-04-16,2026-07-18,2025-2026,guardian548@example.com,"Fee record for term 3"
STU0000549,Student 549,4,D,Primary,Lab,22000,22000,0,Paid,Cheque,2026-07-13,2026-04-23,2025-2026,guardian549@example.com,"Fee record for term 1"
STU0000550,Student 550,6,B,Senior,Lab,25000,12500,12500,Partial,UPI,2026-04-11,2026-07-23,2025-2026,guardian550@example.com,"Fee record for term 3"
STU0000551,Student 551,3,A,Primary,Tuition,22000,22000,0,Paid,Card,2026-04-18,2026-02-22,2025-2026,guardian551@example.com,"Fee record for term 3"
STU0000552,Student 552,5,B,Primary,Lab,30000,0,30000,Overdue,NEFT,2026-08-19,2026-02-28,2025-2026,guardian552@example.com,"Fee record for term 2"
STU0000553,Student 553,2,D,Pre-Primary,Transport,15000,0,15000,Pending,Cash,2026-03-28,2026-01-12,2025-2026,guardian553@example.com,"Fee record for term 1"
STU0000554,Student 554,1,B,Commerce,Lab,18000,0,18000,Pending,UPI,2026-06-15,2026-06-23,2025-2026,guardian554@example.com,"Fee record for term 3"
STU0000555,Student 555,8,D,Secondary,Tuition,18000,0,18000,Pending,Cheque,2026-02-27,2026-07-17,2025-2026,guardian555@example.com,"Fee record for term 3"
STU0000556,Student 556,2,A,Arts,Exam,15000,11250,3750,Partial,Cash,2026-04-10,2026-03-11,2025-2026,guardian556@example.com,"Fee record for term 2"
STU0000557,Student 557,6,D,Science,Activity,12000,9000,3000,Partial,Card,2026-09-16,2026-05-26,2025-2026,guardian557@example.com,"Fee record for term 1"
STU0000558,Student 558,6,C,Commerce,Library,22000,5500,16500,Partial,Card,2026-04-18,2026-09-14,2025-2026,guardian558@example.com,"Fee record for term 3"
STU0000559,Student 559,7,B,Primary,Library,12000,0,12000,Overdue,UPI,2026-05-13,2026-08-21,2025-2026,guardian559@example.com,"Fee record for term 3"
STU0000560,Student 560,12,D,Commerce,Hostel,22000,0,22000,Pending,UPI,2026-07-11,2026-05-25,2025-2026,guardian560@example.com,"Fee record for term 2"
STU0000561,Student 561,12,D,Arts,Hostel,30000,0,30000,Pending,UPI,2026-08-21,2026-02-21,2025-2026,guardian561@example.com,"Fee record for term 3"
STU0000562,Student 562,4,D,Science,Lab,30000,0,30000,Pending,UPI,2026-06-10,2026-05-27,2025-2026,guardian562@example.com,"Fee record for term 1"
STU0000563,Student 563,1,D,Commerce,Library,18000,9000,9000,Partial,UPI,2026-04-20,2026-06-25,2025-2026,guardian563@example.com,"Fee record for term 1"
STU0000564,Student 564,8,A,Senior,Transport,30000,0,30000,Pending,UPI,2026-08-11,2026-03-20,2025-2026,guardian564@example.com,"Fee record for term 2"
STU0000565,Student 565,3,C,Secondary,Lab,22000,11000,11000,Partial,Cheque,2026-03-21,2026-05-11,2025-2026,guardian565@example.com,"Fee record for term 3"
STU0000566,Student 566,3,A,Pre-Primary,Exam,15000,3750,11250,Partial,Cheque,2026-03-21,2026-09-13,2025-2026,guardian566@example.com,"Fee record for term 1"
STU0000567,Student 567,9,D,Commerce,Hostel,18000,0,18000,Overdue,Cash,2026-07-22,2026-03-22,2025-2026,guardian567@example.com,"Fee record for term 1"
STU0000568,Student 568,6,C,Secondary,Lab,30000,7500,22500,Partial,Cash,2026-04-16,2026-01-28,2025-2026,guardian568@example.com,"Fee record for term 3"
STU0000569,Student 569,4,C,Primary,Transport,25000,0,25000,Waived,Cheque,2026-04-25,2026-06-13,2025-2026,guardian569@example.com,"Fee record for term 1"
STU0000570,Student 570,11,A,Commerce,Exam,25000,18750,6250,Partial,Cash,2026-04-16,2026-08-19,2025-2026,guardian570@example.com,"Fee record for term 2"
STU0000571,Student 571,4,A,Senior,Exam,18000,18000,0,Paid,Cheque,2026-07-17,2026-06-28,2025-2026,guardian571@example.com,"Fee record for term 1"
STU0000572,Student 572,9,C,Senior,Exam,22000,22000,0,Paid,NEFT,2026-08-10,2026-01-22,2025-2026,guardian572@example.com,"Fee record for term 2"
STU0000573,Student 573,10,B,Arts,Library,15000,0,15000,Waived,NEFT,2026-09-22,2026-03-13,2025-2026,guardian573@example.com,"Fee record for term 2"
STU0000574,Student 574,2,C,Pre-Primary,Activity,30000,0,30000,Overdue,Cheque,2026-01-12,2026-02-12,2025-2026,guardian574@example.com,"Fee record for term 1"
STU0000575,Student 575,7,D,Commerce,Exam,18000,18000,0,Paid,UPI,2026-06-26,2026-06-15,2025-2026,guardian575@example.com,"Fee record for term 1"
STU0000576,Student 576,8,A,Senior,Hostel,25000,0,25000,Waived,Card,2026-04-17,2026-07-21,2025-2026,guardian576@example.com,"Fee record for term 2"
STU0000577,Student 577,9,C,Senior,Activity,25000,0,25000,Waived,Cash,2026-06-13,2026-06-27,2025-2026,guardian577@example.com,"Fee record for term 3"
STU0000578,Student 578,6,A,Senior,Transport,18000,0,18000,Pending,NEFT,2026-01-21,2026-04-22,2025-2026,guardian578@example.com,"Fee record for term 1"
STU0000579,Student 579,11,D,Senior,Exam,15000,0,15000,Pending,UPI,2026-04-15,2026-08-15,2025-2026,guardian579@example.com,"Fee record for term 2"
STU0000580,Student 580,1,D,Secondary,Hostel,30000,30000,0,Paid,NEFT,2026-01-25,2026-09-25,2025-2026,guardian580@example.com,"Fee record for term 1"
STU0000581,Student 581,2,B,Science,Transport,25000,0,25000,Pending,UPI,2026-09-14,2026-03-26,2025-2026,guardian581@example.com,"Fee record for term 2"
STU0000582,Student 582,9,B,Science,Exam,18000,0,18000,Waived,Card,2026-02-14,2026-05-19,2025-2026,guardian582@example.com,"Fee record for term 2"
STU0000583,Student 583,9,B,Science,Exam,30000,0,30000,Pending,UPI,2026-03-21,2026-08-24,2025-2026,guardian583@example.com,"Fee record for term 3"
STU0000584,Student 584,11,A,Primary,Library,15000,15000,0,Paid,Card,2026-01-28,2026-09-14,2025-2026,guardian584@example.com,"Fee record for term 2"
STU0000585,Student 585,9,A,Primary,Library,12000,0,12000,Pending,Cheque,2026-08-12,2026-08-27,2025-2026,guardian585@example.com,"Fee record for term 1"
STU0000586,Student 586,6,C,Commerce,Tuition,15000,0,15000,Pending,Cheque,2026-06-21,2026-02-12,2025-2026,guardian586@example.com,"Fee record for term 1"
STU0000587,Student 587,1,B,Science,Hostel,25000,25000,0,Paid,UPI,2026-05-12,2026-04-24,2025-2026,guardian587@example.com,"Fee record for term 3"
STU0000588,Student 588,1,A,Science,Hostel,18000,0,18000,Waived,Cheque,2026-05-12,2026-09-25,2025-2026,guardian588@example.com,"Fee record for term 3"
STU0000589,Student 589,7,D,Pre-Primary,Activity,25000,0,25000,Pending,NEFT,2026-04-17,2026-05-18,2025-2026,guardian589@example.com,"Fee record for term 3"
STU0000590,Student 590,3,C,Pre-Primary,Tuition,25000,0,25000,Pending,Cheque,2026-02-16,2026-08-21,2025-2026,guardian590@example.com,"Fee record for term 2"
STU0000591,Student 591,8,A,Commerce,Activity,25000,18750,6250,Partial,UPI,2026-07-16,2026-03-21,2025-2026,guardian591@example.com,"Fee record for term 2"
STU0000592,Student 592,3,B,Pre-Primary,Transport,30000,0,30000,Overdue,NEFT,2026-09-16,2026-04-17,2025-2026,guardian592@example.com,"Fee record for term 2"
STU0000593,Student 593,5,C,Senior,Lab,25000,25000,0,Paid,Cash,2026-08-19,2026-07-28,2025-2026,guardian593@example.com,"Fee record for term 3"
STU0000594,Student 594,1,C,Senior,Activity,15000,7500,7500,Partial,Cheque,2026-09-27,2026-03-15,2025-2026,guardian594@example.com,"Fee record for term 2"
STU0000595,Student 595,11,D,Arts,Exam,30000,30000,0,Paid,NEFT,2026-07-16,2026-02-14,2025-2026,guardian595@example.com,"Fee record for term 2"
STU0000596,Student 596,3,C,Secondary,Lab,15000,0,15000,Waived,NEFT,2026-07-18,2026-03-13,2025-2026,guardian596@example.com,"Fee record for term 1"
STU0000597,Student 597,4,B,Pre-Primary,Library,30000,0,30000,Waived,Card,2026-04-24,2026-09-25,2025-2026,guardian597@example.com,"Fee record for term 1"
STU0000598,Student 598,8,A,Arts,Lab,12000,0,12000,Pending,Card,2026-02-27,2026-07-16,2025-2026,guardian598@example.com,"Fee record for term 2"
STU0000599,Student 599,4,B,Science,Hostel,30000,0,30000,Waived,UPI,2026-02-25,2026-02-15,2025-2026,guardian599@example.com,"Fee record for term 3"
STU0000600,Student 600,5,A,Primary,Activity,18000,0,18000,Pending,Card,2026-01-16,2026-04-16,2025-2026,guardian600@example.com,"Fee record for term 1"
STU0000601,Student 601,5,D,Secondary,Hostel,18000,4500,13500,Partial,Cash,2026-05-24,2026-04-21,2025-2026,guardian601@example.com,"Fee record for term 1"
STU0000602,Student 602,2,B,Arts,Tuition,30000,0,30000,Overdue,Cash,2026-06-13,2026-08-25,2025-2026,guardian602@example.com,"Fee record for term 1"
STU0000603,Student 603,6,A,Senior,Activity,15000,0,15000,Pending,NEFT,2026-07-27,2026-07-17,2025-2026,guardian603@example.com,"Fee record for term 2"
STU0000604,Student 604,10,D,Science,Exam,22000,22000,0,Paid,Card,2026-09-25,2026-05-15,2025-2026,guardian604@example.com,"Fee record for term 2"
STU0000605,Student 605,11,A,Commerce,Transport,22000,0,22000,Pending,NEFT,2026-04-27,2026-09-13,2025-2026,guardian605@example.com,"Fee record for term 1"
STU0000606,Student 606,1,A,Senior,Lab,30000,15000,15000,Partial,NEFT,2026-03-16,2026-08-14,2025-2026,guardian606@example.com,"Fee record for term 2"
STU0000607,Student 607,3,D,Science,Tuition,22000,0,22000,Pending,UPI,2026-01-22,2026-08-20,2025-2026,guardian607@example.com,"Fee record for term 3"
STU0000608,Student 608,6,A,Secondary,Tuition,25000,0,25000,Pending,Cash,2026-05-11,2026-05-19,2025-2026,guardian608@example.com,"Fee record for term 3"
STU0000609,Student 609,2,A,Science,Lab,30000,0,30000,Pending,Cash,2026-05-10,2026-06-15,2025-2026,guardian609@example.com,"Fee record for term 3"
STU0000610,Student 610,12,D,Primary,Tuition,22000,0,22000,Waived,Card,2026-08-19,2026-08-24,2025-2026,guardian610@example.com,"Fee record for term 2"
STU0000611,Student 611,4,D,Secondary,Hostel,12000,0,12000,Overdue,NEFT,2026-07-22,2026-09-27,2025-2026,guardian611@example.com,"Fee record for term 2"
STU0000612,Student 612,1,D,Senior,Activity,12000,0,12000,Waived,Cheque,2026-03-24,2026-07-18,2025-2026,guardian612@example.com,"Fee record for term 2"
STU0000613,Student 613,9,B,Pre-Primary,Transport,15000,0,15000,Waived,UPI,2026-04-13,2026-09-10,2025-2026,guardian613@example.com,"Fee record for term 2"
STU0000614,Student 614,10,D,Science,Activity,12000,12000,0,Paid,UPI,2026-08-12,2026-02-13,2025-2026,guardian614@example.com,"Fee record for term 2"
STU0000615,Student 615,12,A,Arts,Exam,18000,0,18000,Waived,UPI,2026-03-25,2026-02-10,2025-2026,guardian615@example.com,"Fee record for term 1"
STU0000616,Student 616,4,A,Arts,Tuition,15000,0,15000,Waived,Card,2026-04-26,2026-02-14,2025-2026,guardian616@example.com,"Fee record for term 2"
STU0000617,Student 617,5,B,Senior,Activity,22000,0,22000,Overdue,Cash,2026-02-27,2026-07-19,2025-2026,guardian617@example.com,"Fee record for term 3"
STU0000618,Student 618,2,D,Primary,Library,12000,12000,0,Paid,Cheque,2026-05-25,2026-05-15,2025-2026,guardian618@example.com,"Fee record for term 3"
STU0000619,Student 619,5,D,Commerce,Hostel,22000,22000,0,Paid,UPI,2026-09-18,2026-09-12,2025-2026,guardian619@example.com,"Fee record for term 1"
STU0000620,Student 620,6,B,Senior,Tuition,25000,0,25000,Overdue,UPI,2026-09-26,2026-05-19,2025-2026,guardian620@example.com,"Fee record for term 2"
STU0000621,Student 621,9,C,Commerce,Library,15000,0,15000,Overdue,Cheque,2026-07-24,2026-05-16,2025-2026,guardian621@example.com,"Fee record for term 1"
STU0000622,Student 622,9,A,Primary,Hostel,25000,0,25000,Pending,Cheque,2026-06-18,2026-04-22,2025-2026,guardian622@example.com,"Fee record for term 2"
STU0000623,Student 623,5,A,Secondary,Exam,15000,15000,0,Paid,Card,2026-07-11,2026-04-22,2025-2026,guardian623@example.com,"Fee record for term 2"
STU0000624,Student 624,4,C,Science,Lab,30000,0,30000,Overdue,Card,2026-05-22,2026-07-26,2025-2026,guardian624@example.com,"Fee record for term 2"
STU0000625,Student 625,3,C,Commerce,Exam,15000,0,15000,Overdue,Cash,2026-02-17,2026-02-27,2025-2026,guardian625@example.com,"Fee record for term 1"
STU0000626,Student 626,8,C,Senior,Library,18000,9000,9000,Partial,UPI,2026-03-27,2026-03-15,2025-2026,guardian626@example.com,"Fee record for term 1"
STU0000627,Student 627,9,B,Pre-Primary,Hostel,15000,0,15000,Waived,Cash,2026-09-14,2026-03-27,2025-2026,guardian627@example.com,"Fee record for term 1"
STU0000628,Student 628,2,C,Secondary,Exam,18000,9000,9000,Partial,Cash,2026-07-17,2026-07-24,2025-2026,guardian628@example.com,"Fee record for term 1"
STU0000629,Student 629,1,A,Secondary,Exam,22000,0,22000,Overdue,UPI,2026-04-10,2026-02-24,2025-2026,guardian629@example.com,"Fee record for term 3"
STU0000630,Student 630,11,A,Secondary,Exam,22000,0,22000,Waived,UPI,2026-04-11,2026-06-28,2025-2026,guardian630@example.com,"Fee record for term 1"
STU0000631,Student 631,1,D,Commerce,Transport,12000,0,12000,Waived,NEFT,2026-03-27,2026-08-18,2025-2026,guardian631@example.com,"Fee record for term 2"
STU0000632,Student 632,4,A,Science,Library,22000,0,22000,Pending,UPI,2026-07-16,2026-05-28,2025-2026,guardian632@example.com,"Fee record for term 3"
STU0000633,Student 633,9,C,Commerce,Tuition,18000,18000,0,Paid,Cash,2026-06-18,2026-05-18,2025-2026,guardian633@example.com,"Fee record for term 2"
STU0000634,Student 634,8,D,Pre-Primary,Activity,25000,0,25000,Overdue,Card,2026-06-13,2026-03-13,2025-2026,guardian634@example.com,"Fee record for term 1"
STU0000635,Student 635,4,B,Secondary,Exam,30000,0,30000,Pending,UPI,2026-04-20,2026-08-25,2025-2026,guardian635@example.com,"Fee record for term 1"
STU0000636,Student 636,1,B,Pre-Primary,Tuition,30000,0,30000,Pending,Cash,2026-08-10,2026-01-25,2025-2026,guardian636@example.com,"Fee record for term 3"
STU0000637,Student 637,2,D,Secondary,Activity,22000,0,22000,Waived,Cheque,2026-01-28,2026-07-17,2025-2026,guardian637@example.com,"Fee record for term 2"
STU0000638,Student 638,7,D,Primary,Lab,18000,0,18000,Overdue,Card,2026-01-20,2026-01-23,2025-2026,guardian638@example.com,"Fee record for term 1"
STU0000639,Student 639,1,A,Arts,Tuition,15000,3750,11250,Partial,NEFT,2026-08-25,2026-06-13,2025-2026,guardian639@example.com,"Fee record for term 3"
STU0000640,Student 640,6,A,Pre-Primary,Lab,22000,0,22000,Waived,UPI,2026-07-12,2026-08-27,2025-2026,guardian640@example.com,"Fee record for term 3"
STU0000641,Student 641,8,A,Pre-Primary,Lab,22000,22000,0,Paid,Cash,2026-08-23,2026-09-10,2025-2026,guardian641@example.com,"Fee record for term 1"
STU0000642,Student 642,8,C,Primary,Library,30000,0,30000,Waived,NEFT,2026-05-10,2026-08-17,2025-2026,guardian642@example.com,"Fee record for term 2"
STU0000643,Student 643,7,A,Senior,Lab,25000,0,25000,Overdue,Card,2026-01-20,2026-05-27,2025-2026,guardian643@example.com,"Fee record for term 1"
STU0000644,Student 644,10,A,Pre-Primary,Exam,25000,0,25000,Overdue,Card,2026-03-25,2026-05-27,2025-2026,guardian644@example.com,"Fee record for term 1"
STU0000645,Student 645,1,B,Senior,Lab,30000,22500,7500,Partial,Cash,2026-04-10,2026-03-18,2025-2026,guardian645@example.com,"Fee record for term 1"
STU0000646,Student 646,4,C,Commerce,Library,30000,0,30000,Overdue,Cheque,2026-02-17,2026-08-26,2025-2026,guardian646@example.com,"Fee record for term 2"
STU0000647,Student 647,8,B,Arts,Library,18000,0,18000,Pending,UPI,2026-06-10,2026-09-18,2025-2026,guardian647@example.com,"Fee record for term 2"
STU0000648,Student 648,3,A,Pre-Primary,Activity,12000,12000,0,Paid,Card,2026-02-20,2026-06-12,2025-2026,guardian648@example.com,"Fee record for term 1"
STU0000649,Student 649,5,A,Commerce,Tuition,22000,0,22000,Pending,NEFT,2026-09-14,2026-08-13,2025-2026,guardian649@example.com,"Fee record for term 1"
STU0000650,Student 650,1,A,Arts,Activity,15000,3750,11250,Partial,UPI,2026-02-15,2026-08-26,2025-2026,guardian650@example.com,"Fee record for term 2"
STU0000651,Student 651,6,D,Science,Transport,15000,0,15000,Pending,Card,2026-08-18,2026-05-27,2025-2026,guardian651@example.com,"Fee record for term 1"
STU0000652,Student 652,6,B,Secondary,Lab,15000,0,15000,Waived,Cash,2026-02-16,2026-05-10,2025-2026,guardian652@example.com,"Fee record for term 2"
STU0000653,Student 653,12,C,Arts,Lab,18000,18000,0,Paid,NEFT,2026-09-15,2026-08-13,2025-2026,guardian653@example.com,"Fee record for term 1"
STU0000654,Student 654,3,B,Secondary,Tuition,18000,0,18000,Overdue,Cash,2026-02-22,2026-02-14,2025-2026,guardian654@example.com,"Fee record for term 1"
STU0000655,Student 655,7,D,Primary,Tuition,22000,22000,0,Paid,NEFT,2026-06-16,2026-04-28,2025-2026,guardian655@example.com,"Fee record for term 2"
STU0000656,Student 656,9,C,Science,Activity,30000,15000,15000,Partial,Cheque,2026-07-12,2026-05-23,2025-2026,guardian656@example.com,"Fee record for term 2"
STU0000657,Student 657,4,D,Senior,Exam,18000,18000,0,Paid,UPI,2026-04-25,2026-05-22,2025-2026,guardian657@example.com,"Fee record for term 3"
STU0000658,Student 658,8,A,Commerce,Exam,12000,12000,0,Paid,NEFT,2026-05-25,2026-05-22,2025-2026,guardian658@example.com,"Fee record for term 1"
STU0000659,Student 659,12,B,Commerce,Exam,15000,0,15000,Waived,Cheque,2026-01-25,2026-07-20,2025-2026,guardian659@example.com,"Fee record for term 2"
STU0000660,Student 660,9,A,Pre-Primary,Lab,30000,30000,0,Paid,Cheque,2026-05-23,2026-09-14,2025-2026,guardian660@example.com,"Fee record for term 2"
STU0000661,Student 661,8,C,Arts,Activity,18000,0,18000,Overdue,Card,2026-08-14,2026-03-18,2025-2026,guardian661@example.com,"Fee record for term 3"
STU0000662,Student 662,7,A,Senior,Activity,25000,25000,0,Paid,Card,2026-08-21,2026-04-23,2025-2026,guardian662@example.com,"Fee record for term 1"
STU0000663,Student 663,12,B,Science,Activity,22000,0,22000,Overdue,Cash,2026-02-17,2026-05-22,2025-2026,guardian663@example.com,"Fee record for term 1"
STU0000664,Student 664,11,D,Science,Exam,22000,16500,5500,Partial,UPI,2026-07-13,2026-04-12,2025-2026,guardian664@example.com,"Fee record for term 2"
STU0000665,Student 665,10,D,Arts,Exam,25000,25000,0,Paid,UPI,2026-07-15,2026-04-28,2025-2026,guardian665@example.com,"Fee record for term 3"
STU0000666,Student 666,6,C,Pre-Primary,Hostel,25000,0,25000,Overdue,NEFT,2026-08-11,2026-08-28,2025-2026,guardian666@example.com,"Fee record for term 3"
STU0000667,Student 667,3,A,Senior,Hostel,15000,15000,0,Paid,Cash,2026-04-17,2026-08-19,2025-2026,guardian667@example.com,"Fee record for term 2"
STU0000668,Student 668,9,A,Primary,Lab,25000,0,25000,Overdue,Cash,2026-03-16,2026-02-22,2025-2026,guardian668@example.com,"Fee record for term 1"
STU0000669,Student 669,2,B,Commerce,Hostel,25000,12500,12500,Partial,NEFT,2026-04-13,2026-01-12,2025-2026,guardian669@example.com,"Fee record for term 2"
STU0000670,Student 670,12,D,Science,Lab,18000,18000,0,Paid,UPI,2026-06-24,2026-04-18,2025-2026,guardian670@example.com,"Fee record for term 1"
STU0000671,Student 671,3,D,Science,Hostel,22000,0,22000,Pending,Cheque,2026-07-27,2026-02-16,2025-2026,guardian671@example.com,"Fee record for term 2"
STU0000672,Student 672,4,A,Commerce,Hostel,18000,13500,4500,Partial,NEFT,2026-04-20,2026-01-10,2025-2026,guardian672@example.com,"Fee record for term 2"
STU0000673,Student 673,11,C,Senior,Exam,30000,0,30000,Overdue,Cheque,2026-04-19,2026-04-21,2025-2026,guardian673@example.com,"Fee record for term 3"
STU0000674,Student 674,6,D,Primary,Activity,22000,0,22000,Waived,Cash,2026-01-28,2026-09-22,2025-2026,guardian674@example.com,"Fee record for term 3"
STU0000675,Student 675,4,D,Arts,Lab,30000,15000,15000,Partial,Card,2026-04-25,2026-01-25,2025-2026,guardian675@example.com,"Fee record for term 1"
STU0000676,Student 676,1,C,Senior,Lab,18000,0,18000,Overdue,Cheque,2026-08-16,2026-05-27,2025-2026,guardian676@example.com,"Fee record for term 2"
STU0000677,Student 677,12,B,Senior,Exam,25000,0,25000,Pending,UPI,2026-01-13,2026-05-21,2025-2026,guardian677@example.com,"Fee record for term 3"
STU0000678,Student 678,3,B,Pre-Primary,Lab,15000,0,15000,Waived,UPI,2026-02-21,2026-03-13,2025-2026,guardian678@example.com,"Fee record for term 2"
STU0000679,Student 679,7,C,Science,Exam,18000,0,18000,Waived,UPI,2026-09-20,2026-05-10,2025-2026,guardian679@example.com,"Fee record for term 1"
STU0000680,Student 680,6,B,Arts,Exam,18000,0,18000,Pending,UPI,2026-06-10,2026-05-19,2025-2026,guardian680@example.com,"Fee record for term 1"
STU0000681,Student 681,4,C,Primary,Lab,25000,6250,18750,Partial,UPI,2026-06-13,2026-09-15,2025-2026,guardian681@example.com,"Fee record for term 2"
STU0000682,Student 682,10,D,Pre-Primary,Hostel,18000,18000,0,Paid,UPI,2026-09-26,2026-01-20,2025-2026,guardian682@example.com,"Fee record for term 2"
STU0000683,Student 683,3,D,Pre-Primary,Hostel,25000,18750,6250,Partial,Cheque,2026-04-18,2026-02-17,2025-2026,guardian683@example.com,"Fee record for term 1"
STU0000684,Student 684,4,B,Secondary,Library,15000,15000,0,Paid,NEFT,2026-06-25,2026-06-11,2025-2026,guardian684@example.com,"Fee record for term 1"
STU0000685,Student 685,7,D,Secondary,Tuition,30000,0,30000,Pending,UPI,2026-01-12,2026-05-21,2025-2026,guardian685@example.com,"Fee record for term 1"
STU0000686,Student 686,9,B,Arts,Lab,22000,0,22000,Pending,Cash,2026-09-14,2026-07-14,2025-2026,guardian686@example.com,"Fee record for term 2"
STU0000687,Student 687,6,D,Primary,Exam,15000,0,15000,Waived,UPI,2026-07-16,2026-06-10,2025-2026,guardian687@example.com,"Fee record for term 2"
STU0000688,Student 688,4,A,Science,Activity,22000,0,22000,Pending,NEFT,2026-04-13,2026-06-14,2025-2026,guardian688@example.com,"Fee record for term 1"
STU0000689,Student 689,12,C,Senior,Lab,15000,0,15000,Waived,Cash,2026-07-13,2026-09-11,2025-2026,guardian689@example.com,"Fee record for term 2"
STU0000690,Student 690,8,D,Senior,Activity,30000,0,30000,Overdue,UPI,2026-05-27,2026-01-16,2025-2026,guardian690@example.com,"Fee record for term 2"
STU0000691,Student 691,4,C,Science,Library,15000,15000,0,Paid,NEFT,2026-04-12,2026-02-26,2025-2026,guardian691@example.com,"Fee record for term 3"
STU0000692,Student 692,10,B,Primary,Library,30000,30000,0,Paid,NEFT,2026-08-18,2026-05-10,2025-2026,guardian692@example.com,"Fee record for term 2"
STU0000693,Student 693,1,C,Secondary,Exam,25000,18750,6250,Partial,Cheque,2026-04-17,2026-03-10,2025-2026,guardian693@example.com,"Fee record for term 3"
STU0000694,Student 694,5,B,Pre-Primary,Exam,30000,0,30000,Waived,UPI,2026-01-23,2026-07-11,2025-2026,guardian694@example.com,"Fee record for term 3"
STU0000695,Student 695,10,A,Pre-Primary,Lab,12000,0,12000,Overdue,Cheque,2026-08-25,2026-03-14,2025-2026,guardian695@example.com,"Fee record for term 3"
STU0000696,Student 696,9,D,Senior,Hostel,22000,0,22000,Pending,Cash,2026-04-13,2026-08-21,2025-2026,guardian696@example.com,"Fee record for term 3"
STU0000697,Student 697,9,B,Commerce,Transport,12000,0,12000,Waived,Cheque,2026-01-12,2026-06-17,2025-2026,guardian697@example.com,"Fee record for term 2"
STU0000698,Student 698,1,D,Secondary,Tuition,15000,15000,0,Paid,Cash,2026-08-25,2026-04-23,2025-2026,guardian698@example.com,"Fee record for term 2"
STU0000699,Student 699,3,D,Arts,Exam,30000,0,30000,Pending,Cheque,2026-01-21,2026-09-16,2025-2026,guardian699@example.com,"Fee record for term 2"
STU0000700,Student 700,8,A,Primary,Lab,12000,0,12000,Pending,UPI,2026-09-26,2026-09-14,2025-2026,guardian700@example.com,"Fee record for term 3"
STU0000701,Student 701,11,C,Commerce,Tuition,30000,30000,0,Paid,NEFT,2026-07-28,2026-01-14,2025-2026,guardian701@example.com,"Fee record for term 2"
STU0000702,Student 702,2,D,Secondary,Library,22000,0,22000,Overdue,Card,2026-06-26,2026-07-14,2025-2026,guardian702@example.com,"Fee record for term 2"
STU0000703,Student 703,10,A,Pre-Primary,Tuition,18000,9000,9000,Partial,UPI,2026-02-22,2026-08-24,2025-2026,guardian703@example.com,"Fee record for term 1"
STU0000704,Student 704,6,A,Secondary,Library,25000,25000,0,Paid,Cash,2026-03-11,2026-05-24,2025-2026,guardian704@example.com,"Fee record for term 3"
STU0000705,Student 705,4,B,Pre-Primary,Hostel,18000,18000,0,Paid,NEFT,2026-08-22,2026-02-17,2025-2026,guardian705@example.com,"Fee record for term 1"
STU0000706,Student 706,6,D,Secondary,Tuition,18000,18000,0,Paid,NEFT,2026-04-12,2026-08-28,2025-2026,guardian706@example.com,"Fee record for term 2"
STU0000707,Student 707,2,A,Pre-Primary,Exam,25000,0,25000,Pending,Cheque,2026-09-13,2026-04-24,2025-2026,guardian707@example.com,"Fee record for term 2"
STU0000708,Student 708,6,A,Pre-Primary,Library,15000,0,15000,Waived,Cheque,2026-09-20,2026-02-20,2025-2026,guardian708@example.com,"Fee record for term 3"
STU0000709,Student 709,5,D,Commerce,Transport,12000,12000,0,Paid,Card,2026-06-11,2026-08-13,2025-2026,guardian709@example.com,"Fee record for term 2"
STU0000710,Student 710,3,C,Commerce,Library,25000,0,25000,Pending,Cheque,2026-09-18,2026-05-28,2025-2026,guardian710@example.com,"Fee record for term 3"
STU0000711,Student 711,12,B,Senior,Hostel,18000,0,18000,Overdue,NEFT,2026-04-15,2026-04-24,2025-2026,guardian711@example.com,"Fee record for term 1"
STU0000712,Student 712,7,C,Pre-Primary,Activity,15000,3750,11250,Partial,NEFT,2026-07-14,2026-06-11,2025-2026,guardian712@example.com,"Fee record for term 2"
STU0000713,Student 713,9,C,Science,Transport,30000,7500,22500,Partial,NEFT,2026-05-14,2026-03-21,2025-2026,guardian713@example.com,"Fee record for term 3"
STU0000714,Student 714,9,B,Secondary,Transport,22000,0,22000,Waived,UPI,2026-09-18,2026-01-23,2025-2026,guardian714@example.com,"Fee record for term 1"
STU0000715,Student 715,4,A,Arts,Hostel,12000,3000,9000,Partial,Card,2026-08-20,2026-04-19,2025-2026,guardian715@example.com,"Fee record for term 2"
STU0000716,Student 716,12,A,Commerce,Tuition,18000,18000,0,Paid,Cash,2026-03-28,2026-05-26,2025-2026,guardian716@example.com,"Fee record for term 1"
STU0000717,Student 717,7,B,Secondary,Exam,30000,0,30000,Waived,Card,2026-06-24,2026-01-19,2025-2026,guardian717@example.com,"Fee record for term 2"
STU0000718,Student 718,11,C,Arts,Library,12000,0,12000,Overdue,UPI,2026-02-16,2026-06-19,2025-2026,guardian718@example.com,"Fee record for term 2"
STU0000719,Student 719,2,B,Arts,Tuition,18000,0,18000,Waived,Cash,2026-07-21,2026-03-23,2025-2026,guardian719@example.com,"Fee record for term 2"
STU0000720,Student 720,11,B,Arts,Lab,18000,0,18000,Pending,Card,2026-09-19,2026-03-28,2025-2026,guardian720@example.com,"Fee record for term 1"
STU0000721,Student 721,1,B,Senior,Library,25000,0,25000,Pending,Card,2026-08-14,2026-09-23,2025-2026,guardian721@example.com,"Fee record for term 3"
STU0000722,Student 722,1,C,Arts,Tuition,22000,0,22000,Pending,Cash,2026-06-14,2026-01-11,2025-2026,guardian722@example.com,"Fee record for term 1"
STU0000723,Student 723,12,A,Commerce,Lab,15000,7500,7500,Partial,Cheque,2026-07-14,2026-09-19,2025-2026,guardian723@example.com,"Fee record for term 2"
STU0000724,Student 724,8,B,Pre-Primary,Exam,15000,0,15000,Pending,Cheque,2026-03-19,2026-07-14,2025-2026,guardian724@example.com,"Fee record for term 3"
STU0000725,Student 725,4,D,Senior,Activity,18000,0,18000,Waived,Cash,2026-09-20,2026-08-13,2025-2026,guardian725@example.com,"Fee record for term 3"
STU0000726,Student 726,2,C,Commerce,Tuition,25000,0,25000,Waived,Cheque,2026-06-20,2026-07-10,2025-2026,guardian726@example.com,"Fee record for term 3"
STU0000727,Student 727,3,D,Arts,Hostel,12000,12000,0,Paid,UPI,2026-01-14,2026-05-13,2025-2026,guardian727@example.com,"Fee record for term 2"
STU0000728,Student 728,3,D,Pre-Primary,Lab,18000,13500,4500,Partial,Cash,2026-06-19,2026-06-26,2025-2026,guardian728@example.com,"Fee record for term 1"
STU0000729,Student 729,6,D,Science,Activity,30000,7500,22500,Partial,UPI,2026-09-27,2026-06-24,2025-2026,guardian729@example.com,"Fee record for term 2"
STU0000730,Student 730,5,A,Science,Transport,15000,15000,0,Paid,NEFT,2026-01-11,2026-09-19,2025-2026,guardian730@example.com,"Fee record for term 3"
STU0000731,Student 731,7,A,Secondary,Transport,25000,0,25000,Pending,Cash,2026-03-24,2026-01-17,2025-2026,guardian731@example.com,"Fee record for term 1"
STU0000732,Student 732,12,B,Arts,Activity,15000,15000,0,Paid,Cheque,2026-07-27,2026-03-15,2025-2026,guardian732@example.com,"Fee record for term 3"
STU0000733,Student 733,7,D,Arts,Hostel,30000,0,30000,Waived,Cash,2026-04-20,2026-05-27,2025-2026,guardian733@example.com,"Fee record for term 3"
STU0000734,Student 734,6,D,Secondary,Lab,22000,22000,0,Paid,Card,2026-08-14,2026-09-20,2025-2026,guardian734@example.com,"Fee record for term 3"
STU0000735,Student 735,9,B,Primary,Hostel,12000,0,12000,Overdue,NEFT,2026-07-21,2026-01-25,2025-2026,guardian735@example.com,"Fee record for term 1"
STU0000736,Student 736,2,A,Commerce,Exam,12000,0,12000,Overdue,UPI,2026-04-18,2026-08-12,2025-2026,guardian736@example.com,"Fee record for term 2"
STU0000737,Student 737,8,C,Commerce,Library,25000,0,25000,Waived,Card,2026-06-25,2026-04-23,2025-2026,guardian737@example.com,"Fee record for term 1"
STU0000738,Student 738,9,C,Science,Transport,22000,22000,0,Paid,Card,2026-07-16,2026-04-17,2025-2026,guardian738@example.com,"Fee record for term 1"
STU0000739,Student 739,7,C,Senior,Tuition,15000,3750,11250,Partial,Cash,2026-09-23,2026-05-27,2025-2026,guardian739@example.com,"Fee record for term 2"
STU0000740,Student 740,10,B,Pre-Primary,Exam,25000,18750,6250,Partial,NEFT,2026-05-22,2026-01-13,2025-2026,guardian740@example.com,"Fee record for term 2"
STU0000741,Student 741,11,A,Arts,Lab,25000,6250,18750,Partial,NEFT,2026-03-17,2026-05-21,2025-2026,guardian741@example.com,"Fee record for term 3"
STU0000742,Student 742,2,C,Primary,Library,25000,0,25000,Waived,UPI,2026-06-22,2026-02-20,2025-2026,guardian742@example.com,"Fee record for term 2"
STU0000743,Student 743,3,B,Arts,Tuition,30000,15000,15000,Partial,Card,2026-02-24,2026-09-20,2025-2026,guardian743@example.com,"Fee record for term 1"
STU0000744,Student 744,1,C,Secondary,Exam,25000,25000,0,Paid,Card,2026-05-20,2026-05-27,2025-2026,guardian744@example.com,"Fee record for term 1"
STU0000745,Student 745,5,C,Primary,Library,12000,0,12000,Waived,Card,2026-07-28,2026-05-10,2025-2026,guardian745@example.com,"Fee record for term 2"
STU0000746,Student 746,5,C,Primary,Hostel,22000,22000,0,Paid,Cash,2026-01-17,2026-09-26,2025-2026,guardian746@example.com,"Fee record for term 3"
STU0000747,Student 747,10,C,Primary,Library,22000,22000,0,Paid,UPI,2026-06-13,2026-03-12,2025-2026,guardian747@example.com,"Fee record for term 3"
STU0000748,Student 748,4,B,Science,Library,22000,0,22000,Overdue,UPI,2026-09-20,2026-08-18,2025-2026,guardian748@example.com,"Fee record for term 2"
STU0000749,Student 749,10,B,Primary,Activity,25000,0,25000,Waived,Cash,2026-09-27,2026-01-14,2025-2026,guardian749@example.com,"Fee record for term 2"
STU0000750,Student 750,7,D,Arts,Library,18000,0,18000,Pending,UPI,2026-07-16,2026-01-12,2025-2026,guardian750@example.com,"Fee record for term 3"
STU0000751,Student 751,3,C,Pre-Primary,Activity,25000,0,25000,Pending,Card,2026-03-10,2026-01-21,2025-2026,guardian751@example.com,"Fee record for term 2"
STU0000752,Student 752,7,C,Secondary,Transport,12000,12000,0,Paid,Card,2026-02-24,2026-04-12,2025-2026,guardian752@example.com,"Fee record for term 3"
STU0000753,Student 753,2,B,Secondary,Tuition,30000,0,30000,Pending,NEFT,2026-02-20,2026-07-20,2025-2026,guardian753@example.com,"Fee record for term 2"
STU0000754,Student 754,8,B,Senior,Exam,15000,0,15000,Overdue,NEFT,2026-03-27,2026-02-13,2025-2026,guardian754@example.com,"Fee record for term 2"
STU0000755,Student 755,2,A,Science,Transport,25000,0,25000,Overdue,UPI,2026-03-12,2026-07-25,2025-2026,guardian755@example.com,"Fee record for term 2"
STU0000756,Student 756,10,D,Pre-Primary,Transport,22000,0,22000,Pending,NEFT,2026-05-27,2026-02-27,2025-2026,guardian756@example.com,"Fee record for term 1"
STU0000757,Student 757,10,B,Secondary,Exam,18000,4500,13500,Partial,NEFT,2026-09-25,2026-07-27,2025-2026,guardian757@example.com,"Fee record for term 3"
STU0000758,Student 758,4,C,Arts,Hostel,15000,0,15000,Pending,Cash,2026-02-19,2026-02-25,2025-2026,guardian758@example.com,"Fee record for term 1"
STU0000759,Student 759,11,D,Primary,Exam,30000,0,30000,Overdue,Cash,2026-01-26,2026-07-16,2025-2026,guardian759@example.com,"Fee record for term 1"
STU0000760,Student 760,4,C,Pre-Primary,Hostel,25000,0,25000,Pending,Cheque,2026-06-16,2026-09-18,2025-2026,guardian760@example.com,"Fee record for term 1"
STU0000761,Student 761,6,A,Primary,Lab,12000,0,12000,Pending,UPI,2026-01-13,2026-01-22,2025-2026,guardian761@example.com,"Fee record for term 3"
STU0000762,Student 762,6,A,Science,Lab,22000,0,22000,Overdue,Card,2026-08-14,2026-01-15,2025-2026,guardian762@example.com,"Fee record for term 3"
STU0000763,Student 763,6,C,Arts,Activity,30000,0,30000,Overdue,Card,2026-08-10,2026-05-20,2025-2026,guardian763@example.com,"Fee record for term 2"
STU0000764,Student 764,2,D,Arts,Activity,12000,12000,0,Paid,Cash,2026-09-23,2026-02-25,2025-2026,guardian764@example.com,"Fee record for term 1"
STU0000765,Student 765,7,A,Arts,Library,12000,3000,9000,Partial,Card,2026-04-22,2026-04-13,2025-2026,guardian765@example.com,"Fee record for term 3"
STU0000766,Student 766,1,D,Science,Activity,18000,0,18000,Waived,Card,2026-03-26,2026-01-12,2025-2026,guardian766@example.com,"Fee record for term 1"
STU0000767,Student 767,3,C,Senior,Exam,15000,0,15000,Pending,Cash,2026-06-23,2026-03-26,2025-2026,guardian767@example.com,"Fee record for term 2"
STU0000768,Student 768,1,B,Senior,Exam,15000,11250,3750,Partial,Cheque,2026-08-17,2026-05-11,2025-2026,guardian768@example.com,"Fee record for term 2"
STU0000769,Student 769,10,B,Pre-Primary,Library,30000,0,30000,Overdue,NEFT,2026-02-12,2026-02-13,2025-2026,guardian769@example.com,"Fee record for term 2"
STU0000770,Student 770,8,A,Arts,Lab,25000,25000,0,Paid,Cash,2026-01-16,2026-01-14,2025-2026,guardian770@example.com,"Fee record for term 3"
STU0000771,Student 771,10,D,Pre-Primary,Transport,25000,0,25000,Pending,UPI,2026-06-14,2026-06-24,2025-2026,guardian771@example.com,"Fee record for term 1"
STU0000772,Student 772,8,A,Arts,Hostel,22000,16500,5500,Partial,Cheque,2026-09-17,2026-08-19,2025-2026,guardian772@example.com,"Fee record for term 3"
STU0000773,Student 773,10,C,Science,Tuition,30000,0,30000,Waived,Card,2026-03-12,2026-02-17,2025-2026,guardian773@example.com,"Fee record for term 3"
STU0000774,Student 774,1,B,Pre-Primary,Transport,30000,0,30000,Pending,Cash,2026-09-18,2026-06-22,2025-2026,guardian774@example.com,"Fee record for term 1"
STU0000775,Student 775,5,B,Arts,Hostel,22000,22000,0,Paid,Cheque,2026-07-18,2026-06-20,2025-2026,guardian775@example.com,"Fee record for term 2"
STU0000776,Student 776,9,C,Science,Library,15000,15000,0,Paid,NEFT,2026-01-17,2026-02-25,2025-2026,guardian776@example.com,"Fee record for term 2"
STU0000777,Student 777,8,B,Primary,Library,30000,0,30000,Pending,NEFT,2026-09-13,2026-01-20,2025-2026,guardian777@example.com,"Fee record for term 1"
STU0000778,Student 778,11,B,Science,Library,25000,0,25000,Waived,Card,2026-07-26,2026-02-10,2025-2026,guardian778@example.com,"Fee record for term 1"
STU0000779,Student 779,2,B,Pre-Primary,Hostel,25000,6250,18750,Partial,Cash,2026-04-28,2026-07-18,2025-2026,guardian779@example.com,"Fee record for term 1"
STU0000780,Student 780,10,A,Science,Exam,18000,0,18000,Overdue,Cheque,2026-05-22,2026-07-13,2025-2026,guardian780@example.com,"Fee record for term 2"
STU0000781,Student 781,3,B,Arts,Hostel,25000,0,25000,Pending,Cheque,2026-03-26,2026-04-25,2025-2026,guardian781@example.com,"Fee record for term 3"
STU0000782,Student 782,4,B,Secondary,Exam,15000,0,15000,Pending,Cash,2026-08-21,2026-06-12,2025-2026,guardian782@example.com,"Fee record for term 1"
STU0000783,Student 783,9,A,Primary,Lab,12000,0,12000,Waived,Cash,2026-02-13,2026-06-17,2025-2026,guardian783@example.com,"Fee record for term 3"
STU0000784,Student 784,6,C,Science,Exam,22000,0,22000,Waived,Card,2026-07-27,2026-09-15,2025-2026,guardian784@example.com,"Fee record for term 3"
STU0000785,Student 785,5,B,Secondary,Transport,25000,25000,0,Paid,Card,2026-07-24,2026-04-23,2025-2026,guardian785@example.com,"Fee record for term 2"
STU0000786,Student 786,8,D,Pre-Primary,Lab,15000,15000,0,Paid,UPI,2026-05-23,2026-05-25,2025-2026,guardian786@example.com,"Fee record for term 3"
STU0000787,Student 787,8,C,Commerce,Tuition,12000,0,12000,Overdue,NEFT,2026-03-27,2026-05-19,2025-2026,guardian787@example.com,"Fee record for term 1"
STU0000788,Student 788,2,A,Secondary,Exam,22000,0,22000,Overdue,NEFT,2026-06-25,2026-09-18,2025-2026,guardian788@example.com,"Fee record for term 3"
STU0000789,Student 789,10,B,Pre-Primary,Tuition,18000,0,18000,Overdue,Card,2026-02-21,2026-05-14,2025-2026,guardian789@example.com,"Fee record for term 2"
STU0000790,Student 790,7,D,Commerce,Activity,18000,13500,4500,Partial,Cash,2026-03-14,2026-04-21,2025-2026,guardian790@example.com,"Fee record for term 1"
STU0000791,Student 791,3,D,Commerce,Library,22000,11000,11000,Partial,Card,2026-01-28,2026-04-20,2025-2026,guardian791@example.com,"Fee record for term 3"
STU0000792,Student 792,9,A,Science,Hostel,12000,0,12000,Pending,UPI,2026-07-25,2026-05-22,2025-2026,guardian792@example.com,"Fee record for term 3"
STU0000793,Student 793,5,B,Secondary,Exam,18000,0,18000,Pending,UPI,2026-03-25,2026-09-13,2025-2026,guardian793@example.com,"Fee record for term 1"
STU0000794,Student 794,7,C,Arts,Tuition,22000,22000,0,Paid,Cash,2026-02-21,2026-08-17,2025-2026,guardian794@example.com,"Fee record for term 2"
STU0000795,Student 795,6,C,Arts,Transport,12000,0,12000,Overdue,NEFT,2026-03-11,2026-03-16,2025-2026,guardian795@example.com,"Fee record for term 3"
STU0000796,Student 796,3,B,Pre-Primary,Hostel,22000,0,22000,Waived,NEFT,2026-01-13,2026-07-18,2025-2026,guardian796@example.com,"Fee record for term 3"
STU0000797,Student 797,9,C,Arts,Tuition,30000,0,30000,Pending,UPI,2026-01-18,2026-03-17,2025-2026,guardian797@example.com,"Fee record for term 3"
STU0000798,Student 798,9,D,Secondary,Exam,15000,0,15000,Waived,Cash,2026-03-16,2026-09-21,2025-2026,guardian798@example.com,"Fee record for term 2"
STU0000799,Student 799,6,D,Primary,Transport,18000,18000,0,Paid,NEFT,2026-05-24,2026-03-18,2025-2026,guardian799@example.com,"Fee record for term 3"
STU0000800,Student 800,4,B,Arts,Exam,12000,0,12000,Pending,Cheque,2026-02-20,2026-08-20,2025-2026,guardian800@example.com,"Fee record for term 3"
STU0000801,Student 801,3,B,Senior,Exam,22000,0,22000,Pending,Cash,2026-08-13,2026-02-12,2025-2026,guardian801@example.com,"Fee record for term 2"
STU0000802,Student 802,12,A,Secondary,Transport,15000,0,15000,Pending,Cash,2026-06-12,2026-02-22,2025-2026,guardian802@example.com,"Fee record for term 3"
STU0000803,Student 803,12,A,Arts,Library,18000,18000,0,Paid,Cheque,2026-09-26,2026-02-25,2025-2026,guardian803@example.com,"Fee record for term 3"
STU0000804,Student 804,6,A,Arts,Hostel,30000,0,30000,Overdue,Cash,2026-02-22,2026-02-20,2025-2026,guardian804@example.com,"Fee record for term 1"
STU0000805,Student 805,11,A,Senior,Activity,15000,11250,3750,Partial,UPI,2026-02-25,2026-04-25,2025-2026,guardian805@example.com,"Fee record for term 1"
STU0000806,Student 806,12,B,Primary,Library,15000,0,15000,Pending,Cheque,2026-01-10,2026-02-15,2025-2026,guardian806@example.com,"Fee record for term 2"
STU0000807,Student 807,2,A,Arts,Hostel,25000,6250,18750,Partial,Cheque,2026-09-10,2026-03-16,2025-2026,guardian807@example.com,"Fee record for term 3"
STU0000808,Student 808,9,A,Primary,Tuition,22000,0,22000,Waived,Cheque,2026-03-11,2026-02-13,2025-2026,guardian808@example.com,"Fee record for term 2"
STU0000809,Student 809,9,D,Senior,Exam,18000,0,18000,Overdue,Cash,2026-04-12,2026-08-11,2025-2026,guardian809@example.com,"Fee record for term 2"
STU0000810,Student 810,8,D,Commerce,Lab,30000,0,30000,Overdue,NEFT,2026-03-11,2026-06-28,2025-2026,guardian810@example.com,"Fee record for term 2"
STU0000811,Student 811,1,C,Senior,Library,12000,0,12000,Pending,Card,2026-08-24,2026-02-19,2025-2026,guardian811@example.com,"Fee record for term 1"
STU0000812,Student 812,9,A,Commerce,Activity,18000,0,18000,Pending,Cheque,2026-07-25,2026-04-21,2025-2026,guardian812@example.com,"Fee record for term 2"
STU0000813,Student 813,5,C,Secondary,Hostel,18000,0,18000,Pending,Cash,2026-01-10,2026-05-20,2025-2026,guardian813@example.com,"Fee record for term 3"
STU0000814,Student 814,5,B,Pre-Primary,Hostel,22000,16500,5500,Partial,Cheque,2026-02-24,2026-02-13,2025-2026,guardian814@example.com,"Fee record for term 1"
STU0000815,Student 815,5,D,Pre-Primary,Library,25000,6250,18750,Partial,NEFT,2026-08-10,2026-09-21,2025-2026,guardian815@example.com,"Fee record for term 2"
STU0000816,Student 816,1,D,Pre-Primary,Tuition,12000,0,12000,Overdue,UPI,2026-06-16,2026-02-10,2025-2026,guardian816@example.com,"Fee record for term 3"
STU0000817,Student 817,6,B,Arts,Transport,25000,0,25000,Overdue,Cash,2026-07-10,2026-06-22,2025-2026,guardian817@example.com,"Fee record for term 3"
STU0000818,Student 818,9,A,Primary,Exam,12000,0,12000,Waived,NEFT,2026-09-10,2026-03-11,2025-2026,guardian818@example.com,"Fee record for term 2"
STU0000819,Student 819,9,B,Secondary,Lab,12000,12000,0,Paid,Cash,2026-05-24,2026-07-20,2025-2026,guardian819@example.com,"Fee record for term 3"
STU0000820,Student 820,10,C,Primary,Tuition,15000,0,15000,Pending,Cash,2026-09-24,2026-02-28,2025-2026,guardian820@example.com,"Fee record for term 2"
STU0000821,Student 821,8,A,Science,Activity,15000,3750,11250,Partial,Cheque,2026-03-13,2026-02-28,2025-2026,guardian821@example.com,"Fee record for term 3"
STU0000822,Student 822,2,C,Science,Transport,22000,11000,11000,Partial,Card,2026-03-25,2026-09-20,2025-2026,guardian822@example.com,"Fee record for term 2"
STU0000823,Student 823,4,D,Commerce,Hostel,30000,22500,7500,Partial,NEFT,2026-05-27,2026-04-15,2025-2026,guardian823@example.com,"Fee record for term 1"
STU0000824,Student 824,6,D,Primary,Activity,18000,0,18000,Overdue,UPI,2026-08-11,2026-05-19,2025-2026,guardian824@example.com,"Fee record for term 1"
STU0000825,Student 825,8,B,Arts,Activity,12000,12000,0,Paid,UPI,2026-01-23,2026-08-16,2025-2026,guardian825@example.com,"Fee record for term 3"
STU0000826,Student 826,2,D,Secondary,Lab,25000,0,25000,Pending,UPI,2026-05-13,2026-09-24,2025-2026,guardian826@example.com,"Fee record for term 2"
STU0000827,Student 827,9,A,Science,Hostel,15000,0,15000,Overdue,NEFT,2026-01-18,2026-09-12,2025-2026,guardian827@example.com,"Fee record for term 3"
STU0000828,Student 828,8,B,Senior,Exam,18000,0,18000,Pending,Cash,2026-03-18,2026-05-27,2025-2026,guardian828@example.com,"Fee record for term 1"
STU0000829,Student 829,7,C,Senior,Library,18000,18000,0,Paid,Cash,2026-05-25,2026-07-27,2025-2026,guardian829@example.com,"Fee record for term 3"
STU0000830,Student 830,1,C,Primary,Lab,22000,22000,0,Paid,Cheque,2026-09-11,2026-08-18,2025-2026,guardian830@example.com,"Fee record for term 1"
STU0000831,Student 831,6,A,Commerce,Lab,30000,30000,0,Paid,UPI,2026-05-26,2026-04-13,2025-2026,guardian831@example.com,"Fee record for term 1"
STU0000832,Student 832,9,A,Pre-Primary,Activity,18000,4500,13500,Partial,Cheque,2026-06-18,2026-01-17,2025-2026,guardian832@example.com,"Fee record for term 1"
STU0000833,Student 833,7,D,Senior,Library,30000,0,30000,Pending,UPI,2026-09-21,2026-09-20,2025-2026,guardian833@example.com,"Fee record for term 1"
STU0000834,Student 834,11,A,Pre-Primary,Tuition,12000,0,12000,Waived,Cheque,2026-06-26,2026-08-10,2025-2026,guardian834@example.com,"Fee record for term 1"
STU0000835,Student 835,1,C,Commerce,Library,25000,0,25000,Pending,Card,2026-03-14,2026-06-14,2025-2026,guardian835@example.com,"Fee record for term 2"
STU0000836,Student 836,9,D,Arts,Activity,30000,0,30000,Pending,Card,2026-03-20,2026-02-20,2025-2026,guardian836@example.com,"Fee record for term 2"
STU0000837,Student 837,5,D,Commerce,Tuition,30000,0,30000,Pending,Cash,2026-01-24,2026-06-12,2025-2026,guardian837@example.com,"Fee record for term 3"
STU0000838,Student 838,6,A,Commerce,Transport,15000,7500,7500,Partial,NEFT,2026-09-24,2026-09-18,2025-2026,guardian838@example.com,"Fee record for term 3"
STU0000839,Student 839,3,B,Secondary,Library,25000,0,25000,Overdue,Card,2026-02-22,2026-07-11,2025-2026,guardian839@example.com,"Fee record for term 1"
STU0000840,Student 840,12,A,Science,Library,22000,0,22000,Pending,Cheque,2026-05-26,2026-07-13,2025-2026,guardian840@example.com,"Fee record for term 2"
STU0000841,Student 841,6,D,Arts,Library,22000,0,22000,Overdue,UPI,2026-01-26,2026-04-14,2025-2026,guardian841@example.com,"Fee record for term 3"
STU0000842,Student 842,12,C,Primary,Hostel,18000,0,18000,Pending,UPI,2026-03-19,2026-07-16,2025-2026,guardian842@example.com,"Fee record for term 2"
STU0000843,Student 843,2,C,Science,Exam,25000,0,25000,Waived,NEFT,2026-06-19,2026-04-24,2025-2026,guardian843@example.com,"Fee record for term 3"
STU0000844,Student 844,10,D,Pre-Primary,Tuition,25000,18750,6250,Partial,UPI,2026-02-25,2026-03-21,2025-2026,guardian844@example.com,"Fee record for term 1"
STU0000845,Student 845,11,C,Secondary,Activity,25000,0,25000,Pending,Cheque,2026-04-15,2026-08-14,2025-2026,guardian845@example.com,"Fee record for term 3"
STU0000846,Student 846,5,A,Arts,Tuition,30000,0,30000,Waived,NEFT,2026-07-27,2026-08-12,2025-2026,guardian846@example.com,"Fee record for term 2"
STU0000847,Student 847,11,A,Primary,Exam,22000,5500,16500,Partial,Cash,2026-06-19,2026-06-26,2025-2026,guardian847@example.com,"Fee record for term 2"
STU0000848,Student 848,3,A,Science,Library,12000,0,12000,Pending,Cheque,2026-06-24,2026-03-23,2025-2026,guardian848@example.com,"Fee record for term 1"
STU0000849,Student 849,6,C,Commerce,Hostel,15000,0,15000,Pending,Card,2026-06-23,2026-03-23,2025-2026,guardian849@example.com,"Fee record for term 3"
STU0000850,Student 850,8,C,Secondary,Tuition,15000,0,15000,Waived,UPI,2026-07-28,2026-05-28,2025-2026,guardian850@example.com,"Fee record for term 3"
STU0000851,Student 851,2,B,Arts,Lab,18000,18000,0,Paid,Cheque,2026-09-20,2026-01-12,2025-2026,guardian851@example.com,"Fee record for term 1"
STU0000852,Student 852,11,B,Pre-Primary,Transport,22000,0,22000,Waived,Card,2026-05-16,2026-01-17,2025-2026,guardian852@example.com,"Fee record for term 1"
STU0000853,Student 853,1,A,Science,Library,30000,0,30000,Pending,NEFT,2026-06-13,2026-09-25,2025-2026,guardian853@example.com,"Fee record for term 2"
STU0000854,Student 854,1,D,Science,Library,22000,0,22000,Waived,Card,2026-01-22,2026-06-11,2025-2026,guardian854@example.com,"Fee record for term 2"
STU0000855,Student 855,10,A,Commerce,Lab,15000,0,15000,Overdue,Cheque,2026-09-11,2026-03-15,2025-2026,guardian855@example.com,"Fee record for term 3"
STU0000856,Student 856,7,A,Arts,Transport,25000,25000,0,Paid,Cheque,2026-02-27,2026-07-26,2025-2026,guardian856@example.com,"Fee record for term 1"
STU0000857,Student 857,8,A,Secondary,Activity,12000,0,12000,Overdue,NEFT,2026-02-16,2026-02-22,2025-2026,guardian857@example.com,"Fee record for term 1"
STU0000858,Student 858,8,B,Primary,Lab,25000,0,25000,Waived,NEFT,2026-03-22,2026-08-12,2025-2026,guardian858@example.com,"Fee record for term 3"
STU0000859,Student 859,5,D,Science,Tuition,22000,0,22000,Waived,NEFT,2026-06-26,2026-09-17,2025-2026,guardian859@example.com,"Fee record for term 2"
STU0000860,Student 860,2,B,Senior,Library,22000,22000,0,Paid,Cash,2026-08-28,2026-08-22,2025-2026,guardian860@example.com,"Fee record for term 2"
STU0000861,Student 861,10,B,Primary,Tuition,22000,0,22000,Waived,Cheque,2026-08-13,2026-09-14,2025-2026,guardian861@example.com,"Fee record for term 1"
STU0000862,Student 862,4,A,Secondary,Hostel,12000,0,12000,Waived,NEFT,2026-01-27,2026-06-26,2025-2026,guardian862@example.com,"Fee record for term 1"
STU0000863,Student 863,8,B,Pre-Primary,Transport,25000,0,25000,Overdue,Cash,2026-08-12,2026-09-25,2025-2026,guardian863@example.com,"Fee record for term 2"
STU0000864,Student 864,10,A,Commerce,Library,18000,18000,0,Paid,Card,2026-03-21,2026-08-16,2025-2026,guardian864@example.com,"Fee record for term 2"
STU0000865,Student 865,3,B,Senior,Library,15000,0,15000,Overdue,Card,2026-04-24,2026-07-19,2025-2026,guardian865@example.com,"Fee record for term 2"
STU0000866,Student 866,7,D,Secondary,Exam,22000,22000,0,Paid,NEFT,2026-08-21,2026-08-10,2025-2026,guardian866@example.com,"Fee record for term 1"
STU0000867,Student 867,5,B,Secondary,Tuition,18000,13500,4500,Partial,Cash,2026-04-21,2026-03-12,2025-2026,guardian867@example.com,"Fee record for term 3"
STU0000868,Student 868,11,C,Commerce,Hostel,15000,15000,0,Paid,Cheque,2026-05-16,2026-08-27,2025-2026,guardian868@example.com,"Fee record for term 1"
STU0000869,Student 869,2,A,Science,Library,25000,25000,0,Paid,Cash,2026-09-24,2026-05-27,2025-2026,guardian869@example.com,"Fee record for term 3"
STU0000870,Student 870,10,B,Pre-Primary,Transport,25000,0,25000,Pending,Cash,2026-03-12,2026-09-23,2025-2026,guardian870@example.com,"Fee record for term 1"
STU0000871,Student 871,9,A,Arts,Library,18000,0,18000,Overdue,UPI,2026-02-22,2026-05-25,2025-2026,guardian871@example.com,"Fee record for term 1"
STU0000872,Student 872,3,D,Arts,Activity,25000,0,25000,Pending,Cheque,2026-01-20,2026-06-27,2025-2026,guardian872@example.com,"Fee record for term 1"
STU0000873,Student 873,2,A,Science,Activity,15000,0,15000,Pending,Cash,2026-03-16,2026-05-10,2025-2026,guardian873@example.com,"Fee record for term 3"
STU0000874,Student 874,6,C,Primary,Library,12000,0,12000,Pending,NEFT,2026-03-21,2026-08-13,2025-2026,guardian874@example.com,"Fee record for term 2"
STU0000875,Student 875,3,D,Primary,Transport,25000,25000,0,Paid,Card,2026-09-15,2026-03-16,2025-2026,guardian875@example.com,"Fee record for term 2"
STU0000876,Student 876,12,B,Senior,Library,12000,0,12000,Pending,Cash,2026-06-12,2026-06-28,2025-2026,guardian876@example.com,"Fee record for term 2"
STU0000877,Student 877,9,C,Science,Transport,12000,6000,6000,Partial,NEFT,2026-05-14,2026-04-19,2025-2026,guardian877@example.com,"Fee record for term 1"
STU0000878,Student 878,5,A,Senior,Tuition,15000,0,15000,Waived,NEFT,2026-09-25,2026-09-12,2025-2026,guardian878@example.com,"Fee record for term 3"
STU0000879,Student 879,12,C,Pre-Primary,Transport,15000,11250,3750,Partial,Cheque,2026-04-24,2026-06-10,2025-2026,guardian879@example.com,"Fee record for term 3"
STU0000880,Student 880,1,A,Science,Library,18000,13500,4500,Partial,NEFT,2026-08-19,2026-09-27,2025-2026,guardian880@example.com,"Fee record for term 3"
STU0000881,Student 881,3,D,Secondary,Hostel,22000,22000,0,Paid,UPI,2026-02-22,2026-01-12,2025-2026,guardian881@example.com,"Fee record for term 2"
STU0000882,Student 882,9,B,Pre-Primary,Exam,15000,15000,0,Paid,UPI,2026-03-26,2026-07-25,2025-2026,guardian882@example.com,"Fee record for term 3"
STU0000883,Student 883,4,C,Pre-Primary,Activity,25000,0,25000,Waived,Cheque,2026-06-18,2026-02-26,2025-2026,guardian883@example.com,"Fee record for term 3"
STU0000884,Student 884,11,A,Pre-Primary,Hostel,25000,0,25000,Pending,NEFT,2026-04-21,2026-08-11,2025-2026,guardian884@example.com,"Fee record for term 1"
STU0000885,Student 885,3,A,Senior,Activity,18000,9000,9000,Partial,Card,2026-07-14,2026-05-26,2025-2026,guardian885@example.com,"Fee record for term 2"
STU0000886,Student 886,8,C,Science,Tuition,18000,0,18000,Waived,Cash,2026-02-10,2026-05-23,2025-2026,guardian886@example.com,"Fee record for term 1"
STU0000887,Student 887,9,B,Arts,Lab,12000,0,12000,Pending,UPI,2026-09-12,2026-01-12,2025-2026,guardian887@example.com,"Fee record for term 3"
STU0000888,Student 888,3,C,Arts,Lab,15000,3750,11250,Partial,NEFT,2026-03-14,2026-02-17,2025-2026,guardian888@example.com,"Fee record for term 2"
STU0000889,Student 889,9,A,Primary,Exam,12000,12000,0,Paid,Cheque,2026-05-14,2026-06-20,2025-2026,guardian889@example.com,"Fee record for term 3"
STU0000890,Student 890,10,D,Commerce,Library,25000,25000,0,Paid,UPI,2026-05-19,2026-07-20,2025-2026,guardian890@example.com,"Fee record for term 3"
STU0000891,Student 891,3,A,Senior,Library,30000,30000,0,Paid,UPI,2026-06-12,2026-02-25,2025-2026,guardian891@example.com,"Fee record for term 2"
STU0000892,Student 892,7,C,Pre-Primary,Transport,25000,0,25000,Waived,Card,2026-08-19,2026-05-18,2025-2026,guardian892@example.com,"Fee record for term 1"
STU0000893,Student 893,9,A,Secondary,Transport,30000,30000,0,Paid,UPI,2026-01-27,2026-06-19,2025-2026,guardian893@example.com,"Fee record for term 2"
STU0000894,Student 894,4,B,Commerce,Tuition,22000,22000,0,Paid,Card,2026-05-25,2026-03-13,2025-2026,guardian894@example.com,"Fee record for term 3"
STU0000895,Student 895,3,A,Science,Tuition,18000,18000,0,Paid,Card,2026-01-25,2026-04-19,2025-2026,guardian895@example.com,"Fee record for term 1"
STU0000896,Student 896,8,A,Primary,Hostel,22000,22000,0,Paid,Cheque,2026-03-11,2026-02-23,2025-2026,guardian896@example.com,"Fee record for term 3"
STU0000897,Student 897,8,B,Pre-Primary,Exam,15000,11250,3750,Partial,Cheque,2026-07-15,2026-01-20,2025-2026,guardian897@example.com,"Fee record for term 3"
STU0000898,Student 898,10,D,Science,Activity,25000,0,25000,Pending,Card,2026-09-18,2026-05-16,2025-2026,guardian898@example.com,"Fee record for term 3"
STU0000899,Student 899,1,D,Commerce,Lab,15000,0,15000,Overdue,Cheque,2026-04-26,2026-09-28,2025-2026,guardian899@example.com,"Fee record for term 3"
STU0000900,Student 900,8,D,Primary,Library,25000,25000,0,Paid,Cash,2026-01-23,2026-02-18,2025-2026,guardian900@example.com,"Fee record for term 2"
STU0000901,Student 901,4,D,Senior,Exam,18000,9000,9000,Partial,Cheque,2026-05-21,2026-09-26,2025-2026,guardian901@example.com,"Fee record for term 2"
STU0000902,Student 902,9,A,Arts,Activity,15000,7500,7500,Partial,UPI,2026-03-25,2026-07-24,2025-2026,guardian902@example.com,"Fee record for term 2"
STU0000903,Student 903,12,D,Pre-Primary,Library,18000,0,18000,Overdue,UPI,2026-03-21,2026-03-10,2025-2026,guardian903@example.com,"Fee record for term 1"
STU0000904,Student 904,3,D,Pre-Primary,Transport,15000,7500,7500,Partial,NEFT,2026-04-17,2026-06-10,2025-2026,guardian904@example.com,"Fee record for term 2"
STU0000905,Student 905,4,C,Senior,Transport,18000,18000,0,Paid,NEFT,2026-03-10,2026-01-27,2025-2026,guardian905@example.com,"Fee record for term 1"
STU0000906,Student 906,5,D,Science,Lab,12000,12000,0,Paid,Cheque,2026-02-17,2026-03-15,2025-2026,guardian906@example.com,"Fee record for term 1"
STU0000907,Student 907,1,A,Secondary,Transport,15000,15000,0,Paid,Cheque,2026-01-12,2026-05-14,2025-2026,guardian907@example.com,"Fee record for term 1"
STU0000908,Student 908,2,D,Commerce,Activity,15000,0,15000,Pending,UPI,2026-02-10,2026-09-19,2025-2026,guardian908@example.com,"Fee record for term 2"
STU0000909,Student 909,1,A,Commerce,Lab,30000,30000,0,Paid,Cheque,2026-09-16,2026-07-18,2025-2026,guardian909@example.com,"Fee record for term 3"
STU0000910,Student 910,3,B,Science,Activity,15000,15000,0,Paid,Cash,2026-08-18,2026-03-27,2025-2026,guardian910@example.com,"Fee record for term 3"
STU0000911,Student 911,4,C,Primary,Exam,30000,30000,0,Paid,UPI,2026-08-10,2026-03-28,2025-2026,guardian911@example.com,"Fee record for term 2"
STU0000912,Student 912,11,D,Science,Lab,25000,0,25000,Pending,Card,2026-08-25,2026-01-16,2025-2026,guardian912@example.com,"Fee record for term 3"
STU0000913,Student 913,4,C,Arts,Exam,22000,0,22000,Overdue,Cash,2026-04-19,2026-04-24,2025-2026,guardian913@example.com,"Fee record for term 1"
STU0000914,Student 914,2,B,Science,Tuition,25000,0,25000,Pending,NEFT,2026-08-15,2026-08-12,2025-2026,guardian914@example.com,"Fee record for term 2"
STU0000915,Student 915,10,B,Pre-Primary,Activity,12000,12000,0,Paid,UPI,2026-03-27,2026-03-14,2025-2026,guardian915@example.com,"Fee record for term 3"
STU0000916,Student 916,3,B,Primary,Hostel,25000,0,25000,Waived,Card,2026-05-25,2026-05-22,2025-2026,guardian916@example.com,"Fee record for term 1"
STU0000917,Student 917,1,C,Commerce,Tuition,18000,18000,0,Paid,UPI,2026-07-12,2026-02-26,2025-2026,guardian917@example.com,"Fee record for term 3"
STU0000918,Student 918,6,B,Arts,Transport,12000,0,12000,Waived,Cheque,2026-04-23,2026-03-21,2025-2026,guardian918@example.com,"Fee record for term 3"
STU0000919,Student 919,7,A,Primary,Exam,15000,0,15000,Overdue,Cash,2026-01-13,2026-03-15,2025-2026,guardian919@example.com,"Fee record for term 1"
STU0000920,Student 920,9,C,Commerce,Transport,18000,0,18000,Waived,Cash,2026-09-13,2026-04-16,2025-2026,guardian920@example.com,"Fee record for term 2"
STU0000921,Student 921,10,D,Science,Hostel,12000,12000,0,Paid,Cash,2026-03-12,2026-02-28,2025-2026,guardian921@example.com,"Fee record for term 3"
STU0000922,Student 922,7,A,Secondary,Library,25000,25000,0,Paid,Card,2026-06-18,2026-01-24,2025-2026,guardian922@example.com,"Fee record for term 2"
STU0000923,Student 923,5,D,Primary,Library,30000,0,30000,Overdue,NEFT,2026-02-23,2026-03-13,2025-2026,guardian923@example.com,"Fee record for term 2"
STU0000924,Student 924,5,D,Science,Tuition,25000,0,25000,Waived,NEFT,2026-01-16,2026-04-17,2025-2026,guardian924@example.com,"Fee record for term 1"
STU0000925,Student 925,3,C,Senior,Lab,25000,0,25000,Pending,Cash,2026-01-12,2026-02-21,2025-2026,guardian925@example.com,"Fee record for term 3"
STU0000926,Student 926,8,A,Primary,Transport,12000,0,12000,Waived,UPI,2026-06-14,2026-01-12,2025-2026,guardian926@example.com,"Fee record for term 1"
STU0000927,Student 927,10,D,Secondary,Library,25000,0,25000,Overdue,UPI,2026-04-18,2026-03-20,2025-2026,guardian927@example.com,"Fee record for term 3"
STU0000928,Student 928,8,A,Secondary,Tuition,22000,0,22000,Overdue,Card,2026-05-15,2026-08-21,2025-2026,guardian928@example.com,"Fee record for term 3"
STU0000929,Student 929,12,D,Pre-Primary,Transport,22000,0,22000,Waived,Cash,2026-05-16,2026-01-22,2025-2026,guardian929@example.com,"Fee record for term 3"
STU0000930,Student 930,12,B,Arts,Library,18000,9000,9000,Partial,UPI,2026-07-26,2026-03-26,2025-2026,guardian930@example.com,"Fee record for term 3"
STU0000931,Student 931,8,C,Arts,Activity,18000,0,18000,Pending,NEFT,2026-06-11,2026-09-16,2025-2026,guardian931@example.com,"Fee record for term 1"
STU0000932,Student 932,11,A,Primary,Transport,25000,0,25000,Overdue,NEFT,2026-03-23,2026-06-11,2025-2026,guardian932@example.com,"Fee record for term 3"
STU0000933,Student 933,10,B,Secondary,Lab,18000,0,18000,Pending,UPI,2026-01-27,2026-02-25,2025-2026,guardian933@example.com,"Fee record for term 2"
STU0000934,Student 934,12,C,Pre-Primary,Library,18000,18000,0,Paid,NEFT,2026-06-16,2026-06-15,2025-2026,guardian934@example.com,"Fee record for term 1"
STU0000935,Student 935,6,D,Arts,Tuition,18000,0,18000,Overdue,NEFT,2026-04-10,2026-08-13,2025-2026,guardian935@example.com,"Fee record for term 2"
STU0000936,Student 936,12,D,Commerce,Exam,30000,0,30000,Waived,Cash,2026-02-21,2026-09-15,2025-2026,guardian936@example.com,"Fee record for term 3"
STU0000937,Student 937,4,C,Pre-Primary,Hostel,12000,0,12000,Overdue,Cheque,2026-03-18,2026-06-20,2025-2026,guardian937@example.com,"Fee record for term 3"
STU0000938,Student 938,4,A,Senior,Lab,18000,18000,0,Paid,UPI,2026-02-16,2026-04-11,2025-2026,guardian938@example.com,"Fee record for term 2"
STU0000939,Student 939,3,A,Pre-Primary,Transport,22000,0,22000,Pending,NEFT,2026-03-13,2026-05-14,2025-2026,guardian939@example.com,"Fee record for term 1"
STU0000940,Student 940,1,B,Pre-Primary,Transport,30000,0,30000,Overdue,UPI,2026-04-19,2026-08-26,2025-2026,guardian940@example.com,"Fee record for term 1"
STU0000941,Student 941,6,A,Primary,Exam,25000,25000,0,Paid,Cash,2026-03-15,2026-07-10,2025-2026,guardian941@example.com,"Fee record for term 1"
STU0000942,Student 942,10,D,Arts,Hostel,30000,7500,22500,Partial,UPI,2026-02-18,2026-06-12,2025-2026,guardian942@example.com,"Fee record for term 3"
STU0000943,Student 943,11,B,Science,Tuition,30000,30000,0,Paid,Card,2026-06-17,2026-03-12,2025-2026,guardian943@example.com,"Fee record for term 3"
STU0000944,Student 944,8,A,Primary,Library,30000,15000,15000,Partial,Cash,2026-05-24,2026-05-20,2025-2026,guardian944@example.com,"Fee record for term 2"
STU0000945,Student 945,7,C,Pre-Primary,Lab,25000,0,25000,Waived,NEFT,2026-04-21,2026-06-11,2025-2026,guardian945@example.com,"Fee record for term 2"
STU0000946,Student 946,4,A,Secondary,Lab,18000,0,18000,Pending,UPI,2026-03-20,2026-08-12,2025-2026,guardian946@example.com,"Fee record for term 3"
STU0000947,Student 947,12,B,Pre-Primary,Transport,30000,22500,7500,Partial,NEFT,2026-05-22,2026-09-14,2025-2026,guardian947@example.com,"Fee record for term 3"
STU0000948,Student 948,1,A,Pre-Primary,Activity,25000,6250,18750,Partial,NEFT,2026-01-14,2026-03-10,2025-2026,guardian948@example.com,"Fee record for term 1"
STU0000949,Student 949,3,B,Commerce,Exam,25000,18750,6250,Partial,Cash,2026-08-11,2026-08-12,2025-2026,guardian949@example.com,"Fee record for term 2"
STU0000950,Student 950,9,C,Commerce,Transport,30000,0,30000,Waived,Cheque,2026-07-13,2026-03-13,2025-2026,guardian950@example.com,"Fee record for term 2"
STU0000951,Student 951,12,D,Primary,Library,18000,0,18000,Overdue,Cheque,2026-01-20,2026-09-28,2025-2026,guardian951@example.com,"Fee record for term 1"
STU0000952,Student 952,10,C,Pre-Primary,Hostel,30000,22500,7500,Partial,Cash,2026-06-15,2026-09-25,2025-2026,guardian952@example.com,"Fee record for term 2"
STU0000953,Student 953,7,D,Secondary,Hostel,18000,9000,9000,Partial,Cheque,2026-09-13,2026-03-23,2025-2026,guardian953@example.com,"Fee record for term 1"
STU0000954,Student 954,11,A,Senior,Transport,18000,0,18000,Overdue,Card,2026-08-20,2026-01-12,2025-2026,guardian954@example.com,"Fee record for term 1"
STU0000955,Student 955,3,B,Secondary,Exam,30000,22500,7500,Partial,Cheque,2026-05-28,2026-06-20,2025-2026,guardian955@example.com,"Fee record for term 3"
STU0000956,Student 956,11,A,Pre-Primary,Lab,15000,11250,3750,Partial,NEFT,2026-09-19,2026-07-21,2025-2026,guardian956@example.com,"Fee record for term 3"
STU0000957,Student 957,8,A,Pre-Primary,Activity,12000,0,12000,Pending,Cheque,2026-08-28,2026-08-25,2025-2026,guardian957@example.com,"Fee record for term 2"
STU0000958,Student 958,8,B,Science,Hostel,12000,0,12000,Pending,Cash,2026-05-18,2026-07-19,2025-2026,guardian958@example.com,"Fee record for term 2"
STU0000959,Student 959,10,A,Senior,Library,18000,18000,0,Paid,Cheque,2026-07-14,2026-06-17,2025-2026,guardian959@example.com,"Fee record for term 2"
STU0000960,Student 960,8,C,Commerce,Lab,15000,0,15000,Waived,Card,2026-02-10,2026-01-13,2025-2026,guardian960@example.com,"Fee record for term 2"
STU0000961,Student 961,3,B,Pre-Primary,Transport,18000,0,18000,Overdue,UPI,2026-08-12,2026-07-14,2025-2026,guardian961@example.com,"Fee record for term 2"
STU0000962,Student 962,1,C,Secondary,Transport,25000,0,25000,Pending,Cheque,2026-01-12,2026-05-10,2025-2026,guardian962@example.com,"Fee record for term 1"
STU0000963,Student 963,6,A,Senior,Lab,30000,15000,15000,Partial,Cash,2026-05-21,2026-06-17,2025-2026,guardian963@example.com,"Fee record for term 2"
STU0000964,Student 964,4,D,Commerce,Exam,18000,0,18000,Pending,NEFT,2026-05-14,2026-08-17,2025-2026,guardian964@example.com,"Fee record for term 1"
STU0000965,Student 965,12,C,Arts,Hostel,22000,11000,11000,Partial,Cheque,2026-09-22,2026-03-10,2025-2026,guardian965@example.com,"Fee record for term 2"
STU0000966,Student 966,1,B,Primary,Hostel,25000,12500,12500,Partial,NEFT,2026-05-10,2026-06-10,2025-2026,guardian966@example.com,"Fee record for term 3"
STU0000967,Student 967,2,B,Arts,Library,30000,15000,15000,Partial,NEFT,2026-09-15,2026-07-25,2025-2026,guardian967@example.com,"Fee record for term 2"
STU0000968,Student 968,8,D,Senior,Library,22000,0,22000,Waived,Cheque,2026-07-22,2026-01-13,2025-2026,guardian968@example.com,"Fee record for term 2"
STU0000969,Student 969,10,A,Arts,Library,18000,0,18000,Overdue,UPI,2026-09-12,2026-04-21,2025-2026,guardian969@example.com,"Fee record for term 3"
STU0000970,Student 970,8,D,Commerce,Tuition,22000,22000,0,Paid,Cheque,2026-09-14,2026-04-25,2025-2026,guardian970@example.com,"Fee record for term 2"
STU0000971,Student 971,8,D,Pre-Primary,Lab,25000,12500,12500,Partial,Cheque,2026-03-17,2026-01-22,2025-2026,guardian971@example.com,"Fee record for term 3"
STU0000972,Student 972,11,C,Senior,Library,25000,0,25000,Waived,Cheque,2026-06-25,2026-02-18,2025-2026,guardian972@example.com,"Fee record for term 1"
STU0000973,Student 973,9,A,Science,Transport,12000,3000,9000,Partial,NEFT,2026-08-22,2026-07-24,2025-2026,guardian973@example.com,"Fee record for term 3"
STU0000974,Student 974,5,C,Senior,Transport,15000,7500,7500,Partial,NEFT,2026-04-11,2026-03-12,2025-2026,guardian974@example.com,"Fee record for term 3"
STU0000975,Student 975,5,B,Arts,Activity,25000,0,25000,Waived,NEFT,2026-08-17,2026-05-13,2025-2026,guardian975@example.com,"Fee record for term 3"
STU0000976,Student 976,8,B,Primary,Activity,30000,0,30000,Waived,UPI,2026-05-15,2026-01-27,2025-2026,guardian976@example.com,"Fee record for term 1"
STU0000977,Student 977,12,C,Science,Transport,18000,13500,4500,Partial,NEFT,2026-04-11,2026-02-27,2025-2026,guardian977@example.com,"Fee record for term 3"
STU0000978,Student 978,11,D,Primary,Library,25000,0,25000,Overdue,NEFT,2026-07-21,2026-04-23,2025-2026,guardian978@example.com,"Fee record for term 3"
STU0000979,Student 979,10,B,Pre-Primary,Library,15000,15000,0,Paid,Cheque,2026-08-16,2026-05-16,2025-2026,guardian979@example.com,"Fee record for term 2"
STU0000980,Student 980,2,C,Senior,Hostel,12000,12000,0,Paid,Card,2026-03-24,2026-05-12,2025-2026,guardian980@example.com,"Fee record for term 2"
STU0000981,Student 981,11,B,Senior,Tuition,12000,6000,6000,Partial,NEFT,2026-08-13,2026-03-11,2025-2026,guardian981@example.com,"Fee record for term 2"
STU0000982,Student 982,5,B,Science,Tuition,30000,7500,22500,Partial,Cheque,2026-07-23,2026-01-12,2025-2026,guardian982@example.com,"Fee record for term 2"
STU0000983,Student 983,10,C,Commerce,Library,12000,0,12000,Overdue,NEFT,2026-07-19,2026-07-28,2025-2026,guardian983@example.com,"Fee record for term 3"
STU0000984,Student 984,6,D,Arts,Exam,25000,12500,12500,Partial,Cheque,2026-02-21,2026-04-25,2025-2026,guardian984@example.com,"Fee record for term 1"
STU0000985,Student 985,10,B,Primary,Library,18000,18000,0,Paid,NEFT,2026-04-17,2026-04-25,2025-2026,guardian985@example.com,"Fee record for term 1"
STU0000986,Student 986,5,D,Pre-Primary,Lab,25000,12500,12500,Partial,Cheque,2026-08-25,2026-02-22,2025-2026,guardian986@example.com,"Fee record for term 3"
STU0000987,Student 987,8,A,Secondary,Lab,15000,11250,3750,Partial,Card,2026-07-25,2026-05-25,2025-2026,guardian987@example.com,"Fee record for term 2"
STU0000988,Student 988,12,A,Science,Transport,18000,0,18000,Waived,NEFT,2026-06-12,2026-09-12,2025-2026,guardian988@example.com,"Fee record for term 1"
STU0000989,Student 989,11,D,Arts,Activity,25000,25000,0,Paid,NEFT,2026-07-13,2026-06-16,2025-2026,guardian989@example.com,"Fee record for term 3"
STU0000990,Student 990,8,A,Arts,Lab,25000,25000,0,Paid,UPI,2026-08-26,2026-01-27,2025-2026,guardian990@example.com,"Fee record for term 3"
STU0000991,Student 991,4,B,Pre-Primary,Activity,25000,25000,0,Paid,Cheque,2026-02-13,2026-09-13,2025-2026,guardian991@example.com,"Fee record for term 3"
STU0000992,Student 992,12,A,Primary,Hostel,15000,0,15000,Waived,Cheque,2026-07-17,2026-01-13,2025-2026,guardian992@example.com,"Fee record for term 1"
STU0000993,Student 993,6,D,Senior,Exam,15000,0,15000,Waived,Card,2026-01-26,2026-05-21,2025-2026,guardian993@example.com,"Fee record for term 1"
STU0000994,Student 994,3,D,Secondary,Exam,12000,12000,0,Paid,Cheque,2026-02-26,2026-06-12,2025-2026,guardian994@example.com,"Fee record for term 1"
STU0000995,Student 995,3,A,Senior,Activity,15000,0,15000,Overdue,NEFT,2026-01-26,2026-08-14,2025-2026,guardian995@example.com,"Fee record for term 2"
STU0000996,Student 996,1,C,Secondary,Library,12000,3000,9000,Partial,Cheque,2026-03-19,2026-04-21,2025-2026,guardian996@example.com,"Fee record for term 3"
STU0000997,Student 997,7,A,Science,Hostel,15000,15000,0,Paid,UPI,2026-05-14,2026-07-26,2025-2026,guardian997@example.com,"Fee record for term 2"
STU0000998,Student 998,11,C,Primary,Lab,25000,25000,0,Paid,Cheque,2026-01-19,2026-06-23,2025-2026,guardian998@example.com,"Fee record for term 1"
STU0000999,Student 999,5,A,Pre-Primary,Library,18000,0,18000,Waived,Cash,2026-08-10,2026-07-15,2025-2026,guardian999@example.com,"Fee record for term 1"
STU0001000,Student 1000,2,C,Commerce,Activity,12000,0,12000,Overdue,Cash,2026-06-22,2026-07-16,2025-2026,guardian1000@example.com,"Fee record for term 3"
STU0001001,Student 1001,3,D,Commerce,Library,22000,22000,0,Paid,UPI,2026-06-11,2026-01-19,2025-2026,guardian1001@example.com,"Fee record for term 3"
STU0001002,Student 1002,11,C,Secondary,Library,12000,0,12000,Pending,Cash,2026-06-15,2026-02-19,2025-2026,guardian1002@example.com,"Fee record for term 3"
STU0001003,Student 1003,8,D,Primary,Hostel,18000,0,18000,Overdue,NEFT,2026-05-16,2026-09-27,2025-2026,guardian1003@example.com,"Fee record for term 1"
STU0001004,Student 1004,11,D,Primary,Transport,15000,15000,0,Paid,UPI,2026-03-22,2026-01-22,2025-2026,guardian1004@example.com,"Fee record for term 3"
STU0001005,Student 1005,9,A,Science,Library,12000,0,12000,Overdue,Cash,2026-01-13,2026-06-16,2025-2026,guardian1005@example.com,"Fee record for term 2"
STU0001006,Student 1006,3,B,Science,Lab,30000,30000,0,Paid,UPI,2026-08-27,2026-07-12,2025-2026,guardian1006@example.com,"Fee record for term 3"
STU0001007,Student 1007,12,B,Senior,Tuition,18000,0,18000,Overdue,Cheque,2026-08-14,2026-09-25,2025-2026,guardian1007@example.com,"Fee record for term 3"
STU0001008,Student 1008,1,B,Pre-Primary,Lab,12000,9000,3000,Partial,Cash,2026-03-26,2026-04-16,2025-2026,guardian1008@example.com,"Fee record for term 3"
STU0001009,Student 1009,7,B,Commerce,Exam,25000,0,25000,Waived,NEFT,2026-04-20,2026-07-11,2025-2026,guardian1009@example.com,"Fee record for term 3"
STU0001010,Student 1010,9,D,Primary,Tuition,22000,0,22000,Waived,Card,2026-08-19,2026-07-24,2025-2026,guardian1010@example.com,"Fee record for term 2"
STU0001011,Student 1011,2,D,Arts,Hostel,12000,0,12000,Overdue,Cheque,2026-06-14,2026-02-18,2025-2026,guardian1011@example.com,"Fee record for term 2"
STU0001012,Student 1012,9,B,Arts,Hostel,18000,0,18000,Waived,Card,2026-01-28,2026-03-25,2025-2026,guardian1012@example.com,"Fee record for term 1"
STU0001013,Student 1013,10,A,Arts,Hostel,22000,22000,0,Paid,NEFT,2026-03-27,2026-09-19,2025-2026,guardian1013@example.com,"Fee record for term 1"
STU0001014,Student 1014,6,D,Science,Hostel,12000,3000,9000,Partial,UPI,2026-02-15,2026-08-18,2025-2026,guardian1014@example.com,"Fee record for term 1"
STU0001015,Student 1015,12,A,Senior,Lab,15000,11250,3750,Partial,Card,2026-08-13,2026-09-13,2025-2026,guardian1015@example.com,"Fee record for term 3"
STU0001016,Student 1016,10,D,Pre-Primary,Activity,22000,11000,11000,Partial,Cheque,2026-03-11,2026-04-14,2025-2026,guardian1016@example.com,"Fee record for term 2"
STU0001017,Student 1017,10,A,Science,Lab,30000,22500,7500,Partial,UPI,2026-05-24,2026-06-28,2025-2026,guardian1017@example.com,"Fee record for term 2"
STU0001018,Student 1018,3,B,Pre-Primary,Library,22000,0,22000,Pending,Cheque,2026-03-15,2026-05-10,2025-2026,guardian1018@example.com,"Fee record for term 1"
STU0001019,Student 1019,8,D,Science,Activity,25000,0,25000,Waived,Card,2026-02-25,2026-06-10,2025-2026,guardian1019@example.com,"Fee record for term 1"
STU0001020,Student 1020,2,B,Pre-Primary,Hostel,25000,6250,18750,Partial,NEFT,2026-02-28,2026-04-22,2025-2026,guardian1020@example.com,"Fee record for term 2"
STU0001021,Student 1021,5,C,Commerce,Library,22000,0,22000,Overdue,UPI,2026-02-18,2026-02-28,2025-2026,guardian1021@example.com,"Fee record for term 1"
STU0001022,Student 1022,10,D,Science,Exam,22000,0,22000,Overdue,NEFT,2026-02-28,2026-02-10,2025-2026,guardian1022@example.com,"Fee record for term 2"
STU0001023,Student 1023,3,A,Pre-Primary,Tuition,18000,0,18000,Pending,Cheque,2026-01-17,2026-07-16,2025-2026,guardian1023@example.com,"Fee record for term 3"
STU0001024,Student 1024,1,C,Secondary,Activity,12000,0,12000,Pending,UPI,2026-08-22,2026-03-23,2025-2026,guardian1024@example.com,"Fee record for term 3"
STU0001025,Student 1025,5,C,Pre-Primary,Library,30000,0,30000,Pending,Cheque,2026-07-18,2026-09-15,2025-2026,guardian1025@example.com,"Fee record for term 1"
STU0001026,Student 1026,1,B,Arts,Exam,15000,11250,3750,Partial,NEFT,2026-09-11,2026-06-13,2025-2026,guardian1026@example.com,"Fee record for term 1"
STU0001027,Student 1027,2,C,Secondary,Tuition,30000,0,30000,Pending,Card,2026-09-16,2026-07-16,2025-2026,guardian1027@example.com,"Fee record for term 3"
STU0001028,Student 1028,6,B,Primary,Library,18000,18000,0,Paid,UPI,2026-07-24,2026-06-28,2025-2026,guardian1028@example.com,"Fee record for term 3"
STU0001029,Student 1029,4,C,Secondary,Exam,30000,0,30000,Waived,UPI,2026-08-26,2026-08-13,2025-2026,guardian1029@example.com,"Fee record for term 3"
STU0001030,Student 1030,12,A,Senior,Exam,30000,15000,15000,Partial,Cheque,2026-07-18,2026-09-22,2025-2026,guardian1030@example.com,"Fee record for term 3"
STU0001031,Student 1031,7,A,Senior,Activity,22000,0,22000,Overdue,Cheque,2026-05-24,2026-08-24,2025-2026,guardian1031@example.com,"Fee record for term 2"
STU0001032,Student 1032,1,D,Pre-Primary,Hostel,12000,0,12000,Pending,Card,2026-09-27,2026-01-19,2025-2026,guardian1032@example.com,"Fee record for term 2"
STU0001033,Student 1033,8,A,Primary,Activity,25000,0,25000,Waived,Cheque,2026-03-13,2026-05-26,2025-2026,guardian1033@example.com,"Fee record for term 2"
STU0001034,Student 1034,5,D,Secondary,Exam,30000,0,30000,Overdue,Cash,2026-01-23,2026-02-17,2025-2026,guardian1034@example.com,"Fee record for term 1"
STU0001035,Student 1035,6,D,Senior,Tuition,18000,18000,0,Paid,Cash,2026-02-18,2026-09-21,2025-2026,guardian1035@example.com,"Fee record for term 1"
STU0001036,Student 1036,12,A,Pre-Primary,Hostel,22000,0,22000,Overdue,Cash,2026-04-21,2026-04-19,2025-2026,guardian1036@example.com,"Fee record for term 2"
STU0001037,Student 1037,1,B,Science,Lab,22000,22000,0,Paid,Cash,2026-04-23,2026-06-18,2025-2026,guardian1037@example.com,"Fee record for term 1"
STU0001038,Student 1038,11,D,Pre-Primary,Hostel,25000,12500,12500,Partial,UPI,2026-04-24,2026-06-15,2025-2026,guardian1038@example.com,"Fee record for term 2"
STU0001039,Student 1039,12,C,Science,Lab,25000,18750,6250,Partial,Cheque,2026-07-27,2026-08-18,2025-2026,guardian1039@example.com,"Fee record for term 2"
STU0001040,Student 1040,10,D,Senior,Transport,25000,0,25000,Pending,Card,2026-02-17,2026-04-28,2025-2026,guardian1040@example.com,"Fee record for term 2"
STU0001041,Student 1041,3,A,Arts,Lab,25000,0,25000,Pending,Cash,2026-05-23,2026-04-26,2025-2026,guardian1041@example.com,"Fee record for term 3"
STU0001042,Student 1042,11,A,Arts,Activity,18000,13500,4500,Partial,Cash,2026-07-20,2026-01-23,2025-2026,guardian1042@example.com,"Fee record for term 3"
STU0001043,Student 1043,10,C,Primary,Hostel,30000,0,30000,Overdue,Cheque,2026-06-24,2026-07-14,2025-2026,guardian1043@example.com,"Fee record for term 1"
STU0001044,Student 1044,5,D,Commerce,Library,22000,0,22000,Overdue,UPI,2026-05-22,2026-07-10,2025-2026,guardian1044@example.com,"Fee record for term 1"
STU0001045,Student 1045,8,D,Pre-Primary,Lab,15000,15000,0,Paid,NEFT,2026-05-10,2026-02-10,2025-2026,guardian1045@example.com,"Fee record for term 2"
STU0001046,Student 1046,6,D,Primary,Library,12000,0,12000,Overdue,Card,2026-04-19,2026-04-23,2025-2026,guardian1046@example.com,"Fee record for term 1"
STU0001047,Student 1047,7,C,Secondary,Transport,18000,18000,0,Paid,Cash,2026-05-18,2026-08-15,2025-2026,guardian1047@example.com,"Fee record for term 1"
STU0001048,Student 1048,1,D,Science,Library,30000,0,30000,Waived,Card,2026-07-13,2026-02-27,2025-2026,guardian1048@example.com,"Fee record for term 1"
STU0001049,Student 1049,8,B,Science,Tuition,18000,9000,9000,Partial,NEFT,2026-01-10,2026-03-22,2025-2026,guardian1049@example.com,"Fee record for term 2"
STU0001050,Student 1050,9,D,Science,Activity,22000,0,22000,Pending,Card,2026-07-20,2026-03-10,2025-2026,guardian1050@example.com,"Fee record for term 3"
STU0001051,Student 1051,10,A,Commerce,Hostel,15000,0,15000,Pending,Cash,2026-09-11,2026-06-15,2025-2026,guardian1051@example.com,"Fee record for term 3"
STU0001052,Student 1052,3,A,Science,Transport,25000,0,25000,Overdue,NEFT,2026-08-13,2026-08-13,2025-2026,guardian1052@example.com,"Fee record for term 3"
STU0001053,Student 1053,12,B,Secondary,Hostel,15000,7500,7500,Partial,Cash,2026-08-17,2026-04-24,2025-2026,guardian1053@example.com,"Fee record for term 1"
STU0001054,Student 1054,3,B,Primary,Tuition,15000,15000,0,Paid,Card,2026-02-14,2026-05-27,2025-2026,guardian1054@example.com,"Fee record for term 2"
STU0001055,Student 1055,11,B,Senior,Library,12000,0,12000,Overdue,Cash,2026-08-26,2026-02-24,2025-2026,guardian1055@example.com,"Fee record for term 2"
STU0001056,Student 1056,3,C,Commerce,Exam,22000,22000,0,Paid,Card,2026-03-25,2026-03-25,2025-2026,guardian1056@example.com,"Fee record for term 2"
STU0001057,Student 1057,4,B,Senior,Exam,18000,9000,9000,Partial,Cheque,2026-05-18,2026-09-23,2025-2026,guardian1057@example.com,"Fee record for term 2"
STU0001058,Student 1058,6,C,Senior,Transport,22000,0,22000,Pending,NEFT,2026-01-24,2026-09-27,2025-2026,guardian1058@example.com,"Fee record for term 3"
STU0001059,Student 1059,7,B,Primary,Exam,15000,11250,3750,Partial,NEFT,2026-06-20,2026-03-27,2025-2026,guardian1059@example.com,"Fee record for term 2"
STU0001060,Student 1060,10,D,Senior,Transport,30000,30000,0,Paid,Cheque,2026-09-23,2026-09-24,2025-2026,guardian1060@example.com,"Fee record for term 1"
STU0001061,Student 1061,2,C,Commerce,Library,18000,0,18000,Overdue,Cash,2026-06-14,2026-06-23,2025-2026,guardian1061@example.com,"Fee record for term 2"
STU0001062,Student 1062,7,D,Secondary,Transport,30000,0,30000,Waived,UPI,2026-06-24,2026-06-10,2025-2026,guardian1062@example.com,"Fee record for term 2"
STU0001063,Student 1063,8,B,Science,Tuition,22000,0,22000,Waived,Cash,2026-09-14,2026-09-11,2025-2026,guardian1063@example.com,"Fee record for term 3"
STU0001064,Student 1064,7,C,Arts,Transport,22000,0,22000,Waived,NEFT,2026-07-20,2026-09-23,2025-2026,guardian1064@example.com,"Fee record for term 2"
STU0001065,Student 1065,11,A,Science,Hostel,15000,0,15000,Overdue,Card,2026-06-27,2026-08-28,2025-2026,guardian1065@example.com,"Fee record for term 1"
STU0001066,Student 1066,10,A,Science,Library,22000,0,22000,Overdue,Cheque,2026-04-18,2026-05-18,2025-2026,guardian1066@example.com,"Fee record for term 3"
STU0001067,Student 1067,1,B,Commerce,Library,25000,25000,0,Paid,Cheque,2026-05-19,2026-09-15,2025-2026,guardian1067@example.com,"Fee record for term 3"
STU0001068,Student 1068,7,A,Secondary,Transport,25000,0,25000,Pending,UPI,2026-07-12,2026-05-21,2025-2026,guardian1068@example.com,"Fee record for term 3"
STU0001069,Student 1069,3,D,Commerce,Transport,25000,0,25000,Pending,UPI,2026-04-17,2026-03-10,2025-2026,guardian1069@example.com,"Fee record for term 3"
STU0001070,Student 1070,9,D,Secondary,Transport,25000,0,25000,Pending,Cheque,2026-07-13,2026-09-16,2025-2026,guardian1070@example.com,"Fee record for term 3"
STU0001071,Student 1071,2,B,Commerce,Hostel,18000,0,18000,Overdue,NEFT,2026-04-27,2026-04-15,2025-2026,guardian1071@example.com,"Fee record for term 2"
STU0001072,Student 1072,5,B,Primary,Lab,22000,0,22000,Pending,Cash,2026-07-16,2026-07-22,2025-2026,guardian1072@example.com,"Fee record for term 2"
STU0001073,Student 1073,8,B,Secondary,Tuition,22000,0,22000,Overdue,Cash,2026-06-21,2026-05-23,2025-2026,guardian1073@example.com,"Fee record for term 2"
STU0001074,Student 1074,4,B,Primary,Exam,22000,0,22000,Waived,UPI,2026-07-17,2026-04-11,2025-2026,guardian1074@example.com,"Fee record for term 1"
STU0001075,Student 1075,11,C,Secondary,Lab,15000,0,15000,Overdue,Cash,2026-04-27,2026-08-23,2025-2026,guardian1075@example.com,"Fee record for term 1"
STU0001076,Student 1076,3,B,Arts,Library,15000,0,15000,Pending,NEFT,2026-08-11,2026-04-14,2025-2026,guardian1076@example.com,"Fee record for term 2"
STU0001077,Student 1077,6,A,Commerce,Tuition,30000,0,30000,Overdue,UPI,2026-05-23,2026-03-13,2025-2026,guardian1077@example.com,"Fee record for term 2"
STU0001078,Student 1078,1,B,Senior,Transport,22000,0,22000,Pending,Cheque,2026-03-27,2026-08-14,2025-2026,guardian1078@example.com,"Fee record for term 1"
STU0001079,Student 1079,7,D,Science,Exam,15000,0,15000,Waived,UPI,2026-02-15,2026-05-16,2025-2026,guardian1079@example.com,"Fee record for term 2"
STU0001080,Student 1080,11,B,Arts,Exam,18000,18000,0,Paid,Cheque,2026-05-18,2026-04-26,2025-2026,guardian1080@example.com,"Fee record for term 1"
STU0001081,Student 1081,12,A,Secondary,Exam,25000,0,25000,Waived,UPI,2026-05-15,2026-01-25,2025-2026,guardian1081@example.com,"Fee record for term 2"
STU0001082,Student 1082,8,C,Science,Tuition,22000,0,22000,Pending,Cash,2026-09-22,2026-05-24,2025-2026,guardian1082@example.com,"Fee record for term 1"
STU0001083,Student 1083,2,C,Commerce,Library,30000,0,30000,Overdue,Cheque,2026-08-28,2026-01-19,2025-2026,guardian1083@example.com,"Fee record for term 3"
STU0001084,Student 1084,9,A,Primary,Exam,25000,25000,0,Paid,NEFT,2026-03-27,2026-08-28,2025-2026,guardian1084@example.com,"Fee record for term 3"
STU0001085,Student 1085,7,A,Primary,Activity,18000,13500,4500,Partial,Card,2026-07-18,2026-09-19,2025-2026,guardian1085@example.com,"Fee record for term 2"
STU0001086,Student 1086,8,A,Science,Activity,15000,0,15000,Waived,NEFT,2026-09-21,2026-06-10,2025-2026,guardian1086@example.com,"Fee record for term 3"
STU0001087,Student 1087,9,D,Arts,Activity,22000,0,22000,Waived,Cheque,2026-09-10,2026-07-16,2025-2026,guardian1087@example.com,"Fee record for term 3"
STU0001088,Student 1088,6,B,Senior,Library,15000,0,15000,Waived,Card,2026-04-23,2026-01-23,2025-2026,guardian1088@example.com,"Fee record for term 1"
STU0001089,Student 1089,11,D,Commerce,Transport,15000,0,15000,Waived,Cheque,2026-01-21,2026-09-21,2025-2026,guardian1089@example.com,"Fee record for term 3"
STU0001090,Student 1090,7,C,Senior,Library,22000,0,22000,Waived,Card,2026-06-19,2026-08-18,2025-2026,guardian1090@example.com,"Fee record for term 2"
STU0001091,Student 1091,4,D,Science,Lab,18000,18000,0,Paid,Cash,2026-06-13,2026-02-26,2025-2026,guardian1091@example.com,"Fee record for term 2"
STU0001092,Student 1092,1,A,Primary,Tuition,30000,0,30000,Waived,UPI,2026-05-26,2026-02-17,2025-2026,guardian1092@example.com,"Fee record for term 3"
STU0001093,Student 1093,2,C,Arts,Exam,22000,0,22000,Overdue,Cash,2026-01-11,2026-08-26,2025-2026,guardian1093@example.com,"Fee record for term 2"
STU0001094,Student 1094,10,A,Senior,Transport,18000,0,18000,Pending,Card,2026-04-22,2026-08-28,2025-2026,guardian1094@example.com,"Fee record for term 2"
STU0001095,Student 1095,5,B,Senior,Hostel,22000,11000,11000,Partial,Card,2026-05-18,2026-03-12,2025-2026,guardian1095@example.com,"Fee record for term 3"
STU0001096,Student 1096,1,A,Commerce,Activity,22000,11000,11000,Partial,NEFT,2026-05-10,2026-05-28,2025-2026,guardian1096@example.com,"Fee record for term 2"
STU0001097,Student 1097,5,C,Senior,Lab,25000,18750,6250,Partial,Cash,2026-06-15,2026-02-18,2025-2026,guardian1097@example.com,"Fee record for term 3"
STU0001098,Student 1098,7,C,Secondary,Activity,15000,0,15000,Waived,UPI,2026-09-10,2026-01-27,2025-2026,guardian1098@example.com,"Fee record for term 1"
STU0001099,Student 1099,7,A,Secondary,Exam,15000,0,15000,Waived,UPI,2026-01-27,2026-08-16,2025-2026,guardian1099@example.com,"Fee record for term 2"
STU0001100,Student 1100,1,D,Senior,Tuition,22000,0,22000,Pending,Card,2026-04-23,2026-02-15,2025-2026,guardian1100@example.com,"Fee record for term 3"
STU0001101,Student 1101,9,B,Arts,Hostel,15000,7500,7500,Partial,UPI,2026-01-22,2026-02-26,2025-2026,guardian1101@example.com,"Fee record for term 1"
STU0001102,Student 1102,9,D,Secondary,Library,25000,12500,12500,Partial,NEFT,2026-06-20,2026-06-23,2025-2026,guardian1102@example.com,"Fee record for term 3"
STU0001103,Student 1103,2,D,Senior,Hostel,15000,0,15000,Overdue,Cheque,2026-09-13,2026-02-27,2025-2026,guardian1103@example.com,"Fee record for term 1"
STU0001104,Student 1104,5,C,Primary,Hostel,15000,7500,7500,Partial,Card,2026-07-25,2026-09-27,2025-2026,guardian1104@example.com,"Fee record for term 3"
STU0001105,Student 1105,9,D,Arts,Lab,22000,22000,0,Paid,Card,2026-09-21,2026-02-15,2025-2026,guardian1105@example.com,"Fee record for term 3"
STU0001106,Student 1106,2,A,Senior,Tuition,15000,0,15000,Pending,Cash,2026-09-23,2026-02-28,2025-2026,guardian1106@example.com,"Fee record for term 1"
STU0001107,Student 1107,8,C,Commerce,Tuition,15000,0,15000,Waived,NEFT,2026-05-13,2026-09-18,2025-2026,guardian1107@example.com,"Fee record for term 1"
STU0001108,Student 1108,6,B,Senior,Tuition,30000,0,30000,Overdue,NEFT,2026-02-18,2026-07-11,2025-2026,guardian1108@example.com,"Fee record for term 2"
STU0001109,Student 1109,6,B,Pre-Primary,Hostel,18000,0,18000,Overdue,Cash,2026-04-16,2026-06-10,2025-2026,guardian1109@example.com,"Fee record for term 3"
STU0001110,Student 1110,10,B,Secondary,Tuition,18000,0,18000,Waived,Cheque,2026-05-21,2026-07-22,2025-2026,guardian1110@example.com,"Fee record for term 3"
STU0001111,Student 1111,1,B,Arts,Library,12000,0,12000,Pending,Card,2026-01-26,2026-01-19,2025-2026,guardian1111@example.com,"Fee record for term 2"
STU0001112,Student 1112,10,C,Science,Activity,12000,0,12000,Overdue,NEFT,2026-07-16,2026-06-12,2025-2026,guardian1112@example.com,"Fee record for term 3"
STU0001113,Student 1113,11,A,Commerce,Exam,18000,0,18000,Overdue,UPI,2026-08-25,2026-04-19,2025-2026,guardian1113@example.com,"Fee record for term 2"
STU0001114,Student 1114,9,C,Senior,Transport,22000,0,22000,Pending,NEFT,2026-07-15,2026-07-14,2025-2026,guardian1114@example.com,"Fee record for term 2"
STU0001115,Student 1115,10,A,Primary,Lab,22000,0,22000,Waived,Cheque,2026-04-11,2026-01-15,2025-2026,guardian1115@example.com,"Fee record for term 2"
STU0001116,Student 1116,7,A,Commerce,Tuition,12000,0,12000,Waived,Card,2026-01-14,2026-01-26,2025-2026,guardian1116@example.com,"Fee record for term 3"
STU0001117,Student 1117,8,C,Senior,Transport,18000,0,18000,Waived,Card,2026-07-20,2026-02-20,2025-2026,guardian1117@example.com,"Fee record for term 2"
STU0001118,Student 1118,1,D,Secondary,Hostel,15000,0,15000,Overdue,NEFT,2026-03-10,2026-02-16,2025-2026,guardian1118@example.com,"Fee record for term 2"
STU0001119,Student 1119,2,D,Senior,Activity,25000,0,25000,Pending,NEFT,2026-08-20,2026-01-11,2025-2026,guardian1119@example.com,"Fee record for term 1"
STU0001120,Student 1120,5,B,Primary,Transport,25000,0,25000,Overdue,Card,2026-09-26,2026-01-15,2025-2026,guardian1120@example.com,"Fee record for term 2"
STU0001121,Student 1121,12,D,Commerce,Transport,15000,0,15000,Waived,UPI,2026-02-15,2026-06-19,2025-2026,guardian1121@example.com,"Fee record for term 2"
STU0001122,Student 1122,1,A,Secondary,Lab,22000,0,22000,Pending,Cash,2026-05-22,2026-09-16,2025-2026,guardian1122@example.com,"Fee record for term 2"
STU0001123,Student 1123,9,D,Commerce,Lab,22000,11000,11000,Partial,Card,2026-07-13,2026-05-19,2025-2026,guardian1123@example.com,"Fee record for term 3"
STU0001124,Student 1124,4,C,Arts,Transport,18000,0,18000,Pending,Cash,2026-02-19,2026-09-20,2025-2026,guardian1124@example.com,"Fee record for term 3"
STU0001125,Student 1125,8,B,Senior,Transport,15000,0,15000,Overdue,UPI,2026-03-21,2026-05-17,2025-2026,guardian1125@example.com,"Fee record for term 1"
STU0001126,Student 1126,10,A,Secondary,Activity,15000,0,15000,Overdue,Card,2026-04-16,2026-08-13,2025-2026,guardian1126@example.com,"Fee record for term 1"
STU0001127,Student 1127,12,A,Commerce,Transport,15000,0,15000,Overdue,NEFT,2026-09-24,2026-05-28,2025-2026,guardian1127@example.com,"Fee record for term 1"
STU0001128,Student 1128,2,A,Science,Exam,25000,6250,18750,Partial,UPI,2026-07-26,2026-03-25,2025-2026,guardian1128@example.com,"Fee record for term 3"
STU0001129,Student 1129,1,B,Arts,Exam,18000,0,18000,Pending,Card,2026-02-28,2026-02-20,2025-2026,guardian1129@example.com,"Fee record for term 2"
STU0001130,Student 1130,7,C,Science,Activity,15000,0,15000,Overdue,UPI,2026-05-23,2026-03-27,2025-2026,guardian1130@example.com,"Fee record for term 3"
STU0001131,Student 1131,5,D,Science,Library,12000,9000,3000,Partial,NEFT,2026-08-28,2026-05-14,2025-2026,guardian1131@example.com,"Fee record for term 2"
STU0001132,Student 1132,2,C,Science,Library,30000,0,30000,Waived,Card,2026-07-22,2026-04-10,2025-2026,guardian1132@example.com,"Fee record for term 3"
STU0001133,Student 1133,11,C,Primary,Activity,18000,0,18000,Overdue,UPI,2026-07-10,2026-07-14,2025-2026,guardian1133@example.com,"Fee record for term 1"
STU0001134,Student 1134,1,C,Primary,Lab,25000,0,25000,Overdue,UPI,2026-07-15,2026-04-14,2025-2026,guardian1134@example.com,"Fee record for term 3"
STU0001135,Student 1135,9,D,Senior,Transport,25000,0,25000,Waived,Cash,2026-02-20,2026-02-23,2025-2026,guardian1135@example.com,"Fee record for term 1"
STU0001136,Student 1136,8,B,Science,Exam,12000,0,12000,Pending,Cheque,2026-07-22,2026-07-28,2025-2026,guardian1136@example.com,"Fee record for term 1"
STU0001137,Student 1137,5,B,Senior,Transport,22000,0,22000,Pending,Cash,2026-07-24,2026-05-22,2025-2026,guardian1137@example.com,"Fee record for term 2"
STU0001138,Student 1138,11,D,Science,Hostel,25000,0,25000,Overdue,NEFT,2026-07-17,2026-04-14,2025-2026,guardian1138@example.com,"Fee record for term 2"
STU0001139,Student 1139,11,A,Pre-Primary,Tuition,22000,0,22000,Pending,Cheque,2026-09-26,2026-06-18,2025-2026,guardian1139@example.com,"Fee record for term 3"
STU0001140,Student 1140,7,C,Pre-Primary,Library,12000,0,12000,Waived,Cash,2026-08-16,2026-06-14,2025-2026,guardian1140@example.com,"Fee record for term 3"
STU0001141,Student 1141,6,D,Commerce,Lab,22000,0,22000,Overdue,Card,2026-06-21,2026-08-25,2025-2026,guardian1141@example.com,"Fee record for term 3"
STU0001142,Student 1142,10,D,Primary,Tuition,22000,0,22000,Overdue,NEFT,2026-07-19,2026-03-12,2025-2026,guardian1142@example.com,"Fee record for term 3"
STU0001143,Student 1143,9,D,Pre-Primary,Lab,30000,0,30000,Waived,Card,2026-07-16,2026-04-10,2025-2026,guardian1143@example.com,"Fee record for term 3"
STU0001144,Student 1144,7,C,Pre-Primary,Exam,25000,0,25000,Waived,UPI,2026-04-17,2026-02-20,2025-2026,guardian1144@example.com,"Fee record for term 1"
STU0001145,Student 1145,10,D,Pre-Primary,Tuition,18000,0,18000,Overdue,Cheque,2026-09-27,2026-05-20,2025-2026,guardian1145@example.com,"Fee record for term 2"
STU0001146,Student 1146,6,A,Primary,Activity,18000,4500,13500,Partial,Card,2026-03-22,2026-05-11,2025-2026,guardian1146@example.com,"Fee record for term 3"
STU0001147,Student 1147,5,B,Pre-Primary,Lab,12000,12000,0,Paid,Card,2026-04-14,2026-02-22,2025-2026,guardian1147@example.com,"Fee record for term 1"
STU0001148,Student 1148,6,B,Senior,Hostel,22000,0,22000,Waived,UPI,2026-05-16,2026-05-19,2025-2026,guardian1148@example.com,"Fee record for term 2"
STU0001149,Student 1149,1,B,Commerce,Library,30000,0,30000,Waived,NEFT,2026-06-14,2026-01-10,2025-2026,guardian1149@example.com,"Fee record for term 2"
STU0001150,Student 1150,9,A,Arts,Tuition,30000,0,30000,Pending,UPI,2026-06-20,2026-01-14,2025-2026,guardian1150@example.com,"Fee record for term 1"
STU0001151,Student 1151,8,A,Science,Exam,12000,0,12000,Overdue,NEFT,2026-04-11,2026-04-28,2025-2026,guardian1151@example.com,"Fee record for term 3"
STU0001152,Student 1152,12,C,Secondary,Hostel,22000,22000,0,Paid,Cheque,2026-05-19,2026-08-24,2025-2026,guardian1152@example.com,"Fee record for term 2"
STU0001153,Student 1153,1,A,Arts,Hostel,18000,0,18000,Waived,NEFT,2026-03-11,2026-09-15,2025-2026,guardian1153@example.com,"Fee record for term 2"
STU0001154,Student 1154,2,B,Primary,Activity,12000,0,12000,Pending,UPI,2026-05-19,2026-05-26,2025-2026,guardian1154@example.com,"Fee record for term 2"
STU0001155,Student 1155,10,D,Primary,Library,18000,0,18000,Pending,Cash,2026-04-22,2026-09-18,2025-2026,guardian1155@example.com,"Fee record for term 1"
STU0001156,Student 1156,1,C,Science,Transport,25000,0,25000,Overdue,Cash,2026-02-24,2026-09-23,2025-2026,guardian1156@example.com,"Fee record for term 2"
STU0001157,Student 1157,7,A,Commerce,Lab,25000,18750,6250,Partial,NEFT,2026-06-14,2026-08-18,2025-2026,guardian1157@example.com,"Fee record for term 3"
STU0001158,Student 1158,8,C,Secondary,Exam,30000,30000,0,Paid,Cash,2026-02-12,2026-04-12,2025-2026,guardian1158@example.com,"Fee record for term 2"
STU0001159,Student 1159,1,B,Senior,Activity,30000,30000,0,Paid,NEFT,2026-07-15,2026-02-26,2025-2026,guardian1159@example.com,"Fee record for term 3"
STU0001160,Student 1160,11,B,Secondary,Exam,18000,0,18000,Waived,Cheque,2026-09-11,2026-01-12,2025-2026,guardian1160@example.com,"Fee record for term 1"
STU0001161,Student 1161,5,C,Secondary,Lab,25000,25000,0,Paid,Cash,2026-05-24,2026-02-22,2025-2026,guardian1161@example.com,"Fee record for term 1"
STU0001162,Student 1162,10,D,Science,Lab,15000,0,15000,Overdue,Cheque,2026-05-15,2026-07-21,2025-2026,guardian1162@example.com,"Fee record for term 1"
STU0001163,Student 1163,8,B,Secondary,Hostel,30000,0,30000,Pending,UPI,2026-02-12,2026-03-21,2025-2026,guardian1163@example.com,"Fee record for term 1"
STU0001164,Student 1164,6,C,Senior,Transport,15000,0,15000,Pending,NEFT,2026-04-17,2026-04-23,2025-2026,guardian1164@example.com,"Fee record for term 1"
STU0001165,Student 1165,10,B,Secondary,Exam,15000,0,15000,Overdue,Cheque,2026-06-21,2026-04-18,2025-2026,guardian1165@example.com,"Fee record for term 3"
STU0001166,Student 1166,2,C,Senior,Exam,25000,0,25000,Pending,Cheque,2026-01-13,2026-01-14,2025-2026,guardian1166@example.com,"Fee record for term 1"
STU0001167,Student 1167,10,D,Commerce,Transport,25000,0,25000,Pending,Cash,2026-06-21,2026-02-12,2025-2026,guardian1167@example.com,"Fee record for term 2"
STU0001168,Student 1168,12,B,Senior,Exam,15000,0,15000,Waived,Card,2026-09-25,2026-09-19,2025-2026,guardian1168@example.com,"Fee record for term 2"
STU0001169,Student 1169,12,D,Commerce,Activity,15000,0,15000,Pending,Cash,2026-06-24,2026-08-18,2025-2026,guardian1169@example.com,"Fee record for term 2"
STU0001170,Student 1170,8,A,Primary,Activity,25000,0,25000,Pending,NEFT,2026-08-17,2026-07-22,2025-2026,guardian1170@example.com,"Fee record for term 1"
STU0001171,Student 1171,4,D,Science,Transport,15000,15000,0,Paid,NEFT,2026-05-10,2026-06-14,2025-2026,guardian1171@example.com,"Fee record for term 2"
STU0001172,Student 1172,5,D,Primary,Hostel,15000,0,15000,Overdue,Cheque,2026-07-24,2026-03-26,2025-2026,guardian1172@example.com,"Fee record for term 1"
STU0001173,Student 1173,3,C,Pre-Primary,Library,30000,0,30000,Waived,UPI,2026-02-20,2026-06-28,2025-2026,guardian1173@example.com,"Fee record for term 3"
STU0001174,Student 1174,1,D,Arts,Exam,15000,15000,0,Paid,Card,2026-03-25,2026-02-12,2025-2026,guardian1174@example.com,"Fee record for term 1"
STU0001175,Student 1175,7,B,Senior,Hostel,12000,9000,3000,Partial,Cash,2026-04-14,2026-04-15,2025-2026,guardian1175@example.com,"Fee record for term 2"
STU0001176,Student 1176,2,C,Primary,Activity,15000,0,15000,Waived,UPI,2026-02-12,2026-03-25,2025-2026,guardian1176@example.com,"Fee record for term 2"
STU0001177,Student 1177,9,C,Primary,Tuition,15000,0,15000,Overdue,Cash,2026-08-18,2026-09-22,2025-2026,guardian1177@example.com,"Fee record for term 1"
STU0001178,Student 1178,2,D,Arts,Lab,30000,0,30000,Pending,Cheque,2026-04-18,2026-09-20,2025-2026,guardian1178@example.com,"Fee record for term 1"
STU0001179,Student 1179,2,D,Commerce,Hostel,12000,0,12000,Waived,NEFT,2026-03-15,2026-01-10,2025-2026,guardian1179@example.com,"Fee record for term 3"
STU0001180,Student 1180,11,A,Science,Activity,12000,9000,3000,Partial,Cash,2026-01-10,2026-02-27,2025-2026,guardian1180@example.com,"Fee record for term 2"
STU0001181,Student 1181,8,B,Arts,Hostel,12000,0,12000,Pending,UPI,2026-03-12,2026-04-16,2025-2026,guardian1181@example.com,"Fee record for term 2"
STU0001182,Student 1182,5,A,Pre-Primary,Hostel,30000,0,30000,Overdue,Cheque,2026-07-23,2026-03-23,2025-2026,guardian1182@example.com,"Fee record for term 3"
STU0001183,Student 1183,7,A,Pre-Primary,Exam,12000,0,12000,Waived,Cash,2026-04-28,2026-05-23,2025-2026,guardian1183@example.com,"Fee record for term 1"
STU0001184,Student 1184,12,B,Commerce,Lab,15000,0,15000,Waived,Card,2026-01-15,2026-04-24,2025-2026,guardian1184@example.com,"Fee record for term 1"
STU0001185,Student 1185,7,C,Secondary,Transport,18000,0,18000,Overdue,NEFT,2026-09-14,2026-05-15,2025-2026,guardian1185@example.com,"Fee record for term 3"
STU0001186,Student 1186,12,A,Arts,Lab,30000,7500,22500,Partial,Card,2026-04-26,2026-06-18,2025-2026,guardian1186@example.com,"Fee record for term 2"
STU0001187,Student 1187,1,B,Science,Activity,12000,6000,6000,Partial,Cheque,2026-08-22,2026-04-20,2025-2026,guardian1187@example.com,"Fee record for term 2"
STU0001188,Student 1188,5,B,Arts,Exam,15000,0,15000,Waived,Cash,2026-04-18,2026-06-27,2025-2026,guardian1188@example.com,"Fee record for term 3"
STU0001189,Student 1189,10,C,Arts,Lab,12000,0,12000,Pending,Cash,2026-09-24,2026-07-16,2025-2026,guardian1189@example.com,"Fee record for term 1"
STU0001190,Student 1190,6,B,Primary,Lab,30000,30000,0,Paid,NEFT,2026-01-17,2026-05-11,2025-2026,guardian1190@example.com,"Fee record for term 1"
STU0001191,Student 1191,5,B,Senior,Hostel,15000,0,15000,Waived,UPI,2026-03-25,2026-06-14,2025-2026,guardian1191@example.com,"Fee record for term 3"
STU0001192,Student 1192,10,B,Senior,Tuition,25000,0,25000,Waived,Cheque,2026-05-11,2026-06-27,2025-2026,guardian1192@example.com,"Fee record for term 2"
STU0001193,Student 1193,12,C,Senior,Exam,25000,25000,0,Paid,Cash,2026-07-22,2026-07-16,2025-2026,guardian1193@example.com,"Fee record for term 2"
STU0001194,Student 1194,1,B,Senior,Library,12000,12000,0,Paid,Cash,2026-01-16,2026-07-25,2025-2026,guardian1194@example.com,"Fee record for term 1"
STU0001195,Student 1195,3,B,Commerce,Activity,15000,15000,0,Paid,NEFT,2026-01-27,2026-03-16,2025-2026,guardian1195@example.com,"Fee record for term 2"
STU0001196,Student 1196,6,A,Senior,Lab,22000,0,22000,Pending,Cheque,2026-05-10,2026-03-19,2025-2026,guardian1196@example.com,"Fee record for term 2"
STU0001197,Student 1197,3,B,Secondary,Library,25000,25000,0,Paid,Card,2026-02-17,2026-08-10,2025-2026,guardian1197@example.com,"Fee record for term 3"
STU0001198,Student 1198,10,C,Science,Activity,18000,0,18000,Waived,UPI,2026-04-24,2026-08-19,2025-2026,guardian1198@example.com,"Fee record for term 3"
STU0001199,Student 1199,10,D,Arts,Tuition,12000,0,12000,Pending,Cash,2026-03-13,2026-02-12,2025-2026,guardian1199@example.com,"Fee record for term 3"
STU0001200,Student 1200,10,B,Senior,Transport,18000,0,18000,Waived,Card,2026-02-27,2026-02-27,2025-2026,guardian1200@example.com,"Fee record for term 2"
STU0001201,Student 1201,7,C,Senior,Activity,25000,18750,6250,Partial,UPI,2026-04-28,2026-01-16,2025-2026,guardian1201@example.com,"Fee record for term 2"
STU0001202,Student 1202,4,A,Pre-Primary,Tuition,12000,3000,9000,Partial,Card,2026-06-12,2026-01-10,2025-2026,guardian1202@example.com,"Fee record for term 1"
STU0001203,Student 1203,2,B,Commerce,Tuition,15000,7500,7500,Partial,UPI,2026-01-14,2026-05-13,2025-2026,guardian1203@example.com,"Fee record for term 3"
STU0001204,Student 1204,3,B,Commerce,Library,15000,15000,0,Paid,UPI,2026-05-11,2026-08-20,2025-2026,guardian1204@example.com,"Fee record for term 3"
STU0001205,Student 1205,2,D,Secondary,Activity,22000,16500,5500,Partial,Cheque,2026-09-27,2026-09-28,2025-2026,guardian1205@example.com,"Fee record for term 3"
STU0001206,Student 1206,5,C,Senior,Exam,18000,18000,0,Paid,Card,2026-08-26,2026-06-27,2025-2026,guardian1206@example.com,"Fee record for term 3"
STU0001207,Student 1207,6,D,Secondary,Exam,15000,0,15000,Waived,Cheque,2026-04-13,2026-07-27,2025-2026,guardian1207@example.com,"Fee record for term 2"
STU0001208,Student 1208,9,B,Secondary,Lab,22000,0,22000,Overdue,Cash,2026-07-26,2026-07-14,2025-2026,guardian1208@example.com,"Fee record for term 3"
STU0001209,Student 1209,7,D,Arts,Transport,12000,0,12000,Overdue,UPI,2026-08-11,2026-05-18,2025-2026,guardian1209@example.com,"Fee record for term 1"
STU0001210,Student 1210,11,C,Primary,Tuition,25000,6250,18750,Partial,Cheque,2026-02-10,2026-03-17,2025-2026,guardian1210@example.com,"Fee record for term 3"
STU0001211,Student 1211,12,B,Pre-Primary,Tuition,12000,9000,3000,Partial,Cheque,2026-01-18,2026-05-15,2025-2026,guardian1211@example.com,"Fee record for term 2"
STU0001212,Student 1212,1,C,Senior,Transport,30000,7500,22500,Partial,Card,2026-02-22,2026-06-13,2025-2026,guardian1212@example.com,"Fee record for term 1"
STU0001213,Student 1213,3,D,Secondary,Tuition,12000,0,12000,Waived,UPI,2026-05-17,2026-04-16,2025-2026,guardian1213@example.com,"Fee record for term 3"
STU0001214,Student 1214,6,C,Senior,Library,18000,4500,13500,Partial,Card,2026-05-17,2026-08-14,2025-2026,guardian1214@example.com,"Fee record for term 1"
STU0001215,Student 1215,8,C,Secondary,Library,25000,0,25000,Overdue,Cash,2026-01-27,2026-09-13,2025-2026,guardian1215@example.com,"Fee record for term 1"
STU0001216,Student 1216,8,D,Senior,Transport,12000,0,12000,Waived,NEFT,2026-09-22,2026-08-10,2025-2026,guardian1216@example.com,"Fee record for term 1"
STU0001217,Student 1217,1,C,Primary,Transport,30000,0,30000,Waived,NEFT,2026-05-10,2026-07-22,2025-2026,guardian1217@example.com,"Fee record for term 2"
STU0001218,Student 1218,1,D,Arts,Library,12000,0,12000,Pending,NEFT,2026-05-14,2026-09-12,2025-2026,guardian1218@example.com,"Fee record for term 3"
STU0001219,Student 1219,12,A,Senior,Activity,22000,0,22000,Pending,UPI,2026-08-20,2026-02-23,2025-2026,guardian1219@example.com,"Fee record for term 1"
STU0001220,Student 1220,3,B,Secondary,Transport,22000,0,22000,Pending,UPI,2026-05-23,2026-07-27,2025-2026,guardian1220@example.com,"Fee record for term 2"
STU0001221,Student 1221,6,C,Commerce,Tuition,22000,22000,0,Paid,Cash,2026-08-25,2026-08-25,2025-2026,guardian1221@example.com,"Fee record for term 2"
STU0001222,Student 1222,1,C,Arts,Activity,25000,25000,0,Paid,UPI,2026-05-14,2026-08-27,2025-2026,guardian1222@example.com,"Fee record for term 2"
STU0001223,Student 1223,10,B,Commerce,Lab,22000,0,22000,Pending,Cash,2026-09-12,2026-08-20,2025-2026,guardian1223@example.com,"Fee record for term 2"
STU0001224,Student 1224,8,A,Arts,Exam,18000,9000,9000,Partial,Cash,2026-03-14,2026-01-26,2025-2026,guardian1224@example.com,"Fee record for term 1"
STU0001225,Student 1225,2,D,Arts,Tuition,25000,0,25000,Overdue,Cheque,2026-09-20,2026-09-10,2025-2026,guardian1225@example.com,"Fee record for term 2"
STU0001226,Student 1226,1,A,Secondary,Activity,30000,0,30000,Overdue,Card,2026-05-16,2026-03-22,2025-2026,guardian1226@example.com,"Fee record for term 3"
STU0001227,Student 1227,4,B,Secondary,Transport,18000,0,18000,Pending,Card,2026-04-17,2026-09-14,2025-2026,guardian1227@example.com,"Fee record for term 3"
STU0001228,Student 1228,4,D,Primary,Transport,15000,0,15000,Pending,NEFT,2026-03-17,2026-08-18,2025-2026,guardian1228@example.com,"Fee record for term 2"
STU0001229,Student 1229,3,C,Primary,Hostel,22000,0,22000,Pending,Cash,2026-08-10,2026-04-18,2025-2026,guardian1229@example.com,"Fee record for term 1"
STU0001230,Student 1230,4,C,Arts,Exam,18000,0,18000,Overdue,Card,2026-07-28,2026-06-26,2025-2026,guardian1230@example.com,"Fee record for term 1"
STU0001231,Student 1231,3,B,Commerce,Transport,18000,0,18000,Pending,NEFT,2026-06-22,2026-02-15,2025-2026,guardian1231@example.com,"Fee record for term 1"
STU0001232,Student 1232,8,D,Science,Lab,12000,0,12000,Waived,Card,2026-05-24,2026-06-16,2025-2026,guardian1232@example.com,"Fee record for term 2"
STU0001233,Student 1233,12,C,Senior,Lab,12000,0,12000,Pending,UPI,2026-05-12,2026-04-15,2025-2026,guardian1233@example.com,"Fee record for term 3"
STU0001234,Student 1234,4,A,Arts,Exam,18000,0,18000,Overdue,Cheque,2026-03-17,2026-03-17,2025-2026,guardian1234@example.com,"Fee record for term 1"
STU0001235,Student 1235,5,D,Primary,Exam,25000,0,25000,Overdue,UPI,2026-04-11,2026-07-10,2025-2026,guardian1235@example.com,"Fee record for term 1"
STU0001236,Student 1236,10,B,Arts,Transport,25000,0,25000,Waived,NEFT,2026-05-15,2026-05-17,2025-2026,guardian1236@example.com,"Fee record for term 3"
STU0001237,Student 1237,8,B,Arts,Exam,18000,0,18000,Overdue,Card,2026-06-17,2026-09-27,2025-2026,guardian1237@example.com,"Fee record for term 1"
STU0001238,Student 1238,12,B,Science,Library,25000,0,25000,Overdue,Cheque,2026-04-28,2026-06-21,2025-2026,guardian1238@example.com,"Fee record for term 2"
STU0001239,Student 1239,12,D,Pre-Primary,Library,22000,0,22000,Overdue,Card,2026-07-18,2026-06-27,2025-2026,guardian1239@example.com,"Fee record for term 3"
STU0001240,Student 1240,8,D,Senior,Transport,15000,0,15000,Overdue,UPI,2026-09-10,2026-05-13,2025-2026,guardian1240@example.com,"Fee record for term 1"
STU0001241,Student 1241,4,A,Pre-Primary,Library,25000,12500,12500,Partial,NEFT,2026-02-23,2026-08-18,2025-2026,guardian1241@example.com,"Fee record for term 2"
STU0001242,Student 1242,12,D,Pre-Primary,Lab,18000,0,18000,Pending,Card,2026-09-17,2026-05-18,2025-2026,guardian1242@example.com,"Fee record for term 3"
STU0001243,Student 1243,10,B,Arts,Hostel,12000,0,12000,Overdue,UPI,2026-02-14,2026-04-10,2025-2026,guardian1243@example.com,"Fee record for term 2"
STU0001244,Student 1244,10,B,Pre-Primary,Activity,30000,0,30000,Overdue,Cheque,2026-05-11,2026-09-15,2025-2026,guardian1244@example.com,"Fee record for term 3"
STU0001245,Student 1245,7,C,Senior,Tuition,18000,0,18000,Waived,UPI,2026-01-18,2026-05-17,2025-2026,guardian1245@example.com,"Fee record for term 1"
STU0001246,Student 1246,12,A,Secondary,Exam,30000,30000,0,Paid,Card,2026-05-19,2026-07-24,2025-2026,guardian1246@example.com,"Fee record for term 3"
STU0001247,Student 1247,11,B,Arts,Library,22000,0,22000,Waived,UPI,2026-04-13,2026-04-13,2025-2026,guardian1247@example.com,"Fee record for term 3"
STU0001248,Student 1248,5,C,Primary,Hostel,18000,0,18000,Pending,Cheque,2026-02-21,2026-04-12,2025-2026,guardian1248@example.com,"Fee record for term 3"
STU0001249,Student 1249,6,C,Secondary,Activity,12000,3000,9000,Partial,NEFT,2026-08-21,2026-03-20,2025-2026,guardian1249@example.com,"Fee record for term 2"
STU0001250,Student 1250,8,A,Arts,Library,12000,12000,0,Paid,Card,2026-02-24,2026-04-14,2025-2026,guardian1250@example.com,"Fee record for term 1"
STU0001251,Student 1251,2,B,Science,Library,12000,0,12000,Pending,Cash,2026-05-16,2026-03-16,2025-2026,guardian1251@example.com,"Fee record for term 1"
STU0001252,Student 1252,2,B,Commerce,Lab,15000,0,15000,Overdue,NEFT,2026-03-23,2026-09-14,2025-2026,guardian1252@example.com,"Fee record for term 2"
STU0001253,Student 1253,8,D,Commerce,Hostel,12000,0,12000,Pending,Card,2026-01-19,2026-06-12,2025-2026,guardian1253@example.com,"Fee record for term 2"
STU0001254,Student 1254,3,C,Pre-Primary,Lab,25000,0,25000,Pending,Card,2026-09-16,2026-06-12,2025-2026,guardian1254@example.com,"Fee record for term 3"
STU0001255,Student 1255,4,A,Science,Hostel,12000,9000,3000,Partial,Card,2026-03-26,2026-04-13,2025-2026,guardian1255@example.com,"Fee record for term 3"
STU0001256,Student 1256,1,A,Commerce,Exam,15000,11250,3750,Partial,Cheque,2026-04-19,2026-03-13,2025-2026,guardian1256@example.com,"Fee record for term 3"
STU0001257,Student 1257,4,C,Secondary,Transport,22000,16500,5500,Partial,Card,2026-03-26,2026-02-13,2025-2026,guardian1257@example.com,"Fee record for term 1"
STU0001258,Student 1258,4,C,Senior,Exam,12000,12000,0,Paid,NEFT,2026-04-23,2026-03-28,2025-2026,guardian1258@example.com,"Fee record for term 2"
STU0001259,Student 1259,5,B,Primary,Exam,22000,0,22000,Overdue,UPI,2026-05-12,2026-08-10,2025-2026,guardian1259@example.com,"Fee record for term 2"
STU0001260,Student 1260,12,B,Commerce,Library,30000,0,30000,Pending,NEFT,2026-07-27,2026-03-25,2025-2026,guardian1260@example.com,"Fee record for term 2"
STU0001261,Student 1261,1,D,Commerce,Exam,18000,0,18000,Overdue,UPI,2026-08-21,2026-04-14,2025-2026,guardian1261@example.com,"Fee record for term 2"
STU0001262,Student 1262,1,D,Science,Exam,22000,0,22000,Waived,Cash,2026-04-14,2026-03-25,2025-2026,guardian1262@example.com,"Fee record for term 2"
STU0001263,Student 1263,1,C,Primary,Hostel,30000,7500,22500,Partial,Cash,2026-03-14,2026-04-16,2025-2026,guardian1263@example.com,"Fee record for term 3"
STU0001264,Student 1264,1,D,Senior,Lab,18000,18000,0,Paid,NEFT,2026-04-17,2026-08-18,2025-2026,guardian1264@example.com,"Fee record for term 2"
STU0001265,Student 1265,6,B,Pre-Primary,Tuition,12000,0,12000,Pending,Cash,2026-01-12,2026-04-24,2025-2026,guardian1265@example.com,"Fee record for term 2"
STU0001266,Student 1266,9,C,Senior,Exam,25000,25000,0,Paid,NEFT,2026-02-17,2026-07-28,2025-2026,guardian1266@example.com,"Fee record for term 3"
STU0001267,Student 1267,12,A,Commerce,Transport,30000,22500,7500,Partial,Cheque,2026-08-11,2026-04-20,2025-2026,guardian1267@example.com,"Fee record for term 3"
STU0001268,Student 1268,4,C,Commerce,Library,22000,0,22000,Waived,NEFT,2026-06-23,2026-06-21,2025-2026,guardian1268@example.com,"Fee record for term 3"
STU0001269,Student 1269,11,C,Arts,Lab,22000,0,22000,Pending,NEFT,2026-09-13,2026-04-10,2025-2026,guardian1269@example.com,"Fee record for term 2"
STU0001270,Student 1270,1,A,Pre-Primary,Lab,22000,5500,16500,Partial,Cheque,2026-09-14,2026-05-28,2025-2026,guardian1270@example.com,"Fee record for term 2"
STU0001271,Student 1271,5,B,Pre-Primary,Hostel,25000,25000,0,Paid,UPI,2026-01-12,2026-04-17,2025-2026,guardian1271@example.com,"Fee record for term 2"
STU0001272,Student 1272,6,B,Primary,Transport,30000,0,30000,Overdue,Card,2026-06-18,2026-04-20,2025-2026,guardian1272@example.com,"Fee record for term 1"
STU0001273,Student 1273,7,D,Secondary,Hostel,18000,9000,9000,Partial,UPI,2026-04-25,2026-01-22,2025-2026,guardian1273@example.com,"Fee record for term 2"
STU0001274,Student 1274,8,B,Commerce,Activity,18000,18000,0,Paid,NEFT,2026-07-17,2026-04-15,2025-2026,guardian1274@example.com,"Fee record for term 3"
STU0001275,Student 1275,6,D,Arts,Lab,30000,0,30000,Pending,UPI,2026-02-18,2026-09-12,2025-2026,guardian1275@example.com,"Fee record for term 1"
STU0001276,Student 1276,10,C,Secondary,Transport,22000,0,22000,Pending,Card,2026-09-23,2026-09-18,2025-2026,guardian1276@example.com,"Fee record for term 1"
STU0001277,Student 1277,2,D,Science,Exam,15000,0,15000,Overdue,Card,2026-03-10,2026-07-13,2025-2026,guardian1277@example.com,"Fee record for term 3"
STU0001278,Student 1278,6,B,Secondary,Exam,15000,0,15000,Pending,Card,2026-06-11,2026-09-21,2025-2026,guardian1278@example.com,"Fee record for term 1"
STU0001279,Student 1279,8,C,Commerce,Lab,12000,0,12000,Pending,Card,2026-02-11,2026-09-24,2025-2026,guardian1279@example.com,"Fee record for term 3"
STU0001280,Student 1280,7,B,Commerce,Hostel,18000,0,18000,Waived,Cheque,2026-07-22,2026-09-23,2025-2026,guardian1280@example.com,"Fee record for term 1"
STU0001281,Student 1281,8,C,Primary,Activity,25000,0,25000,Overdue,Cash,2026-04-28,2026-05-24,2025-2026,guardian1281@example.com,"Fee record for term 3"
STU0001282,Student 1282,12,A,Pre-Primary,Exam,18000,18000,0,Paid,UPI,2026-07-13,2026-03-21,2025-2026,guardian1282@example.com,"Fee record for term 2"
STU0001283,Student 1283,4,C,Secondary,Exam,15000,15000,0,Paid,Cash,2026-05-19,2026-09-22,2025-2026,guardian1283@example.com,"Fee record for term 1"
STU0001284,Student 1284,11,B,Commerce,Transport,18000,0,18000,Overdue,Card,2026-04-19,2026-02-27,2025-2026,guardian1284@example.com,"Fee record for term 2"
STU0001285,Student 1285,4,D,Senior,Hostel,15000,0,15000,Waived,Cheque,2026-06-20,2026-05-13,2025-2026,guardian1285@example.com,"Fee record for term 1"
STU0001286,Student 1286,2,D,Secondary,Library,18000,18000,0,Paid,UPI,2026-06-13,2026-08-12,2025-2026,guardian1286@example.com,"Fee record for term 3"
STU0001287,Student 1287,1,B,Primary,Tuition,30000,15000,15000,Partial,NEFT,2026-02-27,2026-04-12,2025-2026,guardian1287@example.com,"Fee record for term 1"
STU0001288,Student 1288,7,D,Arts,Activity,22000,22000,0,Paid,UPI,2026-08-18,2026-08-15,2025-2026,guardian1288@example.com,"Fee record for term 3"
STU0001289,Student 1289,9,B,Secondary,Exam,12000,0,12000,Overdue,Card,2026-03-12,2026-05-20,2025-2026,guardian1289@example.com,"Fee record for term 3"
STU0001290,Student 1290,11,B,Primary,Tuition,12000,0,12000,Pending,Cheque,2026-03-16,2026-05-21,2025-2026,guardian1290@example.com,"Fee record for term 1"
STU0001291,Student 1291,1,A,Secondary,Exam,30000,30000,0,Paid,Cash,2026-06-25,2026-08-20,2025-2026,guardian1291@example.com,"Fee record for term 1"
STU0001292,Student 1292,12,D,Commerce,Tuition,15000,15000,0,Paid,Cash,2026-07-14,2026-05-25,2025-2026,guardian1292@example.com,"Fee record for term 3"
STU0001293,Student 1293,11,D,Science,Hostel,15000,0,15000,Waived,Cash,2026-04-18,2026-03-26,2025-2026,guardian1293@example.com,"Fee record for term 1"
STU0001294,Student 1294,1,A,Science,Tuition,30000,30000,0,Paid,Card,2026-04-14,2026-07-27,2025-2026,guardian1294@example.com,"Fee record for term 3"
STU0001295,Student 1295,4,C,Primary,Lab,15000,11250,3750,Partial,NEFT,2026-06-12,2026-08-28,2025-2026,guardian1295@example.com,"Fee record for term 3"
STU0001296,Student 1296,10,A,Pre-Primary,Exam,22000,0,22000,Waived,Cash,2026-04-20,2026-04-25,2025-2026,guardian1296@example.com,"Fee record for term 3"
STU0001297,Student 1297,5,A,Senior,Hostel,12000,0,12000,Overdue,Card,2026-05-26,2026-02-17,2025-2026,guardian1297@example.com,"Fee record for term 3"
STU0001298,Student 1298,6,C,Arts,Library,22000,22000,0,Paid,Cheque,2026-07-28,2026-05-12,2025-2026,guardian1298@example.com,"Fee record for term 3"
STU0001299,Student 1299,4,D,Commerce,Activity,22000,0,22000,Waived,NEFT,2026-02-26,2026-07-24,2025-2026,guardian1299@example.com,"Fee record for term 1"
STU0001300,Student 1300,9,D,Senior,Transport,30000,7500,22500,Partial,Cash,2026-08-24,2026-07-18,2025-2026,guardian1300@example.com,"Fee record for term 2"
STU0001301,Student 1301,4,A,Science,Hostel,30000,0,30000,Pending,Card,2026-06-26,2026-07-10,2025-2026,guardian1301@example.com,"Fee record for term 3"
STU0001302,Student 1302,2,B,Science,Transport,18000,0,18000,Waived,UPI,2026-01-26,2026-03-26,2025-2026,guardian1302@example.com,"Fee record for term 2"
STU0001303,Student 1303,8,D,Science,Hostel,22000,22000,0,Paid,Card,2026-09-13,2026-02-23,2025-2026,guardian1303@example.com,"Fee record for term 3"
STU0001304,Student 1304,4,B,Pre-Primary,Library,18000,0,18000,Pending,Cheque,2026-05-25,2026-06-17,2025-2026,guardian1304@example.com,"Fee record for term 2"
STU0001305,Student 1305,7,B,Science,Activity,18000,0,18000,Pending,UPI,2026-04-13,2026-09-10,2025-2026,guardian1305@example.com,"Fee record for term 2"
STU0001306,Student 1306,9,B,Senior,Exam,12000,9000,3000,Partial,NEFT,2026-08-10,2026-04-27,2025-2026,guardian1306@example.com,"Fee record for term 1"
STU0001307,Student 1307,10,B,Senior,Hostel,15000,3750,11250,Partial,UPI,2026-04-13,2026-01-19,2025-2026,guardian1307@example.com,"Fee record for term 1"
STU0001308,Student 1308,4,B,Senior,Lab,18000,18000,0,Paid,Cheque,2026-08-11,2026-03-16,2025-2026,guardian1308@example.com,"Fee record for term 2"
STU0001309,Student 1309,3,B,Secondary,Library,30000,30000,0,Paid,Cheque,2026-06-27,2026-06-22,2025-2026,guardian1309@example.com,"Fee record for term 3"
STU0001310,Student 1310,8,A,Primary,Activity,12000,12000,0,Paid,UPI,2026-08-15,2026-09-15,2025-2026,guardian1310@example.com,"Fee record for term 3"
STU0001311,Student 1311,8,D,Pre-Primary,Lab,22000,0,22000,Overdue,Cheque,2026-06-19,2026-06-18,2025-2026,guardian1311@example.com,"Fee record for term 3"
STU0001312,Student 1312,4,D,Senior,Lab,12000,12000,0,Paid,Cash,2026-01-28,2026-04-16,2025-2026,guardian1312@example.com,"Fee record for term 2"
STU0001313,Student 1313,1,D,Arts,Tuition,15000,0,15000,Pending,Cheque,2026-02-14,2026-02-17,2025-2026,guardian1313@example.com,"Fee record for term 3"
STU0001314,Student 1314,6,A,Commerce,Lab,18000,0,18000,Pending,UPI,2026-02-22,2026-02-15,2025-2026,guardian1314@example.com,"Fee record for term 3"
STU0001315,Student 1315,9,C,Secondary,Hostel,12000,0,12000,Pending,UPI,2026-09-27,2026-06-27,2025-2026,guardian1315@example.com,"Fee record for term 2"
STU0001316,Student 1316,7,D,Senior,Activity,12000,0,12000,Waived,UPI,2026-07-12,2026-06-17,2025-2026,guardian1316@example.com,"Fee record for term 2"
STU0001317,Student 1317,12,D,Senior,Library,30000,30000,0,Paid,Cash,2026-08-25,2026-02-20,2025-2026,guardian1317@example.com,"Fee record for term 2"
STU0001318,Student 1318,12,C,Pre-Primary,Hostel,25000,0,25000,Waived,Card,2026-01-11,2026-03-27,2025-2026,guardian1318@example.com,"Fee record for term 2"
STU0001319,Student 1319,12,B,Primary,Transport,15000,0,15000,Pending,Cheque,2026-04-27,2026-06-25,2025-2026,guardian1319@example.com,"Fee record for term 1"
STU0001320,Student 1320,2,C,Primary,Activity,18000,0,18000,Pending,UPI,2026-08-25,2026-01-23,2025-2026,guardian1320@example.com,"Fee record for term 2"
STU0001321,Student 1321,2,A,Science,Tuition,25000,12500,12500,Partial,Card,2026-04-14,2026-04-17,2025-2026,guardian1321@example.com,"Fee record for term 2"
STU0001322,Student 1322,11,B,Commerce,Exam,12000,0,12000,Overdue,UPI,2026-02-27,2026-06-20,2025-2026,guardian1322@example.com,"Fee record for term 3"
STU0001323,Student 1323,3,B,Arts,Lab,22000,0,22000,Waived,Cash,2026-07-16,2026-02-21,2025-2026,guardian1323@example.com,"Fee record for term 1"
STU0001324,Student 1324,2,D,Secondary,Lab,18000,0,18000,Overdue,Card,2026-09-23,2026-03-11,2025-2026,guardian1324@example.com,"Fee record for term 2"
STU0001325,Student 1325,8,A,Secondary,Lab,15000,0,15000,Overdue,Cash,2026-09-12,2026-03-25,2025-2026,guardian1325@example.com,"Fee record for term 2"
STU0001326,Student 1326,12,C,Secondary,Tuition,15000,15000,0,Paid,NEFT,2026-03-14,2026-03-23,2025-2026,guardian1326@example.com,"Fee record for term 2"
STU0001327,Student 1327,8,A,Senior,Lab,15000,15000,0,Paid,Card,2026-04-25,2026-05-24,2025-2026,guardian1327@example.com,"Fee record for term 2"
STU0001328,Student 1328,12,D,Science,Transport,12000,0,12000,Overdue,UPI,2026-08-27,2026-06-20,2025-2026,guardian1328@example.com,"Fee record for term 1"
STU0001329,Student 1329,12,B,Primary,Activity,30000,30000,0,Paid,Cheque,2026-02-27,2026-02-12,2025-2026,guardian1329@example.com,"Fee record for term 1"
STU0001330,Student 1330,6,C,Science,Exam,18000,0,18000,Pending,UPI,2026-04-14,2026-08-17,2025-2026,guardian1330@example.com,"Fee record for term 1"
STU0001331,Student 1331,12,B,Arts,Library,22000,16500,5500,Partial,Card,2026-06-28,2026-06-20,2025-2026,guardian1331@example.com,"Fee record for term 2"
STU0001332,Student 1332,3,B,Arts,Hostel,25000,0,25000,Waived,Cash,2026-04-22,2026-09-10,2025-2026,guardian1332@example.com,"Fee record for term 2"
STU0001333,Student 1333,6,D,Secondary,Hostel,30000,0,30000,Pending,NEFT,2026-07-16,2026-06-14,2025-2026,guardian1333@example.com,"Fee record for term 3"
STU0001334,Student 1334,6,A,Commerce,Hostel,18000,0,18000,Waived,UPI,2026-09-24,2026-02-11,2025-2026,guardian1334@example.com,"Fee record for term 3"
STU0001335,Student 1335,4,D,Arts,Activity,22000,0,22000,Waived,UPI,2026-08-18,2026-07-10,2025-2026,guardian1335@example.com,"Fee record for term 3"
STU0001336,Student 1336,5,D,Science,Tuition,15000,11250,3750,Partial,Cheque,2026-02-12,2026-06-11,2025-2026,guardian1336@example.com,"Fee record for term 1"
STU0001337,Student 1337,3,B,Commerce,Hostel,25000,0,25000,Waived,NEFT,2026-06-23,2026-05-16,2025-2026,guardian1337@example.com,"Fee record for term 1"
STU0001338,Student 1338,7,B,Primary,Library,25000,0,25000,Waived,Cash,2026-03-27,2026-05-14,2025-2026,guardian1338@example.com,"Fee record for term 3"
STU0001339,Student 1339,4,B,Pre-Primary,Library,18000,9000,9000,Partial,Card,2026-08-18,2026-01-21,2025-2026,guardian1339@example.com,"Fee record for term 3"
STU0001340,Student 1340,1,D,Commerce,Exam,22000,0,22000,Overdue,Card,2026-05-14,2026-01-19,2025-2026,guardian1340@example.com,"Fee record for term 3"
STU0001341,Student 1341,1,C,Secondary,Hostel,18000,0,18000,Overdue,Cash,2026-09-24,2026-05-21,2025-2026,guardian1341@example.com,"Fee record for term 2"
STU0001342,Student 1342,5,B,Commerce,Lab,22000,0,22000,Waived,Cheque,2026-08-12,2026-02-28,2025-2026,guardian1342@example.com,"Fee record for term 2"
STU0001343,Student 1343,5,C,Pre-Primary,Exam,15000,15000,0,Paid,Card,2026-09-11,2026-01-13,2025-2026,guardian1343@example.com,"Fee record for term 1"
STU0001344,Student 1344,10,A,Senior,Transport,15000,0,15000,Pending,NEFT,2026-03-17,2026-08-12,2025-2026,guardian1344@example.com,"Fee record for term 3"
STU0001345,Student 1345,9,A,Science,Library,30000,30000,0,Paid,UPI,2026-08-26,2026-06-27,2025-2026,guardian1345@example.com,"Fee record for term 2"
STU0001346,Student 1346,2,B,Arts,Activity,25000,25000,0,Paid,Card,2026-09-13,2026-09-22,2025-2026,guardian1346@example.com,"Fee record for term 1"
STU0001347,Student 1347,9,C,Secondary,Lab,22000,16500,5500,Partial,UPI,2026-01-17,2026-03-16,2025-2026,guardian1347@example.com,"Fee record for term 1"
STU0001348,Student 1348,11,A,Primary,Transport,12000,0,12000,Pending,Card,2026-02-13,2026-03-11,2025-2026,guardian1348@example.com,"Fee record for term 3"
STU0001349,Student 1349,1,A,Primary,Exam,12000,0,12000,Waived,Cheque,2026-02-11,2026-07-11,2025-2026,guardian1349@example.com,"Fee record for term 2"
STU0001350,Student 1350,10,A,Primary,Lab,15000,0,15000,Pending,UPI,2026-03-11,2026-03-16,2025-2026,guardian1350@example.com,"Fee record for term 3"
STU0001351,Student 1351,3,A,Arts,Library,25000,12500,12500,Partial,Cash,2026-07-28,2026-07-22,2025-2026,guardian1351@example.com,"Fee record for term 1"
STU0001352,Student 1352,9,C,Science,Activity,18000,0,18000,Waived,Cheque,2026-01-22,2026-08-22,2025-2026,guardian1352@example.com,"Fee record for term 1"
STU0001353,Student 1353,8,D,Secondary,Transport,12000,0,12000,Overdue,Cash,2026-01-14,2026-03-28,2025-2026,guardian1353@example.com,"Fee record for term 1"
STU0001354,Student 1354,12,C,Primary,Lab,18000,0,18000,Waived,Cash,2026-04-26,2026-04-15,2025-2026,guardian1354@example.com,"Fee record for term 2"
STU0001355,Student 1355,4,C,Science,Transport,25000,0,25000,Waived,Cheque,2026-02-23,2026-01-13,2025-2026,guardian1355@example.com,"Fee record for term 3"
STU0001356,Student 1356,8,B,Secondary,Tuition,22000,0,22000,Waived,Card,2026-07-25,2026-09-24,2025-2026,guardian1356@example.com,"Fee record for term 2"
STU0001357,Student 1357,4,D,Primary,Transport,30000,30000,0,Paid,Cheque,2026-08-16,2026-07-24,2025-2026,guardian1357@example.com,"Fee record for term 1"
STU0001358,Student 1358,5,A,Senior,Lab,15000,11250,3750,Partial,UPI,2026-09-13,2026-08-16,2025-2026,guardian1358@example.com,"Fee record for term 3"
STU0001359,Student 1359,8,B,Commerce,Transport,22000,22000,0,Paid,NEFT,2026-01-19,2026-03-16,2025-2026,guardian1359@example.com,"Fee record for term 3"
STU0001360,Student 1360,6,D,Primary,Library,25000,0,25000,Overdue,Cheque,2026-01-23,2026-06-22,2025-2026,guardian1360@example.com,"Fee record for term 3"
STU0001361,Student 1361,10,B,Pre-Primary,Exam,22000,11000,11000,Partial,NEFT,2026-05-15,2026-04-15,2025-2026,guardian1361@example.com,"Fee record for term 2"
STU0001362,Student 1362,9,D,Pre-Primary,Hostel,30000,15000,15000,Partial,Cheque,2026-03-22,2026-04-11,2025-2026,guardian1362@example.com,"Fee record for term 2"
STU0001363,Student 1363,5,D,Science,Exam,22000,0,22000,Overdue,Cheque,2026-05-12,2026-03-28,2025-2026,guardian1363@example.com,"Fee record for term 2"
STU0001364,Student 1364,1,A,Science,Activity,25000,18750,6250,Partial,Cash,2026-07-11,2026-08-25,2025-2026,guardian1364@example.com,"Fee record for term 2"
STU0001365,Student 1365,4,B,Science,Library,18000,0,18000,Waived,NEFT,2026-02-17,2026-09-11,2025-2026,guardian1365@example.com,"Fee record for term 2"
STU0001366,Student 1366,5,D,Secondary,Transport,15000,0,15000,Overdue,UPI,2026-05-16,2026-02-18,2025-2026,guardian1366@example.com,"Fee record for term 2"
STU0001367,Student 1367,5,B,Commerce,Hostel,15000,0,15000,Waived,NEFT,2026-05-17,2026-01-18,2025-2026,guardian1367@example.com,"Fee record for term 2"
STU0001368,Student 1368,10,B,Arts,Exam,25000,25000,0,Paid,Cash,2026-05-24,2026-09-10,2025-2026,guardian1368@example.com,"Fee record for term 2"
STU0001369,Student 1369,12,D,Secondary,Library,18000,0,18000,Pending,NEFT,2026-05-11,2026-03-25,2025-2026,guardian1369@example.com,"Fee record for term 1"
STU0001370,Student 1370,5,B,Arts,Library,12000,0,12000,Overdue,Cheque,2026-04-15,2026-06-24,2025-2026,guardian1370@example.com,"Fee record for term 3"
STU0001371,Student 1371,7,B,Primary,Library,15000,15000,0,Paid,Cash,2026-05-15,2026-04-13,2025-2026,guardian1371@example.com,"Fee record for term 2"
STU0001372,Student 1372,1,B,Primary,Tuition,25000,0,25000,Pending,UPI,2026-01-17,2026-05-15,2025-2026,guardian1372@example.com,"Fee record for term 2"
STU0001373,Student 1373,10,C,Primary,Activity,30000,0,30000,Pending,Cash,2026-03-20,2026-07-17,2025-2026,guardian1373@example.com,"Fee record for term 2"
STU0001374,Student 1374,5,B,Primary,Lab,30000,30000,0,Paid,NEFT,2026-07-27,2026-01-18,2025-2026,guardian1374@example.com,"Fee record for term 3"
STU0001375,Student 1375,10,D,Arts,Lab,15000,0,15000,Overdue,Cash,2026-01-17,2026-05-25,2025-2026,guardian1375@example.com,"Fee record for term 3"
STU0001376,Student 1376,11,B,Primary,Hostel,22000,22000,0,Paid,Cash,2026-04-27,2026-07-19,2025-2026,guardian1376@example.com,"Fee record for term 3"
STU0001377,Student 1377,6,B,Pre-Primary,Exam,18000,13500,4500,Partial,Card,2026-09-13,2026-04-10,2025-2026,guardian1377@example.com,"Fee record for term 2"
STU0001378,Student 1378,3,C,Primary,Tuition,30000,22500,7500,Partial,NEFT,2026-06-22,2026-07-24,2025-2026,guardian1378@example.com,"Fee record for term 3"
STU0001379,Student 1379,6,B,Commerce,Lab,22000,0,22000,Overdue,Card,2026-08-11,2026-03-17,2025-2026,guardian1379@example.com,"Fee record for term 2"
STU0001380,Student 1380,9,D,Senior,Hostel,30000,30000,0,Paid,Cash,2026-09-12,2026-04-15,2025-2026,guardian1380@example.com,"Fee record for term 1"
STU0001381,Student 1381,6,B,Secondary,Transport,30000,0,30000,Pending,NEFT,2026-05-17,2026-09-22,2025-2026,guardian1381@example.com,"Fee record for term 1"
STU0001382,Student 1382,5,A,Science,Activity,18000,13500,4500,Partial,Cheque,2026-05-25,2026-05-21,2025-2026,guardian1382@example.com,"Fee record for term 1"
STU0001383,Student 1383,8,A,Pre-Primary,Transport,22000,22000,0,Paid,Cheque,2026-01-13,2026-08-14,2025-2026,guardian1383@example.com,"Fee record for term 1"
STU0001384,Student 1384,5,D,Secondary,Lab,18000,18000,0,Paid,Card,2026-01-10,2026-09-21,2025-2026,guardian1384@example.com,"Fee record for term 1"
STU0001385,Student 1385,2,A,Secondary,Lab,22000,0,22000,Pending,Card,2026-08-16,2026-05-10,2025-2026,guardian1385@example.com,"Fee record for term 2"
STU0001386,Student 1386,1,D,Commerce,Lab,30000,0,30000,Pending,UPI,2026-01-21,2026-04-22,2025-2026,guardian1386@example.com,"Fee record for term 3"
STU0001387,Student 1387,10,A,Secondary,Exam,30000,30000,0,Paid,Cheque,2026-01-20,2026-05-11,2025-2026,guardian1387@example.com,"Fee record for term 2"
STU0001388,Student 1388,10,A,Science,Tuition,22000,0,22000,Waived,Cash,2026-07-18,2026-04-28,2025-2026,guardian1388@example.com,"Fee record for term 1"
STU0001389,Student 1389,6,D,Science,Transport,12000,0,12000,Overdue,Cash,2026-02-11,2026-07-20,2025-2026,guardian1389@example.com,"Fee record for term 3"
STU0001390,Student 1390,4,A,Arts,Tuition,25000,0,25000,Pending,Card,2026-08-25,2026-03-19,2025-2026,guardian1390@example.com,"Fee record for term 2"
STU0001391,Student 1391,12,A,Commerce,Library,18000,9000,9000,Partial,UPI,2026-09-21,2026-04-13,2025-2026,guardian1391@example.com,"Fee record for term 2"
STU0001392,Student 1392,7,B,Science,Hostel,30000,0,30000,Waived,NEFT,2026-09-26,2026-03-16,2025-2026,guardian1392@example.com,"Fee record for term 3"
STU0001393,Student 1393,1,B,Primary,Exam,30000,0,30000,Overdue,NEFT,2026-09-20,2026-06-26,2025-2026,guardian1393@example.com,"Fee record for term 1"
STU0001394,Student 1394,2,D,Secondary,Transport,22000,22000,0,Paid,Cheque,2026-09-19,2026-09-25,2025-2026,guardian1394@example.com,"Fee record for term 3"
STU0001395,Student 1395,5,C,Pre-Primary,Tuition,12000,12000,0,Paid,NEFT,2026-05-22,2026-05-19,2025-2026,guardian1395@example.com,"Fee record for term 3"
STU0001396,Student 1396,8,B,Senior,Hostel,15000,0,15000,Waived,UPI,2026-02-24,2026-04-26,2025-2026,guardian1396@example.com,"Fee record for term 2"
STU0001397,Student 1397,2,A,Secondary,Exam,18000,18000,0,Paid,UPI,2026-04-11,2026-05-24,2025-2026,guardian1397@example.com,"Fee record for term 2"
STU0001398,Student 1398,5,B,Pre-Primary,Hostel,30000,0,30000,Pending,Cash,2026-02-24,2026-06-16,2025-2026,guardian1398@example.com,"Fee record for term 2"
STU0001399,Student 1399,8,D,Senior,Library,25000,0,25000,Pending,NEFT,2026-01-12,2026-04-27,2025-2026,guardian1399@example.com,"Fee record for term 1"
STU0001400,Student 1400,10,C,Primary,Activity,30000,0,30000,Pending,UPI,2026-04-28,2026-04-24,2025-2026,guardian1400@example.com,"Fee record for term 3"
STU0001401,Student 1401,5,D,Pre-Primary,Exam,18000,0,18000,Waived,Cash,2026-08-14,2026-05-19,2025-2026,guardian1401@example.com,"Fee record for term 1"
STU0001402,Student 1402,3,A,Science,Transport,15000,0,15000,Pending,Cash,2026-09-26,2026-06-23,2025-2026,guardian1402@example.com,"Fee record for term 1"
STU0001403,Student 1403,6,D,Secondary,Lab,15000,0,15000,Pending,Card,2026-05-17,2026-06-20,2025-2026,guardian1403@example.com,"Fee record for term 3"
STU0001404,Student 1404,12,D,Secondary,Exam,30000,0,30000,Overdue,Cheque,2026-06-11,2026-06-13,2025-2026,guardian1404@example.com,"Fee record for term 1"
STU0001405,Student 1405,5,A,Science,Activity,15000,0,15000,Waived,Cheque,2026-07-12,2026-02-15,2025-2026,guardian1405@example.com,"Fee record for term 3"
STU0001406,Student 1406,12,D,Secondary,Hostel,25000,0,25000,Waived,UPI,2026-04-24,2026-01-19,2025-2026,guardian1406@example.com,"Fee record for term 1"
STU0001407,Student 1407,9,D,Senior,Exam,22000,5500,16500,Partial,UPI,2026-03-11,2026-05-21,2025-2026,guardian1407@example.com,"Fee record for term 3"
STU0001408,Student 1408,1,C,Senior,Exam,30000,30000,0,Paid,Cash,2026-01-14,2026-08-12,2025-2026,guardian1408@example.com,"Fee record for term 2"
STU0001409,Student 1409,7,C,Senior,Hostel,25000,0,25000,Waived,Cash,2026-05-16,2026-08-25,2025-2026,guardian1409@example.com,"Fee record for term 2"
STU0001410,Student 1410,7,A,Pre-Primary,Exam,30000,0,30000,Waived,Card,2026-03-19,2026-06-14,2025-2026,guardian1410@example.com,"Fee record for term 2"
STU0001411,Student 1411,4,A,Commerce,Activity,25000,0,25000,Waived,NEFT,2026-04-15,2026-06-11,2025-2026,guardian1411@example.com,"Fee record for term 2"
STU0001412,Student 1412,5,C,Science,Activity,15000,0,15000,Pending,Card,2026-01-17,2026-01-10,2025-2026,guardian1412@example.com,"Fee record for term 3"
STU0001413,Student 1413,9,C,Arts,Lab,22000,22000,0,Paid,Cheque,2026-06-23,2026-08-27,2025-2026,guardian1413@example.com,"Fee record for term 1"
STU0001414,Student 1414,7,D,Secondary,Transport,30000,0,30000,Pending,Card,2026-04-10,2026-02-12,2025-2026,guardian1414@example.com,"Fee record for term 3"
STU0001415,Student 1415,6,A,Senior,Transport,15000,0,15000,Overdue,Cash,2026-02-24,2026-05-19,2025-2026,guardian1415@example.com,"Fee record for term 2"
STU0001416,Student 1416,10,B,Arts,Exam,30000,0,30000,Pending,UPI,2026-06-20,2026-03-28,2025-2026,guardian1416@example.com,"Fee record for term 3"
STU0001417,Student 1417,1,B,Senior,Hostel,18000,0,18000,Overdue,Card,2026-07-13,2026-01-28,2025-2026,guardian1417@example.com,"Fee record for term 1"
STU0001418,Student 1418,3,C,Commerce,Hostel,12000,0,12000,Pending,Cheque,2026-05-11,2026-01-12,2025-2026,guardian1418@example.com,"Fee record for term 1"
STU0001419,Student 1419,3,A,Science,Lab,18000,0,18000,Pending,UPI,2026-04-20,2026-08-11,2025-2026,guardian1419@example.com,"Fee record for term 3"
STU0001420,Student 1420,12,B,Senior,Hostel,15000,0,15000,Overdue,UPI,2026-03-24,2026-09-12,2025-2026,guardian1420@example.com,"Fee record for term 1"
STU0001421,Student 1421,7,B,Senior,Library,12000,0,12000,Overdue,UPI,2026-08-27,2026-08-26,2025-2026,guardian1421@example.com,"Fee record for term 1"
STU0001422,Student 1422,7,B,Senior,Library,25000,12500,12500,Partial,Cheque,2026-05-14,2026-03-12,2025-2026,guardian1422@example.com,"Fee record for term 2"
STU0001423,Student 1423,5,D,Senior,Hostel,12000,12000,0,Paid,Cash,2026-01-14,2026-08-21,2025-2026,guardian1423@example.com,"Fee record for term 2"
STU0001424,Student 1424,4,C,Secondary,Activity,15000,0,15000,Overdue,Cheque,2026-08-23,2026-03-12,2025-2026,guardian1424@example.com,"Fee record for term 3"
STU0001425,Student 1425,12,D,Arts,Lab,22000,0,22000,Waived,NEFT,2026-02-13,2026-06-11,2025-2026,guardian1425@example.com,"Fee record for term 1"
STU0001426,Student 1426,8,D,Commerce,Library,15000,0,15000,Overdue,Cheque,2026-05-10,2026-07-24,2025-2026,guardian1426@example.com,"Fee record for term 2"
STU0001427,Student 1427,9,A,Commerce,Transport,30000,0,30000,Overdue,Cheque,2026-04-11,2026-01-11,2025-2026,guardian1427@example.com,"Fee record for term 3"
STU0001428,Student 1428,2,C,Science,Transport,18000,4500,13500,Partial,NEFT,2026-09-11,2026-06-15,2025-2026,guardian1428@example.com,"Fee record for term 2"
STU0001429,Student 1429,11,B,Pre-Primary,Hostel,25000,0,25000,Waived,Cash,2026-02-12,2026-09-19,2025-2026,guardian1429@example.com,"Fee record for term 1"
STU0001430,Student 1430,10,D,Secondary,Lab,30000,0,30000,Overdue,UPI,2026-07-17,2026-01-27,2025-2026,guardian1430@example.com,"Fee record for term 2"
STU0001431,Student 1431,9,C,Senior,Tuition,18000,0,18000,Waived,UPI,2026-05-23,2026-01-22,2025-2026,guardian1431@example.com,"Fee record for term 3"
STU0001432,Student 1432,12,D,Senior,Library,18000,0,18000,Overdue,NEFT,2026-06-12,2026-05-13,2025-2026,guardian1432@example.com,"Fee record for term 1"
STU0001433,Student 1433,12,A,Commerce,Transport,25000,25000,0,Paid,UPI,2026-07-12,2026-07-21,2025-2026,guardian1433@example.com,"Fee record for term 1"
STU0001434,Student 1434,11,D,Primary,Library,15000,0,15000,Waived,Card,2026-05-25,2026-04-16,2025-2026,guardian1434@example.com,"Fee record for term 2"
STU0001435,Student 1435,7,D,Secondary,Library,30000,15000,15000,Partial,UPI,2026-02-16,2026-05-23,2025-2026,guardian1435@example.com,"Fee record for term 2"
STU0001436,Student 1436,5,C,Pre-Primary,Exam,15000,15000,0,Paid,Cash,2026-06-28,2026-05-18,2025-2026,guardian1436@example.com,"Fee record for term 1"
STU0001437,Student 1437,8,D,Arts,Exam,12000,12000,0,Paid,UPI,2026-05-14,2026-08-28,2025-2026,guardian1437@example.com,"Fee record for term 1"
STU0001438,Student 1438,4,D,Senior,Tuition,12000,0,12000,Waived,NEFT,2026-06-10,2026-01-24,2025-2026,guardian1438@example.com,"Fee record for term 1"
STU0001439,Student 1439,9,D,Secondary,Exam,18000,0,18000,Overdue,Card,2026-01-10,2026-01-12,2025-2026,guardian1439@example.com,"Fee record for term 3"
STU0001440,Student 1440,6,B,Pre-Primary,Exam,18000,18000,0,Paid,Cheque,2026-04-10,2026-03-21,2025-2026,guardian1440@example.com,"Fee record for term 3"
STU0001441,Student 1441,5,D,Commerce,Hostel,12000,0,12000,Pending,Cash,2026-06-28,2026-06-20,2025-2026,guardian1441@example.com,"Fee record for term 3"
STU0001442,Student 1442,9,B,Primary,Activity,18000,4500,13500,Partial,Card,2026-02-10,2026-03-27,2025-2026,guardian1442@example.com,"Fee record for term 2"
STU0001443,Student 1443,4,C,Secondary,Library,15000,15000,0,Paid,NEFT,2026-05-10,2026-05-17,2025-2026,guardian1443@example.com,"Fee record for term 3"
STU0001444,Student 1444,6,B,Secondary,Exam,18000,4500,13500,Partial,Cash,2026-03-14,2026-09-28,2025-2026,guardian1444@example.com,"Fee record for term 1"
STU0001445,Student 1445,3,C,Commerce,Exam,15000,15000,0,Paid,NEFT,2026-07-14,2026-07-10,2025-2026,guardian1445@example.com,"Fee record for term 3"
STU0001446,Student 1446,3,C,Pre-Primary,Hostel,12000,0,12000,Pending,Cheque,2026-07-24,2026-02-11,2025-2026,guardian1446@example.com,"Fee record for term 1"
STU0001447,Student 1447,12,A,Science,Transport,25000,0,25000,Overdue,Cheque,2026-02-12,2026-07-23,2025-2026,guardian1447@example.com,"Fee record for term 1"
STU0001448,Student 1448,5,A,Pre-Primary,Tuition,25000,0,25000,Waived,Cheque,2026-08-27,2026-06-22,2025-2026,guardian1448@example.com,"Fee record for term 2"
STU0001449,Student 1449,12,B,Pre-Primary,Library,22000,0,22000,Waived,Cheque,2026-08-11,2026-08-16,2025-2026,guardian1449@example.com,"Fee record for term 2"
STU0001450,Student 1450,10,D,Primary,Library,15000,15000,0,Paid,Card,2026-03-21,2026-02-14,2025-2026,guardian1450@example.com,"Fee record for term 3"
STU0001451,Student 1451,10,A,Secondary,Activity,18000,9000,9000,Partial,Cash,2026-09-13,2026-04-22,2025-2026,guardian1451@example.com,"Fee record for term 1"
STU0001452,Student 1452,1,A,Pre-Primary,Exam,12000,0,12000,Waived,Cash,2026-07-11,2026-05-21,2025-2026,guardian1452@example.com,"Fee record for term 2"
STU0001453,Student 1453,5,A,Arts,Exam,22000,16500,5500,Partial,Card,2026-06-10,2026-01-21,2025-2026,guardian1453@example.com,"Fee record for term 2"
STU0001454,Student 1454,8,D,Commerce,Exam,30000,0,30000,Waived,Cash,2026-01-12,2026-04-10,2025-2026,guardian1454@example.com,"Fee record for term 1"
STU0001455,Student 1455,2,A,Arts,Library,15000,3750,11250,Partial,Card,2026-07-17,2026-04-22,2025-2026,guardian1455@example.com,"Fee record for term 2"
STU0001456,Student 1456,8,A,Arts,Exam,22000,0,22000,Pending,UPI,2026-04-21,2026-05-22,2025-2026,guardian1456@example.com,"Fee record for term 2"
STU0001457,Student 1457,3,A,Senior,Transport,12000,12000,0,Paid,NEFT,2026-04-24,2026-07-19,2025-2026,guardian1457@example.com,"Fee record for term 2"
STU0001458,Student 1458,2,D,Science,Library,25000,0,25000,Overdue,UPI,2026-03-25,2026-01-28,2025-2026,guardian1458@example.com,"Fee record for term 2"
STU0001459,Student 1459,5,D,Pre-Primary,Tuition,15000,15000,0,Paid,Cheque,2026-08-12,2026-06-24,2025-2026,guardian1459@example.com,"Fee record for term 2"
STU0001460,Student 1460,6,B,Pre-Primary,Activity,30000,0,30000,Waived,Card,2026-07-13,2026-05-15,2025-2026,guardian1460@example.com,"Fee record for term 2"
STU0001461,Student 1461,5,C,Arts,Activity,15000,0,15000,Pending,Cheque,2026-02-23,2026-09-17,2025-2026,guardian1461@example.com,"Fee record for term 1"
STU0001462,Student 1462,2,C,Senior,Hostel,15000,15000,0,Paid,Cheque,2026-01-26,2026-07-14,2025-2026,guardian1462@example.com,"Fee record for term 3"
STU0001463,Student 1463,11,B,Secondary,Hostel,15000,0,15000,Waived,Card,2026-05-22,2026-04-16,2025-2026,guardian1463@example.com,"Fee record for term 1"
STU0001464,Student 1464,12,D,Primary,Activity,15000,7500,7500,Partial,Cheque,2026-01-10,2026-05-10,2025-2026,guardian1464@example.com,"Fee record for term 2"
STU0001465,Student 1465,12,A,Arts,Lab,15000,15000,0,Paid,Card,2026-02-18,2026-03-10,2025-2026,guardian1465@example.com,"Fee record for term 1"
STU0001466,Student 1466,9,D,Commerce,Hostel,25000,0,25000,Overdue,Card,2026-01-21,2026-05-13,2025-2026,guardian1466@example.com,"Fee record for term 3"
STU0001467,Student 1467,6,D,Pre-Primary,Transport,15000,15000,0,Paid,Cash,2026-05-24,2026-06-24,2025-2026,guardian1467@example.com,"Fee record for term 2"
STU0001468,Student 1468,6,B,Senior,Lab,25000,0,25000,Pending,Cheque,2026-08-12,2026-07-22,2025-2026,guardian1468@example.com,"Fee record for term 1"
STU0001469,Student 1469,2,D,Secondary,Activity,15000,0,15000,Waived,Cash,2026-02-24,2026-06-12,2025-2026,guardian1469@example.com,"Fee record for term 1"
STU0001470,Student 1470,9,B,Senior,Transport,15000,0,15000,Overdue,Cheque,2026-07-11,2026-04-20,2025-2026,guardian1470@example.com,"Fee record for term 1"
STU0001471,Student 1471,1,A,Primary,Library,18000,18000,0,Paid,UPI,2026-08-25,2026-08-11,2025-2026,guardian1471@example.com,"Fee record for term 1"
STU0001472,Student 1472,12,C,Science,Library,18000,0,18000,Pending,Cheque,2026-08-21,2026-07-23,2025-2026,guardian1472@example.com,"Fee record for term 2"
STU0001473,Student 1473,3,A,Pre-Primary,Lab,18000,0,18000,Overdue,Cheque,2026-07-13,2026-04-27,2025-2026,guardian1473@example.com,"Fee record for term 1"
STU0001474,Student 1474,2,C,Secondary,Activity,25000,25000,0,Paid,Card,2026-03-17,2026-08-27,2025-2026,guardian1474@example.com,"Fee record for term 1"
STU0001475,Student 1475,10,D,Science,Hostel,12000,0,12000,Overdue,Cheque,2026-03-24,2026-09-16,2025-2026,guardian1475@example.com,"Fee record for term 3"
STU0001476,Student 1476,3,D,Pre-Primary,Exam,15000,7500,7500,Partial,Card,2026-04-26,2026-02-21,2025-2026,guardian1476@example.com,"Fee record for term 3"
STU0001477,Student 1477,4,B,Senior,Activity,12000,6000,6000,Partial,Cheque,2026-08-10,2026-05-18,2025-2026,guardian1477@example.com,"Fee record for term 3"
STU0001478,Student 1478,8,D,Senior,Activity,18000,18000,0,Paid,UPI,2026-02-16,2026-07-25,2025-2026,guardian1478@example.com,"Fee record for term 2"
STU0001479,Student 1479,4,B,Arts,Exam,25000,6250,18750,Partial,Cash,2026-02-22,2026-03-23,2025-2026,guardian1479@example.com,"Fee record for term 2"
STU0001480,Student 1480,2,D,Commerce,Library,15000,0,15000,Pending,Cheque,2026-08-22,2026-01-21,2025-2026,guardian1480@example.com,"Fee record for term 3"
STU0001481,Student 1481,6,C,Pre-Primary,Transport,12000,12000,0,Paid,Card,2026-03-18,2026-05-16,2025-2026,guardian1481@example.com,"Fee record for term 2"
STU0001482,Student 1482,12,A,Arts,Exam,15000,15000,0,Paid,Cash,2026-03-21,2026-05-21,2025-2026,guardian1482@example.com,"Fee record for term 1"
STU0001483,Student 1483,12,C,Senior,Hostel,22000,0,22000,Overdue,UPI,2026-09-24,2026-02-20,2025-2026,guardian1483@example.com,"Fee record for term 2"
STU0001484,Student 1484,9,D,Pre-Primary,Exam,30000,0,30000,Waived,Cash,2026-04-12,2026-09-23,2025-2026,guardian1484@example.com,"Fee record for term 2"
STU0001485,Student 1485,4,B,Science,Transport,12000,0,12000,Overdue,Cash,2026-08-27,2026-01-19,2025-2026,guardian1485@example.com,"Fee record for term 3"
STU0001486,Student 1486,8,C,Primary,Activity,18000,18000,0,Paid,UPI,2026-04-20,2026-06-14,2025-2026,guardian1486@example.com,"Fee record for term 2"
STU0001487,Student 1487,11,C,Pre-Primary,Tuition,30000,7500,22500,Partial,UPI,2026-02-28,2026-09-17,2025-2026,guardian1487@example.com,"Fee record for term 2"
STU0001488,Student 1488,4,A,Secondary,Activity,12000,0,12000,Pending,NEFT,2026-06-24,2026-09-12,2025-2026,guardian1488@example.com,"Fee record for term 3"
STU0001489,Student 1489,10,D,Arts,Hostel,15000,0,15000,Pending,Cheque,2026-05-10,2026-07-23,2025-2026,guardian1489@example.com,"Fee record for term 2"
STU0001490,Student 1490,9,B,Science,Hostel,22000,11000,11000,Partial,UPI,2026-07-24,2026-02-21,2025-2026,guardian1490@example.com,"Fee record for term 3"
STU0001491,Student 1491,7,D,Pre-Primary,Lab,12000,6000,6000,Partial,UPI,2026-08-19,2026-02-11,2025-2026,guardian1491@example.com,"Fee record for term 3"
STU0001492,Student 1492,11,C,Senior,Exam,12000,3000,9000,Partial,Card,2026-05-18,2026-02-23,2025-2026,guardian1492@example.com,"Fee record for term 1"
STU0001493,Student 1493,2,A,Arts,Activity,18000,0,18000,Overdue,NEFT,2026-07-24,2026-05-19,2025-2026,guardian1493@example.com,"Fee record for term 2"
STU0001494,Student 1494,2,D,Secondary,Lab,18000,0,18000,Waived,NEFT,2026-07-22,2026-07-10,2025-2026,guardian1494@example.com,"Fee record for term 2"
STU0001495,Student 1495,9,A,Secondary,Library,18000,18000,0,Paid,Card,2026-06-10,2026-03-15,2025-2026,guardian1495@example.com,"Fee record for term 2"
STU0001496,Student 1496,11,A,Commerce,Exam,18000,0,18000,Overdue,NEFT,2026-02-25,2026-09-21,2025-2026,guardian1496@example.com,"Fee record for term 1"
STU0001497,Student 1497,12,B,Arts,Activity,25000,25000,0,Paid,Card,2026-08-24,2026-07-25,2025-2026,guardian1497@example.com,"Fee record for term 2"
STU0001498,Student 1498,5,A,Secondary,Activity,18000,0,18000,Waived,Card,2026-09-18,2026-07-13,2025-2026,guardian1498@example.com,"Fee record for term 2"
STU0001499,Student 1499,12,A,Science,Library,25000,6250,18750,Partial,Card,2026-01-14,2026-09-28,2025-2026,guardian1499@example.com,"Fee record for term 2"
STU0001500,Student 1500,8,A,Senior,Hostel,22000,0,22000,Pending,NEFT,2026-03-26,2026-02-10,2025-2026,guardian1500@example.com,"Fee record for term 3"
STU0001501,Student 1501,11,B,Arts,Hostel,30000,30000,0,Paid,Cheque,2026-08-13,2026-02-27,2025-2026,guardian1501@example.com,"Fee record for term 2"
STU0001502,Student 1502,12,C,Arts,Hostel,25000,0,25000,Pending,Cash,2026-01-10,2026-04-27,2025-2026,guardian1502@example.com,"Fee record for term 2"
STU0001503,Student 1503,5,C,Commerce,Exam,22000,11000,11000,Partial,Card,2026-06-22,2026-08-26,2025-2026,guardian1503@example.com,"Fee record for term 1"
STU0001504,Student 1504,1,A,Secondary,Library,18000,0,18000,Waived,NEFT,2026-09-22,2026-01-28,2025-2026,guardian1504@example.com,"Fee record for term 1"
STU0001505,Student 1505,11,B,Primary,Activity,22000,0,22000,Overdue,Cheque,2026-05-22,2026-07-27,2025-2026,guardian1505@example.com,"Fee record for term 1"
STU0001506,Student 1506,1,B,Science,Hostel,30000,7500,22500,Partial,Card,2026-05-22,2026-04-18,2025-2026,guardian1506@example.com,"Fee record for term 3"
STU0001507,Student 1507,5,C,Senior,Tuition,15000,0,15000,Pending,UPI,2026-07-21,2026-02-17,2025-2026,guardian1507@example.com,"Fee record for term 3"
STU0001508,Student 1508,4,D,Secondary,Hostel,18000,0,18000,Overdue,Cash,2026-09-20,2026-04-16,2025-2026,guardian1508@example.com,"Fee record for term 3"
STU0001509,Student 1509,12,A,Secondary,Exam,22000,22000,0,Paid,UPI,2026-09-27,2026-08-10,2025-2026,guardian1509@example.com,"Fee record for term 3"
STU0001510,Student 1510,12,C,Commerce,Tuition,22000,22000,0,Paid,NEFT,2026-01-14,2026-05-24,2025-2026,guardian1510@example.com,"Fee record for term 1"
STU0001511,Student 1511,8,B,Secondary,Hostel,15000,0,15000,Pending,Cash,2026-04-24,2026-02-27,2025-2026,guardian1511@example.com,"Fee record for term 3"
STU0001512,Student 1512,11,C,Secondary,Tuition,15000,0,15000,Overdue,NEFT,2026-01-21,2026-05-22,2025-2026,guardian1512@example.com,"Fee record for term 1"
STU0001513,Student 1513,9,D,Secondary,Tuition,22000,0,22000,Overdue,Card,2026-07-13,2026-04-15,2025-2026,guardian1513@example.com,"Fee record for term 1"
STU0001514,Student 1514,7,A,Arts,Lab,22000,5500,16500,Partial,Cheque,2026-03-25,2026-09-15,2025-2026,guardian1514@example.com,"Fee record for term 3"
STU0001515,Student 1515,2,A,Secondary,Lab,12000,12000,0,Paid,NEFT,2026-02-20,2026-05-23,2025-2026,guardian1515@example.com,"Fee record for term 2"
STU0001516,Student 1516,8,B,Secondary,Activity,15000,0,15000,Waived,NEFT,2026-09-26,2026-08-10,2025-2026,guardian1516@example.com,"Fee record for term 2"
STU0001517,Student 1517,4,C,Senior,Hostel,25000,0,25000,Waived,Cash,2026-05-18,2026-03-14,2025-2026,guardian1517@example.com,"Fee record for term 1"
STU0001518,Student 1518,10,B,Commerce,Transport,15000,3750,11250,Partial,UPI,2026-09-21,2026-03-10,2025-2026,guardian1518@example.com,"Fee record for term 1"
STU0001519,Student 1519,4,B,Arts,Transport,30000,0,30000,Overdue,Cash,2026-03-12,2026-09-13,2025-2026,guardian1519@example.com,"Fee record for term 1"
STU0001520,Student 1520,9,A,Commerce,Hostel,18000,0,18000,Waived,Cheque,2026-04-15,2026-06-17,2025-2026,guardian1520@example.com,"Fee record for term 2"
STU0001521,Student 1521,6,D,Commerce,Library,18000,0,18000,Pending,Card,2026-06-18,2026-06-10,2025-2026,guardian1521@example.com,"Fee record for term 3"
STU0001522,Student 1522,4,C,Pre-Primary,Lab,30000,22500,7500,Partial,Card,2026-01-26,2026-09-20,2025-2026,guardian1522@example.com,"Fee record for term 3"
STU0001523,Student 1523,12,A,Science,Activity,18000,0,18000,Overdue,Cash,2026-02-13,2026-08-22,2025-2026,guardian1523@example.com,"Fee record for term 3"
STU0001524,Student 1524,1,A,Primary,Exam,22000,22000,0,Paid,Cheque,2026-03-25,2026-05-11,2025-2026,guardian1524@example.com,"Fee record for term 3"
STU0001525,Student 1525,6,B,Commerce,Activity,22000,22000,0,Paid,Cash,2026-05-12,2026-05-21,2025-2026,guardian1525@example.com,"Fee record for term 3"
STU0001526,Student 1526,8,C,Senior,Transport,15000,0,15000,Pending,UPI,2026-02-17,2026-08-13,2025-2026,guardian1526@example.com,"Fee record for term 1"
STU0001527,Student 1527,5,B,Science,Library,15000,0,15000,Overdue,UPI,2026-03-27,2026-01-14,2025-2026,guardian1527@example.com,"Fee record for term 3"
STU0001528,Student 1528,9,B,Commerce,Activity,25000,0,25000,Waived,Card,2026-07-19,2026-05-16,2025-2026,guardian1528@example.com,"Fee record for term 3"
STU0001529,Student 1529,8,A,Senior,Tuition,15000,0,15000,Pending,Card,2026-08-11,2026-03-24,2025-2026,guardian1529@example.com,"Fee record for term 1"
STU0001530,Student 1530,4,B,Secondary,Exam,15000,0,15000,Overdue,Card,2026-09-20,2026-01-19,2025-2026,guardian1530@example.com,"Fee record for term 2"
STU0001531,Student 1531,1,C,Pre-Primary,Hostel,18000,0,18000,Waived,Card,2026-04-12,2026-04-16,2025-2026,guardian1531@example.com,"Fee record for term 1"
STU0001532,Student 1532,11,C,Arts,Hostel,12000,0,12000,Overdue,Cheque,2026-06-23,2026-04-15,2025-2026,guardian1532@example.com,"Fee record for term 2"
STU0001533,Student 1533,10,D,Science,Transport,22000,5500,16500,Partial,UPI,2026-05-12,2026-07-20,2025-2026,guardian1533@example.com,"Fee record for term 1"
STU0001534,Student 1534,6,A,Primary,Library,18000,0,18000,Waived,Cheque,2026-08-16,2026-06-17,2025-2026,guardian1534@example.com,"Fee record for term 3"
STU0001535,Student 1535,7,C,Senior,Activity,30000,0,30000,Pending,Cheque,2026-09-21,2026-08-12,2025-2026,guardian1535@example.com,"Fee record for term 2"
STU0001536,Student 1536,2,A,Primary,Tuition,22000,0,22000,Overdue,NEFT,2026-01-18,2026-04-14,2025-2026,guardian1536@example.com,"Fee record for term 3"
STU0001537,Student 1537,3,A,Science,Hostel,12000,12000,0,Paid,NEFT,2026-04-20,2026-09-21,2025-2026,guardian1537@example.com,"Fee record for term 3"
STU0001538,Student 1538,9,C,Secondary,Library,30000,0,30000,Overdue,Cheque,2026-04-12,2026-06-10,2025-2026,guardian1538@example.com,"Fee record for term 1"
STU0001539,Student 1539,8,B,Secondary,Tuition,25000,25000,0,Paid,UPI,2026-07-20,2026-07-28,2025-2026,guardian1539@example.com,"Fee record for term 2"
STU0001540,Student 1540,11,B,Arts,Tuition,22000,0,22000,Overdue,Cheque,2026-07-27,2026-06-18,2025-2026,guardian1540@example.com,"Fee record for term 2"
STU0001541,Student 1541,1,A,Pre-Primary,Exam,15000,0,15000,Pending,Cheque,2026-05-15,2026-07-19,2025-2026,guardian1541@example.com,"Fee record for term 3"
STU0001542,Student 1542,12,C,Pre-Primary,Exam,18000,0,18000,Waived,Cheque,2026-06-15,2026-08-12,2025-2026,guardian1542@example.com,"Fee record for term 1"
STU0001543,Student 1543,10,D,Senior,Lab,18000,0,18000,Waived,Cash,2026-06-28,2026-03-14,2025-2026,guardian1543@example.com,"Fee record for term 2"
STU0001544,Student 1544,12,A,Senior,Tuition,12000,6000,6000,Partial,Cash,2026-04-11,2026-05-21,2025-2026,guardian1544@example.com,"Fee record for term 1"
STU0001545,Student 1545,10,B,Secondary,Library,22000,22000,0,Paid,Cash,2026-07-13,2026-08-17,2025-2026,guardian1545@example.com,"Fee record for term 1"
STU0001546,Student 1546,7,B,Commerce,Tuition,12000,0,12000,Pending,Cash,2026-03-27,2026-04-16,2025-2026,guardian1546@example.com,"Fee record for term 3"
STU0001547,Student 1547,9,C,Senior,Exam,15000,0,15000,Waived,Card,2026-01-23,2026-06-25,2025-2026,guardian1547@example.com,"Fee record for term 3"
STU0001548,Student 1548,4,B,Pre-Primary,Transport,22000,0,22000,Overdue,UPI,2026-07-27,2026-01-19,2025-2026,guardian1548@example.com,"Fee record for term 1"
STU0001549,Student 1549,4,D,Primary,Library,15000,0,15000,Waived,UPI,2026-09-16,2026-02-22,2025-2026,guardian1549@example.com,"Fee record for term 2"
STU0001550,Student 1550,10,C,Senior,Transport,30000,0,30000,Waived,Cash,2026-01-10,2026-04-23,2025-2026,guardian1550@example.com,"Fee record for term 1"
STU0001551,Student 1551,4,D,Science,Tuition,12000,0,12000,Waived,UPI,2026-03-13,2026-07-10,2025-2026,guardian1551@example.com,"Fee record for term 2"
STU0001552,Student 1552,10,B,Science,Transport,18000,0,18000,Waived,Card,2026-06-13,2026-03-24,2025-2026,guardian1552@example.com,"Fee record for term 1"
STU0001553,Student 1553,6,A,Science,Lab,22000,0,22000,Pending,Card,2026-03-13,2026-09-15,2025-2026,guardian1553@example.com,"Fee record for term 2"
STU0001554,Student 1554,5,B,Secondary,Lab,22000,0,22000,Overdue,Cheque,2026-01-11,2026-07-14,2025-2026,guardian1554@example.com,"Fee record for term 1"
STU0001555,Student 1555,12,B,Senior,Library,15000,15000,0,Paid,Cash,2026-06-23,2026-01-11,2025-2026,guardian1555@example.com,"Fee record for term 3"
STU0001556,Student 1556,7,C,Pre-Primary,Tuition,15000,0,15000,Overdue,UPI,2026-07-27,2026-02-26,2025-2026,guardian1556@example.com,"Fee record for term 2"
STU0001557,Student 1557,5,A,Secondary,Hostel,25000,12500,12500,Partial,Card,2026-07-25,2026-04-20,2025-2026,guardian1557@example.com,"Fee record for term 3"
STU0001558,Student 1558,9,D,Pre-Primary,Exam,15000,0,15000,Pending,UPI,2026-09-25,2026-03-15,2025-2026,guardian1558@example.com,"Fee record for term 1"
STU0001559,Student 1559,3,A,Secondary,Exam,15000,0,15000,Overdue,Cheque,2026-09-16,2026-07-21,2025-2026,guardian1559@example.com,"Fee record for term 2"
STU0001560,Student 1560,11,C,Arts,Lab,18000,0,18000,Waived,Card,2026-05-10,2026-06-24,2025-2026,guardian1560@example.com,"Fee record for term 2"
STU0001561,Student 1561,1,A,Commerce,Library,30000,15000,15000,Partial,NEFT,2026-01-24,2026-02-23,2025-2026,guardian1561@example.com,"Fee record for term 3"
STU0001562,Student 1562,10,B,Primary,Exam,25000,0,25000,Pending,NEFT,2026-08-16,2026-01-10,2025-2026,guardian1562@example.com,"Fee record for term 3"
STU0001563,Student 1563,12,D,Pre-Primary,Lab,25000,0,25000,Pending,UPI,2026-09-10,2026-07-10,2025-2026,guardian1563@example.com,"Fee record for term 1"
STU0001564,Student 1564,8,C,Commerce,Hostel,12000,12000,0,Paid,Card,2026-05-22,2026-02-16,2025-2026,guardian1564@example.com,"Fee record for term 2"
STU0001565,Student 1565,2,D,Secondary,Activity,15000,15000,0,Paid,NEFT,2026-08-22,2026-03-19,2025-2026,guardian1565@example.com,"Fee record for term 1"
STU0001566,Student 1566,5,C,Secondary,Transport,15000,15000,0,Paid,Card,2026-07-22,2026-08-10,2025-2026,guardian1566@example.com,"Fee record for term 2"
STU0001567,Student 1567,4,D,Science,Activity,30000,0,30000,Pending,Cheque,2026-06-14,2026-01-21,2025-2026,guardian1567@example.com,"Fee record for term 1"
STU0001568,Student 1568,4,C,Secondary,Library,25000,0,25000,Overdue,UPI,2026-03-23,2026-08-15,2025-2026,guardian1568@example.com,"Fee record for term 2"
STU0001569,Student 1569,5,B,Commerce,Tuition,18000,13500,4500,Partial,UPI,2026-06-26,2026-05-20,2025-2026,guardian1569@example.com,"Fee record for term 3"
STU0001570,Student 1570,3,D,Senior,Library,12000,0,12000,Pending,Cash,2026-03-25,2026-07-19,2025-2026,guardian1570@example.com,"Fee record for term 3"
STU0001571,Student 1571,5,C,Senior,Transport,12000,0,12000,Pending,NEFT,2026-08-25,2026-08-20,2025-2026,guardian1571@example.com,"Fee record for term 1"
STU0001572,Student 1572,6,A,Pre-Primary,Exam,15000,0,15000,Pending,UPI,2026-05-10,2026-07-22,2025-2026,guardian1572@example.com,"Fee record for term 2"
STU0001573,Student 1573,11,B,Science,Lab,18000,0,18000,Waived,Cheque,2026-08-27,2026-09-23,2025-2026,guardian1573@example.com,"Fee record for term 3"
STU0001574,Student 1574,6,B,Senior,Library,22000,0,22000,Pending,Cheque,2026-04-28,2026-02-25,2025-2026,guardian1574@example.com,"Fee record for term 3"
STU0001575,Student 1575,9,D,Commerce,Hostel,25000,0,25000,Waived,UPI,2026-06-26,2026-08-27,2025-2026,guardian1575@example.com,"Fee record for term 3"
STU0001576,Student 1576,9,C,Commerce,Library,30000,0,30000,Waived,Card,2026-02-24,2026-08-17,2025-2026,guardian1576@example.com,"Fee record for term 3"
STU0001577,Student 1577,8,D,Senior,Exam,25000,25000,0,Paid,UPI,2026-01-27,2026-06-25,2025-2026,guardian1577@example.com,"Fee record for term 3"
STU0001578,Student 1578,6,C,Primary,Activity,25000,0,25000,Overdue,Cash,2026-01-13,2026-09-18,2025-2026,guardian1578@example.com,"Fee record for term 1"
STU0001579,Student 1579,6,A,Science,Transport,30000,30000,0,Paid,UPI,2026-06-21,2026-06-24,2025-2026,guardian1579@example.com,"Fee record for term 1"
STU0001580,Student 1580,12,C,Secondary,Library,25000,6250,18750,Partial,Cheque,2026-09-22,2026-05-17,2025-2026,guardian1580@example.com,"Fee record for term 2"
STU0001581,Student 1581,6,B,Commerce,Hostel,30000,30000,0,Paid,UPI,2026-06-21,2026-05-19,2025-2026,guardian1581@example.com,"Fee record for term 3"
STU0001582,Student 1582,9,C,Senior,Activity,22000,0,22000,Waived,Cheque,2026-07-18,2026-01-15,2025-2026,guardian1582@example.com,"Fee record for term 1"
STU0001583,Student 1583,3,B,Secondary,Activity,15000,11250,3750,Partial,Cheque,2026-06-27,2026-05-25,2025-2026,guardian1583@example.com,"Fee record for term 1"
STU0001584,Student 1584,5,D,Arts,Library,22000,0,22000,Overdue,NEFT,2026-09-17,2026-05-18,2025-2026,guardian1584@example.com,"Fee record for term 3"
STU0001585,Student 1585,5,B,Pre-Primary,Exam,22000,22000,0,Paid,NEFT,2026-01-22,2026-05-16,2025-2026,guardian1585@example.com,"Fee record for term 2"
STU0001586,Student 1586,12,C,Commerce,Tuition,22000,22000,0,Paid,UPI,2026-03-13,2026-01-14,2025-2026,guardian1586@example.com,"Fee record for term 1"
STU0001587,Student 1587,5,B,Arts,Exam,18000,0,18000,Waived,UPI,2026-02-19,2026-02-21,2025-2026,guardian1587@example.com,"Fee record for term 1"
STU0001588,Student 1588,12,D,Pre-Primary,Hostel,30000,0,30000,Overdue,UPI,2026-02-23,2026-01-20,2025-2026,guardian1588@example.com,"Fee record for term 2"
STU0001589,Student 1589,4,C,Arts,Activity,22000,22000,0,Paid,Card,2026-03-12,2026-02-11,2025-2026,guardian1589@example.com,"Fee record for term 3"
STU0001590,Student 1590,12,A,Secondary,Activity,30000,0,30000,Waived,Cash,2026-04-23,2026-07-17,2025-2026,guardian1590@example.com,"Fee record for term 1"
STU0001591,Student 1591,4,D,Primary,Hostel,18000,9000,9000,Partial,Cheque,2026-03-26,2026-07-25,2025-2026,guardian1591@example.com,"Fee record for term 1"
STU0001592,Student 1592,5,D,Commerce,Hostel,15000,0,15000,Waived,NEFT,2026-08-26,2026-07-12,2025-2026,guardian1592@example.com,"Fee record for term 3"
STU0001593,Student 1593,11,C,Primary,Tuition,12000,12000,0,Paid,Card,2026-08-21,2026-02-25,2025-2026,guardian1593@example.com,"Fee record for term 3"
STU0001594,Student 1594,4,A,Primary,Activity,12000,9000,3000,Partial,Card,2026-01-26,2026-01-26,2025-2026,guardian1594@example.com,"Fee record for term 2"
STU0001595,Student 1595,6,C,Primary,Transport,12000,3000,9000,Partial,UPI,2026-04-27,2026-07-18,2025-2026,guardian1595@example.com,"Fee record for term 3"
STU0001596,Student 1596,8,B,Commerce,Library,18000,18000,0,Paid,Cheque,2026-08-24,2026-02-12,2025-2026,guardian1596@example.com,"Fee record for term 2"
STU0001597,Student 1597,4,D,Science,Exam,15000,3750,11250,Partial,Card,2026-01-17,2026-09-14,2025-2026,guardian1597@example.com,"Fee record for term 1"
STU0001598,Student 1598,3,D,Secondary,Tuition,30000,0,30000,Pending,Cheque,2026-08-11,2026-05-10,2025-2026,guardian1598@example.com,"Fee record for term 2"
STU0001599,Student 1599,6,C,Arts,Lab,15000,7500,7500,Partial,Cheque,2026-05-26,2026-08-27,2025-2026,guardian1599@example.com,"Fee record for term 2"
STU0001600,Student 1600,7,A,Senior,Exam,15000,11250,3750,Partial,Cash,2026-05-18,2026-04-17,2025-2026,guardian1600@example.com,"Fee record for term 2"
STU0001601,Student 1601,9,B,Science,Activity,15000,11250,3750,Partial,UPI,2026-05-14,2026-09-12,2025-2026,guardian1601@example.com,"Fee record for term 3"
STU0001602,Student 1602,4,B,Arts,Transport,30000,0,30000,Overdue,Card,2026-02-27,2026-09-10,2025-2026,guardian1602@example.com,"Fee record for term 1"
STU0001603,Student 1603,7,D,Pre-Primary,Transport,30000,0,30000,Pending,Card,2026-09-14,2026-08-21,2025-2026,guardian1603@example.com,"Fee record for term 2"
STU0001604,Student 1604,11,D,Secondary,Library,12000,0,12000,Pending,UPI,2026-04-14,2026-01-25,2025-2026,guardian1604@example.com,"Fee record for term 2"
STU0001605,Student 1605,5,B,Arts,Exam,18000,4500,13500,Partial,Cash,2026-09-13,2026-09-17,2025-2026,guardian1605@example.com,"Fee record for term 1"
STU0001606,Student 1606,5,B,Commerce,Transport,30000,15000,15000,Partial,Cash,2026-01-26,2026-07-11,2025-2026,guardian1606@example.com,"Fee record for term 1"
STU0001607,Student 1607,10,C,Pre-Primary,Library,22000,0,22000,Overdue,UPI,2026-05-17,2026-05-14,2025-2026,guardian1607@example.com,"Fee record for term 3"
STU0001608,Student 1608,12,D,Pre-Primary,Activity,30000,0,30000,Overdue,NEFT,2026-02-19,2026-05-23,2025-2026,guardian1608@example.com,"Fee record for term 1"
STU0001609,Student 1609,7,A,Primary,Lab,12000,12000,0,Paid,Cheque,2026-06-15,2026-06-23,2025-2026,guardian1609@example.com,"Fee record for term 1"
STU0001610,Student 1610,7,D,Pre-Primary,Library,30000,7500,22500,Partial,NEFT,2026-06-25,2026-09-15,2025-2026,guardian1610@example.com,"Fee record for term 3"
STU0001611,Student 1611,1,C,Secondary,Activity,30000,7500,22500,Partial,NEFT,2026-05-15,2026-06-27,2025-2026,guardian1611@example.com,"Fee record for term 3"
STU0001612,Student 1612,11,B,Commerce,Transport,15000,0,15000,Pending,Cash,2026-01-26,2026-01-26,2025-2026,guardian1612@example.com,"Fee record for term 2"
STU0001613,Student 1613,11,B,Pre-Primary,Hostel,30000,30000,0,Paid,Card,2026-09-17,2026-07-15,2025-2026,guardian1613@example.com,"Fee record for term 2"
STU0001614,Student 1614,2,D,Arts,Tuition,12000,9000,3000,Partial,UPI,2026-04-21,2026-09-26,2025-2026,guardian1614@example.com,"Fee record for term 3"
STU0001615,Student 1615,9,C,Senior,Hostel,15000,0,15000,Overdue,NEFT,2026-03-27,2026-04-28,2025-2026,guardian1615@example.com,"Fee record for term 2"
STU0001616,Student 1616,3,A,Primary,Library,22000,0,22000,Waived,Cash,2026-04-14,2026-05-11,2025-2026,guardian1616@example.com,"Fee record for term 3"
STU0001617,Student 1617,7,A,Pre-Primary,Activity,12000,0,12000,Pending,Cheque,2026-08-20,2026-01-23,2025-2026,guardian1617@example.com,"Fee record for term 3"
STU0001618,Student 1618,7,A,Secondary,Hostel,25000,0,25000,Waived,NEFT,2026-07-11,2026-06-13,2025-2026,guardian1618@example.com,"Fee record for term 3"
STU0001619,Student 1619,9,B,Arts,Library,22000,22000,0,Paid,UPI,2026-07-25,2026-05-24,2025-2026,guardian1619@example.com,"Fee record for term 2"
STU0001620,Student 1620,8,B,Primary,Lab,18000,0,18000,Overdue,Card,2026-03-26,2026-09-15,2025-2026,guardian1620@example.com,"Fee record for term 3"
STU0001621,Student 1621,9,D,Commerce,Hostel,18000,0,18000,Overdue,UPI,2026-01-15,2026-07-11,2025-2026,guardian1621@example.com,"Fee record for term 1"
STU0001622,Student 1622,5,D,Senior,Lab,30000,7500,22500,Partial,Cheque,2026-08-18,2026-04-22,2025-2026,guardian1622@example.com,"Fee record for term 1"
STU0001623,Student 1623,4,A,Secondary,Lab,30000,0,30000,Overdue,Card,2026-01-10,2026-07-12,2025-2026,guardian1623@example.com,"Fee record for term 1"
STU0001624,Student 1624,8,D,Arts,Tuition,18000,0,18000,Waived,Cash,2026-02-15,2026-01-28,2025-2026,guardian1624@example.com,"Fee record for term 2"
STU0001625,Student 1625,11,D,Science,Library,25000,0,25000,Pending,UPI,2026-01-23,2026-07-13,2025-2026,guardian1625@example.com,"Fee record for term 2"
STU0001626,Student 1626,8,C,Senior,Lab,15000,0,15000,Overdue,Cheque,2026-07-11,2026-05-25,2025-2026,guardian1626@example.com,"Fee record for term 3"
STU0001627,Student 1627,7,C,Commerce,Library,25000,0,25000,Waived,NEFT,2026-07-25,2026-01-25,2025-2026,guardian1627@example.com,"Fee record for term 3"
STU0001628,Student 1628,10,D,Arts,Transport,15000,0,15000,Waived,UPI,2026-03-13,2026-06-14,2025-2026,guardian1628@example.com,"Fee record for term 3"
STU0001629,Student 1629,4,B,Science,Activity,25000,0,25000,Overdue,Cash,2026-03-15,2026-01-28,2025-2026,guardian1629@example.com,"Fee record for term 1"
STU0001630,Student 1630,3,C,Pre-Primary,Library,15000,0,15000,Waived,Cash,2026-03-20,2026-05-15,2025-2026,guardian1630@example.com,"Fee record for term 3"
STU0001631,Student 1631,11,D,Science,Transport,22000,22000,0,Paid,Cash,2026-07-28,2026-05-13,2025-2026,guardian1631@example.com,"Fee record for term 3"
STU0001632,Student 1632,1,C,Senior,Hostel,30000,0,30000,Pending,Cash,2026-09-21,2026-03-11,2025-2026,guardian1632@example.com,"Fee record for term 3"
STU0001633,Student 1633,6,A,Secondary,Tuition,12000,0,12000,Overdue,Cash,2026-09-26,2026-08-10,2025-2026,guardian1633@example.com,"Fee record for term 1"
STU0001634,Student 1634,7,A,Secondary,Exam,15000,0,15000,Pending,UPI,2026-09-27,2026-02-27,2025-2026,guardian1634@example.com,"Fee record for term 2"
STU0001635,Student 1635,12,D,Science,Transport,22000,22000,0,Paid,Cash,2026-05-25,2026-06-28,2025-2026,guardian1635@example.com,"Fee record for term 2"
STU0001636,Student 1636,8,B,Pre-Primary,Hostel,12000,12000,0,Paid,NEFT,2026-05-14,2026-01-27,2025-2026,guardian1636@example.com,"Fee record for term 1"
STU0001637,Student 1637,5,D,Senior,Transport,15000,0,15000,Pending,Cash,2026-03-15,2026-06-19,2025-2026,guardian1637@example.com,"Fee record for term 3"
STU0001638,Student 1638,10,B,Senior,Exam,30000,0,30000,Overdue,Card,2026-03-25,2026-09-10,2025-2026,guardian1638@example.com,"Fee record for term 2"
STU0001639,Student 1639,10,D,Senior,Tuition,12000,12000,0,Paid,Cash,2026-03-15,2026-08-13,2025-2026,guardian1639@example.com,"Fee record for term 1"
STU0001640,Student 1640,9,D,Commerce,Transport,15000,0,15000,Overdue,UPI,2026-09-25,2026-06-26,2025-2026,guardian1640@example.com,"Fee record for term 1"
STU0001641,Student 1641,1,A,Primary,Exam,12000,0,12000,Overdue,UPI,2026-02-23,2026-09-24,2025-2026,guardian1641@example.com,"Fee record for term 3"
STU0001642,Student 1642,9,D,Senior,Exam,15000,15000,0,Paid,NEFT,2026-03-17,2026-03-20,2025-2026,guardian1642@example.com,"Fee record for term 3"
STU0001643,Student 1643,4,A,Primary,Tuition,22000,11000,11000,Partial,Card,2026-08-14,2026-03-16,2025-2026,guardian1643@example.com,"Fee record for term 1"
STU0001644,Student 1644,1,C,Secondary,Hostel,18000,0,18000,Pending,NEFT,2026-06-27,2026-02-19,2025-2026,guardian1644@example.com,"Fee record for term 3"
STU0001645,Student 1645,2,D,Commerce,Activity,12000,6000,6000,Partial,Card,2026-08-23,2026-08-23,2025-2026,guardian1645@example.com,"Fee record for term 3"
STU0001646,Student 1646,11,A,Pre-Primary,Lab,25000,12500,12500,Partial,Cheque,2026-04-10,2026-05-26,2025-2026,guardian1646@example.com,"Fee record for term 1"
STU0001647,Student 1647,10,D,Science,Hostel,30000,0,30000,Pending,Card,2026-08-20,2026-09-21,2025-2026,guardian1647@example.com,"Fee record for term 1"
STU0001648,Student 1648,2,D,Arts,Lab,18000,0,18000,Pending,Cash,2026-04-26,2026-05-11,2025-2026,guardian1648@example.com,"Fee record for term 1"
STU0001649,Student 1649,3,C,Primary,Exam,25000,0,25000,Waived,NEFT,2026-05-14,2026-09-23,2025-2026,guardian1649@example.com,"Fee record for term 2"
STU0001650,Student 1650,12,A,Senior,Exam,25000,18750,6250,Partial,Cash,2026-09-23,2026-07-16,2025-2026,guardian1650@example.com,"Fee record for term 2"
STU0001651,Student 1651,11,C,Commerce,Hostel,18000,0,18000,Waived,Card,2026-07-26,2026-05-13,2025-2026,guardian1651@example.com,"Fee record for term 2"
STU0001652,Student 1652,11,C,Commerce,Hostel,12000,0,12000,Waived,NEFT,2026-09-12,2026-01-28,2025-2026,guardian1652@example.com,"Fee record for term 1"
STU0001653,Student 1653,5,B,Secondary,Transport,25000,0,25000,Pending,Card,2026-09-13,2026-06-27,2025-2026,guardian1653@example.com,"Fee record for term 2"
STU0001654,Student 1654,11,A,Science,Transport,15000,11250,3750,Partial,Card,2026-03-14,2026-08-11,2025-2026,guardian1654@example.com,"Fee record for term 2"
STU0001655,Student 1655,2,D,Pre-Primary,Exam,15000,0,15000,Pending,Cheque,2026-03-23,2026-04-22,2025-2026,guardian1655@example.com,"Fee record for term 3"
STU0001656,Student 1656,4,D,Pre-Primary,Activity,12000,12000,0,Paid,UPI,2026-01-17,2026-05-15,2025-2026,guardian1656@example.com,"Fee record for term 1"
STU0001657,Student 1657,12,A,Science,Exam,15000,0,15000,Pending,Card,2026-02-28,2026-06-21,2025-2026,guardian1657@example.com,"Fee record for term 2"
STU0001658,Student 1658,4,D,Pre-Primary,Hostel,25000,0,25000,Overdue,UPI,2026-08-14,2026-09-24,2025-2026,guardian1658@example.com,"Fee record for term 1"
STU0001659,Student 1659,6,C,Commerce,Activity,18000,0,18000,Pending,Cheque,2026-08-27,2026-02-17,2025-2026,guardian1659@example.com,"Fee record for term 2"
STU0001660,Student 1660,12,D,Pre-Primary,Transport,15000,0,15000,Pending,NEFT,2026-05-10,2026-01-24,2025-2026,guardian1660@example.com,"Fee record for term 2"
STU0001661,Student 1661,9,A,Science,Activity,18000,18000,0,Paid,Card,2026-01-22,2026-05-19,2025-2026,guardian1661@example.com,"Fee record for term 1"
STU0001662,Student 1662,4,B,Secondary,Tuition,22000,11000,11000,Partial,NEFT,2026-07-16,2026-01-11,2025-2026,guardian1662@example.com,"Fee record for term 1"
STU0001663,Student 1663,11,C,Secondary,Transport,15000,15000,0,Paid,Cheque,2026-05-18,2026-08-14,2025-2026,guardian1663@example.com,"Fee record for term 2"
STU0001664,Student 1664,4,A,Commerce,Library,12000,12000,0,Paid,UPI,2026-03-28,2026-08-27,2025-2026,guardian1664@example.com,"Fee record for term 3"
STU0001665,Student 1665,12,A,Pre-Primary,Activity,25000,0,25000,Pending,Card,2026-02-23,2026-01-25,2025-2026,guardian1665@example.com,"Fee record for term 2"
STU0001666,Student 1666,3,A,Commerce,Tuition,22000,0,22000,Pending,UPI,2026-08-19,2026-07-23,2025-2026,guardian1666@example.com,"Fee record for term 2"
STU0001667,Student 1667,3,C,Primary,Activity,18000,4500,13500,Partial,Card,2026-06-10,2026-04-23,2025-2026,guardian1667@example.com,"Fee record for term 1"
STU0001668,Student 1668,1,D,Senior,Lab,18000,4500,13500,Partial,Cheque,2026-01-15,2026-01-24,2025-2026,guardian1668@example.com,"Fee record for term 3"
STU0001669,Student 1669,2,D,Primary,Exam,30000,15000,15000,Partial,Cheque,2026-08-22,2026-05-27,2025-2026,guardian1669@example.com,"Fee record for term 2"
STU0001670,Student 1670,8,D,Secondary,Hostel,25000,0,25000,Pending,Cash,2026-06-18,2026-08-22,2025-2026,guardian1670@example.com,"Fee record for term 1"
STU0001671,Student 1671,9,A,Arts,Tuition,30000,0,30000,Overdue,Card,2026-01-18,2026-05-17,2025-2026,guardian1671@example.com,"Fee record for term 2"
STU0001672,Student 1672,9,D,Commerce,Activity,30000,30000,0,Paid,UPI,2026-04-15,2026-04-28,2025-2026,guardian1672@example.com,"Fee record for term 2"
STU0001673,Student 1673,1,C,Commerce,Library,22000,16500,5500,Partial,Card,2026-07-27,2026-01-12,2025-2026,guardian1673@example.com,"Fee record for term 3"
STU0001674,Student 1674,2,D,Pre-Primary,Transport,30000,0,30000,Pending,UPI,2026-04-20,2026-03-28,2025-2026,guardian1674@example.com,"Fee record for term 1"
STU0001675,Student 1675,9,A,Pre-Primary,Hostel,12000,0,12000,Pending,Card,2026-01-20,2026-09-14,2025-2026,guardian1675@example.com,"Fee record for term 3"
STU0001676,Student 1676,4,C,Senior,Tuition,30000,30000,0,Paid,UPI,2026-04-27,2026-07-13,2025-2026,guardian1676@example.com,"Fee record for term 1"
STU0001677,Student 1677,11,C,Arts,Tuition,15000,11250,3750,Partial,Cash,2026-02-18,2026-09-11,2025-2026,guardian1677@example.com,"Fee record for term 1"
STU0001678,Student 1678,4,B,Arts,Hostel,22000,0,22000,Waived,Cash,2026-06-13,2026-06-24,2025-2026,guardian1678@example.com,"Fee record for term 2"
STU0001679,Student 1679,3,B,Pre-Primary,Tuition,12000,12000,0,Paid,Card,2026-01-20,2026-07-10,2025-2026,guardian1679@example.com,"Fee record for term 3"
STU0001680,Student 1680,4,D,Arts,Exam,22000,22000,0,Paid,UPI,2026-01-25,2026-02-26,2025-2026,guardian1680@example.com,"Fee record for term 3"
STU0001681,Student 1681,4,B,Commerce,Transport,12000,12000,0,Paid,NEFT,2026-03-23,2026-04-23,2025-2026,guardian1681@example.com,"Fee record for term 2"
STU0001682,Student 1682,2,B,Science,Tuition,12000,0,12000,Waived,Cheque,2026-04-24,2026-06-28,2025-2026,guardian1682@example.com,"Fee record for term 1"
STU0001683,Student 1683,9,A,Arts,Lab,22000,0,22000,Overdue,Cash,2026-06-15,2026-03-14,2025-2026,guardian1683@example.com,"Fee record for term 3"
STU0001684,Student 1684,7,B,Secondary,Hostel,15000,7500,7500,Partial,UPI,2026-03-16,2026-06-20,2025-2026,guardian1684@example.com,"Fee record for term 1"
STU0001685,Student 1685,6,A,Arts,Library,15000,0,15000,Overdue,Cash,2026-06-27,2026-06-27,2025-2026,guardian1685@example.com,"Fee record for term 2"
STU0001686,Student 1686,4,B,Pre-Primary,Activity,15000,15000,0,Paid,Cheque,2026-06-13,2026-03-18,2025-2026,guardian1686@example.com,"Fee record for term 1"
STU0001687,Student 1687,6,D,Commerce,Library,12000,0,12000,Waived,UPI,2026-09-14,2026-01-28,2025-2026,guardian1687@example.com,"Fee record for term 1"
STU0001688,Student 1688,11,C,Arts,Activity,15000,0,15000,Overdue,UPI,2026-06-12,2026-09-28,2025-2026,guardian1688@example.com,"Fee record for term 1"
STU0001689,Student 1689,1,D,Commerce,Hostel,22000,0,22000,Pending,Cash,2026-08-16,2026-03-15,2025-2026,guardian1689@example.com,"Fee record for term 1"
STU0001690,Student 1690,12,C,Senior,Exam,15000,0,15000,Overdue,Cash,2026-06-25,2026-03-11,2025-2026,guardian1690@example.com,"Fee record for term 3"
STU0001691,Student 1691,6,D,Primary,Library,18000,0,18000,Waived,Cheque,2026-06-28,2026-05-15,2025-2026,guardian1691@example.com,"Fee record for term 2"
STU0001692,Student 1692,8,D,Pre-Primary,Tuition,15000,0,15000,Overdue,NEFT,2026-08-24,2026-03-19,2025-2026,guardian1692@example.com,"Fee record for term 3"
STU0001693,Student 1693,9,C,Pre-Primary,Transport,18000,13500,4500,Partial,Cheque,2026-08-12,2026-01-19,2025-2026,guardian1693@example.com,"Fee record for term 2"
STU0001694,Student 1694,5,D,Arts,Activity,22000,0,22000,Pending,Card,2026-03-28,2026-04-12,2025-2026,guardian1694@example.com,"Fee record for term 3"
STU0001695,Student 1695,1,C,Commerce,Library,12000,6000,6000,Partial,NEFT,2026-06-15,2026-09-28,2025-2026,guardian1695@example.com,"Fee record for term 1"
STU0001696,Student 1696,7,A,Science,Exam,25000,6250,18750,Partial,Cash,2026-08-23,2026-04-13,2025-2026,guardian1696@example.com,"Fee record for term 3"
STU0001697,Student 1697,7,C,Secondary,Exam,22000,0,22000,Overdue,NEFT,2026-04-11,2026-02-10,2025-2026,guardian1697@example.com,"Fee record for term 1"
STU0001698,Student 1698,5,D,Commerce,Tuition,12000,0,12000,Waived,Card,2026-05-25,2026-03-12,2025-2026,guardian1698@example.com,"Fee record for term 3"
STU0001699,Student 1699,3,B,Arts,Hostel,22000,0,22000,Overdue,UPI,2026-07-17,2026-03-20,2025-2026,guardian1699@example.com,"Fee record for term 2"
STU0001700,Student 1700,8,D,Secondary,Tuition,12000,12000,0,Paid,Cash,2026-05-18,2026-07-19,2025-2026,guardian1700@example.com,"Fee record for term 3"
STU0001701,Student 1701,8,A,Science,Activity,25000,0,25000,Waived,Cash,2026-04-14,2026-09-25,2025-2026,guardian1701@example.com,"Fee record for term 3"
STU0001702,Student 1702,2,A,Arts,Transport,30000,0,30000,Pending,Cash,2026-08-26,2026-09-28,2025-2026,guardian1702@example.com,"Fee record for term 1"
STU0001703,Student 1703,3,A,Pre-Primary,Library,18000,0,18000,Overdue,UPI,2026-05-25,2026-04-28,2025-2026,guardian1703@example.com,"Fee record for term 2"
STU0001704,Student 1704,12,C,Primary,Exam,15000,0,15000,Overdue,Cash,2026-05-26,2026-03-19,2025-2026,guardian1704@example.com,"Fee record for term 3"
STU0001705,Student 1705,8,C,Pre-Primary,Exam,30000,22500,7500,Partial,Cash,2026-07-23,2026-05-13,2025-2026,guardian1705@example.com,"Fee record for term 3"
STU0001706,Student 1706,7,A,Secondary,Lab,25000,12500,12500,Partial,Cash,2026-07-12,2026-06-21,2025-2026,guardian1706@example.com,"Fee record for term 2"
STU0001707,Student 1707,9,B,Commerce,Hostel,18000,0,18000,Pending,Card,2026-04-26,2026-06-15,2025-2026,guardian1707@example.com,"Fee record for term 1"
STU0001708,Student 1708,7,B,Primary,Hostel,18000,9000,9000,Partial,UPI,2026-01-23,2026-09-15,2025-2026,guardian1708@example.com,"Fee record for term 2"
STU0001709,Student 1709,7,D,Senior,Lab,30000,0,30000,Overdue,Cash,2026-08-21,2026-05-27,2025-2026,guardian1709@example.com,"Fee record for term 1"
STU0001710,Student 1710,11,D,Commerce,Transport,15000,7500,7500,Partial,UPI,2026-08-18,2026-02-16,2025-2026,guardian1710@example.com,"Fee record for term 3"
STU0001711,Student 1711,5,A,Arts,Transport,25000,25000,0,Paid,Cash,2026-05-25,2026-05-12,2025-2026,guardian1711@example.com,"Fee record for term 3"
STU0001712,Student 1712,7,D,Secondary,Tuition,18000,0,18000,Pending,Cash,2026-09-23,2026-06-14,2025-2026,guardian1712@example.com,"Fee record for term 3"
STU0001713,Student 1713,1,B,Senior,Hostel,30000,30000,0,Paid,NEFT,2026-03-25,2026-08-18,2025-2026,guardian1713@example.com,"Fee record for term 3"
STU0001714,Student 1714,4,B,Arts,Lab,12000,9000,3000,Partial,Card,2026-02-20,2026-09-19,2025-2026,guardian1714@example.com,"Fee record for term 2"
STU0001715,Student 1715,3,B,Pre-Primary,Lab,25000,0,25000,Waived,UPI,2026-09-22,2026-04-21,2025-2026,guardian1715@example.com,"Fee record for term 1"
STU0001716,Student 1716,5,C,Science,Transport,12000,0,12000,Overdue,NEFT,2026-07-12,2026-06-28,2025-2026,guardian1716@example.com,"Fee record for term 3"
STU0001717,Student 1717,5,B,Pre-Primary,Hostel,25000,6250,18750,Partial,UPI,2026-07-27,2026-09-17,2025-2026,guardian1717@example.com,"Fee record for term 3"
STU0001718,Student 1718,10,C,Senior,Library,18000,18000,0,Paid,Cheque,2026-04-12,2026-09-25,2025-2026,guardian1718@example.com,"Fee record for term 1"
STU0001719,Student 1719,4,C,Secondary,Tuition,25000,18750,6250,Partial,NEFT,2026-04-19,2026-06-14,2025-2026,guardian1719@example.com,"Fee record for term 3"
STU0001720,Student 1720,10,C,Senior,Library,18000,9000,9000,Partial,Cheque,2026-01-21,2026-06-22,2025-2026,guardian1720@example.com,"Fee record for term 3"
STU0001721,Student 1721,12,B,Secondary,Exam,22000,0,22000,Overdue,NEFT,2026-03-16,2026-02-20,2025-2026,guardian1721@example.com,"Fee record for term 3"
STU0001722,Student 1722,8,D,Arts,Library,18000,0,18000,Overdue,Cheque,2026-07-16,2026-01-12,2025-2026,guardian1722@example.com,"Fee record for term 1"
STU0001723,Student 1723,6,C,Primary,Activity,30000,22500,7500,Partial,Card,2026-01-16,2026-08-17,2025-2026,guardian1723@example.com,"Fee record for term 1"
STU0001724,Student 1724,11,A,Commerce,Transport,12000,6000,6000,Partial,Card,2026-05-20,2026-07-24,2025-2026,guardian1724@example.com,"Fee record for term 3"
STU0001725,Student 1725,4,C,Commerce,Exam,25000,6250,18750,Partial,Card,2026-09-13,2026-05-15,2025-2026,guardian1725@example.com,"Fee record for term 3"
STU0001726,Student 1726,10,C,Science,Library,18000,18000,0,Paid,NEFT,2026-07-18,2026-03-23,2025-2026,guardian1726@example.com,"Fee record for term 2"
STU0001727,Student 1727,5,B,Primary,Transport,12000,0,12000,Overdue,UPI,2026-08-20,2026-06-13,2025-2026,guardian1727@example.com,"Fee record for term 3"
STU0001728,Student 1728,6,C,Science,Hostel,15000,0,15000,Pending,Cheque,2026-01-11,2026-04-11,2025-2026,guardian1728@example.com,"Fee record for term 3"
STU0001729,Student 1729,1,D,Commerce,Library,18000,0,18000,Overdue,Card,2026-04-15,2026-01-16,2025-2026,guardian1729@example.com,"Fee record for term 3"
STU0001730,Student 1730,8,D,Science,Transport,18000,18000,0,Paid,Cheque,2026-09-13,2026-05-13,2025-2026,guardian1730@example.com,"Fee record for term 3"
STU0001731,Student 1731,5,C,Secondary,Library,18000,0,18000,Overdue,NEFT,2026-03-19,2026-02-15,2025-2026,guardian1731@example.com,"Fee record for term 1"
STU0001732,Student 1732,8,C,Primary,Exam,25000,12500,12500,Partial,Card,2026-06-21,2026-03-11,2025-2026,guardian1732@example.com,"Fee record for term 1"
STU0001733,Student 1733,9,B,Pre-Primary,Activity,25000,0,25000,Pending,Cash,2026-09-20,2026-08-25,2025-2026,guardian1733@example.com,"Fee record for term 2"
STU0001734,Student 1734,1,C,Pre-Primary,Transport,15000,0,15000,Overdue,NEFT,2026-02-16,2026-06-16,2025-2026,guardian1734@example.com,"Fee record for term 1"
STU0001735,Student 1735,3,D,Commerce,Lab,22000,0,22000,Pending,Card,2026-02-11,2026-09-24,2025-2026,guardian1735@example.com,"Fee record for term 2"
STU0001736,Student 1736,8,B,Senior,Library,15000,0,15000,Overdue,Card,2026-02-13,2026-01-19,2025-2026,guardian1736@example.com,"Fee record for term 2"
STU0001737,Student 1737,5,C,Senior,Lab,25000,12500,12500,Partial,Cheque,2026-09-23,2026-07-18,2025-2026,guardian1737@example.com,"Fee record for term 1"
STU0001738,Student 1738,6,C,Pre-Primary,Activity,12000,0,12000,Overdue,NEFT,2026-09-11,2026-01-26,2025-2026,guardian1738@example.com,"Fee record for term 2"
STU0001739,Student 1739,9,A,Commerce,Exam,22000,0,22000,Pending,Card,2026-07-23,2026-01-15,2025-2026,guardian1739@example.com,"Fee record for term 3"
STU0001740,Student 1740,10,A,Science,Activity,18000,13500,4500,Partial,NEFT,2026-04-17,2026-05-26,2025-2026,guardian1740@example.com,"Fee record for term 1"
STU0001741,Student 1741,1,B,Primary,Activity,15000,0,15000,Pending,UPI,2026-09-24,2026-01-17,2025-2026,guardian1741@example.com,"Fee record for term 1"
STU0001742,Student 1742,11,C,Pre-Primary,Exam,18000,0,18000,Pending,Cash,2026-05-24,2026-04-15,2025-2026,guardian1742@example.com,"Fee record for term 1"
STU0001743,Student 1743,8,A,Science,Tuition,22000,0,22000,Overdue,UPI,2026-05-12,2026-01-19,2025-2026,guardian1743@example.com,"Fee record for term 2"
STU0001744,Student 1744,5,B,Arts,Exam,18000,0,18000,Waived,NEFT,2026-02-24,2026-09-20,2025-2026,guardian1744@example.com,"Fee record for term 1"
STU0001745,Student 1745,4,A,Arts,Exam,30000,0,30000,Overdue,Card,2026-01-24,2026-01-26,2025-2026,guardian1745@example.com,"Fee record for term 2"
STU0001746,Student 1746,1,B,Commerce,Hostel,12000,6000,6000,Partial,Card,2026-02-11,2026-03-14,2025-2026,guardian1746@example.com,"Fee record for term 2"
STU0001747,Student 1747,4,B,Senior,Tuition,12000,0,12000,Waived,NEFT,2026-02-28,2026-09-25,2025-2026,guardian1747@example.com,"Fee record for term 1"
STU0001748,Student 1748,2,A,Primary,Lab,25000,6250,18750,Partial,NEFT,2026-06-27,2026-08-26,2025-2026,guardian1748@example.com,"Fee record for term 3"
STU0001749,Student 1749,7,A,Arts,Tuition,22000,0,22000,Overdue,UPI,2026-08-10,2026-09-10,2025-2026,guardian1749@example.com,"Fee record for term 1"
STU0001750,Student 1750,6,B,Primary,Transport,25000,0,25000,Overdue,Cheque,2026-09-27,2026-03-23,2025-2026,guardian1750@example.com,"Fee record for term 1"
STU0001751,Student 1751,8,D,Primary,Tuition,25000,0,25000,Overdue,UPI,2026-01-13,2026-03-11,2025-2026,guardian1751@example.com,"Fee record for term 1"
STU0001752,Student 1752,4,B,Secondary,Exam,15000,0,15000,Pending,Cheque,2026-06-17,2026-08-22,2025-2026,guardian1752@example.com,"Fee record for term 3"
STU0001753,Student 1753,4,B,Science,Activity,30000,0,30000,Pending,Cheque,2026-09-22,2026-03-12,2025-2026,guardian1753@example.com,"Fee record for term 1"
STU0001754,Student 1754,2,B,Primary,Activity,18000,0,18000,Pending,Card,2026-09-21,2026-03-20,2025-2026,guardian1754@example.com,"Fee record for term 2"
STU0001755,Student 1755,4,B,Science,Hostel,30000,0,30000,Pending,Cheque,2026-01-21,2026-08-26,2025-2026,guardian1755@example.com,"Fee record for term 1"
STU0001756,Student 1756,4,D,Pre-Primary,Exam,25000,0,25000,Pending,Card,2026-03-16,2026-01-16,2025-2026,guardian1756@example.com,"Fee record for term 2"
STU0001757,Student 1757,8,C,Commerce,Tuition,22000,22000,0,Paid,NEFT,2026-05-22,2026-06-21,2025-2026,guardian1757@example.com,"Fee record for term 3"
STU0001758,Student 1758,5,A,Secondary,Activity,18000,18000,0,Paid,Cash,2026-06-28,2026-04-21,2025-2026,guardian1758@example.com,"Fee record for term 1"
STU0001759,Student 1759,6,B,Commerce,Transport,18000,0,18000,Pending,Cheque,2026-05-17,2026-07-27,2025-2026,guardian1759@example.com,"Fee record for term 3"
STU0001760,Student 1760,2,D,Primary,Tuition,25000,25000,0,Paid,Cash,2026-03-23,2026-09-20,2025-2026,guardian1760@example.com,"Fee record for term 2"
STU0001761,Student 1761,4,A,Commerce,Hostel,30000,30000,0,Paid,Card,2026-05-26,2026-06-15,2025-2026,guardian1761@example.com,"Fee record for term 2"
STU0001762,Student 1762,5,C,Senior,Activity,22000,5500,16500,Partial,NEFT,2026-05-19,2026-04-16,2025-2026,guardian1762@example.com,"Fee record for term 1"
STU0001763,Student 1763,5,A,Pre-Primary,Exam,15000,0,15000,Waived,Cash,2026-05-12,2026-08-10,2025-2026,guardian1763@example.com,"Fee record for term 2"
STU0001764,Student 1764,6,C,Secondary,Activity,22000,22000,0,Paid,Cash,2026-05-17,2026-07-14,2025-2026,guardian1764@example.com,"Fee record for term 1"
STU0001765,Student 1765,8,B,Science,Activity,15000,3750,11250,Partial,Cash,2026-09-26,2026-07-11,2025-2026,guardian1765@example.com,"Fee record for term 1"
STU0001766,Student 1766,9,D,Pre-Primary,Library,12000,0,12000,Overdue,UPI,2026-04-21,2026-05-13,2025-2026,guardian1766@example.com,"Fee record for term 3"
STU0001767,Student 1767,2,D,Science,Lab,25000,25000,0,Paid,Card,2026-04-15,2026-07-24,2025-2026,guardian1767@example.com,"Fee record for term 2"
STU0001768,Student 1768,2,D,Commerce,Exam,12000,0,12000,Pending,Cheque,2026-09-21,2026-09-21,2025-2026,guardian1768@example.com,"Fee record for term 3"
STU0001769,Student 1769,7,C,Arts,Library,15000,0,15000,Pending,Card,2026-09-10,2026-01-17,2025-2026,guardian1769@example.com,"Fee record for term 2"
STU0001770,Student 1770,11,A,Science,Hostel,12000,0,12000,Overdue,Cheque,2026-04-10,2026-04-16,2025-2026,guardian1770@example.com,"Fee record for term 1"
STU0001771,Student 1771,7,C,Pre-Primary,Activity,30000,0,30000,Waived,UPI,2026-08-20,2026-04-23,2025-2026,guardian1771@example.com,"Fee record for term 3"
STU0001772,Student 1772,3,B,Commerce,Exam,12000,9000,3000,Partial,UPI,2026-03-15,2026-05-28,2025-2026,guardian1772@example.com,"Fee record for term 1"
STU0001773,Student 1773,5,A,Science,Transport,30000,0,30000,Pending,Cheque,2026-08-25,2026-09-19,2025-2026,guardian1773@example.com,"Fee record for term 3"
STU0001774,Student 1774,12,C,Science,Transport,25000,25000,0,Paid,NEFT,2026-02-18,2026-08-23,2025-2026,guardian1774@example.com,"Fee record for term 2"
STU0001775,Student 1775,4,D,Pre-Primary,Tuition,15000,0,15000,Overdue,UPI,2026-01-12,2026-09-22,2025-2026,guardian1775@example.com,"Fee record for term 2"
STU0001776,Student 1776,8,C,Commerce,Tuition,22000,22000,0,Paid,Cheque,2026-07-15,2026-09-12,2025-2026,guardian1776@example.com,"Fee record for term 2"
STU0001777,Student 1777,11,B,Arts,Library,12000,12000,0,Paid,NEFT,2026-05-10,2026-08-14,2025-2026,guardian1777@example.com,"Fee record for term 1"
STU0001778,Student 1778,7,C,Pre-Primary,Lab,30000,0,30000,Waived,Cash,2026-08-18,2026-09-28,2025-2026,guardian1778@example.com,"Fee record for term 1"
STU0001779,Student 1779,1,D,Commerce,Lab,25000,0,25000,Pending,NEFT,2026-09-20,2026-06-22,2025-2026,guardian1779@example.com,"Fee record for term 1"
STU0001780,Student 1780,12,C,Pre-Primary,Lab,30000,0,30000,Pending,NEFT,2026-03-22,2026-04-23,2025-2026,guardian1780@example.com,"Fee record for term 3"
STU0001781,Student 1781,7,B,Secondary,Transport,12000,9000,3000,Partial,NEFT,2026-05-28,2026-07-17,2025-2026,guardian1781@example.com,"Fee record for term 1"
STU0001782,Student 1782,11,C,Primary,Activity,25000,0,25000,Waived,UPI,2026-08-25,2026-08-24,2025-2026,guardian1782@example.com,"Fee record for term 1"
STU0001783,Student 1783,6,C,Science,Exam,12000,0,12000,Overdue,NEFT,2026-09-20,2026-03-25,2025-2026,guardian1783@example.com,"Fee record for term 3"
STU0001784,Student 1784,12,C,Arts,Hostel,15000,15000,0,Paid,UPI,2026-05-21,2026-04-18,2025-2026,guardian1784@example.com,"Fee record for term 1"
STU0001785,Student 1785,2,B,Pre-Primary,Hostel,18000,13500,4500,Partial,Cash,2026-05-20,2026-07-19,2025-2026,guardian1785@example.com,"Fee record for term 3"
STU0001786,Student 1786,7,B,Secondary,Lab,18000,18000,0,Paid,Cheque,2026-04-28,2026-02-12,2025-2026,guardian1786@example.com,"Fee record for term 2"
STU0001787,Student 1787,9,D,Senior,Library,18000,4500,13500,Partial,Cash,2026-05-25,2026-04-13,2025-2026,guardian1787@example.com,"Fee record for term 3"
STU0001788,Student 1788,2,B,Senior,Hostel,15000,15000,0,Paid,Cash,2026-03-26,2026-09-24,2025-2026,guardian1788@example.com,"Fee record for term 1"
STU0001789,Student 1789,9,C,Senior,Transport,18000,0,18000,Waived,Cheque,2026-03-17,2026-08-20,2025-2026,guardian1789@example.com,"Fee record for term 3"
STU0001790,Student 1790,7,C,Science,Hostel,15000,0,15000,Pending,UPI,2026-04-26,2026-08-23,2025-2026,guardian1790@example.com,"Fee record for term 3"
STU0001791,Student 1791,7,D,Senior,Tuition,12000,0,12000,Waived,Cheque,2026-05-14,2026-03-21,2025-2026,guardian1791@example.com,"Fee record for term 1"
STU0001792,Student 1792,1,C,Senior,Transport,22000,0,22000,Waived,Card,2026-09-11,2026-03-16,2025-2026,guardian1792@example.com,"Fee record for term 1"
STU0001793,Student 1793,4,A,Secondary,Activity,15000,15000,0,Paid,Cheque,2026-07-18,2026-05-16,2025-2026,guardian1793@example.com,"Fee record for term 2"
STU0001794,Student 1794,6,D,Arts,Activity,22000,0,22000,Waived,UPI,2026-04-14,2026-07-28,2025-2026,guardian1794@example.com,"Fee record for term 2"
STU0001795,Student 1795,8,C,Pre-Primary,Activity,22000,0,22000,Pending,Card,2026-08-15,2026-05-19,2025-2026,guardian1795@example.com,"Fee record for term 2"
STU0001796,Student 1796,5,A,Commerce,Exam,22000,5500,16500,Partial,Card,2026-07-19,2026-01-15,2025-2026,guardian1796@example.com,"Fee record for term 3"
STU0001797,Student 1797,7,B,Arts,Tuition,18000,0,18000,Waived,Cheque,2026-01-27,2026-04-11,2025-2026,guardian1797@example.com,"Fee record for term 2"
STU0001798,Student 1798,8,D,Secondary,Lab,15000,0,15000,Pending,Card,2026-03-12,2026-09-16,2025-2026,guardian1798@example.com,"Fee record for term 2"
STU0001799,Student 1799,4,B,Senior,Lab,15000,0,15000,Waived,Cash,2026-08-21,2026-05-19,2025-2026,guardian1799@example.com,"Fee record for term 1"
STU0001800,Student 1800,10,C,Science,Activity,25000,25000,0,Paid,Card,2026-09-10,2026-07-10,2025-2026,guardian1800@example.com,"Fee record for term 1"
STU0001801,Student 1801,12,D,Senior,Lab,22000,0,22000,Waived,Cheque,2026-09-12,2026-04-19,2025-2026,guardian1801@example.com,"Fee record for term 1"
STU0001802,Student 1802,11,B,Senior,Lab,15000,15000,0,Paid,Cheque,2026-02-19,2026-05-18,2025-2026,guardian1802@example.com,"Fee record for term 2"
STU0001803,Student 1803,5,C,Commerce,Exam,22000,0,22000,Overdue,Cash,2026-05-11,2026-07-11,2025-2026,guardian1803@example.com,"Fee record for term 2"
STU0001804,Student 1804,5,C,Primary,Hostel,25000,12500,12500,Partial,NEFT,2026-07-21,2026-05-14,2025-2026,guardian1804@example.com,"Fee record for term 1"
STU0001805,Student 1805,9,D,Science,Hostel,15000,3750,11250,Partial,NEFT,2026-04-16,2026-09-15,2025-2026,guardian1805@example.com,"Fee record for term 3"
STU0001806,Student 1806,4,A,Secondary,Transport,22000,16500,5500,Partial,Cheque,2026-01-28,2026-01-18,2025-2026,guardian1806@example.com,"Fee record for term 1"
STU0001807,Student 1807,10,A,Senior,Hostel,30000,0,30000,Waived,UPI,2026-08-18,2026-02-28,2025-2026,guardian1807@example.com,"Fee record for term 2"
STU0001808,Student 1808,11,C,Arts,Tuition,30000,0,30000,Waived,Cheque,2026-08-11,2026-06-11,2025-2026,guardian1808@example.com,"Fee record for term 3"
STU0001809,Student 1809,10,A,Pre-Primary,Transport,30000,7500,22500,Partial,NEFT,2026-02-27,2026-09-12,2025-2026,guardian1809@example.com,"Fee record for term 2"
STU0001810,Student 1810,6,C,Primary,Exam,15000,0,15000,Pending,Cheque,2026-06-19,2026-02-26,2025-2026,guardian1810@example.com,"Fee record for term 2"
STU0001811,Student 1811,5,C,Pre-Primary,Tuition,30000,0,30000,Overdue,Cheque,2026-08-21,2026-02-15,2025-2026,guardian1811@example.com,"Fee record for term 2"
STU0001812,Student 1812,2,C,Arts,Hostel,12000,0,12000,Pending,NEFT,2026-01-14,2026-03-26,2025-2026,guardian1812@example.com,"Fee record for term 1"
STU0001813,Student 1813,4,A,Commerce,Library,30000,15000,15000,Partial,Card,2026-09-28,2026-04-11,2025-2026,guardian1813@example.com,"Fee record for term 3"
STU0001814,Student 1814,6,C,Secondary,Transport,30000,0,30000,Pending,Cheque,2026-06-18,2026-01-21,2025-2026,guardian1814@example.com,"Fee record for term 2"
STU0001815,Student 1815,8,C,Arts,Hostel,12000,0,12000,Waived,NEFT,2026-07-18,2026-04-19,2025-2026,guardian1815@example.com,"Fee record for term 3"
STU0001816,Student 1816,3,B,Secondary,Lab,18000,9000,9000,Partial,UPI,2026-01-24,2026-03-26,2025-2026,guardian1816@example.com,"Fee record for term 1"
STU0001817,Student 1817,4,D,Pre-Primary,Tuition,25000,0,25000,Overdue,Cheque,2026-02-24,2026-01-20,2025-2026,guardian1817@example.com,"Fee record for term 3"
STU0001818,Student 1818,5,C,Senior,Lab,18000,0,18000,Overdue,Cheque,2026-07-22,2026-06-10,2025-2026,guardian1818@example.com,"Fee record for term 1"
STU0001819,Student 1819,6,C,Secondary,Hostel,15000,0,15000,Waived,Cash,2026-07-25,2026-06-12,2025-2026,guardian1819@example.com,"Fee record for term 1"
STU0001820,Student 1820,11,D,Commerce,Transport,30000,0,30000,Overdue,NEFT,2026-09-18,2026-03-25,2025-2026,guardian1820@example.com,"Fee record for term 2"
STU0001821,Student 1821,2,A,Secondary,Lab,30000,0,30000,Waived,Cash,2026-09-10,2026-01-22,2025-2026,guardian1821@example.com,"Fee record for term 1"
STU0001822,Student 1822,3,D,Arts,Transport,30000,0,30000,Pending,Cheque,2026-06-16,2026-01-19,2025-2026,guardian1822@example.com,"Fee record for term 1"
STU0001823,Student 1823,10,D,Senior,Exam,18000,18000,0,Paid,Cheque,2026-04-23,2026-05-11,2025-2026,guardian1823@example.com,"Fee record for term 1"
STU0001824,Student 1824,12,D,Pre-Primary,Hostel,25000,12500,12500,Partial,Card,2026-08-21,2026-06-25,2025-2026,guardian1824@example.com,"Fee record for term 2"
STU0001825,Student 1825,12,B,Pre-Primary,Library,15000,0,15000,Overdue,Cash,2026-06-15,2026-09-24,2025-2026,guardian1825@example.com,"Fee record for term 2"
STU0001826,Student 1826,6,B,Commerce,Exam,30000,0,30000,Waived,UPI,2026-02-17,2026-07-18,2025-2026,guardian1826@example.com,"Fee record for term 2"
STU0001827,Student 1827,2,B,Senior,Lab,12000,0,12000,Overdue,UPI,2026-01-27,2026-07-20,2025-2026,guardian1827@example.com,"Fee record for term 1"
STU0001828,Student 1828,1,C,Science,Exam,22000,22000,0,Paid,Cheque,2026-08-24,2026-08-21,2025-2026,guardian1828@example.com,"Fee record for term 2"
STU0001829,Student 1829,9,D,Secondary,Hostel,15000,0,15000,Pending,Cheque,2026-04-24,2026-07-15,2025-2026,guardian1829@example.com,"Fee record for term 3"
STU0001830,Student 1830,11,D,Primary,Tuition,12000,0,12000,Overdue,Card,2026-07-15,2026-07-17,2025-2026,guardian1830@example.com,"Fee record for term 2"
STU0001831,Student 1831,9,C,Commerce,Transport,15000,0,15000,Waived,Card,2026-01-24,2026-01-23,2025-2026,guardian1831@example.com,"Fee record for term 3"
STU0001832,Student 1832,9,A,Senior,Tuition,25000,25000,0,Paid,Card,2026-06-22,2026-01-18,2025-2026,guardian1832@example.com,"Fee record for term 3"
STU0001833,Student 1833,11,D,Science,Tuition,15000,0,15000,Waived,NEFT,2026-02-16,2026-04-16,2025-2026,guardian1833@example.com,"Fee record for term 2"
STU0001834,Student 1834,12,A,Commerce,Lab,25000,25000,0,Paid,UPI,2026-02-13,2026-05-22,2025-2026,guardian1834@example.com,"Fee record for term 1"
STU0001835,Student 1835,9,A,Senior,Tuition,30000,7500,22500,Partial,NEFT,2026-07-28,2026-01-18,2025-2026,guardian1835@example.com,"Fee record for term 3"
STU0001836,Student 1836,4,A,Primary,Exam,12000,0,12000,Waived,Cash,2026-03-25,2026-07-19,2025-2026,guardian1836@example.com,"Fee record for term 1"
STU0001837,Student 1837,11,D,Primary,Library,30000,7500,22500,Partial,Card,2026-09-19,2026-03-17,2025-2026,guardian1837@example.com,"Fee record for term 2"
STU0001838,Student 1838,5,D,Secondary,Lab,18000,0,18000,Pending,Cheque,2026-05-11,2026-03-11,2025-2026,guardian1838@example.com,"Fee record for term 3"
STU0001839,Student 1839,4,A,Secondary,Activity,22000,16500,5500,Partial,Cash,2026-04-25,2026-08-24,2025-2026,guardian1839@example.com,"Fee record for term 1"
STU0001840,Student 1840,7,D,Arts,Lab,30000,0,30000,Waived,Cash,2026-02-21,2026-02-14,2025-2026,guardian1840@example.com,"Fee record for term 3"
STU0001841,Student 1841,9,D,Secondary,Library,12000,12000,0,Paid,Card,2026-03-22,2026-09-15,2025-2026,guardian1841@example.com,"Fee record for term 2"
STU0001842,Student 1842,5,D,Commerce,Hostel,30000,30000,0,Paid,Cheque,2026-01-22,2026-02-21,2025-2026,guardian1842@example.com,"Fee record for term 1"
STU0001843,Student 1843,5,B,Senior,Library,18000,0,18000,Waived,Cheque,2026-06-15,2026-07-27,2025-2026,guardian1843@example.com,"Fee record for term 1"
STU0001844,Student 1844,3,A,Arts,Hostel,15000,0,15000,Overdue,UPI,2026-07-12,2026-09-17,2025-2026,guardian1844@example.com,"Fee record for term 2"
STU0001845,Student 1845,8,D,Secondary,Hostel,22000,0,22000,Overdue,UPI,2026-02-27,2026-03-22,2025-2026,guardian1845@example.com,"Fee record for term 3"
STU0001846,Student 1846,11,A,Senior,Library,30000,7500,22500,Partial,Cash,2026-06-11,2026-09-26,2025-2026,guardian1846@example.com,"Fee record for term 1"
STU0001847,Student 1847,9,C,Pre-Primary,Transport,15000,3750,11250,Partial,Cash,2026-09-18,2026-09-28,2025-2026,guardian1847@example.com,"Fee record for term 3"
STU0001848,Student 1848,8,A,Commerce,Tuition,12000,12000,0,Paid,NEFT,2026-09-14,2026-04-14,2025-2026,guardian1848@example.com,"Fee record for term 1"
STU0001849,Student 1849,10,D,Senior,Tuition,18000,0,18000,Pending,UPI,2026-03-21,2026-07-11,2025-2026,guardian1849@example.com,"Fee record for term 2"
STU0001850,Student 1850,6,D,Arts,Activity,30000,7500,22500,Partial,NEFT,2026-06-22,2026-04-10,2025-2026,guardian1850@example.com,"Fee record for term 3"
STU0001851,Student 1851,11,B,Science,Lab,25000,12500,12500,Partial,UPI,2026-07-27,2026-07-14,2025-2026,guardian1851@example.com,"Fee record for term 3"
STU0001852,Student 1852,9,B,Primary,Library,15000,0,15000,Overdue,NEFT,2026-07-16,2026-02-28,2025-2026,guardian1852@example.com,"Fee record for term 1"
STU0001853,Student 1853,11,D,Primary,Transport,22000,0,22000,Pending,NEFT,2026-01-23,2026-06-13,2025-2026,guardian1853@example.com,"Fee record for term 3"
STU0001854,Student 1854,6,D,Senior,Activity,25000,0,25000,Overdue,NEFT,2026-09-26,2026-07-25,2025-2026,guardian1854@example.com,"Fee record for term 2"
STU0001855,Student 1855,10,C,Senior,Lab,25000,25000,0,Paid,Cash,2026-06-25,2026-03-16,2025-2026,guardian1855@example.com,"Fee record for term 2"
STU0001856,Student 1856,12,A,Science,Transport,25000,25000,0,Paid,Cheque,2026-03-27,2026-05-19,2025-2026,guardian1856@example.com,"Fee record for term 3"
STU0001857,Student 1857,5,D,Commerce,Activity,22000,0,22000,Pending,UPI,2026-09-16,2026-06-13,2025-2026,guardian1857@example.com,"Fee record for term 3"
STU0001858,Student 1858,12,A,Arts,Hostel,12000,6000,6000,Partial,Card,2026-09-26,2026-09-22,2025-2026,guardian1858@example.com,"Fee record for term 3"
STU0001859,Student 1859,5,C,Science,Tuition,12000,12000,0,Paid,Card,2026-02-16,2026-07-24,2025-2026,guardian1859@example.com,"Fee record for term 3"
STU0001860,Student 1860,11,C,Primary,Tuition,15000,11250,3750,Partial,UPI,2026-02-22,2026-08-24,2025-2026,guardian1860@example.com,"Fee record for term 2"
STU0001861,Student 1861,9,B,Science,Activity,22000,22000,0,Paid,UPI,2026-01-28,2026-09-12,2025-2026,guardian1861@example.com,"Fee record for term 2"
STU0001862,Student 1862,10,C,Senior,Activity,22000,22000,0,Paid,Card,2026-04-14,2026-06-23,2025-2026,guardian1862@example.com,"Fee record for term 3"
STU0001863,Student 1863,1,A,Commerce,Tuition,22000,0,22000,Overdue,Cheque,2026-08-12,2026-07-15,2025-2026,guardian1863@example.com,"Fee record for term 3"
STU0001864,Student 1864,8,D,Commerce,Lab,12000,3000,9000,Partial,NEFT,2026-06-13,2026-03-12,2025-2026,guardian1864@example.com,"Fee record for term 2"
STU0001865,Student 1865,9,B,Secondary,Lab,25000,0,25000,Pending,Card,2026-08-19,2026-01-20,2025-2026,guardian1865@example.com,"Fee record for term 2"
STU0001866,Student 1866,2,B,Arts,Exam,12000,12000,0,Paid,UPI,2026-03-22,2026-05-10,2025-2026,guardian1866@example.com,"Fee record for term 1"
STU0001867,Student 1867,6,A,Commerce,Lab,15000,0,15000,Overdue,NEFT,2026-01-19,2026-04-24,2025-2026,guardian1867@example.com,"Fee record for term 3"
STU0001868,Student 1868,6,B,Secondary,Tuition,22000,0,22000,Waived,Cash,2026-03-14,2026-04-16,2025-2026,guardian1868@example.com,"Fee record for term 1"
STU0001869,Student 1869,10,A,Primary,Hostel,30000,0,30000,Waived,Card,2026-09-21,2026-06-14,2025-2026,guardian1869@example.com,"Fee record for term 2"
STU0001870,Student 1870,9,D,Commerce,Tuition,18000,0,18000,Overdue,Cash,2026-09-17,2026-05-26,2025-2026,guardian1870@example.com,"Fee record for term 2"
STU0001871,Student 1871,10,C,Primary,Hostel,22000,0,22000,Overdue,NEFT,2026-02-23,2026-02-12,2025-2026,guardian1871@example.com,"Fee record for term 2"
STU0001872,Student 1872,12,C,Senior,Library,12000,0,12000,Pending,UPI,2026-07-20,2026-04-24,2025-2026,guardian1872@example.com,"Fee record for term 2"
STU0001873,Student 1873,2,C,Senior,Activity,25000,25000,0,Paid,Cheque,2026-01-26,2026-08-19,2025-2026,guardian1873@example.com,"Fee record for term 2"
STU0001874,Student 1874,12,D,Pre-Primary,Library,30000,0,30000,Overdue,Cheque,2026-01-19,2026-02-13,2025-2026,guardian1874@example.com,"Fee record for term 2"
STU0001875,Student 1875,4,A,Arts,Activity,12000,0,12000,Waived,NEFT,2026-06-26,2026-08-25,2025-2026,guardian1875@example.com,"Fee record for term 1"
STU0001876,Student 1876,7,B,Commerce,Transport,12000,0,12000,Overdue,Cash,2026-01-27,2026-03-15,2025-2026,guardian1876@example.com,"Fee record for term 1"
STU0001877,Student 1877,2,D,Pre-Primary,Tuition,18000,0,18000,Waived,UPI,2026-09-28,2026-04-15,2025-2026,guardian1877@example.com,"Fee record for term 2"
STU0001878,Student 1878,8,C,Science,Transport,22000,0,22000,Overdue,NEFT,2026-08-15,2026-03-27,2025-2026,guardian1878@example.com,"Fee record for term 2"
STU0001879,Student 1879,3,D,Senior,Tuition,22000,0,22000,Pending,Cheque,2026-03-27,2026-03-26,2025-2026,guardian1879@example.com,"Fee record for term 3"
STU0001880,Student 1880,11,D,Senior,Hostel,30000,30000,0,Paid,Cheque,2026-03-27,2026-02-25,2025-2026,guardian1880@example.com,"Fee record for term 3"
STU0001881,Student 1881,5,B,Secondary,Exam,22000,11000,11000,Partial,Cheque,2026-02-14,2026-03-14,2025-2026,guardian1881@example.com,"Fee record for term 2"
STU0001882,Student 1882,11,C,Arts,Library,18000,4500,13500,Partial,Cash,2026-03-10,2026-03-19,2025-2026,guardian1882@example.com,"Fee record for term 3"
STU0001883,Student 1883,10,C,Arts,Exam,15000,15000,0,Paid,NEFT,2026-03-24,2026-06-25,2025-2026,guardian1883@example.com,"Fee record for term 3"
STU0001884,Student 1884,5,C,Arts,Lab,25000,25000,0,Paid,NEFT,2026-02-24,2026-07-12,2025-2026,guardian1884@example.com,"Fee record for term 3"
STU0001885,Student 1885,8,B,Science,Library,22000,0,22000,Pending,NEFT,2026-04-12,2026-02-14,2025-2026,guardian1885@example.com,"Fee record for term 3"
STU0001886,Student 1886,7,C,Commerce,Lab,22000,0,22000,Pending,NEFT,2026-03-10,2026-05-28,2025-2026,guardian1886@example.com,"Fee record for term 2"
STU0001887,Student 1887,4,C,Pre-Primary,Lab,18000,0,18000,Pending,NEFT,2026-05-28,2026-03-24,2025-2026,guardian1887@example.com,"Fee record for term 2"
STU0001888,Student 1888,1,C,Arts,Transport,25000,6250,18750,Partial,Card,2026-02-21,2026-03-15,2025-2026,guardian1888@example.com,"Fee record for term 1"
STU0001889,Student 1889,7,C,Arts,Library,18000,0,18000,Overdue,UPI,2026-04-18,2026-02-21,2025-2026,guardian1889@example.com,"Fee record for term 1"
STU0001890,Student 1890,2,C,Secondary,Exam,22000,0,22000,Waived,NEFT,2026-09-20,2026-05-23,2025-2026,guardian1890@example.com,"Fee record for term 2"
STU0001891,Student 1891,3,D,Secondary,Hostel,22000,0,22000,Overdue,NEFT,2026-07-23,2026-05-15,2025-2026,guardian1891@example.com,"Fee record for term 3"
STU0001892,Student 1892,4,C,Primary,Exam,15000,11250,3750,Partial,NEFT,2026-07-15,2026-02-10,2025-2026,guardian1892@example.com,"Fee record for term 3"
STU0001893,Student 1893,2,D,Arts,Tuition,12000,3000,9000,Partial,Cash,2026-03-13,2026-04-13,2025-2026,guardian1893@example.com,"Fee record for term 1"
STU0001894,Student 1894,10,C,Senior,Lab,15000,0,15000,Pending,Cash,2026-07-19,2026-04-14,2025-2026,guardian1894@example.com,"Fee record for term 1"
STU0001895,Student 1895,2,C,Senior,Activity,22000,22000,0,Paid,Card,2026-02-28,2026-07-25,2025-2026,guardian1895@example.com,"Fee record for term 2"
STU0001896,Student 1896,10,D,Secondary,Activity,18000,18000,0,Paid,NEFT,2026-04-19,2026-08-15,2025-2026,guardian1896@example.com,"Fee record for term 1"
STU0001897,Student 1897,6,D,Secondary,Tuition,15000,0,15000,Overdue,Cash,2026-05-28,2026-06-26,2025-2026,guardian1897@example.com,"Fee record for term 3"
STU0001898,Student 1898,4,C,Arts,Hostel,30000,0,30000,Waived,UPI,2026-03-13,2026-05-28,2025-2026,guardian1898@example.com,"Fee record for term 3"
STU0001899,Student 1899,5,D,Science,Activity,25000,0,25000,Overdue,NEFT,2026-09-14,2026-02-20,2025-2026,guardian1899@example.com,"Fee record for term 3"
STU0001900,Student 1900,3,C,Science,Library,25000,0,25000,Waived,NEFT,2026-03-15,2026-09-22,2025-2026,guardian1900@example.com,"Fee record for term 3"
STU0001901,Student 1901,3,D,Primary,Library,18000,0,18000,Pending,Cheque,2026-03-26,2026-08-21,2025-2026,guardian1901@example.com,"Fee record for term 3"
STU0001902,Student 1902,6,C,Primary,Library,22000,0,22000,Overdue,Cash,2026-07-21,2026-02-19,2025-2026,guardian1902@example.com,"Fee record for term 1"
STU0001903,Student 1903,12,A,Science,Transport,15000,0,15000,Pending,Cheque,2026-07-16,2026-01-12,2025-2026,guardian1903@example.com,"Fee record for term 1"
STU0001904,Student 1904,4,C,Senior,Lab,22000,0,22000,Waived,Cash,2026-03-21,2026-06-10,2025-2026,guardian1904@example.com,"Fee record for term 1"
STU0001905,Student 1905,3,A,Arts,Library,22000,22000,0,Paid,Cheque,2026-07-11,2026-02-24,2025-2026,guardian1905@example.com,"Fee record for term 1"
STU0001906,Student 1906,5,A,Arts,Library,12000,0,12000,Overdue,Cheque,2026-04-14,2026-04-22,2025-2026,guardian1906@example.com,"Fee record for term 3"
STU0001907,Student 1907,8,C,Commerce,Lab,15000,15000,0,Paid,Cash,2026-08-18,2026-02-22,2025-2026,guardian1907@example.com,"Fee record for term 1"
STU0001908,Student 1908,8,D,Secondary,Exam,22000,0,22000,Waived,UPI,2026-06-11,2026-06-25,2025-2026,guardian1908@example.com,"Fee record for term 2"
STU0001909,Student 1909,8,B,Commerce,Lab,25000,0,25000,Pending,Card,2026-01-25,2026-09-21,2025-2026,guardian1909@example.com,"Fee record for term 3"
STU0001910,Student 1910,9,D,Senior,Activity,22000,11000,11000,Partial,Card,2026-03-19,2026-07-11,2025-2026,guardian1910@example.com,"Fee record for term 3"
STU0001911,Student 1911,10,C,Arts,Library,18000,9000,9000,Partial,Cash,2026-05-20,2026-02-17,2025-2026,guardian1911@example.com,"Fee record for term 2"
STU0001912,Student 1912,9,B,Senior,Lab,30000,7500,22500,Partial,UPI,2026-09-13,2026-04-26,2025-2026,guardian1912@example.com,"Fee record for term 3"
STU0001913,Student 1913,7,B,Arts,Lab,22000,0,22000,Pending,UPI,2026-09-23,2026-09-14,2025-2026,guardian1913@example.com,"Fee record for term 2"
STU0001914,Student 1914,1,B,Secondary,Hostel,30000,0,30000,Overdue,UPI,2026-03-12,2026-04-16,2025-2026,guardian1914@example.com,"Fee record for term 1"
STU0001915,Student 1915,8,B,Pre-Primary,Library,30000,0,30000,Pending,Cheque,2026-08-22,2026-04-28,2025-2026,guardian1915@example.com,"Fee record for term 2"
STU0001916,Student 1916,2,D,Senior,Activity,22000,11000,11000,Partial,NEFT,2026-02-20,2026-09-15,2025-2026,guardian1916@example.com,"Fee record for term 2"
STU0001917,Student 1917,12,A,Senior,Lab,12000,0,12000,Pending,Cheque,2026-04-11,2026-09-23,2025-2026,guardian1917@example.com,"Fee record for term 1"
STU0001918,Student 1918,11,C,Primary,Activity,15000,15000,0,Paid,Cash,2026-07-24,2026-03-13,2025-2026,guardian1918@example.com,"Fee record for term 3"
STU0001919,Student 1919,6,C,Secondary,Lab,25000,0,25000,Pending,Cash,2026-08-19,2026-02-21,2025-2026,guardian1919@example.com,"Fee record for term 1"
STU0001920,Student 1920,9,B,Commerce,Tuition,30000,0,30000,Waived,Cash,2026-09-11,2026-02-12,2025-2026,guardian1920@example.com,"Fee record for term 1"
STU0001921,Student 1921,2,C,Secondary,Tuition,22000,0,22000,Waived,NEFT,2026-01-12,2026-03-16,2025-2026,guardian1921@example.com,"Fee record for term 1"
STU0001922,Student 1922,9,D,Arts,Lab,18000,18000,0,Paid,NEFT,2026-05-13,2026-03-12,2025-2026,guardian1922@example.com,"Fee record for term 3"
STU0001923,Student 1923,6,A,Arts,Exam,30000,30000,0,Paid,UPI,2026-06-27,2026-02-12,2025-2026,guardian1923@example.com,"Fee record for term 3"
STU0001924,Student 1924,7,B,Secondary,Activity,18000,0,18000,Pending,UPI,2026-02-12,2026-03-13,2025-2026,guardian1924@example.com,"Fee record for term 3"
STU0001925,Student 1925,9,A,Pre-Primary,Exam,30000,0,30000,Waived,Card,2026-01-22,2026-06-12,2025-2026,guardian1925@example.com,"Fee record for term 2"
STU0001926,Student 1926,6,A,Primary,Exam,25000,0,25000,Pending,UPI,2026-03-24,2026-02-19,2025-2026,guardian1926@example.com,"Fee record for term 3"
STU0001927,Student 1927,4,D,Science,Activity,18000,0,18000,Waived,Cheque,2026-01-24,2026-09-27,2025-2026,guardian1927@example.com,"Fee record for term 3"
STU0001928,Student 1928,11,C,Primary,Hostel,12000,0,12000,Overdue,Card,2026-02-27,2026-06-14,2025-2026,guardian1928@example.com,"Fee record for term 2"
STU0001929,Student 1929,1,B,Arts,Transport,12000,0,12000,Waived,Cash,2026-01-23,2026-06-15,2025-2026,guardian1929@example.com,"Fee record for term 2"
STU0001930,Student 1930,1,C,Pre-Primary,Lab,12000,12000,0,Paid,NEFT,2026-02-17,2026-01-21,2025-2026,guardian1930@example.com,"Fee record for term 3"
STU0001931,Student 1931,2,B,Science,Exam,12000,0,12000,Overdue,UPI,2026-09-14,2026-01-14,2025-2026,guardian1931@example.com,"Fee record for term 2"
STU0001932,Student 1932,10,A,Primary,Lab,18000,0,18000,Pending,NEFT,2026-06-26,2026-02-15,2025-2026,guardian1932@example.com,"Fee record for term 3"
STU0001933,Student 1933,2,B,Arts,Library,22000,0,22000,Pending,Cash,2026-06-18,2026-02-11,2025-2026,guardian1933@example.com,"Fee record for term 3"
STU0001934,Student 1934,5,B,Pre-Primary,Tuition,30000,0,30000,Pending,UPI,2026-05-24,2026-06-24,2025-2026,guardian1934@example.com,"Fee record for term 2"
STU0001935,Student 1935,1,A,Secondary,Activity,18000,0,18000,Waived,Card,2026-04-14,2026-04-12,2025-2026,guardian1935@example.com,"Fee record for term 2"
STU0001936,Student 1936,3,A,Senior,Transport,22000,16500,5500,Partial,Cheque,2026-05-19,2026-06-21,2025-2026,guardian1936@example.com,"Fee record for term 2"
STU0001937,Student 1937,7,D,Arts,Tuition,25000,0,25000,Pending,Cheque,2026-08-16,2026-08-25,2025-2026,guardian1937@example.com,"Fee record for term 3"
STU0001938,Student 1938,8,B,Primary,Exam,30000,7500,22500,Partial,UPI,2026-07-26,2026-05-13,2025-2026,guardian1938@example.com,"Fee record for term 3"
STU0001939,Student 1939,1,A,Pre-Primary,Library,30000,0,30000,Overdue,Cash,2026-05-24,2026-02-23,2025-2026,guardian1939@example.com,"Fee record for term 3"
STU0001940,Student 1940,2,B,Secondary,Hostel,25000,25000,0,Paid,Cheque,2026-05-13,2026-01-28,2025-2026,guardian1940@example.com,"Fee record for term 2"
STU0001941,Student 1941,11,C,Primary,Library,18000,0,18000,Pending,Cash,2026-01-12,2026-05-14,2025-2026,guardian1941@example.com,"Fee record for term 3"
STU0001942,Student 1942,3,D,Primary,Activity,25000,0,25000,Overdue,Card,2026-08-28,2026-06-10,2025-2026,guardian1942@example.com,"Fee record for term 2"
STU0001943,Student 1943,3,A,Pre-Primary,Library,22000,0,22000,Waived,NEFT,2026-01-20,2026-09-20,2025-2026,guardian1943@example.com,"Fee record for term 3"
STU0001944,Student 1944,8,D,Arts,Hostel,12000,0,12000,Waived,Cheque,2026-09-28,2026-07-27,2025-2026,guardian1944@example.com,"Fee record for term 1"
STU0001945,Student 1945,9,A,Secondary,Exam,30000,30000,0,Paid,Cheque,2026-09-25,2026-05-13,2025-2026,guardian1945@example.com,"Fee record for term 2"
STU0001946,Student 1946,2,A,Arts,Lab,15000,15000,0,Paid,Cash,2026-03-10,2026-08-20,2025-2026,guardian1946@example.com,"Fee record for term 2"
STU0001947,Student 1947,10,B,Senior,Transport,12000,3000,9000,Partial,Card,2026-04-16,2026-09-27,2025-2026,guardian1947@example.com,"Fee record for term 3"
STU0001948,Student 1948,8,A,Secondary,Activity,18000,0,18000,Pending,NEFT,2026-03-19,2026-09-20,2025-2026,guardian1948@example.com,"Fee record for term 2"
STU0001949,Student 1949,9,C,Primary,Hostel,25000,25000,0,Paid,Card,2026-01-19,2026-05-19,2025-2026,guardian1949@example.com,"Fee record for term 3"
STU0001950,Student 1950,5,B,Science,Tuition,18000,0,18000,Waived,Card,2026-06-27,2026-02-22,2025-2026,guardian1950@example.com,"Fee record for term 2"
STU0001951,Student 1951,6,A,Pre-Primary,Lab,22000,5500,16500,Partial,Cheque,2026-01-18,2026-08-25,2025-2026,guardian1951@example.com,"Fee record for term 2"
STU0001952,Student 1952,6,D,Pre-Primary,Library,18000,0,18000,Pending,Cheque,2026-09-23,2026-07-10,2025-2026,guardian1952@example.com,"Fee record for term 2"
STU0001953,Student 1953,3,A,Commerce,Lab,22000,0,22000,Pending,Cash,2026-01-11,2026-06-28,2025-2026,guardian1953@example.com,"Fee record for term 3"
STU0001954,Student 1954,11,C,Arts,Hostel,30000,0,30000,Waived,Card,2026-03-22,2026-04-20,2025-2026,guardian1954@example.com,"Fee record for term 1"
STU0001955,Student 1955,8,A,Commerce,Exam,18000,0,18000,Pending,NEFT,2026-03-11,2026-09-28,2025-2026,guardian1955@example.com,"Fee record for term 1"
STU0001956,Student 1956,8,B,Science,Lab,18000,0,18000,Pending,NEFT,2026-01-14,2026-03-19,2025-2026,guardian1956@example.com,"Fee record for term 2"
STU0001957,Student 1957,10,B,Pre-Primary,Library,12000,0,12000,Waived,Card,2026-01-12,2026-06-19,2025-2026,guardian1957@example.com,"Fee record for term 3"
STU0001958,Student 1958,9,C,Commerce,Activity,15000,7500,7500,Partial,Cash,2026-07-20,2026-08-26,2025-2026,guardian1958@example.com,"Fee record for term 3"
STU0001959,Student 1959,11,C,Arts,Activity,15000,0,15000,Overdue,Cash,2026-08-13,2026-07-12,2025-2026,guardian1959@example.com,"Fee record for term 1"
STU0001960,Student 1960,3,B,Primary,Activity,22000,22000,0,Paid,Cash,2026-05-21,2026-02-24,2025-2026,guardian1960@example.com,"Fee record for term 1"
STU0001961,Student 1961,12,A,Commerce,Hostel,22000,0,22000,Overdue,Cheque,2026-06-28,2026-04-19,2025-2026,guardian1961@example.com,"Fee record for term 3"
STU0001962,Student 1962,8,B,Senior,Exam,18000,0,18000,Overdue,NEFT,2026-03-13,2026-06-28,2025-2026,guardian1962@example.com,"Fee record for term 2"
STU0001963,Student 1963,1,D,Secondary,Exam,30000,0,30000,Overdue,Cash,2026-05-27,2026-01-14,2025-2026,guardian1963@example.com,"Fee record for term 1"
STU0001964,Student 1964,11,A,Science,Tuition,22000,5500,16500,Partial,NEFT,2026-03-13,2026-06-22,2025-2026,guardian1964@example.com,"Fee record for term 2"
STU0001965,Student 1965,5,C,Science,Hostel,12000,12000,0,Paid,NEFT,2026-07-17,2026-03-13,2025-2026,guardian1965@example.com,"Fee record for term 3"
STU0001966,Student 1966,1,A,Secondary,Exam,30000,0,30000,Waived,NEFT,2026-04-21,2026-04-22,2025-2026,guardian1966@example.com,"Fee record for term 2"
STU0001967,Student 1967,9,D,Primary,Exam,12000,12000,0,Paid,NEFT,2026-09-24,2026-03-12,2025-2026,guardian1967@example.com,"Fee record for term 2"
STU0001968,Student 1968,2,A,Science,Exam,12000,9000,3000,Partial,Card,2026-09-22,2026-04-17,2025-2026,guardian1968@example.com,"Fee record for term 3"
STU0001969,Student 1969,11,B,Commerce,Exam,12000,0,12000,Overdue,Cheque,2026-06-14,2026-03-25,2025-2026,guardian1969@example.com,"Fee record for term 1"
STU0001970,Student 1970,4,A,Pre-Primary,Hostel,12000,0,12000,Waived,Card,2026-08-25,2026-05-12,2025-2026,guardian1970@example.com,"Fee record for term 2"
STU0001971,Student 1971,11,B,Senior,Transport,15000,15000,0,Paid,NEFT,2026-01-23,2026-05-25,2025-2026,guardian1971@example.com,"Fee record for term 3"
STU0001972,Student 1972,10,A,Science,Activity,15000,0,15000,Overdue,Card,2026-01-28,2026-09-13,2025-2026,guardian1972@example.com,"Fee record for term 1"
STU0001973,Student 1973,3,C,Science,Transport,25000,6250,18750,Partial,Card,2026-05-15,2026-07-25,2025-2026,guardian1973@example.com,"Fee record for term 1"
STU0001974,Student 1974,6,C,Secondary,Tuition,25000,25000,0,Paid,Cheque,2026-09-12,2026-02-18,2025-2026,guardian1974@example.com,"Fee record for term 1"
STU0001975,Student 1975,7,D,Commerce,Transport,18000,0,18000,Overdue,Cash,2026-06-11,2026-09-26,2025-2026,guardian1975@example.com,"Fee record for term 1"
STU0001976,Student 1976,8,D,Secondary,Exam,25000,18750,6250,Partial,Cash,2026-08-19,2026-02-20,2025-2026,guardian1976@example.com,"Fee record for term 2"
STU0001977,Student 1977,7,C,Pre-Primary,Lab,22000,0,22000,Waived,Cheque,2026-06-13,2026-09-21,2025-2026,guardian1977@example.com,"Fee record for term 1"
STU0001978,Student 1978,1,B,Science,Activity,30000,0,30000,Waived,UPI,2026-06-15,2026-02-16,2025-2026,guardian1978@example.com,"Fee record for term 2"
STU0001979,Student 1979,10,B,Primary,Activity,15000,11250,3750,Partial,Cash,2026-05-13,2026-06-13,2025-2026,guardian1979@example.com,"Fee record for term 2"
STU0001980,Student 1980,10,D,Secondary,Hostel,12000,0,12000,Pending,Card,2026-03-14,2026-05-12,2025-2026,guardian1980@example.com,"Fee record for term 1"
STU0001981,Student 1981,11,C,Arts,Exam,18000,4500,13500,Partial,UPI,2026-01-22,2026-01-23,2025-2026,guardian1981@example.com,"Fee record for term 3"
STU0001982,Student 1982,9,C,Primary,Hostel,12000,12000,0,Paid,Cheque,2026-02-17,2026-01-21,2025-2026,guardian1982@example.com,"Fee record for term 2"
STU0001983,Student 1983,3,B,Primary,Hostel,25000,18750,6250,Partial,UPI,2026-04-19,2026-06-13,2025-2026,guardian1983@example.com,"Fee record for term 1"
STU0001984,Student 1984,10,B,Commerce,Exam,18000,0,18000,Waived,UPI,2026-06-22,2026-02-14,2025-2026,guardian1984@example.com,"Fee record for term 3"
STU0001985,Student 1985,8,C,Primary,Activity,30000,0,30000,Overdue,NEFT,2026-01-12,2026-03-28,2025-2026,guardian1985@example.com,"Fee record for term 1"
STU0001986,Student 1986,12,D,Senior,Lab,30000,30000,0,Paid,Cash,2026-09-18,2026-09-20,2025-2026,guardian1986@example.com,"Fee record for term 2"
STU0001987,Student 1987,12,C,Senior,Exam,15000,15000,0,Paid,Cash,2026-03-21,2026-09-19,2025-2026,guardian1987@example.com,"Fee record for term 2"
STU0001988,Student 1988,11,B,Arts,Library,12000,0,12000,Overdue,UPI,2026-03-28,2026-08-17,2025-2026,guardian1988@example.com,"Fee record for term 1"
STU0001989,Student 1989,10,B,Senior,Tuition,15000,15000,0,Paid,Card,2026-09-15,2026-08-26,2025-2026,guardian1989@example.com,"Fee record for term 1"
STU0001990,Student 1990,8,C,Science,Transport,15000,11250,3750,Partial,UPI,2026-07-26,2026-05-13,2025-2026,guardian1990@example.com,"Fee record for term 2"
STU0001991,Student 1991,10,B,Commerce,Exam,15000,15000,0,Paid,Cash,2026-06-19,2026-06-23,2025-2026,guardian1991@example.com,"Fee record for term 1"
STU0001992,Student 1992,2,D,Senior,Hostel,22000,0,22000,Pending,Card,2026-08-14,2026-07-22,2025-2026,guardian1992@example.com,"Fee record for term 1"
STU0001993,Student 1993,5,A,Primary,Library,12000,0,12000,Pending,Cheque,2026-05-26,2026-09-15,2025-2026,guardian1993@example.com,"Fee record for term 3"
STU0001994,Student 1994,8,A,Arts,Exam,18000,0,18000,Pending,Card,2026-07-20,2026-04-26,2025-2026,guardian1994@example.com,"Fee record for term 2"
STU0001995,Student 1995,9,B,Primary,Tuition,30000,0,30000,Waived,NEFT,2026-08-27,2026-07-10,2025-2026,guardian1995@example.com,"Fee record for term 1"
STU0001996,Student 1996,7,D,Arts,Tuition,18000,13500,4500,Partial,Card,2026-04-12,2026-01-14,2025-2026,guardian1996@example.com,"Fee record for term 1"
STU0001997,Student 1997,10,D,Science,Transport,15000,15000,0,Paid,Card,2026-06-19,2026-07-13,2025-2026,guardian1997@example.com,"Fee record for term 3"
STU0001998,Student 1998,5,B,Arts,Hostel,18000,13500,4500,Partial,Card,2026-08-20,2026-07-23,2025-2026,guardian1998@example.com,"Fee record for term 3"
STU0001999,Student 1999,4,D,Primary,Exam,25000,25000,0,Paid,Cash,2026-03-23,2026-08-17,2025-2026,guardian1999@example.com,"Fee record for term 1"
STU0002000,Student 2000,3,C,Arts,Tuition,12000,0,12000,Overdue,NEFT,2026-07-25,2026-02-22,2025-2026,guardian2000@example.com,"Fee record for term 2"
